0.2,-0.2,-0.2,0,0,0,0,0,-0.785398163397448,0.785398163397448,-0.785398163397448,0.785398163397448,0
0.2,-0.200000010353213,-0.199999935007285,1.88309388474775e-06,-7.27237894950241e-07,3.26235045432321e-08,6.94438271843999e-07,-1.96379145959915e-06,-0.785400145144908,0.785400261575284,-0.785398833811338,0.785398950241714,0
0.2,-0.200000096355169,-0.199999483665499,1.49807013149583e-05,-3.12070530578609e-06,-8.82064227719186e-07,1.06924760511093e-06,-1.57449713014049e-05,-0.785414283483135,0.785414626445208,-0.78540381340252,0.785404156364593,0
0.2,-0.200000324316278,-0.199998262444127,5.04130582136344e-05,-1.04725026757793e-05,-2.9755403415107e-06,3.56357540120806e-06,-5.29737866850602e-05,-0.785452412027299,0.785453563501741,-0.78541717811992,0.785418329594362,0
0.2,-0.200000766373216,-0.199995892614879,0.000119135041516775,-2.47624798011042e-05,-7.00225732075676e-06,8.45273927387007e-06,-0.000125159148329674,-0.785526392621256,0.785529125870875,-0.785443106849637,0.785445840099256,0
0.2,-0.200001492165449,-0.199991999004668,0.000231934303864935,-4.82111303505399e-05,-1.35893568103366e-05,1.64617019859037e-05,-0.000243610185847519,-0.785647925321508,0.785653278201656,-0.785485699356423,0.785491052236571,0
0.2,-0.200002570062576,-0.199986209395664,0.000399369489534236,-8.30339500632665e-05,-2.3321351786243e-05,2.8322322620763e-05,-0.000419390831652227,-0.785828594378001,0.785837897018036,-0.78554901095622,0.785558313596254,0
0.200010070101135,-0.20000406704874,-0.19997815375433,0.00063170602322798,-0.000131424444117117,-3.67408852113053e-05,4.47353692236391e-05,-0.00066325653601447,-0.786079881837461,0.786094797278151,-0.785637056776223,0.785651972216913,0
0.200023404871227,-0.200006044726669,-0.19996748145947,0.000938174504464259,-0.00019556057670553,-5.43345831646214e-05,6.63628361692214e-05,-0.000985132068022493,-0.786412601071338,0.786435187386999,-0.785753612368608,0.785776198684269,0
0.200040452955078,-0.200008565280324,-0.199953828738412,0.00132798252016245,-0.000277609869789016,-7.65172172916228e-05,9.38171086250375e-05,-0.00139475425939744,-0.786837913220468,0.786870710474114,-0.785902566105843,0.785935363359489,0
0.200061661830705,-0.200011688458253,-0.199936830209588,0.00180970942469318,-0.000379736210451003,-0.000103614593824508,0.000127650682994045,-0.00190122916303938,-0.787366934784087,0.787413081356513,-0.786087780632976,0.786133927205402,0
0.20008747989131,-0.200015471277959,-0.199916116421362,0.00239116022739378,-0.000504106082203814,-0.000135846140786715,0.00016834500163315,-0.00251288800204014,-0.788010787320701,0.788074169647984,-0.786313108818734,0.786376491146017,0
0.20011835915258,-0.200019967766744,-0.199891310736755,0.00307919287832462,-0.000652894081207231,-0.000173308194176706,0.000216299287863972,-0.00323711713787691,-0.788780663830782,0.78886610360735,-0.786582416251381,0.786667856027949,0
0.200154758728484,-0.200025228769161,-0.199862025429197,0.00387951588104477,-0.000828287106595107,-0.000215959169259139,0.000271819953546308,-0.00408015912906535,-0.789687915936918,0.789801398745003,-0.786899612074439,0.787013094882525,0
0.200197149227698,-0.200031301853958,-0.199827856847864,0.00479645349002726,-0.00103248654993849,-0.000263607912089267,0.000335111195043119,-0.00504688228931759,-0.790744166221192,0.790893115399472,-0.787268690055679,0.787417639233959,0
0.200246018220379,-0.200038231353938,-0.199788379516658,0.00583267666624715,-0.00126770777765169,-0.000315906560807249,0.00040626739483896,-0.00614051706771991,-0.791961449976653,0.792155049337258,-0.787693781719245,0.787887381079849,0
0.200301876905819,-0.200046058569033,-0.199743139053556,0.00698889966392492,-0.00153617621356631,-0.000372349182058755,0.000485267892980021,-0.00736235925375776,-0.793352390016134,0.793601958767601,-0.788179223068451,0.788428791819918,0
0.200365268069227,-0.200054822154457,-0.199691643843049,0.00826354480717027,-0.00184011939716036,-0.000432277265454701,0.00057197457534535,-0.00871144265372193,-0.794930406864815,0.795249829826502,-0.788729635794504,0.789049058756191,0
0.200436775343969,-0.200064558700028,-0.199633355469998,0.00965238186626904,-0.00218175452320422,-0.00049489284674722,0.000666132540162128,-0.0101841876643426,-0.796709964433433,0.797116180392369,-0.789350022804151,0.789756238763087,0
0.200517033687376,-0.200075303481401,-0.199567678034172,0.0111481535667506,-0.00256327116335717,-0.000559279588879377,0.000767373853217681,-0.0117740371852694,-0.798706847927994,0.79922039889194,-0.790045876310847,0.790559427274793,0
0.200606740829659,-0.200087091327109,-0.19949394661449,0.0127402051257116,-0.00298680912587189,-0.000624431595172053,0.000875224098390479,-0.0134710975253984,-0.800938466157204,0.801584110448164,-0.790823294549374,0.791468938840334,0
0.200706669265874,-0.200099957495741,-0.199411415339728,0.0144141430450649,-0.00345443171524511,-0.000689289094046838,0.000989111096468075,-0.015261809104643,-0.803424164535188,0.804231557348158,-0.791689100382393,0.792496493195363,0
0.200817678137176,-0.200113938395985,-0.19931924574017,0.0161515561100809,-0.00396809499112424,-0.000752779470804548,0.00110837483512783,-0.0171286792488231,-0.806185528145073,0.807189974608427,-0.792650951762754,0.793655398226108,0
0.200940724106121,-0.200129071911982,-0.199216496284566,0.0179298386470593,-0.00452961396977836,-0.000813861494968105,0.00123227736803267,-0.0190501162406858,-0.80924664674492,0.810489934903585,-0.793717430444961,0.794960718603626,0
0.201076870100699,-0.200145397025095,-0.199102114219022,0.0197221611574399,-0.00514062703130286,-0.000871570076718053,0.00136001124698937,-0.0210004086247581,-0.812634306475513,0.81416563115131,-0.794898091947655,0.796429416623452,0
0.201227290624855,-0.200162952363097,-0.198974930977233,0.0214976346860638,-0.00580256005766916,-0.000925058558857776,0.00149070499151271,-0.0229498948284637,-0.816378067607926,0.81825506078077,-0.796203457214814,0.798080450387658,0
0.201393272261703,-0.200181773276117,-0.198833662474264,0.0232217107995189,-0.0065165919972392,-0.000973635477354308,0.00162342420855228,-0.0248653636094334,-0.820510185627579,0.822800074545536,-0.797644925542405,0.799934814460361,0
0.201576208084041,-0.200201887055503,-0.198676915477763,0.0248568472428684,-0.00728362360101775,-0.00101679294796078,0.00175716726716763,-0.0267107141199127,-0.825065336075107,0.827846256058233,-0.799234590027815,0.802015510010942,0
0.201777584979737,-0.200223305996023,-0.198503200931626,0.0263634494618832,-0.00810425098366242,-0.00105422437062189,0.00189085489937441,-0.0284478847902686,-0.830080113332896,0.833442607048,-0.80098494181854,0.804347435533645,0
0.201998963415556,-0.20024601816585,-0.198310954576031,0.0277010709238775,-0.00897874541995501,-0.00108582995953062,0.00202331370188547,-0.0300380334937582,-0.835592290600062,0.839641027922902,-0.802908458126102,0.806957195448942,0
0.202241949878573,-0.20026997599059,-0.19809856449431,0.028829823115823,-0.00990704040364175,-0.00111170963517073,0.00215325418985693,-0.0314429201129078,-0.841639851904967,0.846495602663704,-0.805017080977895,0.809872831736633,0
0.202508163074988,-0.200295083056298,-0.197864404400376,0.0297119137027926,-0.0108887264984088,-0.00113214394838624,0.00227924471939663,-0.0326264110690365,-0.848259834725503,0.854061719182155,-0.807321607772342,0.813123492228995,0
0.202799195810163,-0.200321179849869,-0.197606870682907,0.0303132043609176,-0.0119230539480618,-0.00114756481262114,0.00239968315972283,-0.0335559992470956,-0.855487049566744,0.862395077723677,-0.809831028801273,0.816739056958206,0
0.203116575170968,-0.200348029426035,-0.197324420589437,0.0306046641541412,-0.0130089424485154,-0.00115851875825546,0.00251276857594028,-0.0342042177960574,-0.863352765641205,0.871550656823207,-0.812551858395316,0.820749749577318,0
0.203461724037788,-0.200375304157409,-0.197015608599616,0.030563594493083,-0.014144996989629,-0.00116562606567455,0.00261647532027716,-0.0345498268568434,-0.871883464704757,0.881581715231653,-0.815487512670413,0.82518576319731,0
0.203835926968299,-0.200402574739925,-0.196679118089482,0.0301745193567274,-0.0153295283175301,-0.00116953939061219,0.00270853179876851,-0.0345786699248615,-0.881099764683293,0.892538906920438,-0.818637786196445,0.830076928433591,0
0.204240303092811,-0.200429302471325,-0.196313785840181,0.0294296676270793,-0.0165605763970141,-0.00117090532964535,0.00278640579686525,-0.0342841293211653,-0.891015600100923,0.904469574527364,-0.821998471806198,0.835452446232639,0
0.2046757879023,-0.200454835512943,-0.195918617724742,0.0283290177667262,-0.0178359352881608,-0.00117033181219195,0.00284729766354597,-0.033667152869118,-0.901637719595052,0.917417266345677,-0.825561153335986,0.841340700086612,0
0.205143124828714,-0.200478409437195,-0.195492794878429,0.0268799212165216,-0.0191531780749675,-0.00116836333617394,0.00288814194961047,-0.0327358690425434,-0.912965526627915,0.931421496769549,-0.829313182824869,0.847769152966503,0
0.205642866484821,-0.200499151928215,-0.195035670653025,0.0250963620915932,-0.0205096808468693,-0.00116546502322605,0.00290561736689958,-0.0315048480244298,-0.92499125388771,0.946517744338978,-0.833237834817247,0.854764325268516,0
0.206175384515485,-0.200516091116245,-0.194546759514459,0.0229979408650308,-0.0219026451644085,-0.00116201541459226,0.00289616427522308,-0.0299940953157192,-0.937700430665215,0.962737659219314,-0.837314614045039,0.862351842599138,0
0.20674088633953,-0.200528166745969,-0.194025719652317,0.0206086854172812,-0.0233291188597224,-0.00115830701296857,0.00285600839097268,-0.028227879553918,-0.951072580043208,0.98010943598867,-0.841519681222732,0.870556537168194,0
0.207339436693476,-0.200534243234863,-0.19347233137793,0.0179557939083413,-0.0247860153634612,-0.00115455291641815,0.00278118909655891,-0.0262334969158326,-0.965082071131794,0.998658299280598,-0.845826356047341,0.879402584196145,0
0.207970981822813,-0.200533123669131,-0.192886473405933,0.015068402836446,-0.0262701319687322,-0.00115089755149298,0.00266759062978073,-0.0240400633218301,-0.979699050591737,1.0184070488759,-0.850205656568561,0.888913654852722,0
0.208635374349667,-0.200523563886525,-0.192268098899843,0.0119764543901276,-0.0277781675263749,-0.00114742949527844,0.00251097452984338,-0.0216774065863582,-0.994890385293213,1.03937661583485,-0.854626838729467,0.899113069271101,0
0.209332397196677,-0.20050428596866,-0.191617212797049,0.00870971419345603,-0.0293067400293939,-0.00114419462613198,0.00230701196692046,-0.0191751080031627,-1.01062056118409,1.06158659018831,-0.859057907416175,0.910023936420394,0
0.210061785379118,-0.200473990669158,-0.190933851496298,0.00529696765977814,-0.0308524044231738,-0.00114120826878041,0.00205131492315111,-0.016561720400483,-1.02685249918157,1.08505569147486,-0.863466079087763,0.921669271381051,0
0.21082324491642,-0.200431368503464,-0.190218065561783,0.00176540319047548,-0.032411670816302,-0.00113846549599664,0.00173946555956389,-0.0138641701604333,-1.04354826452328,1.10980216425167,-0.867818184561634,0.934072084290025,0
0.211616468506907,-0.200375109397539,-0.189469905721333,-0.00185982507495607,-0.0339810231059818,-0.00113594922113516,0.00136704343949916,-0.0111073355576459,-1.06066965968361,1.13584409036639,-0.872081007834067,0.947255438516849,0
0.212441147925448,-0.200303910923496,-0.188689412138408,-0.00555587288431863,-0.0355569379024418,-0.00113363609532563,0.000929650546082579,-0.00831378345346905,-1.07817870168921,1.16319961755066,-0.876221562423332,0.961242478284785,0
0.213296983332459,-0.200216485238062,-0.18787660672641,-0.00930234388173737,-0.0371359035538262,-0.00113150047687518,0.000422934211705294,-0.00550364052810665,-1.09603799218302,1.19188710954841,-0.880207310529788,0.97605642789518,0
0.214183689828503,-0.20011156488856,-0.187031488143189,-0.0130813163436136,-0.0387144390378048,-0.00112951686780772,-0.000157391827117867,-0.00269457304252479,-1.11421099312248,1.22192522662594,-0.884006332480761,0.991720565984226,0
0.215101001664083,-0.199987907668673,-0.186154029040359,-0.0168772845548292,-0.0402891124893198,-0.0011276612364671,-0.000815528010435993,9.81503734858399e-05,-1.13266222307299,1.25333294722867,-0.887587454780815,1.0082581789365,0
0.216048674535663,-0.199844300701333,-0.185244175129555,-0.0206770384972132,-0.0418565591613107,-0.00112591160015353,-0.00155557095422699,0.00286153614864058,-1.151357389296,1.28612954213857,-0.890920344980319,1.02569249782288,0
0.217026486382497,-0.199679563907016,-0.1843018456502,-0.0244695022800275,-0.0434134986527712,-0.00112424816263535,-0.00238149669966503,0.00558470342893758,-1.17026346983673,1.32033451213753,-0.893975580846058,1.04404662314686,0
0.218034237059101,-0.199492552989326,-0.183326934866777,-0.0282455481186524,-0.0449567512753111,-0.00112265321565394,-0.00329714509963245,0.00825869840037213,-1.18934875810301,1.35596749923751,-0.896724700249482,1.06334344138398,0
0.21907174720632,-0.19928216204103,-0.182319314277329,-0.0319977990915526,-0.0464832534592938,-0.00112111093847619,-0.0043062052821114,0.01087629818392,-1.20858288039176,1.39304818027408,-0.899140236993854,1.08360553687617,0
0.220138856588271,-0.199047325846219,-0.181278835271167,-0.0357204306411262,-0.0479900721216914,-0.00111960717266366,-0.00541220217246006,0.0134318140022998,-1.2279367947427,1.43159615027833,-0.901195746626854,1.10485510216248,0
0.221235422108523,-0.198787021929911,-0.180205332027462,-0.0394089779674263,-0.0494744179310252,-0.00111812921094793,-0.00661848408732386,0.0159209005552977,-1.2473827775582,1.47163080167905,-0.902865825219318,1.12711384934016,0
0.222361315669853,-0.198500272386217,-0.179098624494693,-0.043060154140392,-0.0509336574125533,-0.00111666561605757,-0.00792821143290401,0.0183403762659559,-1.26689440272304,1.51317120412765,-0.904126123179424,1.15040292458404,0
0.22351642199959,-0.198186145500425,-0.177958521332375,-0.0466716819128883,-0.0523653238418931,-0.00111520607298385,-0.00934434655139496,0.0206880572588473,-1.28644651652954,1.55623598862512,-0.904953355430186,1.17474282752577,0
0.224700636527228,-0.197843757168764,-0.17678482273086,-0.0502421408065872,-0.0537671268796183,-0.00111374127239428,-0.0108696447636997,0.0229626065565577,-1.30601521056505,1.60084323867949,-0.905325308701892,1.20015333681633,0
0.225913863372551,-0.197472272111697,-0.175577323052615,-0.0537708300029526,-0.0551369609044649,-0.00111226282072732,-0.0125066466557076,0.0251633989690802,-1.32557779383068,1.64701039043178,-0.905220846264394,1.22665344286549,0
0.227156013480206,-0.197070904871884,-0.174335813259958,-0.0572576468359773,-0.0564729120092895,-0.00111076317207319,-0.014257671650793,0.0272904014373865,-1.34511276470023,1.69475414304457,-0.904619910125628,1.25426128846997,0
0.228427002919711,-0.196638920585691,-0.173060083110669,-0.0607029801888975,-0.0577732636320376,-0.00110923557723941,-0.0161248129037164,0.0293440681148738,-1.36459978286052,1.74409038013302,-0.903503520529737,1.28299411780223,0
0.229726751357364,-0.196175635516859,-0.17174992311506,-0.0641076177881224,-0.0590365008035493,-0.00110767404594781,-0.0181099335415188,0.0313252491738254,-1.38401964106217,1.79503410261334,-0.901853772478916,1.31286823403008,0
0.231055180697621,-0.195680417342136,-0.170405126256802,-0.0674726662169758,-0.0602613130047688,-0.00110607331869943,-0.0202146642658937,0.0332351121622128,-1.40335423632027,1.84759937302983,-0.899653828958111,1.34389896566767,0
0.232412213885433,-0.195152685180847,-0.169025489485885,-0.070799482401209,-0.0614465956374611,-0.00110442884540219,-0.0224404023194262,0.0350750746715357,-1.42258654010885,1.9017992711808,-0.89688791054427,1.37610064161621,0
0.23379777385716,-0.194591909363293,-0.167610814996027,-0.0740896153173894,-0.0625914501245119,-0.00110273676836416,-0.0247883118054517,0.0368467470793461,-1.44170056706644,1.95764586068233,-0.893541281118062,1.40948657473396,0
0.235211782625483,-0.193997610936086,-0.166160911301302,-0.077344756720898,-0.0636951826679518,-0.00110099390770565,-0.0272593253385142,0.0385518841779014,-1.46068134175283,2.01515016597344,-0.889600229454804,1.44406905367541,0
0.236654160482731,-0.193369360905996,-0.164675594128011,-0.0805666997649984,-0.0647573017046934,-0.00109919774764168,-0.0298541469898365,0.0401923445760596,-1.47951486305421,2.07432215916715,-0.885052046543942,1.47985934265689,0
0.238124825306969,-0.192706779227313,-0.163154687138322,-0.0837573044734978,-0.0657775141113568,-0.00109734642242936,-0.032573256480134,0.0417700568526541,-1.4981880659114,2.13517075608184,-0.879884998566121,1.51686768873656,0
0.239623691955659,-0.19200953354103,-0.16159802250206,-0.086918469127867,-0.0667557202202311,-0.00109543870107677,-0.0354169145607621,0.0432869915373991,-1.51668878013633,2.19770382073832,-0.874088295538604,1.55510333614059,0
0.241150671732678,-0.191277337677282,-0.160005441332569,-0.0900521067290802,-0.067692007718272,-0.00109347397017035,-0.0383851695137278,0.0447451380938124,-1.53500568617673,2.26192817757719,-0.867652055719957,1.59457454712041,0
0.24270567191562,-0.190509949935299,-0.158376794001827,-0.0931601257907584,-0.0685866445098389,-0.00109145221438623,-0.0414778646917215,0.046146486173779,-1.55312826778404,2.32784963063313,-0.860567265940625,1.63528862878971,0
0.244288595331654,-0.189707171157635,-0.156711940349114,-0.0962444148108816,-0.0694400706316348,-0.00108937399445724,-0.0446946470110637,0.0474930105027051,-1.57104676163082,2.39547298889571,-0.852825738095921,1.6772519653608,0
0.245899339971587,-0.188868842617665,-0.155010749796615,-0.0993068298529397,-0.0702528893148737,-0.00108724042249709,-0.0480349763034533,0.048786658836427,-1.58875210400887,2.46480209708813,-0.844420062100304,1.72047005517956,0
0.2475377986332,-0.187994843741123,-0.153273101384323,-0.102349184743247,-0.0710258572950827,-0.00108505313473711,-0.051498135426617,0.0500293425054778,-1.60623587481647,2.53583987110377,-0.835343555656496,1.76494755194379,0
0.24920385858624,-0.187085089683982,-0.151498883735715,-0.105373243459123,-0.0717598744740655,-0.00108281426181573,-0.0550832410295136,0.0512229291289374,-1.62349023911153,2.60858833735499,-0.825590211239126,1.81068830948258,0
0.2508974012528,-0.186139528790068,-0.149687994964691,-0.108380714342973,-0.0724559730414929,-0.00108052639685278,-0.0587892548645036,0.0523692371391048,-1.640507886566,2.68304867530848,-0.815154640730407,1.85769542947288,0
0.252618301898016,-0.185158139952634,-0.147840342533413,-0.111373245830408,-0.0731153061652426,-0.00107819256160458,-0.0626149955370006,0.0534700318101214,-1.65728196920648,2.75922126250511,-0.804032018174764,1.90597131147339,0
0.254366429327117,-0.184140929904532,-0.145955843069865,-0.114352423426976,-0.0737391363601022,-0.00107581617103671,-0.066559150582435,0.0545270225289824,-1.67380603786497,2.83710572139047,-0.792218021140458,1.95551770466596,0
0.256141645585958,-0.183087930461778,-0.144034422153126,-0.117319767708505,-0.0743288236437723,-0.0010734009966865,-0.0706202887608665,0.0555418610867373,-1.69007397779425,2.9167009673134,-0.779708771189566,2.00633576070871,0
0.257943805663045,-0.181999195745147,-0.142076014073668,-0.120276733154985,-0.0748858135872568,-0.00107095112920886,-0.0747968724613217,0.056516140801713,-1.70607994392275,2.99800525708476,-0.7665007739632,2.05842608712521,0
0.259772757191923,-0.180874799403956,-0.140080561575268,-0.1232247076581,-0.0754116253638471,-0.00106847094049406,-0.0790872701107202,0.0574513963158989,-1.72181829623598,3.08101623752585,-0.752590859387244,2.11178880067711,0
0.261628340153568,-0.179714831865466,-0.138048015584514,-0.126165012568402,-0.075907839896981,-0.0010659650457571,-0.0834897684861244,0.0583491039308048,-1.73728353577503,3.16573099347612,-0.737976122495406,2.16642358019649,0
0.263510386579014,-0.178519397632367,-0.135978334933251,-0.129098903170302,-0.0763760882023595,-0.00106343826597691,-0.0880025848339149,0.0592106823706265,-1.75247024173825,3.2521460947722,-0.722653865351403,2.22232971838535,0
0.265418720253049,-0.177288612649582,-0.133871486078766,-0.13202756949198,-0.0768180400139615,-0.00106089559104523,-0.0926238787052437,0.0600374938789361,-1.76737301016047,3.34025764175473,-0.706621540531373,2.27950617212563,0
0.267353156420268,-0.176022601760195,-0.131727442825978,-0.134952137373425,-0.077235392777019,-0.00105834214396873,-0.0973517634236977,0.0608308455707664,-1.78198639462533,3.43006130890517,-0.689876696601314,2.33795161088115,0
0.269313501495133,-0.174721496268721,-0.129546186055372,-0.137873669729497,-0.0776298610838148,-0.00105578314641555,-0.102184317108365,0.0615919909752567,-1.79630484944147,3.52155238626254,-0.672416925993321,2.39766446281439,0
0.271299552778013,-0.173385431628136,-0.127327703459946,-0.140793167956447,-0.0780031666202224,-0.0010532238859066,-0.107119593183472,0.0623221317152948,-1.81032267568284,3.61472581831778,-0.654239815649046,2.45864295828399,0
0.273311098179386,-0.172014545265204,-0.125071989293992,-0.143711573440107,-0.0783570286826732,-0.0010506696848594,-0.112155630314092,0.0630224192801346,-1.8240339704581,3.70957624013237,-0.635342900759949,2.52088517043422,0
0.275347915954523,-0.170608974556614,-0.122779044136066,-0.146629769132135,-0.0786931553164636,-0.00104812587170729,-0.117290461716254,0.0636939568550244,-1.83743257973445,3.80609801047599,-0.615723621891972,2.58438905263351,0
0.277409774451079,-0.169168854966368,-0.120448874668117,-0.149548581167576,-0.0790132351174237,-0.00104559775424487,-0.122522123798777,0.0643378011786579,-1.85051205499853,3.90428524182658,-0.595379285738206,2.64915247256626,0
0.279496431871998,-0.167694318352734,-0.118081493472338,-0.152468780502689,-0.0793189297298072,-0.00104309059532939,-0.127848664103399,0.0649549644049723,-1.86326561399157,4.00413182712274,-0.574307029697398,2.71517324282857,0
0.281607636056127,-0.166185491450927,-0.115676918846921,-0.155391084556745,-0.0796118670643628,-0.00104060959101359,-0.133268148518791,0.0655464159506046,-1.87568610570879,4.10563146320406,-0.552503790429797,2.78244914792507,0
0.283743124278814,-0.164642494535577,-0.113235174641572,-0.15831615884539,-0.0798936352514489,-0.0010381598511908,-0.13877866775322,0.0661130843133057,-1.88776597980508,4.20877767091889,-0.529966276495149,2.85097796760896,0
0.285902623074649,-0.163065440264969,-0.110756290113284,-0.161244618596366,-0.0801657773355398,-0.00103574638270773,-0.144378343059265,0.0666558588499696,-1.89949726050049,4.31356381191957,-0.506690945131769,2.92075749655085,0
0.288085848084295,-0.161454432707029,-0.108240299802598,-0.164177030340955,-0.0804297867090335,-0.00103337407502539,-0.15006533121246,0.0671755915056875,-1.91087152503183,4.41998310220407,-0.482673983190948,2.99178556036318,0
0.290292503927197,-0.159809566545155,-0.10568724343027,-0.167113913476607,-0.0806871032755983,-0.00103104768826121,-0.155837828753637,0.0676730984875521,-1.92187988665029,4.5280286224977,-0.457911292198164,3.06406002804556,0
0.292522284101647,-0.158130926460225,-0.103097165814023,-0.170055741797853,-0.0809391103258935,-0.00102877184368164,-0.16169407551202,0.0681491618788121,-1.93251298212083,4.63769332560031,-0.432398477472346,3.13757882095183,0
0.294774870913504,-0.156418586683479,-0.100470116804857,-0.173002944993885,-0.0811871321020472,-0.00102655101640753,-0.16763235743289,0.0686045311905374,-1.94276096363784,4.7489700408521,-0.406130841197145,3.2123399184114,0
0.297049935434537,-0.154672610713539,-0.0978061512421472,-0.1759559101122,-0.0814324320212743,-0.00102438953035456,-0.173651008739453,0.0690399248492192,-1.95261349503338,4.86185147589509,-0.37910337930436,3.28834136016607,0
0.299347137491117,-0.152893051189547,-0.0951053289266318,-0.178914982988397,-0.0816762115239989,-0.00102229155517921,-0.179748413463865,0.0694560316197334,-1.96205975211952,4.97633021592721,-0.351310781999638,3.36558124580732,0
0.301666125683699,-0.151079949911319,-0.092367714610223,-0.181880469642819,-0.0819196095075164,-0.00102026110514413,-0.185923006386532,0.06985351196393,-1.97108842697629,5.09239872066135,-0.322747437734553,3.44405773141961,0
0.304006537437273,-0.14923333799651,-0.0895933780014641,-0.184852637645026,-0.0821637023027617,-0.00101830203973157,-0.19217327342643,0.0702329993357384,-1.97968773597029,5.21004931921391,-0.293407440407458,3.52376902365108,0
0.306367999082679,-0.147353236164099,-0.0867823937853682,-0.187831717447379,-0.082409504149041,-0.001016418065862,-0.198497751527871,0.0705951014141766,-1.98784543126735,5.32927420315453,-0.263284599557937,3.60471337144511,0
0.30875012596847,-0.145439655132998,-0.0839348416563076,-0.190817903689128,-0.0826579681199131,-0.00101461274152729,-0.204895028090845,0.0709404012760485,-1.99554881558579,5.45006541795308,-0.232372453306706,3.68688905567399,0
0.311152522602752,-0.143492596124266,-0.0810508063625814,-0.193811356472437,-0.0829099874521382,-0.00101288948072963,-0.211363739993287,0.0712694585103695,-2.00278475992368,5.57241485306031,-0.200664283783615,3.77029437692024,0
0.313574782824233,-0.141512051455274,-0.0781303777612763,-0.19681220261179,-0.083166397229523,-0.00101125155949178,-0.217902572253806,0.0715828102767742,-2.00953972398583,5.69631423085552,-0.16815313478175,3.85492764165144,0
0.316016490001539,-0.139498005214203,-0.0751736508820343,-0.199820536858143,-0.0834279763735983,-0.00100970212288488,-0.224510256383098,0.0718809723102789,-2.01579977903149,5.82175509468915,-0.134831831374239,3.9407871470319,0
0.318477217259674,-0.137450434003421,-0.0721807259983672,-0.202836423099123,-0.08369544989444,-0.00100824419277117,-0.231185568471138,0.0721644398748462,-2.02155063286433,5.94872879623949,-0.100693001233092,4.02787116460825,0
0.320956527732397,-0.135369307740625,-0.0691517087051957,-0.205859895536469,-0.0839694913560914,-0.00100688067635298,-0.237927327055672,0.0724336886682325,-2.02677765668906,6.07722648239239,-0.0657290973947337,4.11617792309807,0
0.323453974839157,-0.133254590507059,-0.0660867100013438,-0.208890959841781,-0.0842507255135151,-0.00100561437504274,-0.244734390815597,0.0726891756805846,-2.03146591356627,6.20723908184034,-0.0299324222255117,4.20570559049959,0
0.325969102585157,-0.131106241432659,-0.0629858463757893,-0.211929594291537,-0.0845397310799644,-0.00100444799402839,-0.251605656129962,0.072931340009208,-2.03560018820593,6.33875729158305,0.00670484764891625,4.2964522557282,0
0.328501445883063,-0.1289242156086,-0.0598492398965389,-0.21497575088223,-0.0848370435871249,-0.00100338415172556,-0.258540054541024,0.0731606036318925,-2.03916501785289,6.47177156349726,0.0441906356732913,4.38841590997108,0
0.331050530894842,-0.126708465018408,-0.0566770183010878,-0.218029356426359,-0.0851431583024827,-0.00100242538998891,-0.265536550155926,0.0733773721410809,-2.04214472403046,6.60627209112723,0.0825329391603414,4.48159442793643,0
0.333615875392174,-0.124458939479537,-0.0534693150875062,-0.221090313629909,-0.0854585331728081,-0.00100157418356666,-0.272594137019541,0.0735820354410911,-2.04452344492467,6.74224879683139,0.121739802749197,4.57598554915753,0
0.336196989133936,-0.122175587588056,-0.0502262696052895,-0.224158502151873,-0.0857835917641901,-0.00100083295088348,-0.279711836485781,0.0737749684104966,-2.04628516820758,6.87969131940446,0.16181929170117,4.67158685949571,0
0.338793374259241,-0.119858357659907,-0.0469480271451994,-0.227233779646293,-0.0861187261751987,-0.00100020406266012,-0.286888694614066,0.0739565315316824,-2.0474137641161,7.0185890022781,0.202779465192328,4.76839577296968,0
0.341404525694565,-0.117507198662915,-0.0436347390274155,-0.230315982787232,-0.0864642998986093,-0.000999689853857898,-0.294123779609847,0.0741270714894698,-2.04789301861976,7.15893088238767,0.244628349745488,4.86640951402242,0
0.344029931573555,-0.115122061134561,-0.0402865626874091,-0.233404928277024,-0.0868206506174955,-0.00099929262975481,-0.30141617933224,0.0742869217406105,-2.04770666652933,7.30070567977739,0.287373912926921,4.96562510032114,0
0.346669074513054,-0.112702901795484,-0.0369036622898632,-0.236500414702129,-0.087188095220876,-0.000999018347589496,-0.308764993398318,0.0744364030735186,-2.04683852452876,7.44390173343506,0.331023950999358,5.06603925790694,0
0.349321430919077,-0.110249679318667,-0.0334862080770404,-0.239602222341589,-0.0875669331876414,-0.000998861598316083,-0.31616934446816,0.0745758240946408,-2.0452723866654,7.58850706846272,0.375586182181422,5.1676484996159,0
0.351986471182733,-0.10776235416083,-0.0300343763000661,-0.242710113871441,-0.0879574344624205,-0.000998835754047617,-0.32362836035603,0.0747054817191887,-2.04299202856432,7.73450940249565,0.421068245609138,5.2704491283222,0
0.354663660688644,-0.105240891832086,-0.026548349641501,-0.245823835876133,-0.0883598678700124,-0.000998923403431836,-0.331141195779021,0.0748256616552088,-2.03998130496748,7.88189610259426,0.4674776201439,5.37443717748289,0
0.357352460275613,-0.102685263675141,-0.0230283172814731,-0.248943119773249,-0.0887744633243587,-0.000999162284503567,-0.338706984502789,0.0749366388502958,-2.0362241804654,8.03065417941076,0.514821601108424,5.47960839783694,0
0.360052326712526,-0.100095447654753,-0.0194744749654108,-0.252067682732992,-0.0892014862897514,-0.000999490193918923,-0.346324920238695,0.0750386779181441,-2.03170476072175,8.18077028168137,0.563107276776757,5.58595824418286,0
0.362762713161302,-0.0974714290427795,-0.015887025057037,-0.255197228564549,-0.0896411076585588,-0.00100002844303541,-0.35399410359461,0.0751320335453472,-2.02640732104565,8.33223069267,0.612341507306708,5.69348186431764,0
0.365483069676788,-0.094813201207588,-0.0122661766063823,-0.258331448621638,-0.090093650059172,-0.00100055766435943,-0.361713820193423,0.0752169508807425,-2.02031633798855,8.48502132557581,0.66253090124643,5.80217408634083,0
0.368212843647449,-0.0921207661195109,-0.00861214537745759,-0.261470022629614,-0.09055913248689,-0.00100149837108043,-0.369483015789476,0.0752936659060276,-2.01341651331356,8.63912772337469,0.713681798708972,5.91202941135215,0
0.370951480357575,-0.0893941353021584,-0.00492515393953958,-0.264612619620269,-0.0910381365228234,-0.00100205664612289,-0.377301284505032,0.0753624057926773,-2.00569281034157,8.79453505283202,0.765800244139847,6.02304199835061,0
0.373698423321615,-0.0866333298448663,-0.00120543162480599,-0.267758898617292,-0.0915301558120279,-0.0010037676602199,-0.385166976262099,0.0754233892383209,-1.99713046455498,8.95122811197134,0.818891981132974,6.13520566628338,0
0.376453115067442,-0.0838383821352649,0.00254678526909495,-0.270908509766059,-0.0920367862669253,-0.00100365629166917,-0.393080845816374,0.0754768267978437,-1.98771504177418,9.1091913141692,0.872962406951387,6.24851386544363,0
0.379214997039415,-0.0810093341613717,0.00633125376486975,-0.274061094548652,-0.0925555139363413,-0.00100756420182752,-0.401038938748229,0.0755229211824473,-1.97743240146863,9.26840871966326,0.928016607644715,6.36295971054991,0
0.381983511251085,-0.0781462424629488,0.0101477235450776,-0.277216287773802,-0.0930919340295098,-0.00100394457169466,-0.409046576498941,0.0755618675801224,-1.96626884458424,9.42886397686192,0.984059237013022,6.47853589526466,0
0.384758098433373,-0.0752491698372308,0.0139959381768246,-0.280373715973101,-0.0936355202590954,-0.00101583581654083,-0.417090616298838,0.0755938538959526,-1.9542108930217,9.59054044307931,1.0410947071095,6.59523484294812,0
0.387538203260628,-0.0723182034159388,0.017875632584161,-0.283533003012594,-0.0942080799797352,-0.000996935117349908,-0.425194917116695,0.075619061112706,-1.94124580435261,9.75342095158424,1.09912675824144,6.71304838899019,0
0.390323265168537,-0.0693534196017378,0.0217865380816398,-0.286693760986518,-0.0947661151095569,-0.00104102135910633,-0.433308567163936,0.0756376633783372,-1.92736060134016,9.91748828713098,1.15815928060316,6.83196840518765,0
0.393112738724273,-0.0663549567200187,0.0257283720838287,-0.289855611248027,-0.0953990179901001,-0.000956858824514205,-0.441532761848138,0.0756498286036448,-1.91254411924685,10.0827242367962,1.21819459717894,6.95198552037037,0
0.395906053008036,-0.0633228677800907,0.0297008590963162,-0.293018143239049,-0.0959240007407679,-0.00113701087003775,-0.449657107115838,0.0756557180043816,-1.89678287757214,10.2491115286291,1.27923693355886,7.0730917174981,0
0.398702697924926,-0.060257425800738,0.0337036873304923,-0.2961810026813,-0.0967193189812006,-0.000770719012417934,-0.45811342207604,0.0756554877462212,-1.88006969262322,10.4166298719812,1.34128520452893,7.19527497482908,0
0.401502045877343,-0.0571584956765616,0.0377365980962978,-0.29934371013884,-0.0970000707510105,-0.00154204064804296,-0.466001998636386,0.0756492862930319,-1.86238594791583,10.5852640739319,1.40434785288603,7.31853027313007,0
0.404303733484233,-0.0540268599458811,0.0417991972788173,-0.30250604989638,-0.0984060771153002,6.54548948881587e-05,-0.475198620752269,0.0756372605483836,-1.84373913727749,10.7549870737407,1.46841149420448,7.44283644225869,0
0.407106875525643,-0.0508615119493876,0.0458913403882385,-0.305667269991683,-0.0974978194489988,-0.00332653832213948,-0.481764259195249,0.0756195440458792,-1.82408606951278,10.9257943639645,1.53350496979837,7.56820332465332,0
0.409911832813667,-0.0476656688836561,0.0500122773821821,-0.308827880788741,-0.101525953583894,0.0038301400571591,-0.493995025689634,0.0755962829161838,-1.80350393817604,11.0976282219549,1.59955693506728,7.6945673487116,0
0.412716871139322,-0.0444354912182457,0.054162257174288,-0.311986255305158,-0.0951629413960458,-0.011351349741166,-0.49433300405081,0.0755675865810233,-1.781868840823,11.2705190831409,1.66666318001514,7.82198706230273,0
0.415527303795549,-0.0411904799913045,0.0583382044947063,-0.31514791769824,-0.110921539321927,0.0208097865546057,-0.519943377022538,0.0755336494903325,-1.75972499251379,11.4442091750468,1.7343656208569,7.9501185616761,0
0.418344811204386,-0.0379377935432981,0.0625387958271793,-0.31831465543282,-0.0803378532835391,-0.0467610933953381,-0.492228791815855,0.0754945777239347,-1.73726510404635,11.6185963851299,1.80249878732021,8.07883249376334,0
0.421224930412783,-0.03485852818622,0.06673796039202,-0.321542811800731,-0.14440310048119,0.0874160260185164,-0.57168743685107,0.075451047524527,-1.71968794452654,11.7914757776989,1.86676419506035,8.20502363811205,0
0.424239942637688,-0.0321828596382402,0.0709026134610448,-0.324905270686552,-0.0435611052088296,-0.112583973981484,-0.458900980124536,0.0754035551534485,-1.71363366803828,11.9601035955734,1.92169340656286,8.3247765209723,0
0.427441770882997,-0.0300686922779698,0.075010390569821,-0.328453988904042,-0.166052859287766,0.0874160260185164,-0.598156504343045,0.0753492292636095,-1.72369819392897,12.1226828278595,1.96353220170139,8.4354524322291,0
0.430289661510548,-0.0268182934891118,0.0793013278351272,-0.331640576572084,-0.0642281097415176,-0.112583973981484,-0.488593441668444,0.0752916843469532,-1.70068254999634,12.2992620921506,2.03271365159642,8.56586589055789,0
0.433349211689051,-0.0242010046585452,0.0835245829510042,-0.335039817588252,-0.183540771879525,0.0874160260185164,-0.627924234928043,0.0752286603241341,-1.69591503166601,12.4690028568845,2.08707808860986,8.68600973660861,0
0.436067478338135,-0.0205141764982487,0.0879207917957989,-0.338092388140892,-0.0814923584239638,-0.112583973981484,-0.521169854220683,0.0751645793692154,-1.65982655262891,12.6516669626776,2.16723110069527,8.82460930935344,0
0.43901236083993,-0.0174986380790271,0.0922432194289928,-0.341373513392037,-0.197850963866687,0.0874160260185164,-0.65983806703295,0.0750958930637148,-1.64316061088208,12.8271245100189,2.23163513773435,8.95232876140251,0
0.441629543773266,-0.0134787883910284,0.0967285725992636,-0.34432323567146,-0.0960801072584402,-0.112583973981484,-0.555514680295442,0.0750271396994846,-1.59691944830799,13.0144921409881,2.32030221312253,9.09727047955758,0
0.444481775172117,-0.0101473117315847,0.101137006785257,-0.347510512028121,-0.209722612585368,0.0874160260185164,-0.693025195414176,0.0749543583424528,-1.57066608521388,13.1945425913412,2.39279174836643,9.23108475776085,0
0.44701956951127,-0.00587226501754024,0.105698956021461,-0.350380684826539,-0.108575464944471,-0.112583973981484,-0.590823848494101,0.074881835645698,-1.51647613264394,13.3855795561714,2.48812068285527,9.38098274067217,0
0.449796433367656,-0.00228908722718148,0.110182750767889,-0.353492763224166,-0.219713608875471,0.0874160260185164,-0.726833173095403,0.0748056843893483,-1.48244214908301,13.5693479724165,2.56716909103551,9.51973673229796,0
0.452271437641084,0.00218183222871833,0.114811336733419,-0.356300974555367,-0.119442142968603,-0.112583973981484,-0.626517040296458,0.074729736773341,-1.42198602785095,13.7632665329612,2.66774633417366,9.67353417093653,0
0.454986432331996,0.00596642079863379,0.119361794200837,-0.359352197399003,-0.228247609603017,0.0874160260185164,-0.760775828891094,0.0746504601014178,-1.38158630348891,13.9500657845214,2.75215755141996,9.81632192961251,0
0.457411479522501,0.0105872670267862,0.124048931245905,-0.362111897023728,-0.129045581940031,-0.112583973981484,-0.662172785787535,0.0745711074840706,-1.31616786710635,14.1462539358855,2.85688727910123,9.97319878967792,0
0.460075160750284,0.0145335509485759,0.128658833024922,-0.365113350141486,-0.235648587156944,0.0874160260185164,-0.794490447163157,0.0744886770089976,-1.27051855731182,14.3355369470822,2.94571626353562,10.1193021262347,0
0.46246029869029,0.0192681179524142,0.133397800921832,-0.36783497323658,-0.13767291960763,-0.112583973981484,-0.697482568490549,0.0744057521947523,-1.20116491672406,14.5335092609366,3.05373424546664,10.2786100987459,0
0.4650809667141,0.0233443461484938,0.138061044043874,-0.370795296145974,-0.242166195512514,0.0874160260185164,-0.827705693251912,0.0743199866483171,-1.15115636969489,14.724833156578,3.14622520046072,10.4274515864224,0
0.467434172117034,0.028163590623737,0.142846127582335,-0.373487063240948,-0.145549828847115,-0.110155250996981,-0.732218866564598,0.0742332166410632,-1.07869061481502,14.9241965616813,3.2568376534513,10.5886682934149,0
0.470007086890398,0.0323754590598538,0.147561975163631,-0.376401532234268,-0.246929472273099,0.0898447490030188,-0.859206340467661,0.0741433868625681,-1.02410411360805,15.1175245493793,3.35313245730018,10.740287978471,0
0.472367301870098,0.0371671162268753,0.152375801834709,-0.379102663451071,-0.15027151189134,-0.108442689581516,-0.762802232414286,0.0740518495224549,-0.951853156955672,15.3170513431585,3.4636437409919,10.9015544452109,0
0.474916137654669,0.0414424888164957,0.157132573795098,-0.38199495639464,-0.24940814482095,0.0915573104184845,-0.887028719487716,0.07395683535223,-0.894797814469079,15.5115504689129,3.56201705303892,11.0547356014049,0
0.477291723583768,0.0461806103148086,0.16197002039957,-0.384713604059193,-0.153200190949254,-0.106682909710433,-0.790104416279162,0.0738594793742978,-0.823517923654844,15.7109350727259,3.67180644207222,11.2156107069988,0
0.479827600243293,0.0504835367603973,0.166761154911721,-0.387594663072855,-0.250355961141564,0.093317090289567,-0.911635633202653,0.0737583214604345,-0.765030524800621,15.9061679412162,3.77140173624928,11.3697356801663,0
0.482229490624957,0.0551360694600289,0.1716162396523,-0.390341516197875,-0.154633045487335,-0.105112409343464,-0.814035993269592,0.0736542037018685,-0.695666351289609,16.1050550379052,3.87970181699989,11.5296868696157,0
0.484762615722999,0.0594341632335991,0.176435688286793,-0.39322129601333,-0.250126218416591,0.0948875906565364,-0.93304408605463,0.0735460215184717,-0.636683361969419,16.3006353846535,3.97974809738307,11.684203925301,0
0.487196581391152,0.0639835666733281,0.18130448067737,-0.396001785748044,-0.155053314946743,-0.103555679463941,-0.834880502647283,0.0734343021133326,-0.56974617450002,16.4988247330858,4.0861411493678,11.842937409218,0
0.489733191937054,0.0682558627546112,0.186147808880564,-0.398886200815371,-0.249026970860985,0.0964443205360595,-0.951428570533779,0.0733183216500714,-0.510865113944894,16.6944911980468,4.18614200193018,11.9974840821717,0
0.492204700157754,0.0726859214303128,0.191026567040684,-0.401705415120372,-0.154673660708543,-0.102019883955294,-0.85271797783231,0.0731982460483032,-0.446829337147574,16.8918030317445,4.29024222777885,12.1547314668181,0
0.49474969516586,0.0769155776588771,0.195889926090661,-0.404598994479044,-0.247236019204994,0.0979801160447057,-0.966863804190297,0.0730737679459386,-0.388526984092495,17.087342864125,4.38980028938638,12.3090155906461,0
0.497262822346072,0.0812141491836407,0.200775482684856,-0.407460583391861,-0.153675389078856,-0.100465499279012,-0.867659712231888,0.0729446544792509,-0.32774633016382,17.2836431482173,4.49132005760481,12.4645767604487,0
0.499819720225685,0.0853883746244647,0.205655593055924,-0.4103664336193,-0.244884188325815,0.0967094333722265,-0.979434898112433,0.0728110485641082,-0.270379713838579,17.4788889193901,4.5901353342943,12.6183738712573,0
0.502347692671187,0.089621172795744,0.210555658457601,-0.413243134161146,-0.153542909538089,-0.0981212416201587,-0.88191322622655,0.0726726835710717,-0.210827971468134,17.6747605623254,4.69066684051815,12.7732657503391,0
0.504907097576749,0.0937601370518915,0.215453776096724,-0.416151608075437,-0.24276535130753,0.0938895038677926,-0.990787573206313,0.0725298563840575,-0.153752554040356,17.8698502922204,4.78923155852029,12.9268661796597,0
0.507432036362578,0.0979685932014265,0.220372551766564,-0.419025345074437,-0.154504909856681,-0.0951097330197215,-0.896284710456823,0.0723823522135608,-0.094135491508502,18.0656237362569,4.88977920768559,13.0817090370628,0
0.509984086338729,0.102093123846855,0.225289954394252,-0.421926511949858,-0.241100537425745,0.0905662752241819,-1.00171260675443,0.0722304714411147,-0.0366859135246899,18.2606911669178,4.988598858967,13.2354063944261,0
0.512498394008052,0.106292236303998,0.230227881391852,-0.424789675220919,-0.156314304672275,-0.0915990817061572,-0.910822748578013,0.0720740184938261,0.0234832180603867,18.4564436190818,5.08952624119164,13.3904005959505,0
0.515036057865575,0.110415703174348,0.235164768174375,-0.427676525664378,-0.239757330053824,0.086754101107378,-1.01232736202206,0.0719132869771349,0.0817444715715819,18.6515472531391,5.18892436144583,13.5443673632649,0
0.517533629546919,0.114616491958479,0.240121701923428,-0.430523065403408,-0.158853995144529,-0.087579070694111,-0.92562580035993,0.0717480991572098,0.14283039442961,18.8473143611166,5.29049723576985,13.6996475197764,0
0.520051108045242,0.118748981897679,0.245077785234484,-0.433389879819846,-0.238618221086063,0.0824315785050517,-1.02269959185567,0.0715787375971412,0.202239896419303,19.0424781754993,5.39071638920606,13.8540016827125,0
0.522526975800778,0.122959511281777,0.250053142070475,-0.436214933416743,-0.162041647028538,-0.0830231929150556,-0.940774847965764,0.071405042023837,0.264515830328267,19.2382653779958,5.49312744252055,14.0096537658035,0
0.525019530699837,0.127108376742158,0.255027727157637,-0.439057096806087,-0.237584360858083,0.0775646709595776,-1.03286676091289,0.0712272804556611,0.325325283153153,19.4334856783794,5.59434252213018,14.1644684394023,0
0.52746975747728,0.131334131922321,0.260020539917442,-0.441856870301765,-0.165822726915132,-0.0778936991107034,-0.956335337145134,0.0710453099974579,0.388983821328379,19.6292733627025,5.6977205259608,14.32053665807,0
0.529933641294583,0.135504271658641,0.265012566843557,-0.444670789902091,-0.236572889971892,0.072108640054641,-1.04284070454253,0.0708593808518647,0.451368038766557,19.8245229773569,5.80004559685841,14.4758454192651,0
0.532355291396053,0.139748333718347,0.270021511984187,-0.447442516638127,-0.170166840587224,-0.0721435163212442,-0.972359020086968,0.0706693676564581,0.516525925683767,20.0202696636775,5.90445970647313,14.6323358828882,0
0.534787760099881,0.143942264385007,0.275029569037545,-0.450225626764637,-0.235516096836924,0.0660104048593032,-1.05261092377625,0.0704755011010112,0.580584432420896,20.2155002260566,6.007949811146,14.7881348473315,0
0.537178962206538,0.148205261961894,0.280052964249544,-0.452967626407447,-0.175065026146979,-0.0657197892193997,-0.988883162853135,0.0702776735905594,0.64728045787416,20.4111438582313,6.1134084812756,14.9450158348299,0
0.539578384636573,0.152422959915459,0.28507526981619,-0.455718491750272,-0.234363972480333,0.059214461379737,-1.06214801918837,0.0700760939420454,0.713031980977657,20.6062861958779,6.21805590482387,15.1012622720317,0
0.541938500135951,0.156702775449613,0.290111036825509,-0.458430330278489,-0.18052569187901,-0.0585740311985809,-1.00592463759999,0.0698706726377753,0.78121724843701,20.8017434822805,6.32449988669419,15.2584608440233,0
0.544304599118048,0.160941221303015,0.295145380323976,-0.461148880362652,-0.233092976219343,0.0516780193137536,-1.07141031177604,0.0696615950885288,0.848584900139742,20.996705795924,6.43022324821197,15.4150674478517,0
0.546634535741341,0.165232378595932,0.300190964977863,-0.463831678674014,-0.186566805944528,-0.0506850196644511,-1.0234651127544,0.0694487901558484,0.918103050036822,21.1918693385945,6.53751089705507,15.5724614915762,0
0.548968789880449,0.169484756801779,0.30523460159057,-0.466519605204454,-0.231725536550199,0.0434041647697285,-1.08035781495786,0.0692324187417725,0.986888583669453,21.3865331160492,6.64413591883745,15.7292857808812,0
0.551271459158743,0.173777508613905,0.310286854125866,-0.469176492251727,-0.193198700013809,-0.0421066525409883,-1.04142075546105,0.0690124282065222,1.05744646514154,21.5812667409466,6.75202128124189,15.8866919248463,0
0.553577635066078,0.178032146182982,0.315336365559805,-0.471837777200811,-0.230366412291756,0.0345070938205589,-1.08898149996674,0.0687889543012967,1.12729615263739,21.7754813236705,6.85925529397242,16.0435221823355,0
0.555858437227517,0.182311532841284,0.320391419308188,-0.474474369932734,-0.200390307442958,-0.033053483150063,-1.05959086151801,0.0685619625325059,1.19843343240675,21.9696158271706,6.96736557720092,16.2006836823765,0
0.558143029474107,0.186551078314751,0.32544261055511,-0.477115719889871,-0.229256321369038,0.0253159933904995,-1.09735388450674,0.068331563394535,1.26881136361265,22.1631954244208,7.074777951141,16.3572288368925,0
0.560409959293466,0.190796844245678,0.330495881765475,-0.479740220917387,-0.208019058046256,-0.0240133058357112,-1.07759556666112,0.0680977392652262,1.33989722539526,22.3565309773648,7.18261193841638,16.5138162643437,0
0.56268194897898,0.194998953256998,0.335543888102718,-0.482370815518195,-0.228816212791636,0.0164760492078732,-1.10568566335299,0.0678605760257718,1.41010634605064,22.5492626884083,7.28965120765799,16.6697178268009,0
0.564944579848141,0.199187882223113,0.340590410095572,-0.484992982743949,-0.215837281731008,-0.0157958302064604,-1.09486023118455,0.0676200703471436,1.48041322238129,22.7415878022985,7.39663652123608,16.8253645034437,0
0.567213761644476,0.203328948687895,0.345630222675692,-0.487622785266517,-0.229603191013783,0.00889916591983528,-1.11431940682773,0.0673762854870307,1.54971359844198,22.9332596978599,7.50272152852158,16.9802517677804,0
0.5694807390694,0.207440291355626,0.35066540122402,-0.490251406825633,-0.223535436157005,-0.00932954588013582,-1.11075365574264,0.0671292288603584,1.61859013888997,23.1243890776634,7.60834696617359,17.1346322503798,0
0.571754895243358,0.211501489291133,0.35569270280279,-0.49288832245477,-0.232099446580147,0.00339408690343361,-1.12356865875205,0.066878945372785,1.68639185217735,23.3148307593365,7.71301394796514,17.2882086635487,0
0.574031348220166,0.215522362314076,0.360713056527834,-0.495528619358215,-0.230937572738475,-0.00515997972392313,-1.12489215321284,0.0666254498639195,1.75343614294705,23.5046389823593,7.81696073962204,17.4411143856844,0
0.5763144462398,0.219493309515178,0.365724718292298,-0.498176693877156,-0.236441403766601,0.000148206698025865,-1.13346884224325,0.0663687753061078,1.819417298079,23.6937424318674,7.9199521152828,17.5932076146636,0
0.578601746841994,0.223418982102126,0.370727906684865,-0.5008300942159,-0.238163307273174,-0.00307675917113912,-1.13734953148266,0.06610894150999,1.88448718152563,23.8821613099359,8.0221003453334,17.7445481461281,0
0.580894766157212,0.227295788493645,0.375721708171723,-0.503490362038625,-0.242380413855037,-0.00137318273661482,-1.14371582587518,0.0658459756805502,1.94853238259906,24.0698639363661,8.12331659635878,17.8950797226064,0
0.583192513032183,0.231125351936018,0.380705926462284,-0.506156511157746,-0.245546698248045,-0.00233760697485947,-1.14851506064597,0.065579900527047,2.01160728014049,24.2568512627046,8.22363918008397,18.0448193627611,0
0.585495406152708,0.234906395828036,0.3856799683934,-0.508828978161448,-0.249528511796856,-0.00196465080592632,-1.15388364169723,0.0653107411479117,2.07367257497744,24.4431065615474,8.32303558445363,18.1937435520712,0
0.587803193830519,0.238639033155833,0.39064343239786,-0.511507524074177,-0.253408458230774,-0.00221744166866772,-1.15877345010758,0.065038521399884,2.13473368269751,24.6286216830714,8.42150714505612,18.3418482207128,0
0.590116043284915,0.2423225335203,0.395595802659867,-0.514192332821294,-0.257600168451164,-0.00220710414165715,-1.16365723647603,0.0647632656160317,2.19476858460947,24.8133836249099,8.51903455391302,18.4891176556064,0
0.592434023719434,0.245956380150085,0.400536593960871,-0.516883489626455,-0.261930637066989,-0.00230333416708044,-1.16833587284859,0.0644849977312739,2.25376201518148,24.9973808542293,8.61560366731828,18.6355392020925,0
0.594757325554463,0.249539825981066,0.405465291111291,-0.519581201972855,-0.266464985982448,-0.00236636575491118,-1.17288155490061,0.064203741572067,2.31169107576278,25.1806007394063,8.71119467343584,18.7810971417333,0
0.597086161910363,0.253072094176637,0.410381376475685,-0.522285700078781,-0.27118112614438,-0.00244416675188953,-1.17726597144962,0.0639195206864096,2.36853173313517,25.363030737895,8.80578699384072,18.9257754771894,0
0.599420794366797,0.25655232737587,0.41528432316503,-0.524997262759813,-0.27608637915846,-0.00252232895444203,-1.18149378350965,0.063632358365702,2.42425716689406,25.5446581321756,8.89935804847232,19.0695572505974,0
0.601761514576988,0.259979625403308,0.420173600284819,-0.527716198782292,-0.281179678736089,-0.00260494442935867,-1.18555954978277,0.0633422776182091,2.47883899245644,25.7254702616446,8.9918841805999,19.2124250735011,0
0.604108640367141,0.263353053726376,0.425048674181675,-0.530442842850517,-0.286462387932331,-0.00269129130550175,-1.18946022301849,0.0630493011717493,2.53224753410704,25.9054545853839,9.08334086663825,19.3543612528527,0
0.606462507939981,0.266671659414968,0.42990901069734,-0.533177547682688,-0.291935484052762,-0.00278174327122807,-1.19319205611757,0.0627534514803067,2.58445234391559,26.084598780793,9.1737031086802,19.4953480160284,0
0.608823465276217,0.269934484476584,0.434754077051531,-0.535920677312692,-0.297600107938198,-0.00287647461049917,-1.19675134811062,0.0624547507393991,2.63542263652677,26.2628908226712,9.2629457623209,19.6353676968771,0
0.611191865463061,0.273140579093647,0.43958334369746,-0.538672600333943,-0.303457399926816,-0.00297569932072829,-1.20013436950019,0.0621532209074204,2.68512772216229,26.4403190565821,9.35104386151157,19.7744029172328,0
0.613568060209773,0.276289014258005,0.444396286081611,-0.541433683346036,-0.309508466945617,-0.00307963428707822,-1.20333743248481,0.061848883732056,2.73353742127578,26.6168722639547,9.43797292809808,19.9124367571324,0
0.615952393507258,0.279378893894518,0.449192386320503,-0.54420428455944,-0.31575433302287,-0.00318850291786373,-1.20635693738855,0.0615417607806357,2.78062246380274,26.7925397195471,9.52370926828953,20.0494529150603,0
0.61834519545272,0.282409366440168,0.453971134790253,-0.546984747578092,-0.322195894354905,-0.00330253399196607,-1.2091894194163,0.0612318734734429,2.82635487184624,26.9673112412449,9.60823025523841,20.1854358578527,0
0.620746776261562,0.285379635843693,0.458732031624606,-0.549775395380942,-0.328833876662873,-0.00342196075889971,-1.21183159296279,0.0609192431190763,2.87070832458795,27.1411772321796,9.69151459688135,20.3203709598862,0
0.62315742049748,0.288288971934994,0.463474588115157,-0.552576524532407,-0.335668795181645,-0.00354701987554545,-1.21428039355085,0.0606038909510408,2.91365850369085,27.3141287151027,9.7735425878086,20.454244630985,0
0.625577381558354,0.291136720102398,0.468198328006059,-0.555388399658418,-0.34270091747108,-0.00367795019438326,-1.21653301719293,0.0602858381648167,2.95518341708327,27.4861573589312,9.85429634366152,20.587044432353,0
0.628006876460903,0.293922310207705,0.47290278867456,-0.558211248230141,-0.349930229285226,-0.00381499139939896,-1.21858695694119,0.0599651059547249,2.99526369873247,27.6572554973876,9.93376001636255,20.7187591797575,0
0.630446080970769,0.296645264664183,0.477587522188236,-0.561045255701215,-0.357356403756566,-0.00395838248904293,-1.2204400363639,0.0596417155499718,3.03388288184475,27.8274161396897,10.0119199883716,20.8493790331628,0
0.63289512512673,0.299305205601523,0.482252096229763,-0.56389056104637,-0.364978774160166,-0.00410836010887803,-1.22209043967267,0.0593156882493239,3.07102764287401,27.9966329732937,10.0887650441396,20.9788955720282,0
0.635354089207748,0.301901861044322,0.486896094880554,-0.566747252749366,-0.372796310515323,-0.00426515673996375,-1.22353673822675,0.058987045453927,3.10668801378766,28.1649003587681,10.1642865169982,21.1073018555576,0
0.637823000189781,0.304435070036807,0.491519119255558,-0.569615365286303,-0.380807600260958,-0.00442899875284054,-1.22477791315579,0.0586558086978503,3.14085756022575,28.3322133169604,10.2384784098819,21.2345924673043,0
0.640301828735427,0.306904786656229,0.496120787982913,-0.572494876146606,-0.389010833205775,-0.00460010434085057,-1.2258133738724,0.0583219996760068,3.17353352349245,28.4985675087212,10.3113374885201,21.3607635436936,0
0.642790486753887,0.309311082870181,0.500700737524015,-0.57538570342829,-0.397403790906298,-0.0047786813504245,-1.22664297228777,0.0579856402691689,3.20471692473157,28.6639592075541,10.3828633460584,21.4858127862273,0
0.645288825561381,0.311654150208639,0.505258622331643,-0.578287704036797,-0.405983840567797,-0.00496492502991061,-1.22726701259741,0.0576467525658709,3.23441263013957,28.828385265672,10.4530584384511,21.6097394573605,0
0.647796634663461,0.313934300239233,0.509794114846275,-0.581200672507953,-0.414747933496091,-0.00515901572203613,-1.22768625656606,0.0573053588810667,3.26262937664937,28.9918430740474,10.5219280904051,21.7325443602917,0
0.650313641170759,0.316151963853402,0.514306905333244,-0.584124340465719,-0.423692608055728,-0.00536111652839115,-1.2279019243103,0.0569614817714803,3.28937975815025,29.1543305171441,10.5894804721296,21.8542298031648,0
0.652839509849161,0.318307689390896,0.518796701566046,-0.587058376714796,-0.432813997014919,-0.00557137097708925,-1.22791569064965,0.0566151440476679,3.31468017296692,29.3158459231072,10.6557265476277,21.9747995484464,0
0.655373843794447,0.320402139649874,0.523263228363695,-0.590002387957244,-0.442107839082476,-0.00578990072685298,-1.22772967717079,0.0562663687828793,3.33855073398442,29.4763880102602,10.7206799957583,22.0942587484864,0
0.657916185710544,0.322436087848708,0.527706226992446,-0.592955920111399,-0.451569494370498,-0.0060168033421654,-1.22734644022065,0.0559151793188805,3.36101514344296,29.6359558308099,10.7843571057514,22.2126138685015,0
0.660466019760214,0.324410412622916,0.532125454444421,-0.595918460201017,-0.461193963451215,-0.00625215017471968,-1.22676895511028,0.0555615992689648,3.3821005350175,29.7945487126924,10.8467766492891,22.3298725984208,0
0.663022773947415,0.3263260921557,0.536520682607521,-0.598889438773112,-0.4709759096195,-0.00649598438604698,-1.22600059687069,0.0552056525184455,3.40183728631806,29.9521662004994,10.9079597316242,22.4460437551932,0
0.665585822982337,0.328184197552912,0.540891697342506,-0.601868232794686,-0.480909683926814,-0.00674831914510116,-1.22504511795058,0.0548473632229748,3.42025880537898,30.1088079964117,10.9679296245144,22.5611371772763,0
0.668154491573145,0.329985885582492,0.545238297484173,-0.604854168971713,-0.49098935251813,-0.00700913603241065,-1.22390662328465,0.0544867558050856,3.43740129503972,30.2644739020247,11.026711583963,22.6751636131014,0
0.670728058083309,0.331732390904296,0.549560293784138,-0.607846527428626,-0.501208725782678,-0.00727838367963473,-1.22258954318703,0.0541238549493894,3.45330349934164,30.4191637618962,11.0843326559034,22.7881346053345,0
0.673305756913269,0.333425017814306,0.553857505922706,-0.610844544239224,-0.511561389079287,-0.007555976952923,-1.22109860401464,0.0537586855757154,3.46800645212897,30.5728773405523,11.1408214634079,22.9000623292734,0
0.675886785035537,0.335065131991504,0.55812976417444,-0.613847417776558,-0.522040733670314,-0.0078417956415032,-1.21943879894275,0.0533912728599783,3.48155317588941,30.7256143735755,11.1962080114662,23.0109595379988,0
0.678470306481405,0.33665415197505,0.562376908445836,-0.616854313191149,-0.532639988315007,-0.00813568398141298,-1.21761535714312,0.0530216422333451,3.49398839870794,30.8773745264125,11.2505234766704,23.1208394484501,0
0.681055455912014,0.338193540559777,0.566598786092764,-0.619864366055186,-0.543352250939415,-0.00843745065010056,-1.2156337123003,0.0526498193661575,3.50535827987194,31.028157312488,11.3037999907095,23.2297156016504,0
0.683641343124614,0.339684796346435,0.570795250824665,-0.62287668685933,-0.554170519674275,-0.00874686885076987,-1.21349947153967,0.0522758301636005,3.51571012849217,31.1779620547339,11.3560704320392,23.3376017511868,0
0.68622705754283,0.341129445486607,0.574966161644707,-0.625890365486649,-0.565087723007167,-0.00906367672020903,-1.21121838480437,0.0518997007629067,3.52509212772849,31.3267878518597,11.4073682228972,23.444511756691,0
0.688811672638444,0.342529033708499,0.579111381836947,-0.628904475611233,-0.57609674872853,-0.00938757805142101,-1.20879631501796,0.0515214575325299,3.53355306758395,31.474633549499,11.4577271337763,23.5504594833067,0
0.691394250237998,0.343885118697156,0.583230778009745,-0.631918078974927,-0.587190471400806,-0.00971824331936443,-1.20623920932441,0.0511411270736925,3.54114208881948,31.6214977162673,11.507181097152,23.6554587079348,0
0.693973844673812,0.345199262889654,0.587324219202856,-0.634930229501987,-0.598361778131107,-0.0100553109944985,-1.20355307164996,0.0507587362246655,3.54790844011569,31.7673786246778,11.555764031934,23.7595230328596,0
0.696549506745439,0.346473026732878,0.591391576063835,-0.637939977217923,-0.60960359247868,-0.010398389125203,-1.20074393678473,0.0503743120681044,3.55390125018143,31.9122742367868,11.6035096797924,23.8626658071758,0
0.699120287464128,0.347707962439024,0.595432720097723,-0.640946371945465,-0.620908896377391,-0.0107470571668562,-1.19781784613622,0.0499878819417089,3.55916931609276,32.0561821943697,11.6504514541962,23.9649000562663,0
0.701685241559091,0.348905608262221,0.599447522992368,-0.643948466756822,-0.632270749999398,-0.0111008680324743,-1.19478082526417,0.0495994734524273,3.56376090875369,32.1990998133793,11.6966223027123,24.0662384194207,0
0.704243430730367,0.350067483308893,0.603435856020289,-0.646945321167426,-0.643682309528033,-0.0114593503376009,-1.19163886326576,0.0492091144943829,3.56772359600504,32.3410240823915,11.7420545828454,24.1666930955512,0
0.706793926638603,0.351195082884832,0.607397589516766,-0.649936004061963,-0.655136842845418,-0.0118220108104833,-1.18839789404443,0.0488168332706388,3.57110408358011,32.4819516647158,11.7867799514592,24.2662757968367,0
0.709335813627029,0.352289874373513,0.611332592432671,-0.652919596348409,-0.666627743172484,-0.0121883368374835,-1.18506377946366,0.048422658318882,3.57394807381649,32.6218789038247,11.8308292676132,24.3649977100279,0
0.711868191175366,0.353353293633006,0.615240731959708,-0.655895193340314,-0.678148540726672,-0.0125577991133258,-1.18164229435932,0.0480266185410438,3.57630014178409,32.7608018317495,11.8742325084697,24.4628694650639,0
0.714390176089151,0.354386741892915,0.619121873224904,-0.658861906871283,-0.689692912484603,-0.012929854365794,-1.17813911336132,0.0476287432368537,3.57820362828312,32.8987161800827,11.9170186977816,24.5599011105842,0
0.716900904431231,0.355391583128061,0.622975879050685,-0.661818867148906,-0.701254690154529,-0.0133039481251755,-1.17455979945645,0.0472290621412526,3.57970054899691,33.0356173932371,11.9592158463565,24.6561020958775,0
0.719399533204763,0.356369141881984,0.626802609776388,-0.664765224357944,-0.712827866476406,-0.0136795175098275,-1.17090979420959,0.0468276054655809,3.58083151895462,33.1715006436184,12.000850903801,24.751481258772,0
0.721885241799122,0.357320701510833,0.630601923136807,-0.667700150024614,-0.724406599976065,-0.0140559940006392,-1.16719440954918,0.0464244039424034,3.58163569136317,33.3063608483874,12.0419497207918,24.8460468189589,0
0.724357233211703,0.358247502816501,0.634373674193181,-0.670622838155438,-0.735985218305317,-0.0144328061789954,-1.16341882101547,0.0460194888738098,3.5821507098029,33.440192687505,12.0825370210775,24.9398063762303,0
0.726814735059658,0.359150743037047,0.638117715311974,-0.673532506165094,-0.747558220301722,-0.014809382404834,-1.15958806236517,0.0456128921830025,3.58241267274438,33.572990622774,12.1226363823964,25.032766913122,0
0.729257000396352,0.360031575162267,0.641833896186861,-0.676428395608481,-0.759120276901173,-0.0151851534136146,-1.15570702142388,0.0452046464689517,3.58245610932974,33.7047489176201,12.1622702254924,25.1249348014575,0
0.731683308347625,0.360891107542683,0.64552206389938,-0.679309772732437,-0.770666231033537,-0.0155595548133468,-1.15178043707754,0.044794785063887,3.58231396536817,33.8354616573723,12.2014598104251,25.2163158123154,0
0.734092964582979,0.361730403761087,0.649182063013902,-0.682175928862624,-0.782191096626894,-0.0159320294652123,-1.14781289729617,0.0443833420933694,3.5820175985176,33.9651227698325,12.2402252393898,25.3069151289603,0
0.736485301636673,0.362550482736982,0.652813735702803,-0.685026180640882,-0.793690056840007,-0.0163020297337757,-1.14380883808575,0.043970352538671,3.58159678165912,34.0937260459456,12.2785854652964,25.3967373623083,0
0.738859679093223,0.363352319035795,0.656416921897901,-0.687859870127863,-0.805158461635614,-0.0166690195951413,-1.13977254326862,0.0435558523011863,3.58107971351637,34.2212651604074,12.3165583053967,25.4857865685271,0
0.741215483651314,0.364136843356385,0.659991459464527,-0.690676364785261,-0.81659182479931,-0.0170324765937503,-1.13570814499755,0.0431398782685774,3.5804930356241,34.3477336920659,12.3541604592882,25.5740662684018,0
0.743552129079408,0.364904943172225,0.663537184394854,-0.693475057351199,-0.82798582050083,-0.0173918936407595,-1.13161962491435,0.0427224683823552,3.57986185480741,34.4731251439966,12.3914075306743,25.6615794681297,0
0.745869056075641,0.365657463503486,0.667053931017403,-0.696255365621605,-0.839336279486241,-0.0177467806490708,-1.12751081586952,0.0423036617065902,3.57920977039302,34.5974329631501,12.4283140523041,25.748328681239,0
0.748165732043715,0.366395207799178,0.670541532219888,-0.699016732149549,-0.850639184981104,-0.0180966660020103,-1.12338540412563,0.0418834984974381,3.57855890543594,34.7206505594873,12.4648935135663,25.8343159513569,0
0.750441650795726,0.367118938910373,0.673999819682888,-0.701758623873706,-0.861890668376776,-0.018441097854542,-1.11924693197324,0.0414620202731688,3.57792994130556,34.8427713245361,12.501158390258,25.9195428755837,0
0.752696332191975,0.367829380137379,0.677428624122034,-0.704480531686198,-0.87308700476398,-0.0187796452675072,-1.11509880069401,0.04103926988438,3.57734215503603,34.9637886493151,12.5371201760961,26.004010628255,0
0.754929321726984,0.3685272163355,0.680827775536709,-0.707181969949254,-0.884224608370478,-0.0191118991768932,-1.11094427381172,0.0406152915840765,3.57681345890382,35.0836959415859,12.5727894155841,26.0877199849056,0
0.75714019007014,0.369213095065675,0.684197103463463,-0.709862475969295,-0.895300027952476,-0.0194374732014716,-1.10678648057725,0.0401901310972989,3.57636044175077,35.2024866424047,12.6081757378885,26.170671346267,0
0.759328532568551,0.369887627777885,0.687536437232547,-0.712521609436224,-0.906309942182952,-0.0197560042932467,-1.10262841963911,0.0397638356899825,3.57599841162434,35.3201542419557,12.6432878914205,26.2528647621595,0
0.761493968719001,0.370551391016686,0.690845606226241,-0.715158951834987,-0.917251155073945,-0.0200671532361995,-1.09847296285611,0.0393364542367296,3.57574143935531,35.436692294655,12.6781337788535,26.3342999551568,0
0.763636141615136,0.371204927639545,0.694124440137746,-0.717774105835699,-0.928120591464374,-0.0203706049996254,-1.09432285921319,0.0389080372871859,3.57560240273915,35.552094433525,12.7127204923431,26.4149763439211,0
0.765754717375375,0.37184874803996,0.69737276922968,-0.720366694668023,-0.938915292599767,-0.020666068953011,-1.09018073880625,0.038478637130697,3.57559303103027,35.6663543838429,12.7470543487476,26.4948930661256,0
0.767849384556402,0.372483331368416,0.700590424591275,-0.722936361484803,-0.949632411825857,-0.020953278950011,-1.08604911686528,0.0380483078589524,3.57572394949581,35.7794659760709,12.781140924674,26.5740490008928,0
0.76991985355654,0.373109126745313,0.703777238393605,-0.72548276871942,-0.96026921041381,-0.0212319932894159,-1.08193039778922,0.0376171054262934,3.57600472381219,35.8914231580859,12.8149850912031,26.6524427906949,0
0.771965856012765,0.373726554460883,0.706933044142209,-0.728005597440805,-0.970823053531189,-0.0215019945613635,-1.07782687916911,0.0371850877073946,3.57644390411843,36.0022200067222,12.8485910481682,26.7300728626725,0
0.773987144194661,0.374336007157966,0.710057676926678,-0.730504546709559,-0.9812914063697,-0.021763089387216,-1.07374075577912,0.0367523145520145,3.57704906856958,36.1118507386516,12.8819623578837,26.8069374493374,0
0.775983490398157,0.374937850994238,0.713150973666776,-0.732979332938162,-0.991671830437664,-0.0220151080615745,-1.06967412351802,0.036318847836525,3.57782686625943,36.22030972062,12.9151019782408,26.8830346086386,0
0.777954686341517,0.375532426781155,0.716212773354831,-0.735429689257949,-1.00196198002293,-0.0222579041049791,-1.06562898328589,0.0358847515119241,3.57878305940371,36.3275914790677,12.9480122950985,26.9583622433729,0
0.779900542565692,0.376120051097421,0.719242917294173,-0.737855364895067,-1.0121595988297,-0.0224913537357231,-1.06160724478328,0.0354500916480525,3.57992256469626,36.4336907091581,12.9806951539198,27.0329181199347,0
0.781820887840812,0.376701017375325,0.722241249333445,-0.740256124557373,-1.02226251679088,-0.0227153552690696,-1.05761073022195,0.0350149364737338,3.58124949376794,36.5386022832411,13.0131518906092,27.1066998863999,0
0.783715568580351,0.377275596958704,0.725207616096712,-0.742631747833963,-1.032268647056,-0.022929828452013,-1.05364117793829,0.0345793564125649,3.58276719269378,36.6423212587782,13.0453833615233,27.1797050899486,0
0.785584448264206,0.377844040131686,0.7281418672093,-0.74498202860871,-1.04217598315361,-0.0231347137414407,-1.04970024590172,0.0341434241140915,3.58447828050769,36.7448428857572,13.0773899726334,27.2519311936315,0
0.78742740687173,0.378406577117666,0.73104385551936,-0.747306774489017,-1.0519825963255,-0.0233299715332956,-1.04578951511236,0.0337072144801073,3.58638468669577,36.8461626136232,13.1091717078277,27.3233755924913,0
0.789244340325592,0.378963419048285,0.733913437315195,-0.7496058062508,-1.06168663302986,-0.0235155813500272,-1.04191049288296,0.0332708046858291,3.58848768764938,36.9462760977522,13.1407281563492,27.3940356290524,0
0.791035159947094,0.379514758902384,0.736750472538377,-0.751878957300472,-1.07128631260898,-0.0236915409932838,-1.03806461600166,0.0328342741957022,3.59078794206813,37.0451792054947,13.1720585393691,27.4639086081937,0
0.792799791923518,0.380060772415099,0.739554824992756,-0.754126073154655,-1.08077992511717,-0.0238578656684475,-1.03425325377272,0.0323977047736039,3.59328552530989,37.1428680218145,13.2031617357024,27.5329918114221,0
0.794538176787876,0.380601618957469,0.742326362549434,-0.75634701093811,-1.09016582930367,-0.0240145870872339,-1.03047771093364,0.0319611804872211,3.59597996269178,37.2393388545485,13.2340363066749,27.6012825105654,0
0.796250268911372,0.38113744238699,0.745064957347841,-0.758541638900355,-1.09944245074524,-0.0241617525542375,-1.02673923044748,0.0315247877063837,3.59887026175033,37.3345882393114,13.2646805201564,27.6687779809053,0
0.797936036008757,0.381668371869738,0.747770485993,-0.760709835951235,-1.10860828012258,-0.0242994240428765,-1.02303899617011,0.0310886150951647,3.60195494347445,37.4286129440691,13.295092373775,27.7354755137685,0
0.799595458656708,0.382194522674692,0.750442829749143,-0.762851491215736,-1.11766187163498,-0.024427677265856,-1.01937813539259,0.0306527535975413,3.60523207252724,37.5214099734042,13.3252696173314,27.8013724286001,0
0.801228529825291,0.382715996940987,0.753081874729789,-0.764966503608184,-1.12660184154701,-0.0245466007448923,-1.01575772125933,0.0302172964164485,3.60869928647562,37.6129765724954,13.3552097744337,27.8664660845374,0
0.802835254422475,0.383232884418899,0.755687512084441,-0.767054781425902,-1.13542686686141,-0.0246562948840135,-1.01217877506342,0.0297823389860676,3.61235382404964,37.7033102308305,13.3849101633726,27.9307538915076,0
0.804415648851686,0.383745263185319,0.758259638182012,-0.769116241962405,-1.14413568411213,-0.0247568710504792,-1.00864226842039,0.0293479789371918,3.61619255245356,37.7924086856758,13.4143679172605,27.9942333208688,0
0.805969740582298,0.384253200334575,0.760798154791175,-0.77115081114011,-1.15272708827165,-0.0248484506669517,-1.00514912532245,0.0289143160555408,3.62021199375286,37.8802699253191,13.4435800034561,28.0569019156159,0
0.807497567732943,0.384756752645412,0.763302969257695,-0.773158423162506,-1.16119993176667,-0.0249311643182075,-1.00170022407542,0.0284814522329125,3.62440835036186,37.9668921921058,13.4725432422966,28.1187573001711,0
0.808999178667532,0.385255967224949,0.765773994678958,-0.775139020185718,-1.1695531235964,-0.0250051508754203,-0.998296399120568,0.0280494914110685,3.62877752965618,38.0522739852856,13.5012543251621,28.1797971897796,0
0.810474631603802,0.385750882130449,0.768211150075762,-0.777092552009336,-1.17778562854793,-0.0250705566406342,-0.994938442744173,0.0276185395182829,3.63331516773554,38.1364140636857,13.5297098318926,28.2400193995286,0
0.811923994234272,0.38624152696967,0.770614360561547,-0.779018975786392,-1.18589646650317,-0.0251275345138476,-0.991627106677381,0.0271887043984807,3.63801665236106,38.2193114482286,13.5579062475805,28.2994218530092,0
0.813347343359402,0.386727923480599,0.772983557509141,-0.780918255752295,-1.19388471183203,-0.025176243184779,-0.988363103589489,0.026760095732945,3.64287714509126,38.3009654243075,13.5858399787602,28.3580025906386,0
0.814744764532817,0.387210086091291,0.775318678715169,-0.78279036297257,-1.2017494928667,-0.0252168463511569,-0.985147108477528,0.026332824954558,3.64789160264044,38.3813755440345,13.6135073690152,28.4157597776597,0
0.816116351718413,0.387688022460549,0.777619668562216,-0.784635275109182,-1.20948999145208,-0.0252495119651063,-0.981979759955398,0.0259070051545885,3.65305479748202,38.4605416283768,13.6409047140233,28.4726917118355,0
0.817462206959187,0.388161734000114,0.779886478178841,-0.786452976205248,-1.2171054425675,-0.0252744115089878,-0.978861661445731,0.0254827509820514,3.65836133771875,38.5384637691911,13.6680282760579,28.528796830852,0
0.818782440057642,0.388631216379028,0.782119065597565,-0.788243456487883,-1.22459513401527,-0.0252917193018143,-0.975793382277731,0.0250601785356852,3.66380568624083,38.6151423311716,13.6948742979654,28.584073719447,0
0.820077168267597,0.389096460010755,0.78431739591087,-0.790006712188962,-1.23195840617132,-0.0253016118371748,-0.972775458694388,0.0246394052486244,3.66938217919147,38.6905779537213,13.7214390166353,28.6385211162774,0
0.821346515997283,0.389557450523666,0.786481441425347,-0.791742745383525,-1.23919465179396,-0.0253042671534034,-0.96980839477234,0.0242205497658636,3.67508504375908,38.7647715527587,13.7477186759789,28.6921379205389,0
0.822590614523584,0.390014169215397,0.788611181814027,-0.793451563845571,-1.24630331588642,-0.0252998642365695,-0.966892663257797,0.0238037318146308,3.68090841531341,38.8377243224705,13.7737095394333,28.7449231983507,0
0.823809601717303,0.390466593491595,0.790706604266966,-0.795133180920948,-1.25328389560935,-0.0252885824566764,-0.964028706321915,0.0233890720678263,3.68684635390235,38.90943773702,13.7994079020046,28.7968761889177,0
0.825003621779356,0.390914697289487,0.792767703640166,-0.796787615417065,-1.2601359402394,-0.0252706010373772,-0.961216936238951,0.0229766920006874,3.69289286012459,38.9799135522209,13.8248101018643,28.8479963104812,0
0.826172824987771,0.391358451486734,0.794794482602854,-0.798414891509106,-1.26685905117033,-0.0252460985592801,-0.958457735990603,0.022566713740891,3.69904189039273,39.049153807186,13.849912531511,28.8982831660678,0
0.827317367455449,0.391797824295906,0.796786951783195,-0.800015038662451,-1.27345288195311,-0.025215252496928,-0.955751459799854,0.0221592599123004,3.70528737159947,39.117160825958,13.8747116485096,28.9477365490479,0
0.828437410898576,0.392232781644978,0.798745129912458,-0.801588091570974,-1.27991713837168,-0.0251782387893014,-0.953098433597643,0.0217544534726192,3.71162321519944,39.1839372191327,13.8992039858192,28.996356448513,0
0.82953312241565,0.392663287544122,0.800669043967676,-0.803134090110878,-1.28625157855117,-0.0251352314436988,-0.950498955425642,0.0213524175452122,3.71804333071732,39.2494858854804,13.9233861617191,29.0441430544786,0
0.830604674277064,0.393089304439111,0.802558729312839,-0.804653079309734,-1.29245601309552,-0.0250864021727066,-0.94795329577839,0.0209532752453975,3.72454163869241,39.3138100135731,13.9472548893424,29.0910967629232,0
0.831652243725196,0.393510793551563,0.804414229838616,-0.80614510933035,-1.29853030525149,-0.0250319200639096,-0.945461697887958,0.0205571495015282,3.73111208306858,39.3769130834254,13.9708069858251,29.1372181806689,0
0.832676012785003,0.393927715206279,0.806235598100658,-0.80761023546912,-1.30447437109643,-0.0249719512819437,-0.943024377954319,0.0201641628712049,3.73774864303786,39.4387988681543,13.9940393810797,29.1825081301125,0
0.833676168085075,0.394340029145836,0.808022895456474,-0.809048518168467,-1.31028817974685,-0.0249066588024246,-0.940641525324454,0.0197744373529846,3.7444453443447,39.4994714356652,14.0169491261982,29.2269676538117,0
0.834652900689139,0.394747694832639,0.809776192200882,-0.810460023042975,-1.31597175358541,-0.0248362021772223,-0.938313302623303,0.0193880941939738,3.75119627005751,39.5589351503683,14.0395334014927,29.2705980189332,0
0.83560640593803,0.39515067173857,0.811495567700065,-0.811844820918845,-1.32152516850383,-0.0247607373305429,-0.936039845839434,0.0190052536937088,3.75799557081324,39.6171946749329,14.0617895241778,29.3134007215683,0
0.836536883302096,0.395548919622349,0.813181110524209,-0.813202987886225,-1.32694855415924,-0.0246804163852203,-0.933821264368388,0.018626035004751,3.76483747453989,39.6742549720824,14.0837149557009,29.3553774909214,0
0.837444536244082,0.395942398794738,0.814832918578727,-0.814534605364008,-1.3322420942419,-0.0245953875185995,-0.931657641016468,0.018250555930435,3.7717162956615,39.7301213064368,14.1053073087242,29.3965302933741,0
0.838329572092464,0.396331070371661,0.816451099234061,-0.815839760176674,-1.33740602675197,-0.0245057948473714,-0.929549031967788,0.01787893272023,3.7786264437896,39.7847992464056,14.1265643537629,29.4368613364323,0
0.839192201925288,0.396714896515326,0.818035769454071,-0.817118544642729,-1.34244064428346,-0.0244117783407146,-0.927495466717108,0.0175112798631815,3.78556243190428,39.8382946661363,14.1474840254833,29.4763730725572,0
0.840032640464491,0.397093840663406,0.819587055922955,-0.818371056674276,-1.34734629431316,-0.0243134737610459,-0.925496947971232,0.0171477098799213,3.79251888402831,39.8906137475209,14.1680644286639,29.5150682028853,0
0.84085110598075,0.397467867746337,0.821105095170743,-0.819597399887293,-1.35212337949303,-0.0242110126317286,-0.923553451521248,0.0167883331137316,3.79949054239672,39.9417629822665,14.1883038438222,29.5529496808411,0
0.841647820208851,0.397836944392776,0.822590033697294,-0.820797683722103,-1.35677235794399,-0.0241045222310325,-0.92166492608822,0.0164332575211748,3.80647227412439,39.9917491740295,14.2082007325107,29.5900207156433,0
0.842423008273609,0.398201039123252,0.824042028094814,-0.821972023573617,-1.36129374354963,-0.0239941256116594,-0.919831293144495,0.016082588462784,3.81345907737404,40.0405794406197,14.2277537422838,29.62628477571,0
0.843176898626345,0.398560122532043,0.825461245168881,-0.823120540930846,-1.36568810624829,-0.0238799416451558,-0.918052446712924,0.0157364284943346,3.82044608702653,40.0882612162756,14.2469617113385,29.6617455919636,0
0.84390972299191,0.398914167457316,0.826847862057907,-0.824243363525174,-1.36995607232194,-0.0237620850904914,-0.916328253146147,0.0153948771592057,3.82742857985578,40.1348022540119,14.2658236728306,29.6964071610371,0
0.844621716326273,0.399263149139552,0.828202066351078,-0.82534062548696,-1.37409832468051,-0.023640666686141,-0.914658550887935,0.0150580307823446,3.83440197921037,40.1802106280444,14.2843388588686,29.7302737483862,0
0.845313116784674,0.399607045368283,0.829524056204723,-0.826412467509933,-1.37811560314058,-0.0235157932649627,-0.913043150218552,0.0147259822663389,3.84136185920404,40.2244947362905,14.3025067041879,29.7633498913066,0
0.845984165700287,0.39994583661719,0.830814040457072,-0.827459037022907,-1.38200870469694,-0.0233875678911877,-0.911481832986022,0.0143988208901112,3.84830394841733,40.2676633029491,14.3203268495069,29.7956404018595,0
0.846635107573419,0.400279506167578,0.832072238741416,-0.828480488368323,-1.38577848378626,-0.0232560900188349,-0.909974352324998,0.0140766321107171,3.85522413311311,40.3097253811608,14.3377991445671,29.8271503697068,0
0.847266190071179,0.400608040220293,0.833298881597649,-0.829476982987138,-1.38942585254165,-0.0231214556708738,-0.908520432364891,0.013759497368741,3.86211845996871,40.3506903557485,14.3549236508601,29.8578851648571,0
0.84787766403756,0.400931427996123,0.834494210582111,-0.830448689609525,-1.3929517810373,-0.0229837576384143,-0.907119767928956,0.0134474938977712,3.86898313832794,40.3905679460389,14.3717006440428,29.8878504403241,0
0.848469783513929,0.401249661824741,0.835658478375825,-0.831395784450979,-1.39635729752255,-0.0228430856992962,-0.90577202422554,0.0131406945383916,3.87581454197637,40.4293682087672,14.388130616045,29.9170521346986,0
0.849042805769775,0.401562737222282,0.836791948890984,-0.832318451413258,-1.39964348864441,-0.0226995268553151,-0.904476836533157,0.012839167557157,3.88260921044417,40.467101541062,14.4042142768707,29.9454964746355,0
0.849596991343702,0.401870652957615,0.837894897375769,-0.833216882289743,-1.40281149965819,-0.0225531655874472,-0.903233809880478,0.0125429764709575,3.88936384984065,40.5037786835126,14.4199525560972,29.9731899772561,0
0.850132604094514,0.402173411107438,0.83896761051745,-0.83409127697473,-1.40586253462565,-0.0224040841283364,-0.902042518722473,0.012252179877182,3.89607533322599,40.5394107233175,14.4353466040746,30.000139452469,0
0.850649911262298,0.402471017100281,0.840010386543732,-0.834941843676179,-1.4087978566003,-0.0222523627513446,-0.900902506613852,0.0119668312900596,3.9027407005253,40.5740090975128,14.4503977928306,30.0263520052075,0
0.851149183539362,0.402763479749573,0.841023535322383,-0.835768799131472,-1.41161878779936,-0.0220980800754241,-0.899813285880807,0.0116869789835361,3.90935715799183,40.6075855962794,14.4651077166832,30.051835037588,0
0.851630695150868,0.403050811275914,0.842007378459092,-0.836572368825745,-1.41432670976258,-0.021941313385094,-0.898774337291934,0.011412665841007,3.91592207722579,40.6401523663289,14.4794781925669,30.0765962509878,0
0.852094723945014,0.403333027318709,0.842962249393595,-0.837352787212349,-1.41692306349739,-0.0217821389647549,-0.897785109729267,0.0111439292122125,3.92243299375676,40.6717219143652,14.4935112600766,30.1006436480453,0
0.85254155149254,0.403610146937361,0.843888493494028,-0.838110297935015,-1.41940934961066,-0.0216206324465559,-0.896845019860148,0.0108808007775669,3.92888760519808,40.7023071106207,14.5072091812357,30.123985534583,0
0.852971463195368,0.403882192602232,0.844786468149518,-0.838845154051313,-1.42178712842692,-0.0214568691710315,-0.895953451810696,0.0106233064201585,3.9352837689823,40.7319211924639,14.5205744399921,30.1466305214541,0
0.853384748404141,0.404149190175579,0.845656542861026,-0.839557618257005,-1.42405802009342,-0.0212909245596683,-0.895109756841452,0.0103714661056299,3.9416194996879,40.7605777680781,14.5336097414505,30.1685875263155,0
0.853781700544422,0.404411168882739,0.84649909933045,-0.840247963110916,-1.42622370467224,-0.0211228744985761,-0.894313253025786,0.0101252937701124,3.94789296596803,40.7882908202059,14.5463180108467,30.1898657753272,0
0.85416261725125,0.404668161273802,0.847314531547962,-0.840916471259916,-1.42828592221965,-0.0209527957323547,-0.893563224931648,0.00988479721636209,3.95410248709302,40.815074709959,14.5587023922719,30.2104748047802,0
0.854527800511795,0.404920203176095,0.848103245877633,-0.841563435663694,-1.43024647285333,-0.0207807662672658,-0.89285892330704,0.00964997801819958,3.96024652911938,40.8409441806878,14.5707662471534,30.2304244626538,0
0.854877556815784,0.405167333637761,0.848865661141356,-0.842189159818953,-1.43210721680801,-0.0206068657827718,-0.89219956476961,0.00942083143332475,3.96632370069874,40.8659143619102,14.5825131525027,30.2497249101063,0
0.855212197313342,0.405409594862791,0.849602208701043,-0.842793957982677,-1.43387007447981,-0.0204311760504282,-0.891584331500859,0.00919734632455572,3.97233274854144,40.8900007732926,14.5939468989374,30.2683866228967,0
0.855532037979936,0.405647032137859,0.850313332539192,-0.843378155394198,-1.43553702646043,-0.0202537813591735,-0.891012370945089,0.00897950508947861,3.97827255254981,40.9132193286827,14.6050714884884,30.2864203927441,0
0.855837399787985,0.405879693751339,0.850999489337768,-0.843942088495689,-1.43711011356144,-0.0200747689459045,-0.890482795513585,0.00876728359849493,3.98414212063799,40.9355863401871,14.6158911322018,30.3038373286233,0
0.856128608884797,0.406107630904917,0.851661148555525,-0.844486105150862,-1.43859143682993,-0.0198942294303163,-0.88999468229406,0.00856065114118028,3.98994058325537,40.9571185222921,14.6264102475465,30.320648858001,0
0.856405996776338,0.406330897618232,0.852298792503687,-0.845010564861509,-1.43998315755596,-0.0197122572528199,-0.889547072765861,0.00835957038087549,3.99566718763216,40.9778329960197,14.6366334556388,30.3368667280131,0
0.856669900516452,0.406549550626982,0.852912916420147,-0.84551583898168,-1.44128749727309,-0.0195289511144395,-0.889138972520887,0.00816399731735535,4.00132129176646,40.9977472931188,14.646565578297,30.3525030065883,0
0.85692066290102,0.406763649274986,0.853504028542135,-0.846002310929206,-1.44250673775276,-0.0193444144174674,-0.888769350990566,0.0079738812574216,4.00690235817314,41.0168793602823,14.6562116349377,30.3675700835177,0
0.857158632666597,0.406973255400704,0.854072650177462,-0.846470376394316,-1.44364322099361,-0.019158755705661,-0.888437141179021,0.00778916479321395,4.01240994741607,41.0352475633877,14.6655768393279,30.3820806714759,0
0.857384164692977,0.407178433218724,0.854619315774348,-0.846920443545113,-1.44469934920672,-0.0189720891027335,-0.888141239402621,0.00760978378801055,4.01784371144608,41.052870691756,14.6746665962066,30.3960478069955,0
0.857597620209194,0.40737924919677,0.855144572989919,-0.847352933229667,-1.44567758479794,-0.0187845347478623,-0.887880505036062,0.00743566736925751,4.02320338676797,41.0697679624216,14.6834864977914,30.4094848513982,0
0.857799367002369,0.407575771928821,0.855648982757429,-0.847768279174511,-1.44658045034828,-0.0185962192269022,-0.887653760265161,0.00726673792853507,4.02848878746157,41.0859590244098,14.6920423201849,30.4224054916865,0
0.857989779628846,0.407768072004893,0.856133119352268,-0.848166928179313,-1.44741052859368,-0.018407275998015,-0.887459789846506,0.00710291112814127,4.03369979808166,41.1014639630163,14.7003400196973,30.4348237414006,0
0.858169239626995,0.407956221878144,0.856597570456814,-0.848549340307479,-1.44817046240501,-0.0182178458103343,-0.887297340874233,0.00694409591395652,4.03883636646419,41.1163033040806,14.7083857291025,30.4467539414423,0
0.858338135731087,0.408140295729912,0.857042937224242,-0.848915989072533,-1.44886295476963,-0.0180280771143737,-0.887165122553972,0.00679019453420609,4.04389849646582,41.1304980182511,14.7161857538441,30.4582107608728,0
0.858496864085566,0.408320369333371,0.857469834341316,-0.849267361619996,-1.44949076877552,-0.0178381264627872,-0.887061805984333,0.00664110256373964,4.04888624066608,41.1440695252326,14.7237465682117,30.4692091976869,0
0.858645828459074,0.408496519916469,0.857878890090298,-0.84960395890459,-1.45005672759901,-0.017648158900168,-0.886986023946031,0.00649670893340496,4.0537996930614,41.1570396980122,14.7310748115039,30.4797645795697,0
0.858785440457548,0.408668826024885,0.858270746410048,-0.849926295862555,-1.45056371449738,-0.0174583483405408,-0.8869363706989,0.00635689596407347,4.05863898178265,41.1694308670578,14.7381772842004,30.4898925646401,0
0.858916119735631,0.408837367385711,0.858646058956369,-0.850234901578825,-1.451014672807,-0.0172688779312006,-0.886911401787161,0.00622153940487847,4.06340426186752,41.1812658244807,14.7450609441616,30.4996091421866,0
0.859038294205753,0.409002224772632,0.859005497161789,-0.850530319448909,-1.45141260594841,-0.0170799404016489,-0.88690963385303,0.00609050847516514,4.06809570812118,41.1925678281594,14.7517329028783,30.5089306334023,0
0.859152400244037,0.409163479873382,0.859349744294786,-0.850813107335177,-1.45176057743894,-0.0168917383962905,-0.886929544459142,0.00596366590968401,4.07271350809953,41.2033606058155,14.7582004217931,30.517873692122,0
0.85925888289232,0.409321215160263,0.859679497518628,-0.851083837717377,-1.45206171091387,-0.0167044847896866,-0.886969571920007,0.00584086800650464,4.07725785525017,41.213668359037,14.7644709087158,30.5264553055714,0
0.85935819605547,0.409475513764581,0.859995467949937,-0.851343097837128,-1.45231919015703,-0.0165184029831515,-0.887028115142856,0.00572196467713086,4.08172894224756,41.2235157672428,14.770551914358,30.5346927951324,0
0.859450802693185,0.409626459355811,0.860298380717069,-0.851591489836111,-1.45253625914141,-0.0163337271815055,-0.88710353347828,0.00560679949828704,4.08612695456023,41.2329279915802,14.7764511290084,30.5426038171321,0
0.859537175005431,0.4097741360264,0.860588975018475,-0.851829630887759,-1.45271622208062,-0.0161507026489018,-0.887194146580991,0.00549520976481721,4.09045206428836,41.2419306787517,14.7821763793771,30.550206363663,0
0.859617794610666,0.409918628183079,0.86086800418115,-0.852058153322115,-1.45286244349172,-0.0159695859426193,-0.887298234281186,0.00538702654314654,4.0947044243121,41.2505499647624,14.7877356256331,30.5575187634414,0
0.859693152715967,0.410060020445612,0.861136235719316,-0.852277704743618,-1.45297834826996,-0.0157906451238277,-0.887414036466882,0.00528207472473039,4.09888416279124,41.2588124785827,14.7931369586613,30.5645596827127,0
0.859763750278145,0.41019839755393,0.861394451393498,-0.852488948141516,-1.45306742177588,-0.0156141599443453,-0.887539752977745,0.0051801730789087,4.1029913780588,41.2667453457204,14.7983885975684,30.5713481262108,0
0.859830098154937,0.410333844284609,0.86164344727011,-0.85269256199258,-1.45313320993523,-0.0154404220084573,-0.887673543510863,0.00508113430458064,4.1070261339518,41.2743761916932,14.8034988874641,30.5779034381809,0
0.859892717245311,0.410466445377691,0.861884033781749,-0.852889240355823,-1.45317931935184,-0.015269734908929,-0.88781352753901,0.00498476508009713,4.11098845562375,41.2817331453991,14.8084762975485,30.5842453034744,0
0.859952138617919,0.41059628547486,0.862117035788314,-0.85307969295887,-1.45320941743383,-0.0151024143363559,-0.887957784241945,0.00489086611076667,4.11487832588478,41.2888448423737,14.8133294195339,30.5903937487246,0
0.860008903626705,0.410723449070018,0.862343292639158,-0.853264645275642,-1.45322723253331,-0.0149387881610465,-0.888104352451289,0.00479923217335083,4.11869568211623,41.295740427932,14.818066966434,30.5963691436143,0
0.860063564012639,0.410848020473323,0.862563658236421,-0.853444838594981,-1.45323655409964,-0.0147791964866151,-0.888251230609683,0.00470965215693375,4.12244041380811,41.3024495601848,14.8226977717506,30.6021922022424,0
0.860116681990553,0.410970083789772,0.862779001099723,-0.853621030079839,-1.45324123284633,-0.0146239916744988,-0.8883963767448,0.00462190909952111,4.12611236076842,41.3090024129247,14.8272307890897,30.6078839846035,0
0.860168736489381,0.411089716964633,0.862990068590473,-0.853793871682319,-1.45324452939273,-0.0144734465518397,-0.88853808086673,0.00453581322874445,4.12971159365956,41.3154248981489,14.8316738528039,30.6134626390046,0
0.860219839621742,0.411206972267996,0.863197074530708,-0.853963543109643,-1.45324719875652,-0.0143274756803643,-0.888676035552987,0.00445130279780566,4.13323921266201,41.3217241691152,14.8360298804783,30.6189335012989,0
0.860270015110714,0.411321889253303,0.863400096596033,-0.854130108438465,-1.45324958530276,-0.0141859060788859,-0.888810063822064,0.00436834886748966,4.1366963554249,41.3279026480289,14.8403003943256,30.6242986091283,0
0.860319287440989,0.411434505147284,0.863599210847191,-0.854293631800241,-1.45325208579991,-0.0140485712847461,-0.888939929977198,0.00428692300864925,4.1400840815412,41.3339627199932,14.8444868508485,30.629559950686,0
0.86036768068191,0.411544856363464,0.863794491871548,-0.854454176199522,-1.45325508918148,-0.0139153118208338,-0.889065399314941,0.00420699730528006,4.14340342730724,41.3399067243235,14.84859067652,30.6347194751108,0
0.860415218493575,0.411652978521291,0.86398601281181,-0.854611803532679,-1.45325897671906,-0.0137859748443864,-0.88918623829961,0.0041285443453313,4.14665540627254,41.345736955428,14.8526132684323,30.6397790932684,0
0.860461924132564,0.411758906465166,0.864173845394208,-0.854766574606019,-1.45326412218623,-0.0136604138156807,-0.889302214726965,0.00405153721168561,4.14984100978985,41.3514556636688,14.8565559949395,30.6447406785192,0
0.860507820457329,0.411862674283356,0.864358059956156,-0.854918549153343,-1.45327089201411,-0.013538488185354,-0.889413097877759,0.00397594947330441,4.15296120756471,41.3570650562031,14.8604201962947,30.6496060674731,0
0.860552929933246,0.411964315326798,0.864538725473379,-0.855067785852945,-1.45327964543898,-0.0134200630991839,-0.889518658661798,0.00390175517653569,4.1560169482044,41.3625672978065,14.8642071852809,30.6543770607301,0
0.860597274637352,0.412063862227776,0.864715909586539,-0.855214342344079,-1.45329073464257,-0.0133050091192335,-0.889618669753081,0.00382892883658092,4.15900915976565,41.3679645116779,14.867918247835,30.6590554236086,0
0.86064087626279,0.412161346918454,0.864889678627359,-0.855358275242928,-1.45330450488545,-0.0131932019603483,-0.889712905716579,0.00375744542911755,4.1619387503007,41.3732587802263,14.8715546436666,30.6636428868604,0
0.86068375612296,0.412256800649273,0.865060097644254,-0.855499640158064,-1.45332129463392,-0.0130845222410538,-0.889801143127135,0.00368728038207462,4.16480660840151,41.3784521458409,14.8751176068691,30.6681411473733,0
0.860725935155409,0.412350254007196,0.865227230427472,-0.855638491705458,-1.45334143568089,-0.0129788552479727,-0.889883160680979,0.00361840956755788,4.16761360374161,41.383546611644,14.8786083465247,30.6725518688609,0
0.860767433925463,0.412441736933797,0.865391139533776,-0.855774883523015,-1.45336525326112,-0.0128760907129357,-0.889958739300273,0.00355080929392183,4.17036058761517,41.3885441422273,14.8820280473023,30.6768766825402,0
0.860808272629616,0.412531278743184,0.865551886310643,-0.855908868284688,-1.45339306616107,-0.0127761226020177,-0.890027662231122,0.00348445629798581,4.17304839347327,41.3934466643728,14.8853778700488,30.6811171877973,0
0.860848471098695,0.412618908139745,0.865709530920018,-0.856040497714163,-1.45342518682391,-0.0126788489157812,-0.890089715135413,0.00341932773739086,4.17567783745663,41.3982560677571,14.888658952373,30.6852749528407,0
0.860888048800806,0.412704653235734,0.865864132361616,-0.856169822598147,-1.45346192144972,-0.0125841715000566,-0.89014468617684,0.00335540118309528,4.17824971892489,41.4029742056413,14.8918724092229,30.6893515153433,0
0.860927024844082,0.412788541568656,0.86601574849578,-0.856296892799266,-1.45350357009147,-0.012491995866633,-0.890192366101472,0.00329265461200574,4.18076482098187,41.4076028955457,14.8950193334551,30.6933483830726,0
0.86096541797923,0.412870600118471,0.86616443606591,-0.85642175726859,-1.45355042674681,-0.0124022310232747,-0.890232548313141,0.00323106639974138,4.18322391099669,41.41214391991,14.8981007963975,30.6972670345092,0
0.861003246601901,0.412950855324627,0.866310250720466,-0.856544464057795,-1.45360277944596,-0.0123147893125426,-0.890265028944131,0.00317061531352872,4.18562774112099,41.416599026739,14.9011178484051,30.7011089194549,0
0.861040528754887,0.413029333102875,0.866453247034558,-0.85666506033098,-1.45366091033606,-0.0122295862588703,-0.890289606921184,0.00311128050522477,4.1879770488011,41.4209699302351,14.9040715194073,30.7048754596289,0
0.86107728213019,0.413106058861854,0.866593478531115,-0.856783592376192,-1.45372509576232,-0.0121465404233673,-0.890306084026811,0.0030530415044639,4.19027255728415,41.4252583114172,14.9069628194479,30.7085680492535,0
0.861113524070927,0.413181057519491,0.866730997701664,-0.856900105616615,-1.45379560634577,-0.0120655732660098,-0.890314264956777,0.00299587821192921,4.1925149761198,41.4294658187265,14.9097927392176,30.7121880556287,0
0.861149271573096,0.413254353519191,0.866865856026712,-0.857014644621451,-1.45387270705819,-0.0119866090147524,-0.890313957373694,0.00293977089274425,4.19470500165668,41.433594068619,14.9125622505792,30.7157368196966,0
0.861184541287219,0.413325970845809,0.866998103995732,-0.857127253116521,-1.45395665729407,-0.0119095745411684,-0.89030497195695,0.00288470016998351,4.19684331753307,41.4376446461466,14.9152723070845,30.7192156565952,0
0.86121934951986,0.413395933041402,0.867127791126781,-0.857237973994588,-1.4540477109401,-0.0118343992422517,-0.890287122449154,0.00283064701829878,4.1989305951619,41.4416191055248,14.9179238444845,30.7226258562022,0
0.861253712235045,0.413464263220755,0.867254965985734,-0.85734684932542,-1.4541461164421,-0.0117610149280357,-0.890260225699293,0.00277759275765968,4.20096749420954,41.4455189706897,14.920517781231,30.7259686836683,0
0.861287645055579,0.41353098408668,0.867379676205161,-0.857453920365591,-1.45425211686965,-0.0116893557147053,-0.890224101702767,0.002725519047206,4.20295466306851,41.4493457358422,14.9230550189702,30.7292453799406,0
0.861321163264273,0.413596117945087,0.867501968502834,-0.857559227568063,-1.4543659499786,-0.0116193579229011,-0.890178573638461,0.00267440787920955,4.20489273932374,41.4531008659824,14.9255364430295,30.7324571622767,0
0.861354281805092,0.413659686719813,0.867621888699888,-0.857662810591515,-1.45448784827145,-0.0115509599809308,-0.89012346790301,0.00262424157314395,4.20678235021225,41.4567857974317,14.9279629228955,30.7356052247485,0
0.861387015284226,0.413721711967218,0.867739481738633,-0.857764708309479,-1.45461803905588,-0.0114841023326217,-0.890058614142398,0.0025750027698599,4.20862411307607,41.4604019383449,14.9303353126842,30.7386907387368,0
0.861419377971098,0.413782214890543,0.867854791700018,-0.857864958819246,-1.45475674450144,-0.0114187273495645,-0.889983845281021,0.00252667442586397,4.21041863580835,41.4639506692118,14.9326544516037,30.7417148534165,0
0.861451383799316,0.413841216354016,0.867967861820775,-0.857963599450598,-1.45490418169456,-0.0113547792475143,-0.889898997548339,0.00247923980769926,4.21216651729229,41.4674333433487,14.9349211644082,30.7446786962327,0
0.861483046367574,0.413898736896722,0.868078734510219,-0.858060666774335,-1.45506056269195,-0.011292204006728,-0.889803910503242,0.00243268248642579,4.21386834783305,41.4708512873791,14.9371362618449,30.7475833733673,0
0.861514378940504,0.413954796746213,0.868187451366737,-0.858156196610633,-1.45522609457253,-0.0112309492960319,-0.889698427056225,0.00238698633219881,4.21552470958213,41.4742058017066,14.9393005410921,30.7504299701967,0
0.861545394449505,0.41400941583188,0.868294053193949,-0.858250224037237,-1.45540097948793,-0.0111709644004245,-0.889582393489492,0.00234213550894316,4.21713617695454,41.4774981609763,14.9414147861893,30.7532195517415,0
0.861576105493527,0.414062613798061,0.868398580016572,-0.858342783397492,-1.45558541471165,-0.0111122001520331,-0.889455659475078,0.0022981144691221,4.21870331703818,41.4807296145283,14.9434797684603,30.7559531631062,0
0.861606524339843,0.414114410016897,0.868501071095962,-0.85843390830822,-1.45577959268703,-0.011054608864252,-0.889318078091072,0.00225490794859857,4.22022668999562,41.4839013868421,14.9454962469264,30.7586318299113,0
0.861636662924804,0.414164823600938,0.868601564945369,-0.858523631667469,-1.45598370107398,-0.0109981442689006,-0.889169505836048,0.0022125009615874,4.22170684945814,41.487014677972,14.9474649687135,30.7612565587166,0
0.861666532854572,0.414213873415479,0.868700099344891,-0.858611985662112,-1.45619792279468,-0.0109427614562512,-0.889009802641766,0.00217087879569658,4.22314434291173,41.4900706639738,14.9493866694497,30.7638283374359,0
0.861696145405867,0.41426157809064,0.86879671135614,-0.858699001775335,-1.45642243607819,-0.010888416817782,-0.888838831884224,0.00213002700705623,4.22453971207524,41.4930704973242,14.9512620736553,30.7663481357442,0
0.861725511526694,0.414307956033193,0.868891437336623,-0.858784710794004,-1.45665741450412,-0.0108350679915236,-0.888656460393138,0.00208993141553336,4.22589349327031,41.4960153073308,14.9530918951248,30.7688169054764,0
0.861754641837093,0.41435302543811,0.868984312953846,-0.858869142815915,-1.45690302704535,-0.0107826738098694,-0.888462558459912,0.00205057810003093,4.22720621778322,41.4989062005353,14.954876837301,30.7712355810176,0
0.86178354662989,0.414396804299859,0.869075373199139,-0.858952327256957,-1.45715943810993,-0.010731194249735,-0.888256999844164,0.00201195339386993,4.22847841221845,41.5017442611085,14.9566175936405,30.7736050796864,0
0.861812235871469,0.41443931042343,0.869164652401219,-0.859034292858162,-1.45742680758217,-0.0106805903849519,-0.888039661778863,0.00197404388025238,4.22971059884391,41.5045305512378,14.9583148479716,30.7759263021102,0
0.861840719202561,0.414480561435096,0.869252184239481,-0.859115067692682,-1.45770529086293,-0.0106308243407904,-0.887810424974142,0.00193683638780436,4.23090329592781,41.5072661115082,14.9599692748437,30.7782001325923,0
0.861869005939065,0.414520574792904,0.869338001757034,-0.859194679172672,-1.4579950389092,-0.0105818592505149,-0.887569173619833,0.00190031798619736,4.23205701806702,41.5099519612749,14.9615815398694,30.7804274394725,0
0.861897105072892,0.414559367796904,0.869422137373481,-0.859273154056108,-1.45829619827306,-0.0105336592138746,-0.887315795386771,0.00186447598184643,4.23317227650701,41.51258909903,14.9631523000578,30.7826090754792,0
0.861925025272847,0.414596957599105,0.869504622897448,-0.859350518453525,-1.45860891113995,-0.0104861892574446,-0.887050181426935,0.00182929791368379,4.23424957945317,41.5151785027623,14.96468220414,30.7847458780755,0
0.861952774885548,0.414633361213162,0.869585489538866,-0.859426797834701,-1.45893331536637,-0.010439415296733,-0.886772226372434,0.00179477154900664,4.2352894323735,41.5177211303103,14.9661718928873,30.7868386697965,0
0.86198036193639,0.4146685955238,0.869664767921012,-0.859502017035274,-1.45926954451699,-0.0103933040999753,-0.886481828333421,0.00176088487939771,4.23629233829279,41.5202179197089,14.9676219994202,30.7888882585814,0
0.862007794130546,0.414702677295962,0.869742488092315,-0.859576200263314,-1.45961772790128,-0.0103478232535445,-0.886178888894942,0.00172762611671735,4.23725879807792,41.5226697895297,14.9690331495107,30.790895438097,0
0.862035078854031,0.41473562318369,0.869818679537923,-0.859649371105846,-1.45997799060963,-0.0103029411289041,-0.885863313112781,0.00169498368916555,4.2381893107147,41.5250776392159,14.9704059618755,30.7928609880552,0
0.862062223174804,0.414767449738741,0.869893371191048,-0.859721552535326,-1.46035045354893,-0.0102586268510414,-0.885535009508317,0.00166294623741301,4.23908437357577,41.5274423494106,14.9717410484628,30.7947856745236,0
0.862089233843935,0.41479817341893,0.869966591444082,-0.859792766916085,-1.46073523347785,-0.0102148502683183,-0.885193890062446,0.00163150261079988,4.23994448267987,41.5297647822791,14.9730390147296,30.7966702502294,0
0.862116117296829,0.414827810596203,0.870038368159488,-0.859863036010735,-1.46113244304155,-0.010171581923679,-0.884839870208585,0.00160064186360073,4.24077013294234,41.532045781827,14.9743004599127,30.7985154548567,0
0.86214287965451,0.41485637756445,0.870108728680486,-0.859932380986557,-1.46154219080614,-0.0101287930271632,-0.884472868824799,0.00157035325135495,4.24156181841683,41.534286174211,14.9755259772906,30.8003220153372,0
0.862169526724965,0.414883890547039,0.870177699841513,-0.86000082242185,-1.46196458129267,-0.0100864554296703,-0.884092808225066,0.00154062622726114,4.24232003252823,41.5364867680457,14.9767161544389,30.802090646135,0
0.862196064004567,0.414910365704094,0.870245307978481,-0.860068380312272,-1.46239971501081,-0.010044541597925,-0.883699614149727,0.00151145043863421,4.2430452682969,41.5386483547045,14.9778715734769,30.8038220495246,0
0.862222496679551,0.414935819139501,0.870311578938826,-0.860135074077159,-1.4628476884922,-0.0100030245905996,-0.883293215755133,0.00148281572342453,4.24373801855403,41.5407717086162,14.9789928113075,30.8055169158628,0
0.862248829627572,0.41496026690765,0.870376538091359,-0.860200922565832,-1.46330859432354,-0.00996187803554818,-0.882873545602512,0.0014547121067976,4.24439877614838,41.5428575875555,14.9800804398487,30.8071759238552,0
0.862275067419337,0.414983725019913,0.870440210335912,-0.8602659440639,-1.46378252117929,-0.00992107610811051,-0.88244053964609,0.00142712979777326,4.24502803414414,41.5449067329297,14.9811350262583,30.8087997408156,0
0.8623012143203,0.415006209450863,0.870502620112796,-0.860330156299549,-1.46426955385415,-0.00988059351044732,-0.881994137220486,0.00140005918592345,4.2456262860102,41.5469198700605,14.9821571331505,30.8103890229203,0
0.862327274292449,0.415027736144222,0.870563791412066,-0.860393576449835,-1.46476977329533,-0.00984040545186936,-0.881534281027392,0.00137349083812744,4.24619402580065,41.548897708461,14.9831473188053,30.8119444154564,0
0.862353250996161,0.415048321018559,0.87062374778259,-0.860456221146973,-1.46528325663446,-0.00980048763012501,-0.881060917121569,0.00134741549538359,4.24673174832667,41.550840942108,14.9841061373704,30.8134665530643,0
0.86237914779214,0.415067979972724,0.870682512340948,-0.860518106484637,-1.46581007721938,-0.00976081621361315,-0.880573994896184,0.00132182406967629,4.24723994931971,41.5527502497111,14.9850341390562,30.8149560599747,0
0.862404967743436,0.415086728891021,0.870740107780137,-0.860579248024256,-1.46635030464561,-0.00972136782448957,-0.880073467067486,0.00129670764089766,4.24771912558622,41.5546262949761,14.9859318703226,30.8164135502397,0
0.86243071361755,0.415104583648137,0.870796556378102,-0.860639660801324,-1.46690400478771,-0.00968211952263746,-0.879559289658858,0.00127205745382253,4.24816977515364,41.5564697268652,14.9867998740599,30.817839627959,0
0.862456387888613,0.4151215601138,0.870851880006096,-0.860699359331723,-1.46747123983034,-0.00964304879047216,-0.879031421984258,0.001247864915136,4.24859239740808,41.5582811798533,14.9876386897611,30.8192348875004,0
0.862481992739663,0.415137674157205,0.870906100136861,-0.860758357618055,-1.46805206829924,-0.00960413351855532,-0.878489826631063,0.00122412159051273,4.24898749322339,41.5600612741794,14.9884488536881,30.8205999137147,0
0.862507530064992,0.415152941651171,0.870959237852645,-0.860816669155987,-1.46864654509191,-0.00956535199199075,-0.877934469442326,0.00120081920174666,4.24935556508192,41.5618106160955,14.9892308990309,30.8219352821465,0
0.862533001472592,0.415167378476061,0.871011313853055,-0.860874306940624,-1.46925472150821,-0.00952668287757859,-0.877365319498476,0.00117794962393088,4.2496971171869,41.5635297981105,14.9899853560591,30.8232415592384,0
0.862558408286679,0.415181000523454,0.871062348462741,-0.860931283472886,-1.46987664528078,-0.00948810521170468,-0.876782349098466,0.00115550488268605,4.25001265556654,41.5652193992316,14.9907127522671,30.8245193025311,0
0.862583751550307,0.415193823699569,0.871112361638924,-0.860987610765918,-1.47051236060526,-0.00944959838894208,-0.876185533740385,0.00113347715143725,4.25030268816993,41.5668799852012,14.9914136125124,30.8257690608587,0
0.86260903202807,0.415205863928457,0.871161372978769,-0.861043300351516,-1.47116190817041,-0.00941114215134449,-0.875574852101547,0.00111185874873774,4.25056772495476,41.568512108731,14.9920884591473,30.8269913745384,0
0.862634250208891,0.415217137154941,0.8712094017266,-0.861098363286573,-1.47182532518805,-0.00937271657841139,-0.874950286018074,0.00109064213563928,4.250808277967,41.5701163097324,14.9927378121434,30.828186775556,0
0.862659406308895,0.415227659347331,0.871256466780965,-0.861152810159559,-1.4725026454229,-0.00933430207770468,-0.874311820463985,0.00106981991310802,4.25102486141257,41.5716931155438,14.9933621892101,30.8293557877463,0
0.862684500274376,0.415237446499897,0.871302586701555,-0.86120665109702,-1.47319389922221,-0.0092958793760993,-0.873659443529802,0.00104938481948503,4.25121799172103,41.5732430411544,14.9939621059064,30.8304989269691,0
0.862709531784844,0.415246514635116,0.871347779715971,-0.861259895770101,-1.47389911354539,-0.00925742951164989,-0.872993146400688,0.00102932972799108,4.25138818760152,41.5747665894252,14.994538075746,30.8316167012808,0
0.862734500256166,0.415254879805689,0.871392063726354,-0.861312553401105,-1.47461831199338,-0.00921893382605546,-0.872312923334126,0.00100964764427436,4.25153597009094,41.5762642513069,14.9950906102969,30.832709611101,0
0.86275940484379,0.415262558096327,0.871435456315872,-0.861364632770071,-1.47535151483797,-0.00918037395770796,-0.871618771637155,0.000990331704000925,4.25166186259432,41.5777365060544,14.9956202192733,30.8337781493754,0
0.862784244446056,0.415269565625323,0.871477974755068,-0.86141614222139,-1.47609873905103,-0.00914173183530582,-0.870910691643174,0.000971375170486691,4.25176639091786,41.5791838214387,14.9961274106231,30.8348228017336,0
0.862809017707592,0.415275918545896,0.871519636008074,-0.861467089670438,-1.47685999833351,-0.00910298967202027,-0.870188686688323,0.000952771432370563,4.25185008329425,41.5806066539564,14.9966126906075,30.8358440466432,0
0.862833723022801,0.415281633047327,0.87156045673869,-0.861517482610254,-1.47763530314448,-0.00906412996019749,-0.869452763087453,0.000934514001327827,4.25191347040079,41.5820054490353,14.9970765638764,30.8368423555597,0
0.862858358539423,0.415286725355866,0.871600453316334,-0.861567328118232,-1.47842466072996,-0.0090251354665832,-0.868702930109703,0.000916596509823136,4.25195708537012,41.5833806412382,14.9975195335362,30.8378181930721,0
0.86288292216219,0.415291211735448,0.871639641821862,-0.861616632862855,-1.47922807515164,-0.00898598922805575,-0.867939199953682,0.000899012708902372,4.25198146379382,41.5847326544638,14.9979421012132,30.8387720170445,0
0.862907411556557,0.415295108488185,0.871678038053269,-0.861665403110452,-1.48004554731558,-0.00894667454785369,-0.867161587722278,0.000881756466022884,4.25198714371894,41.586061902145,14.9983447671102,30.8397042787539,0
0.862931824152522,0.415298431954661,0.871715657531253,-0.86171364473199,-1.48087707500071,-0.00890717499228547,-0.866370111397107,0.000864821762921205,4.25197466563753,41.5873687874444,14.9987280300581,30.8406154230239,0
0.862956157148521,0.415301198514028,0.871752515504669,-0.861761363209889,-1.48172265288728,-0.00886747438790667,-0.865564791812596,0.000848202693517707,4.25194457246939,41.5886537034474,14.9990923875619,30.8415058883549,0
0.862980407515404,0.415303424583898,0.871788626955865,-0.861808563644876,-1.48258227258523,-0.00882755681915429,-0.864745652629732,0.000831893461857661,4.25189740953796,41.5899170333534,14.999438335841,30.8423761070503,0
0.863004572000496,0.415305126620049,0.871824006605888,-0.86185525076286,-1.48345592266239,-0.00878740662642353,-0.863912720309476,0.000815888380087848,4.25183372453974,41.5911591506638,14.9997663698643,30.8432265053393,0
0.863028647131723,0.415306321115931,0.871858668919593,-0.861901428921839,-1.48434358867265,-0.00874700840457594,-0.863066024085848,0.000800181866468345,4.25175406750708,41.5923804193682,15.0000769833799,30.8440575034954,0
0.863052629221827,0.415307024601997,0.871892628110626,-0.861947102118836,-1.48524525318404,-0.00870634700186641,-0.862205595938711,0.000784768443418731,4.25165899076464,41.5935811941282,15.0003706689402,30.8448695159526,0
0.86307651437265,0.415307253644838,0.871925898146301,-0.861992273996861,-1.48616089580662,-0.0086654075192768,-0.861331470566247,0.000769642735598197,4.25154904887956,41.5947618204587,15.0006479179211,30.8456629514171,0
0.86310029847949,0.415307024846147,0.871958492752375,-0.862036947851905,-1.48709049322041,-0.00862417531024457,-0.860443685357139,0.00075479946801896,4.25142479860552,41.5959226349074,15.0009092205369,30.8464382129761,0
0.863123977235528,0.415306354841505,0.871990425417704,-0.862081126639948,-1.48803401920311,-0.00858263598077425,-0.859542280362489,0.00074023346419238,4.25128679882077,41.597063965232,15.0011550658501,30.8471956982028,0
0.863147546136334,0.415305260298995,0.872021709398808,-0.862124812984012,-1.4889914446578,-0.00854077538991996,-0.858627298267447,0.000725939644307335,4.25113561046024,41.598186130575,15.0013859417763,30.847935799259,0
0.86317100048443,0.415303757917643,0.872052357724325,-0.862168009181218,-1.48996273764052,-0.0084985796506271,-0.857698784362597,0.000711913023440141,4.25097179644194,41.5992894416369,15.001602335085,30.8486589029939,0
0.863194335393923,0.415301864425703,0.87208238319937,-0.862210717209881,-1.49094786338777,-0.00845603513092171,-0.856756786515088,0.000698148709795629,4.25079592158771,41.6003742008471,15.0018047313952,30.8493653910397,0
0.86321754579521,0.415299596578771,0.87211179840979,-0.86225293873662,-1.49194678434391,-0.00841312845543454,-0.85580135513953,0.000684641902978775,4.25060855253845,41.6014407025327,15.0019936151668,30.8500556399044,0
0.86324062643974,0.415296971157756,0.872140615726331,-0.862294675123495,-1.49295946018845,-0.00836984650724967,-0.854832543168666,0.000671387892296405,4.25041025766405,41.6024892330855,15.0021694696879,30.8507300210617,0
0.863263571904834,0.41529400496668,0.872168847308703,-0.862335927435159,-1.49398584786334,-0.00832617643006382,-0.853850406023826,0.000658382055088423,4.25020160696797,41.6035200711273,15.0023327770576,30.8513889010378,0
0.863286376598573,0.415290714830345,0.872196505109557,-0.862376696446033,-1.49502590160003,-0.00828210563064557,-0.852855001585181,0.000645619855088073,4.2499831719869,41.6045334876727,15.0024840181645,30.8520326414952,0
0.863309034764737,0.415287117591849,0.872223600878368,-0.862416982647497,-1.49607957294658,-0.0082376217815816,-0.8518463901618,0.000633096840810833,4.24975552568528,41.6055297462906,15.0026236726617,30.8526615993142,0
0.863331540487801,0.415283230109955,0.872250146165232,-0.862456786255095,-1.49714681079457,-0.00819271282429827,-0.850824634461527,0.000620808643971315,4.24951924234512,41.6065091032634,15.0027522189376,30.853276126671,0
0.86335388769799,0.415279069256335,0.872276152324573,-0.862496107215762,-1.49822756140604,-0.00814736697234493,-0.849789799560689,0.000608750977927851,4.24927489745112,41.607471807745,15.0028701340824,30.8538765711138,0
0.863376070176374,0.415274651912671,0.872301630518768,-0.862534945215057,-1.49932176844024,-0.00810157271492833,-0.848741952873641,0.00059691963615413,4.24902306757123,41.6084181019165,15.0029778938521,30.8544632756357,0
0.863398081560021,0.415269994967632,0.872326591721683,-0.862573299684414,-1.50042937298036,-0.00805531882068341,-0.847681164122169,0.000585310490737632,4.24876433023276,41.60934822114,15.0030759726275,30.8550365787453,0
0.863419915347195,0.415265115313726,0.872351046722135,-0.862611169808397,-1.50155031356014,-0.00800859434166872,-0.846607505304744,0.00057391949090426,4.24849926379435,41.6102623941115,15.0031648433706,30.8555968145352,0
0.863441564902599,0.415260029844026,0.872375006127265,-0.862648554531973,-1.50268452619044,-0.0079613886175734,-0.84552105066567,0.000562742661568764,4.24822844731375,41.6111608430111,15.0032449775776,30.8561443127472,0
0.863463023462658,0.415254755448788,0.872398480365836,-0.862685452567783,-1.50383194438569,-0.00791369128012222,-0.844421876664099,0.000551776101910589,4.24795246041157,41.6120437836523,15.003316845228,30.8566793988359,0
0.863484284140847,0.41524930901195,0.872421479691456,-0.862721862403424,-1.50499249919031,-0.00786549225766483,-0.843310061942955,0.000541015983974684,4.24767188313133,41.6129114256292,15.003380914731,30.8572023940295,0
0.863505339933051,0.415243707407524,0.872444014185721,-0.862757782308735,-1.50616611920498,-0.00781678177993713,-0.842185687297766,0.000530458551296825,4.24738729579573,41.6137639724622,15.0034376528691,30.8577136153889,0
0.86352618372297,0.415237967495885,0.872466093761289,-0.862793210343083,-1.50735273061291,-0.00776755038297947,-0.841048835645415,0.000520100117553085,4.24709927885935,41.6146016217419,15.0034875247377,30.8582133758637,0
0.863546808287544,0.415232106119957,0.872487728164876,-0.862828144362652,-1.508552257206,-0.00771778891419823,-0.839899591992824,0.000509937065233055,4.24680841275805,41.6154245652721,15.0035309936832,30.8587019843471,0
0.863567206302423,0.415226140101306,0.872508926980185,-0.862862582027724,-1.50976462041094,-0.00766748853755721,-0.838738043405585,0.000499965844336437,4.24651527775501,41.6162329892099,15.0035685212371,30.8591797457278,0
0.86358737034746,0.415220086236138,0.872529699630767,-0.862896520809968,-1.51098973931522,-0.00761664073888358,-0.83756427897655,0.000490182971092518,4.24622045378374,41.6170270742055,15.0036005670485,30.8596469609408,0
0.863607292912224,0.415213961291213,0.872550055382807,-0.862929957999717,-1.51222753069313,-0.00756523733127499,-0.83637838979438,0.000480585026702331,4.24592452028804,41.6178069955401,15.0036275888132,30.8601039270149,0
0.863626966401551,0.41520778199967,0.872570003347851,-0.862962890713235,-1.51347790903162,-0.00751327046059199,-0.835180468912088,0.000471168656102944,4.24562805605917,41.6185729232614,15.0036500422008,30.8605509371198,0
0.8636463831411,0.415201565056777,0.872589552485463,-0.862995315899981,-1.51474078655612,-0.00746073261102193,-0.833970611315564,0.000461930566753643,4.24533163907038,41.6193250223193,15.0036683807795,30.8609882806103,0
0.863665535382947,0.4151953271156,0.872608711605824,-0.863027230349864,-1.5160160732564,-0.00740761661069883,-0.832748913892112,0.000452867527443583,4.2450358463088,41.6200634526982,15.0036830559383,30.8614162430687,0
0.863684415311176,0.415189084782607,0.87262748937226,-0.863058630700474,-1.51730367691219,-0.00735391563736418,-0.831515475398998,0.000443976367120569,4.24474125360505,41.6207883695491,15.003694516808,30.8618351063462,0
0.863703015047498,0.415182854613199,0.872645894303718,-0.863089513444313,-1.51860350311894,-0.00729962322405345,-0.830270396432031,0.000435253973740665,4.2444484354605,41.6214999233197,15.0037032101786,30.8622451486017,0
0.86372132665688,0.415176653107182,0.872663934777176,-0.863119874936,-1.51991545531336,-0.00724473326479285,-0.829013779394185,0.000426697293138185,4.24415796487245,41.6221982598832,15.0037095804163,30.8626466443395,0
0.863739342153177,0.41517049670417,0.872681619029997,-0.863149711399457,-1.52123943479906,-0.00718924002029101,-0.82774572846427,0.000418303327915881,4.24387041315738,41.6228835206656,15.003714069378,30.863039864445,0
0.863757053504776,0.41516440177895,0.872698955162229,-0.863179018935079,-1.52257534077205,-0.00713313812360914,-0.826466349565673,0.000410069136354839,4.24358634977233,41.623555842771,15.0037171163242,30.8634250762192,0
0.863774452640245,0.415158384636776,0.872715951138844,-0.863207793526883,-1.52392307034622,-0.00707642258579533,-0.825175750335173,0.000401991831343907,4.24330634213458,41.6242153591068,15.0037191578298,30.8638025434116,0
0.863791531453981,0.415152461508629,0.872732614791925,-0.863236031049621,-1.52528251857885,-0.00701908880146602,-0.823874040091846,0.000394068579328224,4.24303095543985,41.6248621985057,15.0037206276946,30.864172526251,0
0.863808281811859,0.415146648546425,0.872748953822802,-0.86326372727588,-1.52665357849597,-0.00696113255431895,-0.822561329806067,0.000386296599276595,4.24276075247899,41.6254964858478,15.0037219568509,30.864535281476,0
0.86382469555688,0.415140961818194,0.872764975804132,-0.863290877883144,-1.52803614111778,-0.00690255002256247,-0.821237732068635,0.000378673161667427,4.24249629345352,41.6261183421806,15.003723573271,30.8648910623631,0
0.863840764514808,0.415135417303208,0.872780688181931,-0.863317478460832,-1.52943009548407,-0.00684333778424446,-0.819903361060008,0.00037119558749285,4.24223813578994,41.626727884837,15.0037259018728,30.8652401187542,0
0.863856480499808,0.415130030887091,0.872796098277556,-0.863343524517295,-1.53083532867949,-0.00678349282246498,-0.818558332519685,0.000363861247280804,4.24198683395312,41.6273252275534,15.0037293644244,30.8655826970821,0
0.863871835320065,0.415124818356893,0.872811213289637,-0.863369011486786,-1.53225172585896,-0.00672301253045772,-0.81720276371573,0.000356667560134768,4.24174293925876,41.6279104805847,15.0037343794479,30.8659190403956,0
0.863886820783396,0.415119795396144,0.872826040295966,-0.86339393473639,-1.53367917027297,-0.00666189471652325,-0.815836773414459,0.000349611992790827,4.2415069996852,41.6284837508192,15.003741362122,30.8662493883824,0
0.863901428702843,0.415114977579883,0.872840586255333,-0.863418289572913,-1.53511754329291,-0.006600137608799,-0.814460481850287,0.000342692058691836,4.24127955968461,41.6290451418913,15.003750724184,30.8665739773919,0
0.863915650902254,0.415110380369675,0.872854858009323,-0.863442071249735,-1.53656672443637,-0.00653773985985016,-0.813074010695772,0.000335905317078376,4.24106115999369,41.6295947542932,15.0037628738309,30.866893040456,0
0.863929479221837,0.41510601910861,0.872868862284066,-0.863465274973614,-1.53802659139249,-0.00647470055106619,-0.811677483031834,0.000329249372096259,4.24085233744412,41.6301326854851,15.0037782156199,30.8672068073093,0
0.863942905523698,0.4151019090163,0.872882605691949,-0.863487895911451,-1.53949702004726,-0.00641101919684688,-0.810271023318188,0.000322721871920266,4.24065362477276,41.6306590300037,15.0037971503682,30.8675155044084,0
0.863955921697351,0.415098065183863,0.872896094733277,-0.863509929197003,-1.5409778845089,-0.00634669574856391,-0.808854757363984,0.000316320507893916,4.24046555043182,41.6311738795702,15.0038200750528,30.8678193549493,0
0.863968519665203,0.415094502568905,0.872909335797901,-0.863531369937553,-1.54246905713319,-0.00628173059828182,-0.807428812298675,0.000310043013684971,4.24028863839907,41.6316773231955,15.0038473827094,30.8681185788852,0
0.863980691388005,0.415091235990511,0.872922335166805,-0.863552213220519,-1.54397040854884,-0.00621612458222434,-0.805993316543109,0.000303887164456424,4.24012340798826,41.6321694472856,15.0038794623314,30.8684133929425,0
0.863992428870278,0.415088280124235,0.872935099013651,-0.863572454120025,-1.54548180768292,-0.00614987898397145,-0.804548399780876,0.000297850776052733,4.23997037365987,41.632650335744,15.0039166987682,30.8687040106357,0
0.864003724165702,0.415085649497096,0.872947633406293,-0.863592087703399,-1.54700312178629,-0.0060829955373728,-0.803094192929894,0.000291931704201079,4.23983004483227,41.6331200700745,15.0039594726244,30.8689906422825,0
0.864014569382466,0.415083358482596,0.872959944308242,-0.863611109037632,-1.54853421645905,-0.00601547642916406,-0.801630828114271,0.00028612784372733,4.23970292569348,41.6335787294806,15.0040081601573,30.8692734950168,0
0.864024956688588,0.415081421295739,0.872972037580113,-0.863629513195766,-1.55007495567608,-0.00594732430127239,-0.800158438636419,0.000280437127786563,4.2395895150136,41.6340263909655,15.0040631331767,30.8695527728024,0
0.864024956688588,0.415079852047026,0.872983918988803,-0.863647295263224,-1.55162520181256,-0.0058785422527977,-0.798677158949464,0.000274857527107869,4.23949030595806,41.6344631294288,15.0041247589425,30.8698286764444,0
0.864024956688588,0.41507864262103,0.872995611869419,-0.863664241744271,-1.55318480984357,-0.00580914511327876,-0.797187119772881,0.000269389130916853,4.23940490957171,41.6348898570689,15.0041930500276,30.870101716613,0
0.864024956688588,0.415077808155958,0.873007120639107,-0.86368036221598,-1.55475363957897,-0.00573913590537678,-0.795688458164427,0.000264029799464155,4.23933386435048,41.6353065907394,15.0042683872277,30.8703720678623,0
0.864024956688588,0.415077363604125,0.873018449623314,-0.86369566613332,-1.55633154928736,-0.0056685181388656,-0.794181312245554,0.000258777433397756,4.23927770231116,41.6357133457541,15.0043511463537,30.8706399017116,0
0.864024956688588,0.415077323727046,0.873029603057152,-0.86371016283702,-1.55791839572186,-0.00559729581152912,-0.792665821174658,0.000253629972948545,4.23923694880695,41.6361101359811,15.0044416981314,30.8709053866566,0
0.864024956688588,0.415077703090541,0.873040585086736,-0.863723861561205,-1.55951403414589,-0.00552547340968413,-0.791142125120629,0.00024858539713277,4.23921212234414,41.6364969739349,15.0045404081007,30.8711686881784,0
0.864024956688588,0.415078516059881,0.8730513997705,-0.863736771440821,-1.56111831835908,-0.00545305590831679,-0.789610365236741,0.000243641722970973,4.2392037343998,41.6368738708682,15.0046476365152,30.8714299687528,0
0.864024956688588,0.415079776794961,0.873062051080485,-0.863748901518833,-1.56273110072323,-0.00538004877082057,-0.78807068363485,0.000238797004723176,4.23921228924077,41.6372408368625,15.0047637382436,30.8716893878597,0
0.864024956688588,0.415081499245501,0.873072542903615,-0.863760260753214,-1.56435223218832,-0.00530645794832488,-0.786523223359937,0.000234049333139952,4.23923828374392,41.6375978809167,15.0048890626698,30.8719471019909,0
0.864024956688588,0.415083697146297,0.873082879042937,-0.863770858023718,-1.56598156231865,-0.00523228987860386,-0.784968128364988,0.000229396834729086,4.23928220721799,41.637945011036,15.0050239535953,30.8722032646587,0
0.864024956688588,0.415086384012506,0.87309306321885,-0.863780702138447,-1.56761893931903,-0.00515755148455558,-0.783405543486211,0.000224837671037532,4.23934454122691,41.6382822343184,15.0051687491418,30.8724580264035,0
0.864024956688588,0.415089573134977,0.873103099070309,-0.86378980184021,-1.56926421006105,-0.00508225017224297,-0.781835614418613,0.000220370037948384,4.23942575941491,41.6386095570407,15.0053237816544,30.8727115348013,0
0.864024956688588,0.41509327757563,0.873112990156006,-0.863798165812674,-1.57091722010947,-0.00500639382848745,-0.780258487691922,0.000215992164992531,4.23952632733338,41.6389269847433,15.0054893776058,30.8729639344709,0
0.864024956688588,0.415097510162886,0.873122739955538,-0.863805802686319,-1.57257781374868,-0.00492999081800887,-0.778674310646865,0.00021170231467475,4.23964670226967,41.6392345223133,15.0056658575022,30.8732153670809,0
0.864024956688588,0.415102283487151,0.87313235187055,-0.863812721044192,-1.5742458340093,-0.00485304998010423,-0.777083231411812,0.000207498781813945,4.23978733307793,41.6395321740674,15.005853535789,30.8734659713564,0
0.864024956688588,0.415107609896356,0.87314182922586,-0.863818929427459,-1.57592112269485,-0.00477558062485974,-0.775485398879773,0.000203379892897254,4.23994866001212,41.6398199438325,15.0060527207591,30.8737158830856,0
0.864024956688588,0.415113501491559,0.873151175270567,-0.863824436340771,-1.57760352040852,-0.00469759252889105,-0.773880962685766,0.000199344005447762,4.24013111456116,41.6400978350262,15.0062637144612,30.8739652351262,0
0.864024956688588,0.415119970122604,0.873160393179144,-0.863829250257435,-1.57929286658007,-0.00461909593060771,-0.77227007318455,0.000195389507405562,4.24033511928657,41.6403658507348,15.0064868126098,30.8742141574116,0
0.864024956688588,0.415127027383853,0.873169486052504,-0.863833379624391,-1.58098899949285,-0.00454010152499849,-0.770652881428713,0.000191514816521879,4.24056108766247,41.6406239937915,15.0067223044971,30.8744627769569,0
0.864024956688588,0.415134684609981,0.873178456919061,-0.863836832867011,-1.58269175631093,-0.0044606204579353,-0.769029539147142,0.000187718379766048,4.24080942391812,41.6408722668526,15.0069704729054,30.8747112178653,0
0.864024956688588,0.415142952871843,0.873187308735767,-0.863839618393705,-1.58440097310629,-0.00438066431999444,-0.767400198723844,0.000183998672745046,4.24108052288319,41.641110672472,15.0072315940216,30.8749596013336,0
0.864024956688588,0.415151842972417,0.873196044389137,-0.863841744600351,-1.58611648488624,-0.00430024513979438,-0.765765013177139,0.000180354199135381,4.24137476983569,41.6413392131757,15.007505937353,30.8752080456584,0
0.864024956688588,0.415161365442819,0.873204666696254,-0.863843219874542,-1.58783812562083,-0.00421937537685112,-0.764124136139212,0.000176783490127059,4.24169254035282,41.6415578915341,15.0077937656449,30.875456666242,0
0.864024956688588,0.415171530538401,0.873213178405763,-0.863844052599659,-1.58956572827051,-0.00413806791395219,-0.762477721836025,0.000173285103879415,4.24203420016464,41.641766710233,15.0080953347996,30.875705575598,0
0.864024956688588,0.415182348234928,0.873221582198852,-0.863844251158762,-1.59129912481379,-0.00405633604905181,-0.760825925067588,0.000169857624988583,4.24240010501091,41.6419656721442,15.0084108937976,30.8759548833575,0
0.864024956688588,0.415193828224838,0.87322988069021,-0.863843823938315,-1.59303814627512,-0.00397419348669078,-0.759168901188574,0.000166499663966345,4.24279060050093,41.642154780394,15.0087406846199,30.876204696275,0
0.864024956688588,0.415205979913593,0.873238076428983,-0.863842779331743,-1.59478262275282,-0.00389165432894561,-0.757506806089298,0.00016320985673018,4.24320602197663,41.6423340384305,15.0090849421729,30.8764551182342,0
0.864024956688588,0.415218812416114,0.873246171899709,-0.863841125742807,-1.59653238344717,-0.00380873306591188,-0.755839796177021,0.000159986864104256,4.24364669437893,41.6425034500902,15.0094438942148,30.8767062502544,0
0.864024956688588,0.415232334553304,0.87325416952324,-0.86383887158883,-1.59828725668863,-0.00372544456572863,-0.754168028357608,0.000156829371331177,4.24411293211745,41.6426630196625,15.0098177612837,30.8769581904963,0
0.864024956688588,0.415246554848678,0.873262071657656,-0.863836025303749,-1.6000470699661,-0.003641804064151,-0.752491660017505,0.000153736087594248,4.24460503894378,41.6428127519536,15.0102067566288,30.8772110342687,0
0.864024956688588,0.415261481525068,0.873269880599161,-0.86383259534101,-1.60181164995545,-0.00355782715367952,-0.750810849006047,0.000150705745550073,4.24512330782807,41.6429526523486,15.010611086142,30.8774648740347,0
0.864024956688588,0.415277122501446,0.873277598582974,-0.863828590176297,-1.60358082254797,-0.00347352977225506,-0.749125753618083,0.000147737100871282,4.24566802083948,41.6430827268724,15.0110309482935,30.8777197994184,0
0.864024956688588,0.415293485389831,0.873285227784203,-0.863824018310117,-1.60535441287911,-0.00338892819153037,-0.747436532576904,0.000144828931799173,4.24623944903009,41.6432029822497,15.0114665340681,30.8779758972118,0
0.864024956688588,0.415310577492307,0.873292770318709,-0.863818888270217,-1.60713224535723,-0.00330403900472865,-0.745743345017481,0.000141980038706059,4.24683785232275,41.6433134259628,15.0119180269041,30.8782332513814,0
0.864024956688588,0.41532840579814,0.873300228243961,-0.863813208613857,-1.60891414369249,-0.00321887911410186,-0.74404635046998,0.000139189243667182,4.2474634794026,41.6434140663089,15.0123856026354,30.8784919430761,0
0.864014515237918,0.41534697701951,0.873307603462922,-0.863806987929927,-1.61069993092586,-0.00313346571800146,-0.742345708843569,0.000136455390041949,4.24811656761263,41.6435049124557,15.0128694294346,30.8787520506337,0
0.864003412368542,0.415366274366894,0.873314916404238,-0.863800015295275,-1.61248942673109,-0.00304782268760018,-0.740641577341928,0.000133779531032478,4.24879642142129,41.6435868575639,15.0133692998871,30.8790139790982,0
0.863991645857055,0.415386302817891,0.873322169807508,-0.863792290196709,-1.61428245298996,-0.00296196770084371,-0.738934116576337,0.000131160601930265,4.24950321295922,41.6436599541562,15.0138853500809,30.8792778170346,0
0.863979213696274,0.415407067040756,0.873329366346351,-0.863783812307357,-1.61607883101846,-0.00287591866131808,-0.737223487502928,0.000128597555698424,4.25023710327267,41.643724255322,15.0144177085248,30.8795436500699,0
0.863966114097466,0.415428571392308,0.873336508629032,-0.863774581489508,-1.61787838159585,-0.00278969368436118,-0.73550985140739,0.00012608936262149,4.25099824224491,41.643779814759,15.0149664961059,30.8798115608981,0
0.86395234549248,0.415450819915966,0.873343599199085,-0.863764597797345,-1.61968092499383,-0.00270331108290439,-0.733793369889874,0.000123635009962773,4.25178676852179,41.643826686814,15.0155318260493,30.8800816292865,0
0.863937906535766,0.415473816339894,0.873350640535928,-0.863753861479546,-1.6214862810057,-0.0026167893530623,-0.732074204850076,0.000121233501629154,4.25260280944169,41.6438649265212,15.0161138038814,30.8803539320816,0
0.863922796106287,0.415497564075267,0.873357635055466,-0.863742372981777,-1.6232942689756,-0.00253014715948869,-0.730352518472512,0.000118883857843127,4.25344648096971,41.6438945896405,15.0167125273947,30.8806285432156,0
0.86390701330933,0.415522066214648,0.873364585110694,-0.863730132949056,-1.62510470782786,-0.00244340332051746,-0.728628473211938,0.000116585114822061,4.25431788763625,41.6439157326928,15.0173280866159,30.8809055337132,0
0.863890557478196,0.415547325530496,0.873371492992285,-0.863717142227998,-1.62691741609631,-0.00235657679310807,-0.726902231778928,0.000114336324464455,4.25521712248013,41.6439284129949,15.0179605637761,30.881184971699,0
0.863873428175796,0.415573344473788,0.873378360929187,-0.863703401868938,-1.6287322119537,-0.00226968665761502,-0.725173957125581,0.000112136554043155,4.25614426699599,41.6439326886927,15.0186100332846,30.8814669224041,0
0.863855625196122,0.41560012517276,0.873385191089194,-0.863688913127936,-1.63054891324109,-0.00218275210240174,-0.723443812431345,0.000109984885905352,4.25709939108634,41.6439286187927,15.0192765617045,30.8817514481746,0
0.863837148565615,0.415627669431781,0.873391985579532,-0.86367367746865,-1.63236733749736,-0.00209579240831955,-0.721711961088946,0.000107880417179289,4.25808255301811,41.6439162631928,15.0199602077312,30.8820386084797,0
0.863817998544424,0.415655978730342,0.873398746447426,-0.863657696564095,-1.63418730198866,-0.00200882693307236,-0.719978566690407,0.00010582225948752,4.25909379938374,41.6438956827104,15.0206610221743,30.8823284599198,0
0.863798175627544,0.415685054222174,0.873405475680667,-0.863640972298275,-1.63600862373794,-0.00192187509548891,-0.718243793013135,0.00010380953866664,4.2601331650669,41.6438669391103,15.0213790479418,30.8826210562355,0
0.86377768054585,0.415714896734491,0.87341217520818,-0.863623506767691,-1.63783111955444,-0.00183495635972338,-0.716507804006068,0.000101841394493363,4.26120067321292,41.6438300951309,15.0221143200266,30.8829164483172,0
0.863756514267015,0.415745506767362,0.873418846900581,-0.863605302282725,-1.63965460606326,-0.00174809021940656,-0.714770763775865,9.99169804168165e-05,4.26229633520378,41.6437852145081,15.0228668654974,30.8832146842145,0
0.863734677996312,0.415776884493207,0.873425492570732,-0.863586361368902,-1.64147889973483,-0.00166129618176949,-0.713032836573121,9.80354632969823e-05,4.26342015063786,41.6437323619993,15.0236367034906,30.8835158091465,0
0.863712173177308,0.415809029756423,0.873432113974299,-0.863566686768022,-1.6433038169145,-0.00157459375176106,-0.711294186778588,9.61960231491399e-05,4.26457210731443,41.6436716034044,15.0244238452065,30.8838198655124,0
0.863689001492437,0.41584194207314,0.873438712810299,-0.863546281439178,-1.64512917385199,-0.0014880024161823,-0.709554978889394,9.43978528942349e-05,4.2657521812229,41.6436030055869,15.0252282939076,30.8841268929022,0
0.863665164863467,0.415875620631107,0.873445290721648,-0.863525148559638,-1.64695478673093,-0.00140154162785871,-0.707815377505238,9.26401581150324e-05,4.26696033653677,41.6435266364922,15.0260500449203,30.8844369281087,0
0.863640665451843,0.415910064289706,0.87345184929571,-0.863503291525609,-1.64878047169833,-0.00131523078987338,-0.706075547314547,9.09221568179846e-05,4.26819652561243,41.6434425651656,15.0268890856391,30.884750005139,0
0.863615505658922,0.415945271580098,0.873458390064842,-0.863480713952873,-1.65060604489399,-0.00122908923988218,-0.704335653080582,8.92430792006928e-05,4.2694606889928,41.6433508617685,15.0277453955342,30.8850661552271,0
0.863589688126088,0.4159812407055,0.873464914506931,-0.863457419677304,-1.65243132247998,-0.00114313623453325,-0.702595859627462,8.76021674248799e-05,4.27075275541578,41.6432515975929,15.0286189461618,30.8853854068469,0
0.86356321573476,0.416017969541598,0.873471424045944,-0.863433412755251,-1.65425612066993,-0.00105739093401243,-0.700856331826121,8.59986753947279e-05,4.27207264182746,41.6431448450754,15.0295097011772,30.8857077857257,0
0.86353609160627,0.416055455637082,0.873477920052461,-0.863408697463806,-1.65608025575843,-0.000971872386735546,-0.699117234580143,8.44318685405519e-05,4.27342025340036,41.6430306778088,15.0304176163514,30.8860333148578,0
0.863508319101642,0.416093696214329,0.87348440384422,-0.863383278300939,-1.65790354415029,-0.000886599514209434,-0.697378732811493,8.29010236076555e-05,4.27479548355637,41.6429091705531,15.0313426395903,30.8863620145192,0
0.863479901821246,0.416132688170201,0.873490876686655,-0.863357159985517,-1.65972580238972,-0.000801591096081801,-0.695640991446109,8.14054284502914e-05,4.27619821399469,41.6427803992447,15.0322847109569,30.8866939022825,0
0.863450843604337,0.416172428076992,0.873497339793435,-0.863330347457193,-1.66154684718954,-0.000716865755400844,-0.693904175399348,7.99443818306416e-05,4.27762831472463,41.6426444410049,15.033243762697,30.8870289930325,0
0.863421148528481,0.416212912183496,0.873503794327004,-0.863302845876171,-1.66336649546027,-0.000632441944104402,-0.692168449561268,7.85171932227043e-05,4.27908564410321,41.6425013741461,15.034219719267,30.8873672989823,0
0.863390820908867,0.416254136416219,0.87351024139912,-0.863274660622852,-1.6651845643391,-0.000548337928758117,-0.69043397878173,7.7123182621014e-05,4.28057004887783,41.6423512781776,15.0352124973657,30.8877088296898,0
0.8633598652975,0.416296096380716,0.873516682071396,-0.863245797297354,-1.66700087121894,-0.000464571776562169,-0.688700927855309,7.576168035409e-05,4.28208136423368,41.6421942338099,15.0362220059689,30.8880535920747,0
0.863328286482281,0.416338787363067,0.87352311735584,-0.863216261718906,-1.66881523377717,-0.000381161341644532,-0.686969461505999,7.44320269025291e-05,4.28361941384617,41.6420303229568,15.0372481463662,30.8884015904368,0
0.863296089485972,0.416382204331482,0.873529548215396,-0.863186059925128,-1.67062747000454,-0.000298124251659118,-0.685239744371696,7.31335727216587e-05,4.28518400993813,41.6418596287379,15.0382908122023,30.8887528264738,0
0.863263279565053,0.416426341938044,0.87353597556449,-0.863155198171177,-1.67243739823379,-0.00021547789470588,-0.683511940988445,7.18656780686473e-05,4.28677495334208,41.641682235478,15.0393498895197,30.8891072993004,0
0.863229862208449,0.416471194520583,0.873542400269572,-0.863123682928783,-1.67424483716827,-0.000133239406589819,-0.681786215774446,7.06277128340004e-05,4.28839203356718,41.6414982287068,15.0404252568062,30.8894650054678,0
0.863195843136161,0.416516756104684,0.873548823149661,-0.863091520885157,-1.67604960591051,-5.14256584347708e-05,-0.680062733013788,6.94190563773374e-05,4.29003502887126,41.6413076951564,15.0415167850437,30.8898259389839,0
0.863161228297776,0.416563020405828,0.873555244976895,-0.863058718941779,-1.67785152399058,2.99467553326315e-05,-0.678341656839924,6.82390973674085e-05,4.29170370633759,41.6411107227577,15.0426243377615,30.8901900913338,0
0.863126023870857,0.416609980831664,0.873561666477079,-0.86302528421307,-1.67965041139441,0.000110861528614372,-0.676623151218854,6.7087233626198e-05,4.29339782195656,41.640907400636,15.0437477710914,30.8905574515011,0
0.863090236259237,0.416657630484416,0.873568088330233,-0.862991224024938,-1.68144608859205,0.000191302654873864,-0.674907379932011,6.59628719771017e-05,4.29511712071221,41.6406978191049,15.0448869338271,30.8909280059899,0
0.863053872091187,0.416705962163418,0.873574511171154,-0.862956545913213,-1.68323837656574,0.000271254437957498,-0.673194506558845,6.48654280970443e-05,4.29686133667359,41.6404820696592,15.0460416674854,30.8913017388475,0
0.863016938217477,0.416754968367791,0.873580935589963,-0.86292125762196,-1.68502709683795,0.000350701502492107,-0.671484694459086,6.37943263724977e-05,4.29863019309093,41.6402602449671,15.047211806371,30.891678631687,0
0.862979441709329,0.416804641299235,0.873587362132669,-0.862885367101672,-1.68681207149925,0.000429628803847798,-0.669778106754684,6.27489997592842e-05,4.30042340249664,41.6400324388598,15.0483971776446,30.8920586637118,0
0.862941389856259,0.416854972864964,0.873593791301727,-0.862848882507351,-1.68859312323613,0.000508021637654991,-0.668074906311405,6.17288896461061e-05,4.302240666811,41.6397987463218,15.0495976013934,30.8924418117394,0
0.862902790163805,0.41690595468077,0.873600223556604,-0.862811812196477,-1.69037007535867,0.000585865648866368,-0.666375255720091,6.07334457217386e-05,4.30408167745274,41.6395592634789,15.0508128907049,30.8928280502268,0
0.862863650351153,0.41695757807421,0.873606659314346,-0.862774164726847,-1.69214275182813,0.000663146840354996,-0.664679317277557,5.97621258457514e-05,4.30594611545425,41.6393140875851,15.0520428517434,30.893217351296,0
0.862823978348653,0.417009834087925,0.873613098950144,-0.862735948854322,-1.69391097728439,0.000739851581040603,-0.662987252967133,5.88143959227629e-05,4.30783365158151,41.6390633170089,15.0532872838301,30.8936096847603,0
0.862783782295224,0.417062713483091,0.87361954279791,-0.862697173530441,-1.69567457707334,0.00081596661353728,-0.661299224438832,5.78897297801004e-05,4.30974394645873,41.6388070512182,15.0545459795254,30.8940050181515,0
0.862743070535657,0.417116206742993,0.873625991150855,-0.862657847899937,-1.69743337727411,0.000891479061316353,-0.65961539298915,5.69876090487834e-05,4.31167665069763,41.6385453907641,15.0558187247145,30.8944033167472,0
0.862701851617816,0.417170304076724,0.873632444262063,-0.862617981298136,-1.69918720472624,0.000966376435379565,-0.657935919540469,5.61075230478061e-05,4.31363140503129,41.6382784372637,15.0571052986958,30.8948045435992,0
0.862660134289723,0.417224995423014,0.873638902345079,-0.862577583248243,-1.70093588705669,0.00104064664043823,-0.656260964620093,5.52489686716073e-05,4.31560784045265,41.6380062933819,15.0584054742723,30.8952086595623,0
0.862617927496555,0.417280270454178,0.87364536557449,-0.862536663458532,-1.70267925270679,0.00111427798059491,-0.654590688338874,5.4411450280668e-05,4.31760557835749,41.6377290628123,15.0597190178458,30.8956156233241,0
0.862575240377525,0.417336118580195,0.873651834086522,-0.86249523181941,-1.70441713095909,0.00118725916452559,-0.652925250369452,5.35944795951571e-05,4.31962423069198,41.6374468502567,15.0610456895139,30.8960253914348,0
0.862532082262671,0.417392528952902,0.873658307979626,-0.862453298400394,-1.70614935196405,0.00125957931016069,-0.651264809924089,5.27975755915825e-05,4.32166340010463,41.6371597614039,15.06238524317,30.8964379183385,0
0.862488462669541,0.417449490470315,0.873664787315081,-0.862410873446968,-1.70787574676675,0.00133122794886423,-0.649609525732105,5.2020264402338e-05,4.32372268010272,41.6368679029074,15.0637374266057,30.8968531564044,0
0.862444391299779,0.417506991781065,0.873671272117591,-0.862367967377341,-1.70959614733336,0.0014021950291118,-0.647959556016896,5.12620792181318e-05,4.32580165521311,41.6365713823626,15.0651019816168,30.8972710559589,0
0.862399878035614,0.417565021288958,0.873677762375894,-0.862324590779109,-1.71131038657766,0.00147247091966795,-0.646315058472563,5.05225601931595e-05,4.32789990114733,41.6362703082823,15.0664786441109,30.8976915653187,0
0.862354932936251,0.417623567157652,0.873684258043367,-0.862280754405803,-1.71301829838737,0.00154204641226587,-0.644676190240108,4.98012543530315e-05,4.33001698497104,41.6359647900716,15.0678671442186,30.898114630824,0
0.862309566234171,0.417682617315444,0.873690759038638,-0.862236469173351,-1.71471971765046,0.00161091272379131,-0.64304310788324,4.90977155053263e-05,4.33215246527766,41.6356549380023,15.0692672064073,30.8985401968727,0
0.862263788331333,0.417742159460182,0.873697265246209,-0.862191746156428,-1.71641448028133,0.00167906149797536,-0.641415967363756,4.84115041527407e-05,4.33430589236623,41.6353408631861,15.0706785495972,30.8989682059551,0
0.862217609795282,0.417802181064284,0.873703776517068,-0.862146596584721,-1.71810242324697,0.00174648480659985,-0.639794924016515,4.77421874087654e-05,4.3364768084234,41.6350226775464,15.0721008872805,30.8993985986893,0
0.862171041355171,0.41786266937987,0.87371029266932,-0.862101031839093,-1.71978338459303,0.00181317515022112,-0.638180132524007,4.70893389158122e-05,4.33866474770947,41.6347004937906,15.0735339276427,30.8998313138574,0
0.86212409389769,0.417923611444008,0.873716813488811,-0.862055063447651,-1.72145720346978,0.00187912545841823,-0.636571746890502,4.64525387657446e-05,4.34086923674853,41.6343744253801,15.0749773736868,30.9002662884418,0
0.862076778462905,0.417984994084062,0.873723338729764,-0.862008703081724,-1.72312372015811,0.00194432908957206,-0.634969920415803,4.58313734227434e-05,4.34308979452243,41.6340445865005,15.07643092336,30.900703457663,0
0.862029106240016,0.418046803923157,0.873729868115413,-0.861961962551757,-1.72478277609536,0.00200877983018319,-0.633374805668589,4.52254356484434e-05,4.3453259326688,41.6337110920308,15.0778942696827,30.9011427550169,0
0.861981088563022,0.418109027385742,0.873736401338644,-0.8619148538031,-1.72643421390119,0.00207247189373648,-0.631786554459354,4.46343244292847e-05,4.34757715568279,41.6333740575114,15.0793671008801,30.901584112314,0
0.861932736906311,0.418171650703258,0.873742938062639,-0.861867388911728,-1.72807787740334,0.00213539991912145,-0.630205317812947,4.40576449060299e-05,4.34984296112268,41.6330335991121,15.0808491005165,30.9020274597183,0
0.86188406288016,0.418234659919912,0.873749477921527,-0.861819580079863,-1.72971361166345,0.00219755896861748,-0.628631245940726,4.34950083053509e-05,4.3521228398191,41.6326898335988,15.0823399476311,30.9024727257868,0
0.86183507822616,0.418298040898548,0.873756020521033,-0.861771439631513,-1.73134126300272,0.0022589445254545,-0.627064488212306,4.29460318734889e-05,4.35441627608799,41.6323428782997,15.0838393168772,30.9029198375105,0
0.861785794812558,0.418361779326616,0.873762565439133,-0.861722980007938,-1.73296067902762,0.00231955249095922,-0.625505193126934,4.24103388118638e-05,4.35672274794702,41.6319928510712,15.0853468786632,30.9033687203551,0
0.861736224629531,0.418425860722241,0.87376911222672,-0.861674213763027,-1.7345717086556,0.00237937918129826,-0.623953508284474,4.18875582146295e-05,4.35904172733559,41.631639870262,15.0868622992953,30.9038192983023,0
0.861686379784372,0.418490270440379,0.873775660408261,-0.861625153558598,-1.73617420214073,0.00243842132382983,-0.622409580356022,4.1377325008083e-05,4.36137268033822,41.6312840546782,15.0883852411238,30.9042714938927,0
0.861636272496612,0.418554993679075,0.873782209482469,-0.861575812159625,-1.73776801109935,0.00249667605307607,-0.620873555054147,4.08792798918976e-05,4.36371506741125,41.6309255235467,15.0899153626899,30.9047252282681,0
0.861585915093071,0.418620015485802,0.87378875892297,-0.861526202429391,-1.73935298853577,0.00255414090632838,-0.619345577102768,4.03930692820978e-05,4.36606834361285,41.630564396478,15.0914523188762,30.9051804212146,0
0.861535320002833,0.418685320763896,0.873795308178982,-0.861476337324561,-1.74092898886788,0.00261081381889876,-0.617825790206681,3.99183452557623e-05,4.36843195883616,41.630200793429,15.0929957610578,30.9056369912074,0
0.861484499752159,0.418750894279068,0.873801856675991,-0.861426229890198,-1.74249586795283,0.00266669311903049,-0.616314337020724,3.94547654973513e-05,4.37080535804561,41.629834834665,15.0945453372563,30.9060948554544,0
0.861433466959336,0.418816720666006,0.873808403816435,-0.861375893254695,-1.74405348311278,0.00272177752248166,-0.614811359118612,3.90019932466514e-05,4.37318798151615,41.6294666407211,15.0961006922958,30.9065539299415,0
0.861382234329452,0.418882784435055,0.873814948980383,-0.861325340624655,-1.74560169316053,0.00277606612679506,-0.613316996961423,3.85596972482631e-05,4.37557926507549,41.6290963323631,15.0976614679602,30.9070141294784,0
0.861330814649125,0.41894906997898,0.873821491526231,-0.861274585279699,-1.74714035842534,0.00282955840526932,-0.61183138986577,3.81275517025782e-05,4.37797864034913,41.6287240305481,15.0992273031528,30.9074753677445,0
0.861279220781162,0.419015561579794,0.873828030791391,-0.861223640567214,-1.74866934077866,0.00288225420064485,-0.610354675971645,3.77052362182074e-05,4.38038553500819,41.6283498563846,15.1007978340575,30.9079375573353,0
0.861227465659164,0.419082243415675,0.873834566092982,-0.861172519897041,-1.75018850366001,0.00293415371851941,-0.608886992209953,3.72924357657906e-05,4.38279937301981,41.627973931092,15.102372694302,30.9084006098098,0
0.861175562282074,0.419149099567941,0.873841096728532,-0.86112123673611,-1.75169771210278,0.00298525752050798,-0.607428474269748,3.68888406331718e-05,4.3852195749002,41.62759637596,15.1039515151222,30.9088644357381,0
0.861123523708677,0.4192161140281,0.873847621976678,-0.861069804603011,-1.75319683276024,0.00303556651716179,-0.605979256565167,3.64941463818503e-05,4.38764555797012,41.6272173123074,15.1055339255286,30.909328944749,0
0.861071363052045,0.419283270704965,0.873854141097867,-0.861018237062524,-1.75468573393148,0.0030850819606609,-0.604539472202094,3.61080538047023e-05,4.39007673661271,41.6268368614407,15.1071195524742,30.9097940455792,0
0.861019093473939,0.419350553431829,0.873860653335063,-0.860966547720085,-1.75616428558748,0.00313380543729577,-0.603109252944533,3.57302688848781e-05,4.39251252253364,41.6264551446118,15.1087080210237,30.9102596461218,0
0.860966728179154,0.419417945973704,0.873867157914458,-0.86091475021622,-1.75763235939723,0.00318173885975267,-0.601688729180722,3.53605027558693e-05,4.39495232502332,41.6260722829768,15.1102989545243,30.9107256534759,0
0.860914280409836,0.419485432034618,0.873873654046178,-0.860862858220918,-1.75908982875395,0.0032288844592172,-0.600278029888995,3.49984716626947e-05,4.39739555122133,41.6256883975525,15.1118919747776,30.9111919739963,0
0.860861763439748,0.419552995264958,0.873880140924999,-0.860810885427973,-1.76053656880137,0.00327524477731166,-0.598877282603391,3.46438969241133e-05,4.3998416063827,41.6253036091747,15.1134867022133,30.9116585133442,0
0.860809190568494,0.419620619268879,0.87388661773106,-0.860758845549276,-1.7619724564601,0.00332082265788046,-0.597486613379028,3.42965048958931e-05,4.40228989414601,41.6249180384546,15.1150827560636,30.912125176537,0
0.860756575115718,0.419688287611747,0.873893083630583,-0.860706752309076,-1.7633973704541,0.00336562123863855,-0.596106146757251,3.39560269350212e-05,4.40473981680338,41.624531805736,15.1166797545392,30.9125918680003,0
0.860703930415262,0.419755983827639,0.873899537776587,-0.860654619438204,-1.76481119133726,0.00340964394269723,-0.594736005730565,3.36221993648733e-05,4.40719077557192,41.624145031052,15.1182773150056,30.9130584916184,0
0.86065126980929,0.419823691426878,0.873905979309613,-0.860602460668261,-1.76621380152001,0.00345289446998207,-0.593376311707356,3.32947634412453e-05,4.40964217086686,41.6237578340813,15.1198750541616,30.9135249507866,0
0.860598606642392,0.41989139390361,0.873912407358442,-0.860550289725775,-1.76760508529617,0.00349537678855671,-0.592027184476419,3.29734653192449e-05,4.41209340257596,41.6233703341048,15.1214725882178,30.9139911484629,0
0.860545954255651,0.419959074743421,0.873918821040818,-0.860498120326341,-1.76898492886975,0.00353709512586707,-0.590688742171305,3.26580560209704e-05,4.41454387033528,41.6229826499617,15.1230695330763,30.9144569872207,0
0.860493325980698,0.420026717430982,0.873925219464175,-0.860445966168718,-1.77035322038198,0.00357805395991949,-0.589361101234474,3.23482914039652e-05,4.41699297380614,41.6225949000057,15.1246655045111,30.9149223693009,0
0.860440735133736,0.420094305457724,0.873931601726359,-0.860393840928921,-1.77170984993843,0.00361825801040661,-0.588044376381307,3.2043932130383e-05,4.41944011295311,41.6222072020614,15.1262601183494,30.9153871966652,0
0.860388195009549,0.420161822329544,0.873937966916351,-0.860341758254283,-1.77305470963618,0.00365771222979399,-0.586738680563942,3.17447436368385e-05,4.4218846883229,41.6218196733796,15.1278529906534,30.9158513710492,0
0.8603357188755,0.420229251574529,0.873944314114998,-0.8602897317575,-1.77438769359122,0.00369642179438089,-0.585444124934974,3.1450496104894e-05,4.4243261013242,41.6214324305941,15.1294437379028,30.9163147940155,0
0.860283319965508,0.420296576750708,0.873950642395736,-0.860237775010671,-1.77570869796589,0.00373439209534771,-0.584160818811015,3.11609644321507e-05,4.42676375450807,41.621045589677,15.1310319771773,30.9167773670079,0
0.860231011474019,0.420363781453807,0.873956950825318,-0.860185901539314,-1.77701762099648,0.00377162872980269,-0.582888869636138,3.0875928203906e-05,4.42919705184902,41.6206592658955,15.1326173263404,30.9172389914041,0
0.860178806549969,0.420430849325035,0.873963238464536,-0.860134124816383,-1.77831436302097,0.00380813749183971,-0.581628382945194,3.05951716653392e-05,4.43162539902648,41.620273573767,15.1341994042228,30.9176995685708,0
0.860126718290745,0.42049776405886,0.873969504368952,-0.860082458256276,-1.77959882650685,0.00384392436361969,-0.580379462327036,3.03184836941763e-05,4.43404820370658,41.6198886270163,15.135777830806,30.9181589999169,0
0.860074759736136,0.420564509410811,0.873975747589618,-0.860030915208837,-1.78087091607915,0.00387899550648592,-0.579142209387635,3.00456577738193e-05,4.43646487582424,41.6195045385307,15.1373522274068,30.9186171869482,0
0.86002294386229,0.420631069205266,0.873981967173804,-0.859979508953363,-1.78213053854851,0.0039133572521252,-0.577916723713129,2.97764919668824e-05,4.4388748278652,41.6191214203173,15.1389222168612,30.9190740313214,0
0.859971283575678,0.420697427343251,0.873988162165721,-0.859928252692609,-1.78337760293947,0.00394701609378555,-0.576703102832779,2.95107888891314e-05,4.44127747514806,41.6187393834588,15.1404874237084,30.9195294348984,0
0.859919791707056,0.420763567810227,0.873994331607239,-0.859877159546802,-1.78461202051882,0.00397997867756033,-0.575501442181878,2.92483556837395e-05,4.44367223610613,41.6183585380703,15.1420474743752,30.9199832998013,0
0.859868481005442,0.420829474683873,0.874000474538613,-0.859826242547663,-1.78583370482414,0.00401225179374866,-0.574311835064584,2.89890039958926e-05,4.44605853256899,41.6179789932561,15.1436019973592,30.9204355284659,0
0.859817364132104,0.420895132141857,0.874006589999198,-0.859775514632436,-1.78704257169245,0.00404384236830266,-0.573134372616734,2.87325499476366e-05,4.44843579004353,41.6176008570668,15.1451506234134,30.9208860236971,0
0.859766453654559,0.42096052446959,0.874012677028168,-0.85972498863794,-1.78823853928895,0.00407475745436919,-0.571969143768596,2.84788141130275e-05,4.45080343799451,41.6172242364563,15.1466929857283,30.9213346887225,0
0.859715762040595,0.421025636067963,0.874018734665228,-0.859674677294625,-1.78942152813601,0.00410500422393626,-0.570816235207614,2.82276214934407e-05,4.45316091012434,41.6168492372391,15.148228720116,30.9217814272474,0
0.85966530165231,0.421090451461062,0.874024761951329,-0.859624593220662,-1.79059146114213,0.00413458995959176,-0.569675731341126,2.79788014930918e-05,4.455507644652,41.6164759640483,15.1497574651915,30.9222261435088,0
0.859615084740177,0.421154955303852,0.874030757929378,-0.859574748916048,-1.79174826363118,0.00416352204640188,-0.568547714259081,2.77321878947406e-05,4.45784308459114,41.6161045202935,15.151278862555,30.9226687423297,0
0.859565123437129,0.421219132389839,0.87403672164494,-0.859525156756735,-1.79289186337169,0.00419180796391871,-0.567432263696748,2.74876188354515e-05,4.46016667802683,41.615735008119,15.1527925569728,30.923109129173,0
0.859515429752683,0.421282967658692,0.874042652146947,-0.859475828988795,-1.79402219060625,0.00421945527832168,-0.566329456997449,2.72449367825288e-05,4.46247787839128,41.6153675283624,15.1542981965578,30.9235472101959,0
0.859466015567086,0.421346446203829,0.874048548488395,-0.859426777722609,-1.79513917808108,0.00424647163470173,-0.565239369075298,2.70039885094628e-05,4.46477614473809,41.6150021805136,15.1557954329487,30.9239828923031,0
0.859416892625502,0.421409553279964,0.87405440972704,-0.859378014927097,-1.79624276107571,0.00427286474949348,-0.564162072377977,2.67646250719335e-05,4.46706094201499,41.614639062674,15.1572839214883,30.9244160832007,0
0.859368072532237,0.42147227431061,0.874060234926091,-0.85932955242398,-1.7973328774328,0.0042986424030612,-0.563097636849546,2.65267017838419e-05,4.46933174133496,41.6142782715164,15.1587633214017,30.9248466914497,0
0.859319566744997,0.421534594895527,0.874066023154901,-0.859281401882086,-1.79840946758797,0.00432381243244525,-0.562046129893298,2.62900781932895e-05,4.47158802024558,41.6139199022448,15.1602332959718,30.9252746265187,0
0.859271386569196,0.421596500818128,0.874071773489643,-0.859233574811698,-1.79947247459992,0.00434838272427301,-0.561007616334669,2.60546180585664e-05,4.47382926299646,41.6135640485555,15.1616935127149,30.925699798837,0
0.859223543152313,0.42165797805282,0.874077485014,-0.859186082558946,-1.8,0.00437236120783994,-0.559982158384202,2.58201893240261e-05,4.47605496080459,41.6132108025971,15.1631436435546,30.9261221198471,0
0.859176146046278,0.421718888959567,0.874083148372269,-0.859139036333831,-1.8,0.00439191747397499,-0.558967881131913,2.55855915798291e-05,4.47826011842334,41.6128610747443,15.1645804691387,30.926540724029,0
0.8591292969187,0.421779105734663,0.874088754833536,-0.859092539305977,-1.8,0.00440331274061618,-0.557962948300855,2.534974228043e-05,4.48044009794151,41.6125157076816,15.1660009996414,30.9269548059818,0
0.859082994221352,0.421838630177097,0.874094304468715,-0.859046589864864,-1.8,0.00440672032982638,-0.556967489737493,2.51127040079011e-05,4.4825949655095,41.6121746840934,15.1674052761156,30.9273643734874,0
0.859037236582822,0.421897463866762,0.874099797335497,-0.859001186581201,-1.8,0.00440231104217344,-0.555981631497888,2.48745354726207e-05,4.48472477931046,41.6118379882288,15.168793334513,30.9277694330264,0
0.858992022798672,0.421955608176669,0.874105233479078,-0.85895632819682,-1.8,0.00439025320598699,-0.555005495834795,2.46352917307366e-05,4.48682959000407,41.6115056058147,15.1701652059688,30.9281699898501,0
0.858947351821686,0.422013064285045,0.874110612932878,-0.858912013614675,-1.8,0.00437071272351296,-0.554039201183435,2.43950243932009e-05,4.48890944116661,41.6111775239702,15.1715209170833,30.9285660480535,0
0.858903222752206,0.422069833187345,0.874115935719271,-0.858868241888926,-1.8,0.00434385311420006,-0.553082862146041,2.41537818267593e-05,4.49096436972733,41.6108537311219,15.172860490202,30.9289576106474,0
0.858859634828555,0.422125915708158,0.874121201850306,-0.858825012215133,-1.8,0.00430983555534276,-0.552136589475282,2.39116093472575e-05,4.49299440640118,41.6105342169207,15.1741839436924,30.9293446796295,0
0.858816587417551,0.422181312513008,0.874126411328429,-0.858782323920533,-1.8,0.00426881892029165,-0.551200490056679,2.36685494055211e-05,4.49499957611777,41.6102189721588,15.1754912922201,30.9297272560565,0
0.8587740800051,0.422236024120065,0.874131564147211,-0.858740176454428,-1.8,0.00422095981443017,-0.55027466689009,2.34246417662107e-05,4.49697989844679,41.6099079886886,15.176782547021,30.9301053401145,0
0.858732112186892,0.42229005091175,0.874136660292062,-0.858698569378648,-1.8,0.00416641260910685,-0.549359219070373,2.31799236798765e-05,4.49893538801961,41.6096012593422,15.1780577161723,30.9304789311895,0
0.858690683659164,0.422343393146237,0.874141699740958,-0.85865750235813,-1.8,0.0041053294737013,-0.548454241767284,2.29344300485297e-05,4.50086605494723,41.609298777852,15.179316804861,30.9308480279383,0
0.858649794209571,0.42239605096886,0.874146682465157,-0.858616975151578,-1.8,0.00403786040599005,-0.547559826204723,2.26881935849969e-05,4.50277190523453,41.6090005387721,15.1805598156496,30.9312126283571,0
0.85860944370813,0.422448024423411,0.874151608429917,-0.858576987602217,-1.8,0.00396415326097167,-0.546676059639366,2.24412449662982e-05,4.50465294119075,41.6087065374014,15.1817867487404,30.9315727298518,0
0.858569632098259,0.422499313463347,0.874156477595209,-0.858537539628655,-1.8,0.00388435377829864,-0.545803025338785,2.21936129813315e-05,4.50650916183626,41.6084167697065,15.1829976022364,30.9319283293064,0
0.858530359387901,0.422549917962879,0.874161289916436,-0.858498631215819,-1.8,0.00379860560845595,-0.5449408025591,2.19453246730566e-05,4.50834056330553,41.6081312322469,15.1841923724009,30.9322794231515,0
0.858491625640739,0.422599837727971,0.874166045345142,-0.858460262406007,-1.8,0.0037070503378169,-0.544089466522228,2.16964054754319e-05,4.51014713924634,41.6078499221,15.185371053914,30.9326260074324,0
0.858453430967499,0.422649072507229,0.874170743829716,-0.858422433290018,-1.8,0.00360982751269897,-0.543249088392798,2.1446879345302e-05,4.51192888121512,41.6075728367882,15.1865336401271,30.9329680778762,0
0.85841577551734,0.422697622002684,0.874175385316109,-0.858385143998386,-1.8,0.00350707466253415,-0.542419735254764,2.11967688894561e-05,4.51368577906851,41.6072999742058,15.1876801233148,30.9333056299596,0
0.858378659469338,0.42274548588047,0.874179969748526,-0.858348394692705,-1.8,0.00339892732226088,-0.541601470087792,2.09460954870328e-05,4.51541782135096,41.6070313325478,15.1888104949243,30.9336386589744,0
0.858342083024054,0.4227926637814,0.874184497070134,-0.858312185557052,-1.8,0.00328551905403734,-0.540794351743443,2.06948794074784e-05,4.5171249956785,41.6067669102392,15.1899247458231,30.9339671600946,0
0.858306046395202,0.422839155331422,0.874188967223758,-0.858276516789507,-1.8,0.00316698146836868,-0.539998434921205,2.04431399242172e-05,4.5188072891185,41.6065067058652,15.1910228665427,30.934291128441,0
0.858270549801398,0.422884960151984,0.874193380152573,-0.858241388593766,-1.8,0.00304344424473441,-0.539213770144425,2.01908954242197e-05,4.5204646885655,41.6062507181028,15.1921048475218,30.9346105591466,0
0.85823559345801,0.422930077870268,0.874197735800794,-0.858206801170849,-1.8,0.00291503515179572,-0.538440403736145,1.99381635136191e-05,4.52209718111297,41.6059989456528,15.1931706793448,30.934925447421,0
0.858201177569094,0.422974508129334,0.874202034114364,-0.858172754710914,-1.8,0.00278188006725555,-0.53767837779492,1.96849611195472e-05,4.52370475442109,41.605751387173,15.19422035298,30.9352357886141,0
0.858167302319427,0.423018250598137,0.874206275041635,-0.858139249385163,-1.8,0.00264410299743956,-0.53692773017061,1.9431304588302e-05,4.52528739708032,41.6055080412123,15.195253860013,30.9355415782796,0
0.858133967866633,0.423061304981433,0.874210458534047,-0.858106285337841,-1.8,0.00250182609666035,-0.536188494440192,1.91772097800465e-05,4.52684509897098,41.6052689061457,15.1962711928795,30.9358428122373,0
0.858101174333406,0.42310367102958,0.874214584546801,-0.858073862678346,-1.8,0.00235516968642019,-0.535460699883624,1.89226921601019e-05,4.52837785161851,41.6050339801108,15.1972723450936,30.9361394866357,0
0.858068921799824,0.423145348548212,0.874218653039524,-0.858041981473432,-1.8,0.00220425227450509,-0.534744371459761,1.86677668870326e-05,4.52988564854463,41.6048032609437,15.1982573114754,30.936431598013,0
0.858037210295762,0.4231863374078,0.874222663976939,-0.858010641739509,-1.8,0.00204919057401567,-0.534039529782372,1.84124488975931e-05,4.53136848561413,41.6045767461179,15.1992260883738,30.9367191433583,0
0.858006039793405,0.423226637553099,0.874226617329521,-0.857979843435051,-1.8,0.00189009952237712,-0.53334619109625,1.81567529886882e-05,4.53282636137748,41.6043544326825,15.2001786738884,30.9370021201717,0
0.857975410199852,0.423266249012469,0.874230513074149,-0.857949586453103,-1.8,0.00172709230036545,-0.532664367253454,1.79006938964333e-05,4.53425927740895,41.604136317202,15.2011150680875,30.9372805265234,0
0.857945321349827,0.423305171907081,0.874234351194754,-0.857919870613887,-1.8,0.00156028035118277,-0.531994065689683,1.7644286372434e-05,4.53566723864048,41.6039223956969,15.2020352732239,30.9375543611135,0
0.857915772998482,0.423343406459998,0.874238131682963,-0.857890695657515,-1.8,0.00138977339961078,-0.5313352894008,1.73875452573996e-05,4.53705025369102,41.6037126635856,15.2029392939474,30.9378236233293,0
0.857886764814302,0.423380953005133,0.874241854538737,-0.857862061236804,-1.8,0.00121567947126743,-0.530688036919514,1.71304855521439e-05,4.53840833519137,41.6035071156264,15.2038271375147,30.9380883133031,0
0.857858296372117,0.423417811996087,0.874245519770996,-0.857833966910196,-1.8,0.00103810491198777,-0.53005230229223,1.68731224861247e-05,4.53974150010469,41.6033057458614,15.2046988139968,30.9383484319693,0
0.85783036714621,0.423453984014856,0.874249127398247,-0.857806412134783,-1.8,0.00085715440734694,-0.529428075056077,1.66154715835574e-05,4.54104977004216,41.6031085475605,15.2055543364827,30.93860398112,0
0.857802976503524,0.423489469780412,0.874252677449201,-0.857779396259437,-1.8,0.000672931002339664,-0.528815340216119,1.63575487272174e-05,4.54233317157427,41.6029155131669,15.2063937212808,30.9388549634605,0
0.857776123696985,0.423524270157164,0.874256169963383,-0.857752918518046,-1.8,0.000485536121227413,-0.528214078222747,1.60993702199975e-05,4.54359173653739,41.6027266342433,15.2072169881169,30.9391013826638,0
0.857749807858916,0.423558386163277,0.874259604991738,-0.85772697802286,-1.8,0.000295069587561407,-0.527624264949259,1.58409528443088e-05,4.54482550233558,41.6025419014186,15.2080241603295,30.9393432434248,0
0.857724027994563,0.423591818978876,0.874262982597226,-0.857701573757941,-1.8,0.000101629644386522,-0.527045871669636,1.55823139193763e-05,4.54603451223781,41.602361304337,15.2088152650622,30.9395805515126,0
0.857698782975724,0.423624569954104,0.874266302855417,-0.85767670457272,-1.8,-9.46870253708606e-05,-0.526478865036499,1.53234713565168e-05,4.54721881567033,41.6021848316057,15.2095903334525,30.9398133138235,0
0.857674071534486,0.42365664061706,0.874269565855065,-0.857652369175674,-1.8,-0.000293785278331762,-0.525923207059264,1.50644437124522e-05,4.54837846850424,41.6020124707458,15.2103494008179,30.9400415384321,0
0.857649892257067,0.423688032681597,0.874272771698695,-0.857628566128096,-1.8,-0.000495571489912232,-0.525378855082478,1.48052502407421e-05,4.54951353333826,41.6018442081427,15.2110925068391,30.9402652346419,0
0.857626243577768,0.423718748054989,0.87427592050316,-0.857605293837986,-1.8,-0.000699953533394308,-0.524845761764333,1.45459109413543e-05,4.55062407977662,41.601680028998,15.2118196957393,30.9404844130354,0
0.857603123773028,0.423748788845462,0.87427901240021,-0.857582550554054,-1.8,-0.000906840758828283,-0.524323875055375,1.42864466084731e-05,4.55171018470205,41.6015199172822,15.2125310164616,30.9406990855227,0
0.857580530955594,0.423778157369585,0.874282047537037,-0.857560334359823,-1.8,-0.00111614397177383,-0.523813138177369,1.40268788765576e-05,4.5527719325438,41.6013638556882,15.2132265228418,30.9409092653902,0
0.857558463068796,0.423806856159534,0.874285026076827,-0.857538643167858,-1.8,-0.00132777541189196,-0.52331348960234,1.37672302647462e-05,4.55380941554079,41.6012118255859,15.2139062737791,30.9411149673476,0
0.857536917880935,0.423834887970212,0.874287948199289,-0.857517474714094,-1.8,-0.00154164873140055,-0.522824863031777,1.35075242196033e-05,4.55482273399963,41.6010638069778,15.2145703334031,30.9413162075744,0
0.857515892979774,0.423862255786228,0.874290814101188,-0.857496826552286,-1.8,-0.00175767897340683,-0.522347187375986,1.32477851562954e-05,4.55581199654781,41.6009197784553,15.2152187712377,30.9415130037654,0
0.85749538576715,0.423888962828742,0.87429362399686,-0.857476696048563,-1.8,-0.00197578255013408,-0.52188038673358,1.29880384982092e-05,4.55677732038163,41.6007797171557,15.2158516623617,30.9417053751757,0
0.857475393453687,0.423915012562174,0.874296378118729,-0.857457080376106,-1.8,-0.00219587722105961,-0.521424380371121,1.27283107150842e-05,4.55771883150932,41.6006435987212,15.2164690875659,30.9418933426646,0
0.857455913053629,0.423940408700761,0.874299076717803,-0.85743797650993,-1.8,-0.00241788207098235,-0.520979082702871,1.24686293596555e-05,4.55863666498889,41.600511397257,15.2170711335076,30.9420769287383,0
0.857436941379773,0.423965155214987,0.874301720064173,-0.85741938122178,-1.8,-0.00264171748804124,-0.520544403270661,1.2209023102884e-05,4.55953096516098,41.6003830852923,15.2176578928614,30.9422561575918,0
0.857418475038528,0.423989256337864,0.874304308447495,-0.857401291075148,-1.8,-0.00286730514170538,-0.520120246723877,1.19495217677633e-05,4.56040188587654,41.6002586337406,15.2182294644663,30.9424310551509,0
0.857400510425071,0.424012716571075,0.874306842177465,-0.857383702420396,-1.8,-0.00309456796075739,-0.51970651279951,1.16901563618036e-05,4.56124959071957,41.6001380118622,15.2187859534701,30.9426016491116,0
0.857383043718629,0.424035540690974,0.87430932158429,-0.857366611389998,-1.8,-0.00332343011129569,-0.519303096302312,1.14309591081214e-05,4.56207425322448,41.6000211872262,15.2193274714706,30.9427679689801,0
0.857366070877858,0.424057733754446,0.874311747019144,-0.85735001389389,-1.8,-0.00355381697477833,-0.518909887085007,1.11719634752738e-05,4.56287605708855,41.5999081256749,15.2198541366527,30.9429300461108,0
0.857349587636349,0.424079301104625,0.874314118854616,-0.85733390561494,-1.8,-0.00378565512613442,-0.518526770028556,1.09132042057657e-05,4.56365519637912,41.599798791288,15.220366073923,30.9430879137442,0
0.857333589498231,0.424100248376473,0.874316437485149,-0.857318282004528,-1.8,-0.00401887231196882,-0.518153625022462,1.06547173433285e-05,4.56441187573577,41.5996931463483,15.2208634150407,30.9432416070434,0
0.8573180717339,0.424120581502212,0.874318703327475,-0.85730313827824,-1.8,-0.00425339742888771,-0.517790326945103,1.03965402589347e-05,4.56514631056727,41.5995911513077,15.2213462987451,30.9433911631299,0
0.857303029375843,0.424140306716622,0.87432091682103,-0.857288469411674,-1.8,-0.00448916050197177,-0.51743674564408,1.01387116756203e-05,4.56585872724354,41.599492764755,15.2218148708803,30.9435366211183,0
0.857288457214591,0.424159430562192,0.874323078428374,-0.857274270136361,-1.8,-0.0047260926634254,-0.517092745916561,9.88127169209021e-06,4.56654936328239,41.5993979433837,15.2222692845157,30.9436780221505,0
0.857274349794767,0.424177959894136,0.874325188635584,-0.857260534935796,-1.8,-0.00496412613142995,-0.516758187489601,9.62426180515622e-06,4.56721846753129,41.599306641961,15.2227097000643,30.943815409428,0
0.857260701411251,0.424195901885264,0.874327247952656,-0.857247258041583,-1.8,-0.00520319418923082,-0.516432925000445,9.36772493100579e-06,4.56786630034403,41.5992188132978,15.2231362853969,30.943948828245,0
0.857247506105456,0.424213264030721,0.874329256913886,-0.857234433429686,-1.8,-0.00544323116448726,-0.516116807976773,9.11170542531997e-06,4.56849313375232,41.5991344082196,15.2235492159533,30.9440783260186,0
0.857234757661709,0.424230054152582,0.874331216078241,-0.857222054816798,-1.8,-0.0056841724089139,-0.515809680816882,8.8562491022692e-06,4.56909925163245,41.5990533755377,15.2239486748506,30.9442039523196,0
0.857222449603742,0.42424628040431,0.874333126029732,-0.857210115656817,-1.8,-0.00592595427824562,-0.515511382769801,8.60140325236612e-06,4.56968494986693,41.5989756620223,15.2243348529875,30.9443257589018,0
0.857210575191288,0.424261951275081,0.874334987377763,-0.857198609137422,-1.8,-0.00616851411255368,-0.515221747915297,8.34721665923302e-06,4.5702505365012,41.5989012123752,15.2247079491462,30.9444437997302,0
0.857199127416788,0.424277075593972,0.874336800757485,-0.857187528176774,-1.8,-0.00641179021694585,-0.514940605143792,8.09373961525118e-06,4.57079633189543,41.5988299692042,15.2250681700906,30.944558131009,0
0.857188099002199,0.424291662534012,0.874338566830125,-0.857176865420307,-1.8,-0.00665572184267762,-0.514667778136125,7.84102393612213e-06,4.57132266887151,41.5987618729982,15.2254157306618,30.9446688112079,0
0.857177482395907,0.424305721616108,0.874340286283325,-0.857166613237639,-1.8,-0.00690024916870895,-0.514403085343208,7.58912297435132e-06,4.57182989285522,41.5986968621029,15.2257508538698,30.9447759010883,0
0.857167269769746,0.42431926271283,0.874341959831452,-0.857156763719574,-1.8,-0.00714531328373279,-0.514146339965496,7.33809163165345e-06,4.57231836201363,41.5986348726973,15.2260737709831,30.9448794637279,0
0.857167269769746,0.424332296044086,0.874343588279887,-0.857147308675217,-1.8,-0.00739085616870822,-0.513897349932297,7.08798637028782e-06,4.57278844738783,41.5985758387714,15.2263847216142,30.944979564545,0
0.857167269769746,0.424344853544032,0.874345154000843,-0.857138441824218,-1.8,-0.00763680694201115,-0.513655929568138,6.84253443200949e-06,4.57324139049339,41.5985188358779,15.2266842858422,30.9450759405291,0
0.857167269769746,0.424356944948965,0.874346658822603,-0.857130142164065,-1.8,-0.00788310923261201,-0.513421875897385,6.60148060550128e-06,4.57367753973517,41.598463842154,15.2269727013322,30.945168680557,0
0.857167269769746,0.424368580400683,0.874348104568472,-0.857122388843443,-1.8,-0.00812970756319438,-0.513194980597913,6.36458367480916e-06,4.57409725836956,41.5984108319026,15.2272502149604,30.9452578753118,0
0.857167269769746,0.424379770449588,0.874349493057224,-0.857115161155906,-1.8,-0.0083765473319246,-0.51297502998102,6.13161664374445e-06,4.57450092461609,41.5983597755811,15.2275170828883,30.945343617309,0
0.857167269769746,0.424390526057662,0.874350826103358,-0.857108438533737,-1.8,-0.00862357479483979,-0.512761804971095,5.90236689114258e-06,4.57488893176507,41.5983106397839,15.2277735706334,30.9454260009156,0
0.857167269769746,0.42440085860133,0.874352105517262,-0.857102200542002,-1.8,-0.00887073704888402,-0.512555081085031,5.67663627076733e-06,4.57526168828141,41.598263387222,15.2280199531358,30.9455051223677,0
0.857167269769746,0.424410779874212,0.87435333310536,-0.857096426872887,-1.8,-0.00911798201561713,-0.512354628411357,5.45424116841666e-06,4.57561961790459,41.5982179767048,15.2282565148223,30.9455810797871,0
0.857167269769746,0.424420302089773,0.874354510670269,-0.857091097340254,-1.8,-0.0093652584256292,-0.512160211589086,5.23501251856344e-06,4.5759631597448,41.5981743631207,15.2284835496685,30.9456539731971,0
0.857167269769746,0.424429437883873,0.874355640010946,-0.857086191874459,-1.8,-0.00961251580368854,-0.511971589786251,5.01879578282552e-06,4.57629276837541,41.5981324974206,15.2287013612582,30.9457239045378,0
0.857167269769746,0.424438200317215,0.874356722922825,-0.857081690517384,-1.8,-0.00985970445465301,-0.511788516678116,4.80545089251228e-06,4.57660891392185,41.5980923266001,15.2289102628406,30.9457909776814,0
0.857167269769746,0.4244466028777,0.874357761197964,-0.857077573417695,-1.8,-0.0101067754501743,-0.511610740425058,4.59485215748612e-06,4.57691208214702,41.5980537936844,15.2291105773857,30.9458552984458,0
0.857167269769746,0.424454659482689,0.874358756625178,-0.857073820826313,-1.8,-0.0103536806162192,-0.511438003650077,4.38688814351808e-06,4.57720277453333,41.5980168377121,15.2293026376363,30.9459169746091,0
0.857167269769746,0.424462384481178,0.87435971099017,-0.857070413092082,-1.8,-0.010600372521438,-0.511270043415946,4.18146152029664e-06,4.5774815083616,41.597981393721,15.22948678616,30.9459761159226,0
0.857167269769746,0.424469792655883,0.874360626075666,-0.857067330657638,-1.8,-0.0108468044664025,-0.511106591201972,3.97848888221541e-06,4.5777488167867,41.5979473927337,15.2296633753969,30.9460328341235,0
0.857167269769746,0.424476899225251,0.874361503661541,-0.857064554055459,-1.8,-0.01109293047374,-0.510947372880357,3.77790054406775e-06,4.57800524891043,41.5979147617448,15.2298327677075,30.9460872429478,0
0.857167269769746,0.424483719845387,0.874362345524941,-0.857062063904093,-1.8,-0.0113387052791857,-0.510792108692141,3.57964031371483e-06,4.57825136985147,41.5978834237075,15.2299953354172,30.9461394581418,0
0.857167269769746,0.424490270611916,0.874363153440414,-0.857059840904552,-1.8,-0.0115840843235746,-0.510640513222716,3.38366524381312e-06,4.57848776081274,41.5978532975215,15.2301514608603,30.946189597474,0
0.857167269769746,0.424496568061766,0.874363929180025,-0.857057865836871,-1.8,-0.0118290237457963,-0.510492295376906,3.18994536466057e-06,4.57871501914625,41.5978242980218,15.2303015364216,30.9462377807464,0
0.857167269769746,0.424502629174901,0.874364674513478,-0.857056119556812,-1.8,-0.0120734803767295,-0.510347158353577,2.99846340019246e-06,4.57893375841566,41.5977963359667,15.2304459645771,30.9462841298053,0
0.857167269769746,0.424508471375984,0.874365391208238,-0.85705458299271,-1.8,-0.0123174117341752,-0.51020479961979,2.80921446916376e-06,4.57914460845675,41.5977693180281,15.2305851579331,30.9463287685518,0
0.857167269769746,0.424514112535995,0.874366081029645,-0.857053237142461,-1.8,-0.0125607760188069,-0.510064910884472,2.62220577355501e-06,4.57934821543584,41.5977431467805,15.2307195392639,30.9463718229524,0
0.857167269769746,0.424519570973792,0.874366745741037,-0.857052063070621,-1.8,-0.0128035321111494,-0.509927178071591,2.43745627621185e-06,4.57954524190659,41.5977177206915,15.2308495415488,30.9464134210493,0
0.857167269769746,0.424524865457643,0.87436738710386,-0.857051041905634,-1.8,-0.0130456395696035,-0.50979128129284,2.25499636973497e-06,4.57973636686521,41.5976929341123,15.230975608008,30.9464536929696,0
0.857167269769746,0.424530015206707,0.874368006877793,-0.857050154837161,-1.8,-0.0132870586295248,-0.509656894819796,2.07486753862372e-06,4.57992228580433,41.5976686772688,15.2310981921372,30.9464927709359,0
0.857167269769746,0.424535039892499,0.874368606820862,-0.857049383113507,-1.8,-0.0135277502033699,-0.509523687055571,1.89712201669379e-06,4.58010371076581,41.5976448362521,15.2312177577425,30.9465307892754,0
0.857167269769746,0.42453995964032,0.87436918868956,-0.857048708039139,-1.8,-0.0137676758819152,-0.509391320505929,1.72182244178908e-06,4.58028137039267,41.5976212930107,15.2313347789737,30.9465678844297,0
0.857167269769746,0.424544791806651,0.874369754015968,-0.857048113566246,-1.8,-0.0140068047094068,-0.509259509207022,1.54901787050485e-06,4.5804558930185,41.5975979463467,15.2314496648847,30.9466041744806,1
0.857167269769746,0.424549541173144,0.874370303433712,-0.857047594124684,-1.8,-0.0142451337614876,-0.509128192791198,1.37867093430389e-06,4.58062745090483,41.5975747759564,15.2315625299139,30.9466396969474,1
0.857167269769746,0.424554209321183,0.874370837343255,-0.857047146843094,-1.8,-0.0144826671224178,-0.508997367770801,1.21072402406127e-06,4.58079610026187,41.5975517819618,15.2316734134834,30.9466744687403,1
0.857167269769746,0.424558797802043,0.874371356135559,-0.857046768937417,-1.8,-0.014719408793444,-0.508867030727412,1.04512183645242e-06,4.58096189623798,41.5975289644146,15.2317823542485,30.9467085064041,1
0.857167269769746,0.424563308137468,0.874371860192299,-0.857046457708494,-1.8,-0.0149553626954478,-0.508737178309973,8.81811273591712e-07,4.58112489293949,41.5975063232988,15.2318893901126,30.9467418261257,1
0.857167269769746,0.424567741823531,0.87437234993481,-0.857046211036758,-1.8,-0.0151905326667653,-0.508607807234984,7.41582358227609e-07,4.5812851434008,41.5974838602256,15.2319945586962,30.9467744449302,1
0.857167269769746,0.42457210032052,0.874372825668198,-0.857046025784723,-1.8,-0.0154249224809244,-0.508478914278237,5.99738854587575e-07,4.58144269975957,41.5974615730165,15.2320978958946,30.9468063768816,1
0.857167269769746,0.424576385064905,0.874373287747885,-0.857045899498499,-1.8,-0.0156585358327892,-0.508350496280024,4.56285224316289e-07,4.5815976131117,41.5974394614803,15.2321994374449,30.9468376371471,1
0.857167269769746,0.424580597465785,0.87437373652082,-0.857045829799973,-1.8,-0.0158913763466747,-0.508222550140999,3.11226665085093e-07,4.58174993358691,41.5974175253676,15.2322992183889,30.9468682405656,1
0.857167269769746,0.424584738905405,0.874374172325669,-0.857045814384717,-1.8,-0.0161234475786185,-0.508095072820543,1.64569072343836e-07,4.58189971036677,41.5973957643735,15.2323972730862,30.9468982016541,1
0.857167269769746,0.424588810739662,0.874374595493013,-0.857045851019942,-1.8,-0.0163547530185824,-0.507968061335174,1.63190024987697e-08,4.58204699170251,41.59737417814,15.2324936352273,30.9469275346152,1
0.857167269769746,0.424592814298604,0.874375006345523,-0.857045937542511,-1.8,-0.0165852960925876,-0.507841512757004,-1.33516362574681e-07,4.5821918249324,41.5973527662577,15.2325883378466,30.9469562533435,1
0.857167269769746,0.424596750886917,0.874375405198152,-0.857046071857005,-1.8,-0.0168150801647852,-0.507715424212231,-2.84929249673792e-07,4.58233425649881,41.5973315282683,15.2326814133351,30.9469843714321,1
0.857167269769746,0.424600621784405,0.874375792358306,-0.857046251933836,-1.8,-0.0170441085394629,-0.507589792879681,-4.37911327152879e-07,4.58247433196509,41.5973104636669,15.2327728934529,30.9470119021791,1
0.857167269769746,0.424604428246456,0.87437616812602,-0.857046475807409,-1.8,-0.017272384462991,-0.507464615989382,-5.92453736567636e-07,4.58261209603191,41.5972895719033,15.2328628093412,30.9470388585941,1
0.857167269769746,0.424608171504509,0.874376532794131,-0.857046741574339,-1.8,-0.017499911125708,-0.507339890821177,-7.48547123119137e-07,4.58274759255349,41.5972688523848,15.2329511915344,30.947065253404,1
0.857167269769746,0.424611852766502,0.874376886648436,-0.8570470473917,-1.8,-0.0177266916637498,-0.507215614703383,-9.06181664953061e-07,4.58288086455346,41.5972483044774,15.2330380699716,30.9470910990593,1
0.857167269769746,0.424615473217317,0.874377229967863,-0.85704739147534,-1.8,-0.0179527291608212,-0.507091785011476,-1.06534710133339e-06,4.58301195424037,41.5972279275081,15.2331234740086,30.9471164077399,1
0.857167269769746,0.424619034023077,0.874377563081044,-0.857047772674559,-1.8,-0.0181780266433586,-0.506968399169855,-1.20083894079941e-06,4.58314090296678,41.597207722725,15.2332074329549,30.9471411927368,1
0.857167269769746,0.424622536320333,0.874377886203186,-0.857048188798706,-1.8,-0.0184025871012106,-0.506845454641779,-1.33463478288069e-06,4.58326775140437,41.5971876876315,15.2332899745605,30.9471654644754,1
0.857167269769746,0.424625981227358,0.874378199593294,-0.857048638227429,-1.8,-0.0186264134709141,-0.506722948936681,-1.46676305912262e-06,4.58339253940709,41.5971678214393,15.2333711264944,30.947189234352,1
0.857167269769746,0.424629369841064,0.874378503504122,-0.857049119392887,-1.8,-0.0188495086431346,-0.50660087960626,-1.59725119651898e-06,4.5835153060732,41.597148123328,15.2334509158861,30.9472125135152,1
0.857167269769746,0.424632703237408,0.874378798182314,-0.857049630778263,-1.8,-0.0190718754641822,-0.506479244243341,-1.72612566431695e-06,4.58363608975953,41.5971285924464,15.2335293693355,30.9472353128705,1
0.857167269769746,0.424635982471783,0.874379083868549,-0.857050170916318,-1.8,-0.0192935167374794,-0.506358040480763,-1.85341201880305e-06,4.58375492809529,41.5971092279145,15.2336065129236,30.9472576430862,1
0.857167269769746,0.424639208579411,0.874379360797677,-0.857050738387977,-1.8,-0.0195144352249839,-0.506237265990298,-1.97913494614701e-06,4.58387185799579,41.5970900288246,15.2336823722224,30.947279514598,1
0.857167269769746,0.424642382575721,0.874379629198854,-0.857051331820959,-1.8,-0.0197346336485666,-0.506116918481601,-2.10331830337957e-06,4.58398691567578,41.597070994243,15.2337569723046,30.9473009376142,1
0.857167269769746,0.424645505456728,0.874379889295678,-0.857051949888439,-1.8,-0.0199541146913468,-0.505996995701191,-2.22598515757448e-06,4.58410013666263,41.597052123211,15.2338303377533,30.9473219221204,1
0.857167269769746,0.424648578199394,0.874380141306311,-0.857052591307749,-1.8,-0.0201728809989857,-0.505877495431454,-2.34715782332017e-06,4.58421155580917,41.5970334147467,15.2339024926715,30.9473424778843,1
0.857167269769746,0.424651601761994,0.874380385443613,-0.857053254839113,-1.8,-0.0203909351809392,-0.505758415489675,-2.46685789852279e-06,4.58432120730639,41.5970148678459,15.2339734606916,30.9473626144607,1
0.857167269769746,0.424654577084466,0.874380621915258,-0.85705393928441,-1.8,-0.020608279811671,-0.505639753727101,-2.58510629862407e-06,4.58442912469586,41.5969964814836,15.234043264984,30.9473823411955,1
0.857167269769746,0.424657505088761,0.874380850923861,-0.857054643485978,-1.8,-0.020824917431828,-0.505521508028026,-2.70192328929337e-06,4.58453534088187,41.596978254615,15.2341119282664,30.9474016672305,1
0.857167269769746,0.424660386679177,0.87438107266709,-0.857055366325445,-1.8,-0.0210408505493781,-0.505403676308899,-2.81732851764948e-06,4.58463988814345,41.596960186177,15.2341794728126,30.9474206015079,1
0.857167269769746,0.424663222742702,0.874381287337786,-0.857056106722592,-1.8,-0.0212560816407124,-0.505286256517461,-2.93134104207038e-06,4.58474279814608,41.5969422750889,15.2342459204609,30.9474391527741,1
0.857167269769746,0.424666014149333,0.874381495124073,-0.857056863634248,-1.8,-0.0214706131517115,-0.505169246631902,-3.04397936066024e-06,4.58484410195319,41.5969245202538,15.2343112926225,30.9474573295845,1
0.857167269769746,0.424668761752406,0.874381696209469,-0.85705763605321,-1.8,-0.0216844474987789,-0.505052644660045,-3.15526143841062e-06,4.58494383003751,41.5969069205596,15.23437561029,30.9474751403071,1
0.857167269769746,0.424671466388902,0.874381890772991,-0.857058423007202,-1.8,-0.0218975870698408,-0.504936448638547,-3.26520473310954e-06,4.58504201229211,41.5968894748799,15.2344388940453,30.9474925931267,1
0.857167269769746,0.424674128879766,0.874382078989265,-0.857059223557845,-1.8,-0.0221100342253134,-0.504820656632129,-3.37382622006033e-06,4.58513867804134,41.5968721820752,15.2345011640675,30.9475096960491,1
0.857167269769746,0.424676750030202,0.874382261028622,-0.857060036799676,-1.8,-0.0223217912990402,-0.50470526673282,-3.48114241566078e-06,4.58523385605147,41.5968550409937,15.2345624401409,30.9475264569043,1
0.857167269769746,0.42467933062998,0.874382437057207,-0.857060861859174,-1.8,-0.0225328605991981,-0.504590277059226,-3.58716939986297e-06,4.58532757454121,41.5968380504722,15.2346227416625,30.9475428833509,1
0.857167269769746,0.424681871453719,0.874382607237068,-0.857061697893822,-1.8,-0.0227432444091745,-0.504475685755821,-3.69192283758974e-06,4.58541986119197,41.5968212093372,15.2346820876496,30.9475589828796,1
0.857167269769746,0.424684373261183,0.874382771726258,-0.857062544091196,-1.8,-0.0229529449884163,-0.50436149099225,-3.79541799913476e-06,4.58551074315799,41.5968045164055,15.234740496747,30.9475747628165,1
0.857167269769746,0.424686836797554,0.874382930678926,-0.857063399668073,-1.8,-0.0231619645732504,-0.504247690962661,-3.89766977958672e-06,4.58560024707621,41.5967879704851,15.2347979872343,30.947590230327,1
0.857167269769746,0.424689262793716,0.87438308424541,-0.857064263869564,-1.8,-0.0233703053776782,-0.504134283885048,-3.99869271732995e-06,4.58568839907602,41.5967715703762,15.234854577033,30.9476053924193,1
0.857167269769746,0.424691651966519,0.874383232572327,-0.857065135968273,-1.8,-0.0235779695941438,-0.504021268000616,-4.098501011644e-06,4.5857752247888,41.5967553148717,15.2349102837134,30.9476202559472,1
0.857167269769746,0.424694005019052,0.874383375802656,-0.857066015263481,-1.8,-0.0237849593942766,-0.503908641573162,-4.19710853946076e-06,4.5858607493573,41.5967392027583,15.2349651245014,30.9476348276142,1
0.857167269769746,0.424696322640896,0.874383514075829,-0.857066901080343,-1.8,-0.0239912769296096,-0.503796402888473,-4.29452887128133e-06,4.5859449974448,41.5967232328166,15.2350191162852,30.9476491139762,1
0.857167269769746,0.424698605508389,0.874383647527813,-0.857067792769115,-1.8,-0.024196924332274,-0.503684550253746,-4.39077528633429e-06,4.58602799324414,41.5967074038226,15.2350722756218,30.947663121445,1
0.857167269769746,0.424700854284867,0.874383776291189,-0.857068689704402,-1.8,-0.0244019037156705,-0.503573081997011,-4.48586078695474e-06,4.58610976048657,41.5966917145476,15.2351246187434,30.9476768562909,1
0.857167269769746,0.424703069620922,0.874383900495234,-0.857069591284422,-1.8,-0.0246062171751183,-0.503461996466588,-4.57979811226875e-06,4.58619032245047,41.5966761637596,15.2351761615638,30.9476903246463,1
0.857167269769746,0.424705252154632,0.874384020265999,-0.857070496930292,-1.8,-0.024809866788482,-0.503351292030543,-4.6725997511691e-06,4.58626970196981,41.5966607502232,15.2352269196844,30.9477035325086,1
0.857167269769746,0.424707402511808,0.874384135726384,-0.857071406085334,-1.8,-0.0250128546167777,-0.50324096707617,-4.7642779546416e-06,4.58634792144258,41.5966454727006,15.2352769084006,30.9477164857426,1
0.857167269769746,0.424709521306221,0.874384246996215,-0.857072318214402,-1.8,-0.0252151827047586,-0.503131020009483,-4.85484474746063e-06,4.58642500283895,41.5966303299522,15.2353261427071,30.9477291900841,1
0.857167269769746,0.424711609139833,0.874384354192312,-0.857073232803221,-1.8,-0.0254168530814803,-0.503021449254721,-4.9443119392832e-06,4.58650096770934,41.596615320737,15.2353746373044,30.9477416511419,1
0.857167269769746,0.42471366660302,0.874384457428565,-0.857074149357753,-1.8,-0.0256178677608476,-0.502912253253869,-5.03269113514959e-06,4.58657583719234,41.5966004438132,15.2354224066042,30.9477538744014,1
0.857167269769746,0.424715694274792,0.874384556816,-0.857075067403574,-1.8,-0.0258182287421412,-0.502803430466196,-5.1199937454572e-06,4.58664963202246,41.5965856979388,15.235469464735,30.9477658652263,1
0.857167269769746,0.424717692723011,0.87438465246285,-0.857075986485268,-1.8,-0.026017938010528,-0.502694979367798,-5.20623099538595e-06,4.58672237253772,41.5965710818717,15.2355158255475,30.947777628862,1
0.857167269769746,0.424719662504599,0.874384744474617,-0.857076906165844,-1.8,-0.0262169975375518,-0.502586898451157,-5.29141393383771e-06,4.58679407868718,41.5965565943709,15.2355615026202,30.9477891704379,1
0.857167269769746,0.424721604165748,0.874384832954141,-0.857077826026163,-1.8,-0.026415409281609,-0.50247918622472,-5.37555344187481e-06,4.58686477003818,41.5965422341962,15.2356065092647,30.9478004949698,1
0.857167269769746,0.424723518242122,0.874384918001662,-0.85707874566438,-1.8,-0.0266131751884056,-0.502371841212477,-5.45866024071531e-06,4.58693446578362,41.5965280001092,15.2356508585305,30.9478116073623,1
0.857167269769746,0.424725405259062,0.874384999714879,-0.857079664695409,-1.8,-0.0268102971913997,-0.502264861953559,-5.54074489927835e-06,4.58700318474898,41.5965138908732,15.2356945632106,30.9478225124117,1
0.857167269769746,0.424727265731775,0.874385078189015,-0.857080582750396,-1.8,-0.0270067772122277,-0.502158247001849,-5.62181784132497e-06,4.58707094539926,41.5964999052543,15.235737635846,30.9478332148075,1
0.857167269769746,0.424729100165532,0.874385153516873,-0.857081499476207,-1.8,-0.0272026171611152,-0.502051994925596,-5.70188935217524e-06,4.58713776584576,41.5964860420209,15.2357800887312,30.9478437191355,1
0.857167269769746,0.424730909055854,0.874385225788894,-0.857082414534938,-1.8,-0.0273978189372738,-0.501946104307048,-5.780969585069e-06,4.58720366385276,41.596472299945,15.2358219339181,30.9478540298797,1
0.857167269769746,0.424732692888699,0.874385295093215,-0.857083327603425,-1.8,-0.0275923844292829,-0.501840573742092,-5.85906856714862e-06,4.5872686568441,41.5964586778019,15.2358631832216,30.9478641514244,1
0.857167269769746,0.424734452140643,0.874385361515723,-0.85708423837278,-1.8,-0.0277863155154586,-0.501735401839903,-5.93619620509883e-06,4.58733276190955,41.5964451743707,15.2359038482237,30.9478740880565,1
0.857167269769746,0.424736187279057,0.874385425140108,-0.857085146547938,-1.8,-0.027979614064208,-0.501630587222606,-6.01236229045606e-06,4.58739599581116,41.5964317884347,15.2359439402781,30.9478838439677,1
0.857167269769746,0.424737898762287,0.874385486047917,-0.857086051847208,-1.8,-0.0281722819343722,-0.501526128524947,-6.0875765046088e-06,4.58745837498942,41.5964185187817,15.2359834705148,30.9478934232564,1
0.857167269769746,0.42473958703982,0.874385544318603,-0.857086954001847,-1.8,-0.0283643209755546,-0.501422024393969,-6.16184842348176e-06,4.58751991556934,41.5964053642044,15.2360224498442,30.9479028299296,1
0.857167269769746,0.424741252552454,0.874385600029579,-0.857087852755641,-1.8,-0.0285557330284391,-0.501318273488707,-6.2351875219619e-06,4.5875806333664,41.5963923235004,15.2360608889615,30.9479120679053,1
0.857167269769746,0.424742895732467,0.874385653256265,-0.857088747864501,-1.8,-0.028746519925095,-0.501214874479878,-6.30760317802693e-06,4.58764054389243,41.5963793954726,15.2360987983509,30.9479211410141,1
0.857167269769746,0.424744517003775,0.874385704072133,-0.857089639096063,-1.8,-0.0289366834892709,-0.501111826049597,-6.37910467663e-06,4.58769966236131,41.5963665789297,15.2361361882899,30.9479300530012,1
0.857167269769746,0.424746116782091,0.874385752548759,-0.857090526229311,-1.8,-0.0291262255366779,-0.501009126891085,-6.44970121333414e-06,4.5877580036946,41.596353872686,15.2361730688526,30.947938807528,1
0.857167269769746,0.424747695475086,0.874385798755867,-0.857091409054198,-1.8,-0.0293151478752612,-0.500906775708394,-6.51940189772438e-06,4.58781558252708,41.596341275562,15.2362094499147,30.9479474081744,1
0.857167269769746,0.424749253482536,0.874385842761369,-0.857092287371288,-1.8,-0.0295034523054621,-0.500804771216139,-6.58821575657872e-06,4.58787241321219,41.5963287863846,15.2362453411564,30.9479558584403,1
0.857167269769746,0.424750791196479,0.874385884631417,-0.857093160991405,-1.8,-0.0296911406204695,-0.500703112139239,-6.65615173684703e-06,4.58792850982731,41.5963164039869,15.2362807520669,30.9479641617473,1
0.857167269769746,0.424752309001355,0.874385924430439,-0.857094029735289,-1.8,-0.0298782146064612,-0.50060179721266,-6.72321870842954e-06,4.587983886179,41.5963041272089,15.2363156919476,30.9479723214404,1
0.857167269769746,0.424753807274156,0.874385962221181,-0.857094893433263,-1.8,-0.0300646760428368,-0.500500825181173,-6.78942546674667e-06,4.58803855580813,41.5962919548976,15.2363501699161,30.9479803407897,1
0.857167269769746,0.424755286384568,0.874385998064753,-0.857095751924916,-1.8,-0.0302505267024403,-0.500400194799112,-6.85478073515634e-06,4.5880925319949,41.5962798859069,15.2363841949097,30.9479882229921,1
0.857167269769746,0.424756746695106,0.874386032020663,-0.857096605058784,-1.8,-0.0304357683517744,-0.500299904830145,-6.91929316718333e-06,4.58814582776375,41.596267919098,15.2364177756888,30.947995971173,1
0.857167269769746,0.424758188561257,0.874386064146858,-0.85709745269205,-1.8,-0.0306204027512063,-0.500199954047048,-6.98297134859996e-06,4.58819845588825,41.5962560533396,15.2364509208405,30.9480035883874,1
0.857167269769746,0.424759612331608,0.874386094499763,-0.857098294690248,-1.8,-0.0308044316551643,-0.500100341231485,-7.04582379934892e-06,4.58825042889581,41.5962442875077,15.2364836387817,30.9480110776219,1
0.857167269769746,0.424761018347982,0.874386123134314,-0.857099130926975,-1.8,-0.0309878568123276,-0.500001065173802,-7.10785897531227e-06,4.58830175907236,41.5962326204864,15.2365159377628,30.948018441796,1
0.857167269769746,0.424762406945563,0.874386150104,-0.857099961283614,-1.8,-0.0311706799658075,-0.499902124672814,-7.16908526996987e-06,4.58835245846692,41.5962210511672,15.2365478258708,30.9480256837634,1
0.857167269769746,0.424763778453027,0.874386175460894,-0.857100785649064,-1.8,-0.0313529028533206,-0.49980351853561,-7.22951101590454e-06,4.58840253889607,41.59620957845,15.2365793110321,30.948032806314,1
0.857167269769746,0.424765133192664,0.874386199255688,-0.857101603919475,-1.8,-0.0315345272073559,-0.49970524557736,-7.2891444862045e-06,4.5884520119484,41.5961982012424,15.2366104010164,30.9480398121745,1
0.857167269769746,0.4247664714805,0.87438622153773,-0.857102415998,-1.8,-0.031715554755334,-0.499607304621125,-7.34799389574034e-06,4.58850088898878,41.5961869184605,15.236641103439,30.9480467040104,1
0.857167269769746,0.424767793626416,0.874386242355051,-0.857103221794539,-1.8,-0.0318959872197594,-0.499509694497675,-7.40606740233795e-06,4.58854918116263,41.5961757290285,15.2366714257642,30.948053484427,1
0.857167269769746,0.424769099934268,0.874386261754403,-0.857104021225505,-1.8,-0.0320758263183665,-0.499412414045313,-7.46337310785531e-06,4.58859689940008,41.596164631879,15.2367013753083,30.9480601559709,1
0.857167269769746,0.424770390701997,0.874386279781287,-0.85710481421359,-1.8,-0.0322550737642588,-0.499315462109706,-7.51991905915669e-06,4.58864405442004,41.5961536259533,15.2367309592422,30.9480667211313,1
0.857167269769746,0.42477166622175,0.874386296479986,-0.857105600687539,-1.8,-0.0324337312660428,-0.499218837543712,-7.57571324900057e-06,4.58869065673423,41.5961427102011,15.2367601845944,30.9480731823409,1
0.857167269769746,0.424772926779981,0.87438631189359,-0.85710638058193,-1.8,-0.0326118005279545,-0.499122539207225,-7.63076361684829e-06,4.58873671665108,41.5961318835806,15.2367890582541,30.9480795419777,1
0.857167269769746,0.424774172657569,0.874386326064032,-0.857107153836963,-1.8,-0.0327892832499814,-0.499026565967019,-7.6850780495853e-06,4.58878224427963,41.596121145059,15.236817586973,30.9480858023657,1
0.857167269769746,0.424775404129919,0.874386339032112,-0.85710792039825,-1.8,-0.0329661811279779,-0.498930916696589,-7.7386643821787e-06,4.58882724953328,41.5961104936122,15.2368457773692,30.9480919657763,1
0.857167269769746,0.424776621467067,0.874386350837526,-0.857108680216618,-1.8,-0.0331424958537762,-0.498835590276012,-7.79153039826011e-06,4.5888717421335,41.5960999282247,15.2368736359287,30.9480980344296,1
0.857167269769746,0.424777824933785,0.874386361518895,-0.857109433247917,-1.8,-0.0333182291152911,-0.498740585591799,-7.84368383064448e-06,4.58891573161353,41.5960894478902,15.2369011690087,30.948104010495,1
0.857167269769746,0.424779014789682,0.874386371113789,-0.857110179452824,-1.8,-0.0334933825966204,-0.498645901536759,-7.89513236179177e-06,4.5889592273219,41.5960790516111,15.23692838284,30.9481098960931,1
0.857167269769746,0.424780191289299,0.874386379658753,-0.857110918796669,-1.8,-0.0336679579781399,-0.498551537009867,-7.94588362420794e-06,4.58900223842596,41.596068738399,15.236955283529,30.948115693296,1
0.857167269769746,0.42478135468221,0.874386387189334,-0.85711165124925,-1.8,-0.0338419569365943,-0.498457490916128,-7.99594520080329e-06,4.58904477391531,41.5960585072743,15.2369818770608,30.9481214041289,1
0.857167269769746,0.424782505213115,0.874386393740107,-0.857112376784668,-1.8,-0.0340153811451827,-0.498363762166457,-8.04532462519409e-06,4.58908684260524,41.5960483572665,15.2370081693011,30.9481270305707,1
0.857167269769746,0.424783643121936,0.874386399344695,-0.857113095381155,-1.8,-0.0341882322736405,-0.498270349677552,-8.09402938196118e-06,4.58912845313995,41.5960382874143,15.2370341659988,30.9481325745555,1
0.857167269769746,0.424784768643903,0.874386404035795,-0.857113807020916,-1.8,-0.0343605119883168,-0.498177252371781,-8.14206690686932e-06,4.58916961399589,41.5960282967653,15.237059872788,30.9481380379732,1
0.857167269769746,0.424785882009651,0.874386407845203,-0.857114511689972,-1.8,-0.0345322219522474,-0.498084469177061,-8.18944458705506e-06,4.58921033348489,41.5960183843762,15.2370852951906,30.9481434226706,1
0.857167269769746,0.424786983445303,0.874386410803833,-0.857115209378005,-1.8,-0.0347033638252239,-0.497991999026753,-8.23616976116083e-06,4.58925061975734,41.5960085493131,15.2371104386183,30.9481487304523,1
0.857167269769746,0.424788073172557,0.874386412941741,-0.857115900078216,-1.8,-0.0348739392638599,-0.49789984085955,-8.28224971945728e-06,4.58929048080524,41.595998790651,15.2371353083745,30.9481539630817,1
0.857167269769746,0.424789151408774,0.874386414288145,-0.857116583787178,-1.8,-0.0350439499216519,-0.497807993619373,-8.32769170393048e-06,4.58932992446523,41.5959891074739,15.2371599096572,30.9481591222821,1
0.857167269769746,0.424790218367058,0.874386414871449,-0.8571172605047,-1.8,-0.035213397449038,-0.497716456255272,-8.37250290832948e-06,4.58936895842152,41.5959794988754,15.23718424756,30.9481642097369,1
0.857167269769746,0.42479127425634,0.87438641471926,-0.857117930233694,-1.8,-0.0353822834934527,-0.497625227721327,-8.41669047821232e-06,4.58940759020883,41.5959699639577,15.2372083270751,30.9481692270915,1
0.857167269769746,0.424792319281456,0.87438641385841,-0.857118592980043,-1.8,-0.0355506096993784,-0.497534306976552,-8.4602615109488e-06,4.58944582721522,41.5959605018325,15.2372321530948,30.948174175953,1
0.857167269769746,0.424793353643226,0.874386412314975,-0.857119248752476,-1.8,-0.0357183777083937,-0.497443692984805,-8.50322305571751e-06,4.58948367668491,41.5959511116205,15.2372557304133,30.9481790578921,1
0.857167269769746,0.424794377538534,0.874386410114292,-0.857119897562448,-1.8,-0.0358855891592184,-0.497353384714697,-8.54558211347949e-06,4.58952114572097,41.5959417924515,15.2372790637293,30.9481838744432,1
0.857167269769746,0.424795391160399,0.874386407280983,-0.85712053942402,-1.8,-0.0360522456877565,-0.497263381139508,-8.5873456369353e-06,4.58955824128809,41.5959325434645,15.2373021576471,30.9481886271055,1
0.857167269769746,0.424796394698054,0.874386403838968,-0.857121174353749,-1.8,-0.0362183489271352,-0.497173681237101,-8.62852053047734e-06,4.58959497021515,41.5959233638074,15.2373250166789,30.9481933173437,1
0.857167269769746,0.424797388337014,0.874386399811483,-0.85712180237057,-1.8,-0.0363839005077418,-0.497084283989843,-8.66911365011002e-06,4.58963133919784,41.5959142526372,15.2373476452465,30.9481979465886,1
0.857167269769746,0.424798372259151,0.874386395221102,-0.857122423495697,-1.8,-0.0365489020572576,-0.496995188384527,-8.70913180338626e-06,4.58966735480123,41.5959052091201,15.2373700476831,30.9482025162383,1
0.857167269769746,0.424799346642765,0.874386390089748,-0.857123037752515,-1.8,-0.0367133552006902,-0.496906393412294,-8.74858174931501e-06,4.58970302346223,41.5958962324312,15.2373922282349,30.9482070276585,1
0.857167269769746,0.424800311662647,0.874386384438713,-0.85712364516648,-1.8,-0.036877261560402,-0.496817898068562,-8.78747019826459e-06,4.58973835149203,41.5958873217545,15.2374141910632,30.9482114821834,1
0.857167269769746,0.424801267490153,0.874386378288674,-0.857124245765025,-1.8,-0.0370406227561374,-0.496729701352953,-8.82580381186692e-06,4.58977334507855,41.595878476283,15.2374359402454,30.9482158811162,1
0.857167269769746,0.424802214293267,0.874386371659707,-0.857124839577461,-1.8,-0.0372034404050473,-0.496641802269228,-8.86358920291791e-06,4.58980801028874,41.5958696952188,15.2374574797773,30.9482202257302,1
0.857167269769746,0.424803152236665,0.874386364571304,-0.857125426634892,-1.8,-0.0373657161217118,-0.496554199825215,-8.90083293525834e-06,4.58984235307096,41.5958609777725,15.2374788135744,30.9482245172691,1
0.857167269769746,0.424804081481782,0.874386357042387,-0.857126006970124,-1.8,-0.0375274515181604,-0.49646689303275,-8.93754152367266e-06,4.58987637925717,41.595852323164,15.2374999454735,30.9482287569476,1
0.857167269769746,0.424805002186871,0.874386349091322,-0.85712658061758,-1.8,-0.0376886482038902,-0.496379880907609,-8.9737214337784e-06,4.58991009456523,41.5958437306216,15.2375208792343,30.9482329459525,1
0.857167269769746,0.424805914507067,0.874386340735935,-0.857127147613219,-1.8,-0.0378493077858829,-0.496293162469455,-9.0093790819016e-06,4.58994350460104,41.5958351993825,15.2375416185407,30.9482370854429,1
0.857167269769746,0.424806818594445,0.874386331993527,-0.857127707994457,-1.8,-0.0380094318686192,-0.496206736741774,-9.0445208349825e-06,4.5899766148607,41.5958267286929,15.2375621670028,30.9482411765508,1
0.857167269769746,0.424807714598082,0.874386322880881,-0.857128261800087,-1.8,-0.0381690220540917,-0.49612060275182,-9.07915301045572e-06,4.5900094307326,41.5958183178072,15.2375825281577,30.9482452203821,1
0.857167269769746,0.424808602664109,0.874386313414285,-0.857128809070211,-1.8,-0.0383280799418164,-0.496034759530561,-9.1132818761381e-06,4.59004195749951,41.5958099659887,15.2376027054715,30.9482492180168,1
0.857167269769746,0.424809482935776,0.874386303609536,-0.85712934984616,-1.8,-0.0384866071288421,-0.495949206112627,-9.14691365013718e-06,4.59007420034059,41.5958016725094,15.2376227023404,30.9482531705096,1
0.857167269769746,0.424810355553501,0.874386293481958,-0.857129884170433,-1.8,-0.0386446052097586,-0.49586394153626,-9.18005450074224e-06,4.59010616433336,41.5957934366495,15.237642522092,30.9482570788909,1
0.857167269769746,0.424811220654928,0.874386283046415,-0.857130412086626,-1.8,-0.0388020757767036,-0.495778964843258,-9.21271054632543e-06,4.59013785445568,41.5957852576979,15.237662167987,30.9482609441666,1
0.857167269769746,0.424812078374979,0.874386272317316,-0.857130933639365,-1.8,-0.0389590204193674,-0.495694275078937,-9.24488785524919e-06,4.59016927558765,41.5957771349519,15.2376816432203,30.9482647673193,1
0.857167269769746,0.424812928845907,0.874386261308636,-0.85713144887425,-1.8,-0.0391154407249975,-0.495609871292077,-9.27659244578877e-06,4.59020043251346,41.5957690677172,15.237700950922,30.9482685493087,1
0.857167269769746,0.42481377219735,0.874386250033921,-0.857131957837789,-1.8,-0.0392713382784005,-0.495525752534884,-9.30783028604307e-06,4.5902313299233,41.5957610553078,15.2377200941594,30.9482722910717,1
0.857167269769746,0.424814608556376,0.874386238506302,-0.857132460577342,-1.8,-0.0394267146619442,-0.49544191786294,-9.33860729386033e-06,4.59026197241508,41.5957530970458,15.2377390759376,30.9482759935234,1
0.857167269769746,0.424815438047539,0.874386226738505,-0.857132957141067,-1.8,-0.0395815714555574,-0.495358366335167,-9.368929336772e-06,4.59029236449627,41.5957451922619,15.237757899201,30.9482796575572,1
0.857167269769746,0.424816260792925,0.874386214742861,-0.857133447577861,-1.8,-0.039735910236729,-0.495275097013785,-9.39880223193393e-06,4.59032251058561,41.5957373402945,15.2377765668344,30.9482832840457,1
0.857167269769746,0.424817076912197,0.874386202531317,-0.857133931937312,-1.8,-0.0398897325805064,-0.495192108964272,-9.4282317460687e-06,4.59035241501481,41.5957295404904,15.2377950816643,30.9482868738409,1
0.857167269769746,0.424817886522647,0.874386190115449,-0.857134410269646,-1.8,-0.0400430400594922,-0.495109401255326,-9.45722359542455e-06,4.59038208203026,41.5957217922044,15.2378134464601,30.9482904277746,1
0.857167269769746,0.424818689739238,0.874386177506466,-0.857134882625682,-1.8,-0.0401958342438406,-0.495026972958832,-9.48578344573245e-06,4.59041151579463,41.5957140947991,15.2378316639348,30.9482939466589,1
0.857167269769746,0.424819486674652,0.874386164715225,-0.857135349056779,-1.8,-0.0403481167012523,-0.494944823149825,-9.51391691218111e-06,4.59044072038848,41.5957064476452,15.2378497367467,30.948297431287,1
0.857167269769746,0.424820277439332,0.874386151752236,-0.857135809614798,-1.8,-0.0404998889969693,-0.494862950906454,-9.54162955939174e-06,4.59046969981191,41.5956988501212,15.2378676675001,30.948300882433,1
0.857167269769746,0.424821062141527,0.874386138627676,-0.857136264352052,-1.8,-0.0406511526937678,-0.494781355309954,-9.5689269014112e-06,4.59049845798601,41.5956913016134,15.2378854587465,30.9483043008529,1
0.857167269769746,0.424821840887333,0.874386125351394,-0.857136713321271,-1.8,-0.0408019093519514,-0.494700035444609,-9.59581440169748e-06,4.59052699875446,41.5956838015156,15.2379031129856,30.9483076872845,1
0.857167269769746,0.424822613780736,0.874386111932921,-0.857137156575553,-1.8,-0.040952160529343,-0.494618990397725,-9.62229747313559e-06,4.590555325885,41.5956763492297,15.2379206326664,30.9483110424483,1
0.857167269769746,0.424823380923653,0.87438609838148,-0.857137594168333,-1.8,-0.0411019077812761,-0.494538219259602,-9.64838147804641e-06,4.59058344307089,41.5956689441649,15.2379380201881,30.9483143670477,1
0.857167269769746,0.424824142415972,0.874386084705991,-0.857138026153343,-1.8,-0.0412511526605855,-0.494457721123499,-9.67407172821203e-06,4.59061135393232,41.5956615857379,15.2379552779012,30.948317661769,1
0.857167269769746,0.424824898355592,0.874386070915082,-0.857138452584574,-1.8,-0.0413998967175972,-0.494377495085614,-9.69937348490003e-06,4.59063906201789,41.595654273373,15.2379724081083,30.9483209272826,1
0.857167269769746,0.424825648838458,0.874386057017097,-0.857138873516243,-1.8,-0.0415481415001181,-0.494297540245053,-9.72429195891177e-06,4.59066657080593,41.5956470065019,15.2379894130653,30.9483241642426,1
0.857167269769746,0.424826393958605,0.874386043020101,-0.857139289002761,-1.8,-0.0416958885534248,-0.494217855703805,-9.74883231063252e-06,4.59069388370589,41.5956397845635,15.238006294982,30.9483273732874,1
0.857167269769746,0.424827133808192,0.87438602893189,-0.857139699098699,-1.8,-0.0418431394202523,-0.494138440566718,-9.77299965008547e-06,4.59072100405965,41.5956326070043,15.2380230560235,30.9483305550404,1
0.857167269769746,0.424827868477537,0.874386014759999,-0.857140103858759,-1.8,-0.0419898956407814,-0.494059293941476,-9.79679903700076e-06,4.59074793514285,41.5956254732775,15.2380396983105,30.9483337101099,1
0.857167269769746,0.424828598055156,0.874386000511704,-0.857140503337741,-1.8,-0.0421361587526267,-0.493980414938574,-9.82023548089477e-06,4.59077468016615,41.595618382844,15.2380562239206,30.9483368390895,1
0.857167269769746,0.424829322627796,0.874385986194037,-0.857140897590519,-1.8,-0.0422819302908237,-0.493901802671295,-9.84331394115546e-06,4.59080124227651,41.5956113351712,15.238072634889,30.9483399425588,1
0.857167269769746,0.42483004228047,0.874385971813786,-0.857141286672013,-1.8,-0.0424272117878151,-0.493823456255692,-9.86603932713632e-06,4.5908276245584,41.5956043297341,15.2380889332094,30.9483430210831,1
0.857167269769746,0.424830757096493,0.874385957377505,-0.85714167063716,-1.8,-0.0425720047734376,-0.493745374810566,-9.88841649826264e-06,4.59085383003502,41.5955973660141,15.2381051208347,30.9483460752144,1
0.857167269769746,0.42483146715751,0.87438594289152,-0.857142049540891,-1.8,-0.0427163107749078,-0.493667557457442,-9.91045026414152e-06,4.59087986166952,41.5955904434998,15.238121199678,30.9483491054913,1
0.857167269769746,0.424832172543533,0.874385928361933,-0.857142423438107,-1.8,-0.0428601313168078,-0.493590003320556,-9.93214538467997e-06,4.59090572236608,41.5955835616865,15.2381371716133,30.9483521124393,1
0.857167269769746,0.424832873332973,0.874385913794632,-0.857142792383658,-1.8,-0.0430034679210709,-0.493512711526833,-9.95350657022222e-06,4.59093141497115,41.5955767200763,15.2381530384763,30.9483550965711,1
0.857167269769746,0.424833569602669,0.874385899195295,-0.857143156432315,-1.8,-0.0431463221069666,-0.493435681205867,-9.97453848168219e-06,4.59095694227453,41.5955699181778,15.2381688020651,30.9483580583873,1
0.857167269769746,0.424834261427918,0.874385884569396,-0.857143515638755,-1.8,-0.0432886953910856,-0.493358911489909,-9.99524573069568e-06,4.59098230701043,41.5955631555064,15.2381844641409,30.948360998376,1
0.857167269769746,0.424834948882509,0.874385869922209,-0.857143870057539,-1.8,-0.0434305892873249,-0.493282401513844,-1.00156328797688e-05,4.59100751185863,41.595556431584,15.238200026429,30.9483639170137,1
0.857167269769746,0.424835632038748,0.874385855258819,-0.857144219743091,-1.8,-0.043572005306872,-0.493206150415182,-1.00357044424429e-05,4.59103255944547,41.5955497459389,15.2382154906193,30.9483668147651,1
0.857167269769746,0.424836310967493,0.874385840584119,-0.857144564749682,-1.8,-0.0437129449581895,-0.493130157334034,-1.0055464883464e-05,4.59105745234493,41.5955430981058,15.2382308583669,30.9483696920838,1
0.857167269769746,0.424836985738176,0.874385825902823,-0.857144905131411,-1.8,-0.0438534097469995,-0.493054421413104,-1.00749186189673e-05,4.59108219307963,41.5955364876257,15.2382461312933,30.9483725494121,1
0.857167269769746,0.424837656418833,0.874385811219468,-0.857145240942187,-1.8,-0.0439934011762676,-0.492978941797671,-1.00940700166557e-05,4.59110678412183,41.5955299140461,15.2382613109863,30.9483753871816,1
0.857167269769746,0.424838323076133,0.874385796538418,-0.857145572235717,-1.8,-0.0441329207461871,-0.492903717635576,-1.01129233959973e-05,4.59113122789441,41.5955233769204,15.2382763990014,30.9483782058134,1
0.857167269769746,0.424838985775404,0.874385781863871,-0.857145899065486,-1.8,-0.044271969954163,-0.492828748077209,-1.01314830284264e-05,4.59115552677185,41.5955168758082,15.2382913968621,30.9483810057181,1
0.857167269769746,0.42483964458066,0.874385767199862,-0.857146221484746,-1.8,-0.0444105502947958,-0.492754032275493,-1.01497531375479e-05,4.59117968308115,41.5955104102754,15.2383063060603,30.9483837872963,1
0.857167269769746,0.424840299554624,0.874385752550269,-0.8571465395465,-1.8,-0.0445486632598657,-0.492679569385875,-1.01677378993578e-05,4.59120369910278,41.5955039798937,15.2383211280576,30.9483865509389,1
0.857167269769746,0.424840950758756,0.874385737918817,-0.85714685330349,-1.8,-0.0446863103383159,-0.492605358566312,-1.01854414424577e-05,4.59122757707154,41.5954975842406,15.2383358642853,30.9483892970269,1
0.857167269769746,0.424841598253278,0.874385723309082,-0.857147162808184,-1.8,-0.044823493016237,-0.492531398977259,-1.0202867848292e-05,4.59125131917754,41.5954912228999,15.2383505161453,30.9483920259321,1
0.857167269769746,0.424842242097196,0.874385708724496,-0.857147468112766,-1.8,-0.0449602127768504,-0.492457689781659,-1.02200211513752e-05,4.59127492756696,41.5954848954607,15.2383650850106,30.9483947380171,1
0.857167269769746,0.424842882348326,0.874385694168353,-0.857147769269119,-1.8,-0.0450964711004924,-0.492384230144931,-1.02369053395345e-05,4.59129840434301,41.5954786015182,15.2383795722259,30.9483974336354,1
0.857167269769746,0.424843519063317,0.874385679643806,-0.857148066328822,-1.8,-0.045232269464598,-0.492311019234959,-1.02535243541567e-05,4.59132175156671,41.5954723406732,15.2383939791082,30.9484001131317,1
0.857167269769746,0.424844152297673,0.874385665153882,-0.857148359343134,-1.8,-0.0453676093436845,-0.492238056222083,-1.02698820904428e-05,4.59134497125774,41.595466112532,15.2384083069473,30.9484027768425,1
0.857167269769746,0.424844782105779,0.874385650701475,-0.85714864836299,-1.8,-0.0455024922093361,-0.492165340279088,-1.02859823976687e-05,4.59136806539523,41.5954599167065,15.2384225570062,30.9484054250955,1
0.857167269769746,0.424845408540916,0.874385636289357,-0.857148933438984,-1.8,-0.0456369195301871,-0.492092870581196,-1.03018290794388e-05,4.59139103591858,41.5954537528141,15.2384367305223,30.9484080582105,1
0.857167269769746,0.424846031655291,0.874385621920181,-0.85714921462137,-1.8,-0.0457708927719066,-0.492020646306053,-1.03174258939702e-05,4.59141388472823,41.5954476204776,15.2384508287068,30.9484106764991,1
0.857167269769746,0.424846651500052,0.874385607596478,-0.857149491960045,-1.8,-0.0459044133971823,-0.491948666633726,-1.03327765543506e-05,4.59143661368639,41.5954415193253,15.2384648527463,30.9484132802654,1
0.857167269769746,0.424847268125313,0.874385593320671,-0.857149765504549,-1.8,-0.0460374828657049,-0.491876930746689,-1.0347884728835e-05,4.59145922461785,41.5954354489904,15.2384788038027,30.9484158698056,1
0.857167269769746,0.424847881580172,0.87438557909507,-0.857150035304053,-1.8,-0.0461701026341523,-0.491805437829817,-1.03627540411156e-05,4.59148171931068,41.5954294091118,15.2384926830138,30.9484184454087,1
0.857167269769746,0.424848491912731,0.874385564921878,-0.857150301407356,-1.8,-0.0463022741561745,-0.491734187070379,-1.0377388070618e-05,4.59150409951695,41.5954233993333,15.238506491494,30.9484210073563,1
0.857167269769746,0.424849099170118,0.874385550803195,-0.857150563862875,-1.8,-0.0464339988823775,-0.491663177658026,-1.03917903527891e-05,4.59152636695342,41.5954174193039,15.2385202303344,30.948423555923,1
0.857167269769746,0.424849703398504,0.874385536741021,-0.857150822718642,-1.8,-0.0465652782603085,-0.49159240878479,-1.04059643794046e-05,4.59154852330231,41.5954114686775,15.2385339006036,30.9484260913762,1
0.857167269769746,0.424850304643123,0.874385522737258,-0.857151078022298,-1.8,-0.0466961137344408,-0.491521879645071,-1.04199135988588e-05,4.59157057021187,41.5954055471131,15.238547503348,30.948428613977,1
0.857167269769746,0.42485090294829,0.874385508793715,-0.85715132982109,-1.8,-0.0468265067461583,-0.49145158943563,-1.04336414164749e-05,4.59159250929716,41.5953996542746,15.2385610395923,30.9484311239795,1
0.857167269769746,0.424851498357421,0.874385494912107,-0.857151578161861,-1.8,-0.0469564587337411,-0.491381537355587,-1.04471511948126e-05,4.5916143421406,41.5953937898309,15.2385745103399,30.9484336216316,1
0.857167269769746,0.424852090913047,0.874385481094064,-0.857151823091053,-1.8,-0.0470859711323507,-0.491311722606411,-1.0460446253983e-05,4.5916360702927,41.5953879534554,15.2385879165734,30.9484361071748,1
0.857167269769746,0.424852680656836,0.874385467341126,-0.857152064654696,-1.8,-0.0472150453740154,-0.491242144391911,-1.04735298719626e-05,4.59165769527264,41.5953821448265,15.2386012592548,30.9484385808444,1
0.857167269769746,0.424853267629607,0.874385453654752,-0.857152302898411,-1.8,-0.0473436828876159,-0.491172801918236,-1.04864052849139e-05,4.5916792185689,41.5953763636272,15.2386145393264,30.9484410428697,1
0.857167269769746,0.424853851871349,0.874385440036322,-0.857152537867402,-1.8,-0.0474718850988712,-0.491103694393863,-1.04990756875031e-05,4.59170064163987,41.5953706095451,15.2386277577106,30.9484434934744,1
0.857167269769746,0.424854433421236,0.874385426487135,-0.857152769606455,-1.8,-0.0475996534303248,-0.491034821029595,-1.05115442332294e-05,4.59172196591444,41.5953648822724,15.2386409153107,30.9484459328761,1
0.857167269769746,0.424855012317643,0.874385413008417,-0.857152998159938,-1.8,-0.0477269893013302,-0.490966181038553,-1.05238140347495e-05,4.5917431927926,41.5953591815057,15.2386540130112,30.9484483612871,1
0.857167269769746,0.424855588598164,0.874385399601318,-0.857153223571792,-1.8,-0.0478538941280383,-0.490897773636171,-1.05358881642095e-05,4.59176432364597,41.5953535069463,15.2386670516782,30.9484507789141,1
0.857167269769746,0.424856162299627,0.874385386266921,-0.857153445885536,-1.8,-0.047980369323383,-0.490829598040192,-1.05477696535737e-05,4.59178535981843,41.5953478582997,15.2386800321597,30.9484531859585,1
0.857167269769746,0.424856733458105,0.874385373006237,-0.857153665144262,-1.8,-0.0481064162970687,-0.490761653470659,-1.05594614949615e-05,4.59180630262659,41.5953422352757,15.2386929552859,30.9484555826165,1
0.857167269769746,0.424857302108939,0.874385359820212,-0.857153881390634,-1.8,-0.0482320364555567,-0.490693939149916,-1.0570966640987e-05,4.5918271533604,41.5953366375886,15.2387058218698,30.9484579690792,1
0.857167269769746,0.424857868286745,0.87438534670973,-0.857154094666885,-1.8,-0.0483572312020529,-0.490626454302596,-1.05822880050895e-05,4.59184791328363,41.5953310649567,15.2387186327075,30.9484603455329,1
0.857167269769746,0.424858432025433,0.87438533367561,-0.85715430501482,-1.8,-0.048482001936495,-0.490559198155621,-1.05934284618831e-05,4.59186858363443,41.5953255171026,15.2387313885782,30.9484627121589,1
0.857167269769746,0.424858993358219,0.874385320718612,-0.857154512475811,-1.8,-0.04860635005554,-0.490492169938194,-1.06043908474893e-05,4.5918891656258,41.595319993753,15.238744090245,30.9484650691338,1
0.857167269769746,0.424859552317642,0.874385307839439,-0.857154717090802,-1.8,-0.0487302769525521,-0.490425368881798,-1.06151779598812e-05,4.59190966044612,41.5953144946386,15.2387567384551,30.9484674166296,1
0.857167269769746,0.424860108935574,0.874385295038738,-0.8571549189003,-1.8,-0.0488537840175909,-0.490358794220189,-1.06257925592372e-05,4.59193006925963,41.5953090194943,15.23876933394,30.948469754814,1
0.857167269769746,0.424860663243233,0.8743852823171,-0.857155117944384,-1.8,-0.0489768726373996,-0.490292445189389,-1.06362373682742e-05,4.5919503932069,41.5953035680587,15.2387818774157,30.94847208385,1
0.857167269769746,0.4248612152712,0.874385269675065,-0.8571553142627,-1.8,-0.0490995441953934,-0.490226321027689,-1.06465150726022e-05,4.59197063340532,41.5952981400745,15.2387943695834,30.9484744038964,1
0.857167269769746,0.424861765049429,0.874385257113124,-0.857155507894461,-1.8,-0.0492218000716484,-0.490160420975638,-1.06566283210662e-05,4.59199079094956,41.5952927352881,15.2388068111296,30.9484767151081,1
0.857167269769746,0.42486231260726,0.874385244631716,-0.857155698878451,-1.8,-0.0493436416428906,-0.490094744276039,-1.06665797261006e-05,4.592010866912,41.5952873534499,15.2388192027265,30.9484790176355,1
0.857167269769746,0.424862857973432,0.874385232231237,-0.857155887253021,-1.8,-0.0494650702824848,-0.490029290173951,-1.06763718640681e-05,4.59203086234322,41.595281994314,15.2388315450318,30.9484813116254,1
0.857167269769746,0.424863401176094,0.874385219912033,-0.857156073056095,-1.8,-0.0495860873604244,-0.489964057916677,-1.06860072756215e-05,4.59205077827237,41.595276657638,15.2388438386899,30.9484835972204,1
0.857167269769746,0.424863942242818,0.874385207674411,-0.857156256325165,-1.8,-0.0497066942433207,-0.489899046753768,-1.06954884660469e-05,4.59207061570769,41.5952713431833,15.2388560843314,30.9484858745596,1
0.857167269769746,0.424864481200609,0.874385195518631,-0.857156437097297,-1.8,-0.0498268922943932,-0.489834255937011,-1.07048179056066e-05,4.59209037563682,41.5952660507151,15.2388682825737,30.9484881437782,1
0.857167269769746,0.424865018075921,0.874385183444917,-0.85715661540913,-1.8,-0.0499466828734595,-0.489769684720432,-1.07139980299009e-05,4.59211005902732,41.5952607800017,15.2388804340213,30.9484904050078,1
0.857167269769746,0.42486555289466,0.874385171453449,-0.857156791296877,-1.8,-0.0500660673369257,-0.489705332360288,-1.07230312402111e-05,4.59212966682697,41.5952555308154,15.2388925392658,30.9484926583766,1
0.857167269769746,0.424866085682203,0.874385159544373,-0.85715696479633,-1.8,-0.050185047037777,-0.489641198115064,-1.07319199038529e-05,4.59214919996428,41.5952503029316,15.2389045988865,30.9484949040094,1
0.857167269769746,0.424866616463405,0.874385147717797,-0.857157135942854,-1.8,-0.0503036233255685,-0.489577281245472,-1.07406663545229e-05,4.59216865934876,41.5952450961292,15.2389166134506,30.9484971420274,1
0.857167269769746,0.424867145262609,0.874385135973794,-0.857157304771399,-1.8,-0.0504217975464166,-0.489513581014445,-1.0749272892653e-05,4.59218804587139,41.5952399101906,15.2389285835133,30.9484993725487,1
0.857167269769746,0.424867672103659,0.874385124312402,-0.857157471316492,-1.8,-0.0505395710429899,-0.489450096687131,-1.07577417857516e-05,4.59220736040495,41.5952347449013,15.238940509618,30.9485015956883,1
0.857167269769746,0.424868197009906,0.874385112733629,-0.857157635612244,-1.8,-0.050656945154501,-0.489386827530896,-1.07660752687596e-05,4.59222660380441,41.5952296000503,15.2389523922967,30.948503811558,1
0.857167269769746,0.424868720004224,0.87438510123745,-0.857157797692355,-1.8,-0.0507739212166983,-0.489323772815314,-1.07742755443956e-05,4.59224577690725,41.5952244754296,15.2389642320704,30.9485060202665,1
0.857167269769746,0.424869241109014,0.874385089823811,-0.857157957590108,-1.8,-0.050890500561858,-0.489260931812167,-1.07823447834985e-05,4.59226488053387,41.5952193708346,15.2389760294488,30.9485082219197,1
0.857167269769746,0.424869760346215,0.874385078492628,-0.857158115338378,-1.8,-0.0510066845187765,-0.489198303795441,-1.07902851253848e-05,4.59228391548789,41.5952142860636,15.2389877849311,30.9485104166204,1
0.857167269769746,0.424870277737317,0.874385067243789,-0.857158270969633,-1.8,-0.0511224744127627,-0.489135888041322,-1.07980986781846e-05,4.59230288255649,41.5952092209182,15.2389994990058,30.9485126044689,1
0.857167269769746,0.424870793303366,0.874385056077157,-0.857158424515932,-1.8,-0.051237871565631,-0.489073683828193,-1.08057875191896e-05,4.59232178251078,41.595204175203,15.2390111721513,30.9485147855624,1
0.857167269769746,0.424871307064973,0.874385044992568,-0.857158576008935,-1.8,-0.0513528772956939,-0.489011690436631,-1.08133536951981e-05,4.5923406161061,41.5951991487254,15.2390228048358,30.9485169599958,1
0.857167269769746,0.424871819042328,0.874385033989833,-0.8571587254799,-1.8,-0.051467492917756,-0.488949907149402,-1.08207992228547e-05,4.59235938408231,41.5951941412961,15.2390343975175,30.948519127861,1
0.857167269769746,0.4248723292552,0.874385023068743,-0.857158872959686,-1.8,-0.0515817197431065,-0.48888833325146,-1.08281260889919e-05,4.59237808716417,41.5951891527286,15.2390459506451,30.9485212892477,1
0.857167269769746,0.424872837722955,0.874385012229061,-0.857159018478757,-1.8,-0.0516955590795138,-0.488826968029941,-1.08353362509775e-05,4.5923967260616,41.595184182839,15.2390574646578,30.9485234442428,1
0.857167269769746,0.424873344464556,0.874385001470533,-0.857159162067188,-1.8,-0.0518090122312187,-0.488765810774163,-1.08424316370423e-05,4.59241530146998,41.5951792314466,15.2390689399854,30.9485255929312,1
0.857167269769746,0.42487384949858,0.874384990792881,-0.85715930375466,-1.8,-0.051922080498929,-0.48870486077562,-1.08494141466237e-05,4.59243381407047,41.5951742983734,15.2390803770488,30.9485277353951,1
0.857167269769746,0.424874352843215,0.87438498019581,-0.857159443570471,-1.8,-0.052034765179814,-0.488644117327979,-1.0856285650701e-05,4.5924522645303,41.595169383444,15.2390917762599,30.9485298717144,1
0.857167269769746,0.424874854516278,0.874384969679005,-0.857159581543531,-1.8,-0.0521470675674986,-0.488583579727077,-1.0863047992129e-05,4.59247065350302,41.5951644864859,15.2391031380218,30.9485320019671,1
0.857167269769746,0.424875354535217,0.874384959242131,-0.857159717702374,-1.8,-0.0522589889520586,-0.48852324727092,-1.08697029859692e-05,4.59248898162881,41.5951596073292,15.2391144627294,30.9485341262286,1
0.857167269769746,0.42487585291712,0.874384948884839,-0.857159852075154,-1.8,-0.0523705306200159,-0.488463119259676,-1.08762524198263e-05,4.59250724953475,41.5951547458067,15.239125750769,30.9485362445725,1
0.857167269769746,0.424876349678724,0.874384938606761,-0.857159984689648,-1.8,-0.0524816938543333,-0.488403194995673,-1.08826980541735e-05,4.59252545783506,41.5951499017537,15.2391370025186,30.9485383570702,1
0.857167269769746,0.424876844836419,0.874384928407515,-0.857160115573266,-1.8,-0.0525924799344105,-0.488343473783397,-1.08890416226791e-05,4.59254360713142,41.5951450750081,15.2391482183486,30.9485404637909,1
0.857167269769746,0.424877338406257,0.874384918286704,-0.857160244753046,-1.8,-0.0527028901360796,-0.488283954929489,-1.08952848325339e-05,4.59256169801317,41.5951402654103,15.2391593986213,30.9485425648022,1
0.857167269769746,0.424877830403961,0.874384908243915,-0.857160372255663,-1.8,-0.0528129257316012,-0.488224637742737,-1.09014293647774e-05,4.59257973105759,41.5951354728033,15.2391705436914,30.9485446601695,1
0.857167269769746,0.424878320844927,0.874384898278723,-0.857160498107427,-1.8,-0.0529225879896607,-0.488165521534079,-1.09074768746176e-05,4.59259770683013,41.5951306970324,15.239181653906,30.9485467499565,1
0.857167269769746,0.424878809744235,0.874384888390689,-0.857160622334292,-1.8,-0.0530318781753645,-0.488106605616597,-1.09134289917497e-05,4.59261562588468,41.5951259379453,15.2391927296052,30.9485488342249,1
0.857167269769746,0.424879297116654,0.874384878579364,-0.857160744961855,-1.8,-0.0531407975502368,-0.488047889305512,-1.0919287320676e-05,4.59263348876379,41.5951211953924,15.2392037711214,30.9485509130348,1
0.857167269769746,0.424879782976647,0.874384868844286,-0.85716086601536,-1.8,-0.0532493473722163,-0.487989371918182,-1.09250534410234e-05,4.59265129599891,41.595116469226,15.2392147787804,30.9485529864445,1
0.857167269769746,0.424880267338381,0.874384859184981,-0.857160985519702,-1.8,-0.0533575288956535,-0.487931052774102,-1.09307289078535e-05,4.59266904811061,41.595111759301,15.2392257529009,30.9485550545107,1
0.857167269769746,0.424880750215729,0.874384849600967,-0.857161103499433,-1.8,-0.0534653433713078,-0.487872931194893,-1.09363152519775e-05,4.59268674560881,41.5951070654744,15.239236693795,30.9485571172882,1
0.857167269769746,0.42488123162228,0.87438484009175,-0.857161219978758,-1.8,-0.0535727920463452,-0.487815006504307,-1.09418139802641e-05,4.59270438899301,41.5951023876055,15.239247601768,30.9485591748306,1
0.857167269769746,0.42488171157134,0.874384830656829,-0.857161334981547,-1.8,-0.0536798761643356,-0.487757278028219,-1.09472265759508e-05,4.59272197875247,41.595097725556,15.239258477119,30.9485612271895,1
0.857167269769746,0.424882190075945,0.874384821295693,-0.85716144853133,-1.8,-0.053786596965251,-0.487699745094622,-1.09525544989424e-05,4.59273951536649,41.5950930791894,15.2392693201405,30.9485632744155,1
0.857167269769746,0.424882667148858,0.874384812007823,-0.857161560651308,-1.8,-0.0538929556854637,-0.487642407033628,-1.09577991861179e-05,4.59275699930453,41.5950884483717,15.2392801311191,30.9485653165572,1
0.857167269769746,0.424883142802583,0.874384802792693,-0.857161671364352,-1.8,-0.0539989535577445,-0.487585263177464,-1.09629620516289e-05,4.59277443102649,41.5950838329707,15.2392909103351,30.9485673536621,1
0.857167269769746,0.424883617049365,0.87438479364977,-0.857161780693007,-1.8,-0.0541045918112608,-0.487528312860465,-1.09680444872041e-05,4.59279181098286,41.5950792328565,15.2393016580631,30.9485693857763,1
0.857167269769746,0.424884089901196,0.874384784578512,-0.857161888659494,-1.8,-0.0542098716715762,-0.487471555419072,-1.09730478624377e-05,4.59280913961494,41.5950746479011,15.2393123745717,30.9485714129444,1
0.857167269769746,0.424884561369824,0.874384775578375,-0.857161995285717,-1.8,-0.0543147943606485,-0.487414990191832,-1.09779735250865e-05,4.59282641735502,41.5950700779786,15.2393230601241,30.9485734352096,1
0.857167269769746,0.424885031466753,0.874384766648806,-0.857162100593265,-1.8,-0.0544193610968293,-0.48735861651939,-1.09828228013609e-05,4.59284364462658,41.5950655229651,15.2393337149776,30.9485754526142,1
0.857167269769746,0.424885500203252,0.874384757789248,-0.857162204603412,-1.8,-0.0545235730948632,-0.487302433744487,-1.09875969962124e-05,4.59286082184446,41.5950609827385,15.2393443393843,30.9485774651987,1
0.857167269769746,0.424885967590359,0.874384748999138,-0.857162307337126,-1.8,-0.0546274315658871,-0.487246441211957,-1.09922973936212e-05,4.59287794941505,41.5950564571788,15.239354933591,30.948579473003,1
0.857167269769746,0.424886433638884,0.874384740277911,-0.857162408815067,-1.8,-0.0547309377174304,-0.487190638268724,-1.09969252568792e-05,4.59289502773646,41.5950519461678,15.2393654978392,30.9485814760652,1
0.857167269769746,0.424886898359416,0.874384731624996,-0.857162509057596,-1.8,-0.0548340927534139,-0.487135024263797,-1.10014818288715e-05,4.59291205719869,41.5950474495892,15.2393760323654,30.9485834744226,1
0.857167269769746,0.424887361762327,0.874384723039819,-0.857162608084771,-1.8,-0.0549368978741509,-0.487079598548266,-1.10059683323599e-05,4.59292903818384,41.5950429673285,15.239386537401,30.9485854681113,1
0.857167269769746,0.424887823857777,0.874384714521802,-0.857162705916358,-1.8,-0.0550393542763466,-0.487024360475301,-1.10103859702463e-05,4.5929459710662,41.5950384992729,15.2393970131727,30.9485874571664,1
0.857167269769746,0.424888284655716,0.874384706070364,-0.857162802571829,-1.8,-0.0551414631530988,-0.486969309400146,-1.1014735925865e-05,4.59296285621248,41.5950340453116,15.2394074599024,30.9485894416217,1
0.857167269769746,0.424888744165893,0.874384697684922,-0.857162898070369,-1.8,-0.0552432256938986,-0.486914444680116,-1.10190193632348e-05,4.59297969398196,41.5950296053354,15.2394178778072,30.9485914215102,1
0.857167269769746,0.424889202397857,0.874384689364892,-0.857162992430876,-1.8,-0.0553446430846309,-0.486859765674593,-1.1023237427342e-05,4.59299648472661,41.5950251792369,15.2394282670997,30.9485933968638,1
0.857167269769746,0.424889659360961,0.874384681109685,-0.857163085671965,-1.8,-0.0554457165075756,-0.486805271745024,-1.10273912444043e-05,4.59301322879129,41.5950207669103,15.2394386279882,30.9485953677134,1
0.857167269769746,0.424890115064368,0.874384672918712,-0.857163177811976,-1.8,-0.0555464471414083,-0.486750962254915,-1.10314819221241e-05,4.59302992651386,41.5950163682516,15.2394489606765,30.948597334089,1
0.857167269769746,0.424890569517054,0.874384664791384,-0.857163268868969,-1.8,-0.0556468361612018,-0.486696836569827,-1.10355105499654e-05,4.59304657822535,41.5950119831583,15.2394592653641,30.9485992960195,1
0.857167269769746,0.424891022727812,0.874384656727108,-0.857163358860734,-1.8,-0.0557468847384275,-0.486642894057376,-1.10394781993951e-05,4.59306318425013,41.5950076115295,15.2394695422465,30.9486012535332,1
0.857167269769746,0.424891474705258,0.874384648725292,-0.857163447804793,-1.8,-0.0558465940409569,-0.486589134087226,-1.10433859241581e-05,4.59307974490599,41.5950032532661,15.2394797915148,30.9486032066573,1
0.857167269769746,0.42489192545783,0.874384640785343,-0.857163535718399,-1.8,-0.0559459652330637,-0.486535556031084,-1.10472347605167e-05,4.59309626050433,41.5949989082704,15.2394900133565,30.9486051554183,1
0.857167269769746,0.424892374993797,0.874384632906668,-0.857163622618545,-1.8,-0.0560449994754249,-0.486482159262699,-1.10510257275026e-05,4.59311273135028,41.5949945764462,15.2395002079548,30.9486070998417,1
0.857167269769746,0.424892823321258,0.874384625088673,-0.857163708521964,-1.8,-0.0561436979251238,-0.486428943157859,-1.10547598271702e-05,4.59312915774284,41.594990257699,15.2395103754896,30.9486090399523,1
0.857167269769746,0.424893270448152,0.874384617330766,-0.857163793445133,-1.8,-0.0562420617356515,-0.486375907094382,-1.10584380448432e-05,4.59314553997498,41.5949859519355,15.2395205161365,30.9486109757741,1
0.857167269769746,0.424893716382254,0.874384609632353,-0.857163877404276,-1.8,-0.0563400920569096,-0.486323050452117,-1.10620613493459e-05,4.59316187833383,41.5949816590642,15.2395306300677,30.9486129073304,1
0.857167269769746,0.424894161131183,0.874384601992843,-0.857163960415367,-1.8,-0.0564377900352128,-0.486270372612939,-1.10656306932593e-05,4.59317817310074,41.5949773789949,15.239540717452,30.9486148346436,1
0.857167269769746,0.424894604702405,0.874384594411644,-0.857164042494132,-1.8,-0.0565351568132911,-0.486217872960744,-1.10691470131507e-05,4.59319442455146,41.5949731116387,15.2395507784545,30.9486167577357,1
0.857167269769746,0.424895047103235,0.874384586888166,-0.857164123656055,-1.8,-0.0566321935302932,-0.486165550881443,-1.10726112298073e-05,4.5932106329562,41.5949688569082,15.2395608132368,30.9486186766276,1
0.857167269769746,0.424895488340843,0.87438457942182,-0.85716420391638,-1.8,-0.0567289013217891,-0.486113405762965,-1.10760242484713e-05,4.59322679857982,41.5949646147175,15.2395708219574,30.9486205913399,1
0.857167269769746,0.424895928422251,0.874384572012018,-0.857164283290112,-1.8,-0.0568252813197731,-0.486061436995244,-1.10793869590752e-05,4.59324292168189,41.5949603849818,15.2395808047715,30.9486225018922,1
0.857167269769746,0.424896367354345,0.874384564658175,-0.857164361792023,-1.8,-0.0569213346526675,-0.486009643970222,-1.10827002364638e-05,4.59325900251682,41.5949561676178,15.2395907618309,30.9486244083038,1
0.857167269769746,0.42489680514387,0.874384557359705,-0.857164439436652,-1.8,-0.0570170624453253,-0.485958026081841,-1.10859649406161e-05,4.59327504133399,41.5949519625435,15.2396006932844,30.9486263105931,1
0.857167269769746,0.42489724179744,0.874384550116026,-0.85716451623831,-1.8,-0.0571124658190345,-0.485906582726041,-1.10891819168745e-05,4.59329103837782,41.5949477696781,15.2396105992779,30.948628208778,1
0.857167269769746,0.424897677321532,0.874384542926558,-0.857164592211085,-1.8,-0.0572075458915209,-0.485855313300754,-1.10923519961643e-05,4.59330699388792,41.5949435889422,15.2396204799541,30.948630102876,1
0.857167269769746,0.4248981117225,0.874384535790724,-0.857164667368839,-1.8,-0.0573023037769526,-0.485804217205901,-1.10954759952038e-05,4.59332290809919,41.5949394202575,15.2396303354529,30.9486319929038,1
0.857167269769746,0.424898545006568,0.874384528707946,-0.857164741725217,-1.8,-0.0573967405859433,-0.48575329384339,-1.1098554716728e-05,4.59333878124187,41.594935263547,15.2396401659114,30.9486338788775,1
0.857167269769746,0.424898977179839,0.874384521677653,-0.857164815293646,-1.8,-0.0574908574255568,-0.485702542617106,-1.11015889496977e-05,4.59335461354172,41.5949311187349,15.2396499714637,30.948635760813,1
0.857167269769746,0.424899408248295,0.874384514699272,-0.85716488808734,-1.8,-0.0575846553993109,-0.485651962932911,-1.1104579469508e-05,4.59337040522006,41.5949269857467,15.2396597522413,30.9486376387254,1
0.857167269769746,0.4248998382178,0.874384507772237,-0.857164960119303,-1.8,-0.0576781356071817,-0.485601554198642,-1.11075270381976e-05,4.59338615649388,41.5949228645088,15.2396695083733,30.9486395126294,1
0.857167269769746,0.424900267094102,0.874384500895983,-0.857165031402328,-1.8,-0.057771299145608,-0.485551315824101,-1.11104324046506e-05,4.59340186757595,41.5949187549489,15.2396792399857,30.9486413825391,1
0.857167269769746,0.424900694882838,0.874384494069947,-0.857165101949007,-1.8,-0.0578641471074959,-0.485501247221054,-1.11132963048053e-05,4.59341753867491,41.5949146569958,15.2396889472024,30.9486432484684,1
0.857167269769746,0.424901121589535,0.87438448729357,-0.857165171771725,-1.8,-0.0579566805822231,-0.485451347803226,-1.11161194618498e-05,4.59343316999535,41.5949105705796,15.2396986301445,30.9486451104305,1
0.857167269769746,0.42490154721961,0.874384480566297,-0.857165240882671,-1.8,-0.0580489006556442,-0.485401616986298,-1.11189025864143e-05,4.5934487617379,41.5949064956312,15.2397082889309,30.9486469684382,1
0.857167269769746,0.424901971778377,0.874384473887575,-0.857165309293835,-1.8,-0.0581408084100952,-0.4853520541879,-1.11216463767813e-05,4.59346431409931,41.5949024320826,15.239717923678,30.9486488225039,1
0.857167269769746,0.424902395271046,0.874384467256855,-0.857165377017014,-1.8,-0.0582324049243983,-0.48530265882761,-1.11243515190607e-05,4.59347982727259,41.5948983798671,15.2397275345,30.9486506726398,1
0.857167269769746,0.424902817702727,0.874384460673592,-0.857165444063813,-1.8,-0.0583236912738673,-0.485253430326946,-1.11270186873895e-05,4.59349530144701,41.5948943389188,15.2397371215087,30.9486525188572,1
0.857167269769746,0.424903239078432,0.874384454137244,-0.857165510445647,-1.8,-0.0584146685303126,-0.485204368109363,-1.11296485441231e-05,4.59351073680824,41.594890309173,15.2397466848137,30.9486543611675,1
0.857167269769746,0.424903659403075,0.874384447647271,-0.857165576173747,-1.8,-0.0585053377620467,-0.485155471600252,-1.11322417400147e-05,4.59352613353841,41.5948862905657,15.2397562245226,30.9486561995815,1
0.857167269769746,0.424904078681477,0.874384441203141,-0.857165641259158,-1.8,-0.0585957000338893,-0.48510674022693,-1.11347989143948e-05,4.5935414918162,41.5948822830342,15.2397657407408,30.9486580341097,1
0.857167269769746,0.424904496918369,0.874384434804321,-0.857165705712745,-1.8,-0.0586857564071729,-0.485058173418637,-1.11373206953663e-05,4.5935568118169,41.5948782865167,15.2397752335715,30.9486598647622,1
0.857167269769746,0.424904914118389,0.874384428450284,-0.857165769545195,-1.8,-0.0587755079397485,-0.485009770606536,-1.11398076999711e-05,4.59357209371252,41.5948743009523,15.2397847031161,30.9486616915488,1
0.857167269769746,0.42490533028609,0.874384422140508,-0.857165832767018,-1.8,-0.0588649556859909,-0.484961531223702,-1.11422605343631e-05,4.59358733767181,41.5948703262809,15.2397941494739,30.9486635144789,1
0.857167269769746,0.424905745425937,0.874384415874474,-0.857165895388551,-1.8,-0.0589541006968051,-0.484913454705121,-1.11446797939953e-05,4.59360254386039,41.5948663624436,15.2398035727423,30.9486653335616,1
0.857167269769746,0.424906159542313,0.874384409651665,-0.85716595741996,-1.8,-0.0590429440196317,-0.484865540487687,-1.11470660637823e-05,4.59361771244077,41.5948624093821,15.239812973017,30.9486671488059,1
0.857167269769746,0.424906572639518,0.874384403471572,-0.857166018871243,-1.8,-0.0591314866984529,-0.484817788010193,-1.11494199182734e-05,4.59363284357247,41.5948584670394,15.2398223503916,30.9486689602203,1
0.857167269769746,0.424906984721772,0.874384397333687,-0.857166079752229,-1.8,-0.0592197297737987,-0.484770196713331,-1.11517419218118e-05,4.59364793741205,41.5948545353588,15.239831704958,30.9486707678129,1
0.857167269769746,0.424907395793218,0.874384391237507,-0.857166140072588,-1.8,-0.0593076742827532,-0.484722766039682,-1.11540326287144e-05,4.59366299411318,41.5948506142851,15.2398410368064,30.9486725715918,1
0.857167269769746,0.424907805857921,0.874384385182534,-0.857166199841823,-1.8,-0.0593953212589601,-0.484675495433718,-1.11562925834215e-05,4.59367801382674,41.5948467037634,15.2398503460254,30.9486743715647,1
0.857167269769746,0.424908214919873,0.874384379168273,-0.857166259069284,-1.8,-0.05948267173263,-0.484628384341793,-1.11585223206628e-05,4.59369299670083,41.5948428037399,15.2398596327017,30.9486761677391,1
0.857167269769746,0.424908622982991,0.874384373194234,-0.857166317764158,-1.8,-0.0595697267305462,-0.484581432212138,-1.11607223656116e-05,4.5937079428809,41.5948389141616,15.2398688969205,30.948677960122,1
0.857167269769746,0.424909030051122,0.874384367259932,-0.857166375935483,-1.8,-0.0596564872760711,-0.48453463849486,-1.11628932340511e-05,4.59372285250974,41.5948350349762,15.2398781387654,30.9486797487206,1
0.857167269769746,0.424909436128045,0.874384361364885,-0.857166433592142,-1.8,-0.0597429543891531,-0.484488002641932,-1.11650354325166e-05,4.5937377257276,41.5948311661324,15.2398873583186,30.9486815335414,1
0.857167269769746,0.424909841217468,0.874384355508616,-0.857166490742868,-1.8,-0.0598291290863331,-0.484441524107195,-1.11671494584509e-05,4.59375256267219,41.5948273075793,15.2398965556604,30.9486833145911,1
0.857167269769746,0.424910245323035,0.874384349690653,-0.857166547396246,-1.8,-0.059915012380751,-0.484395202346346,-1.11692358003585e-05,4.59376736347881,41.5948234592671,15.23990573087,30.9486850918759,1
0.857167269769746,0.424910648448324,0.874384343910526,-0.857166603560718,-1.8,-0.0600006052821529,-0.48434903681694,-1.11712949379502e-05,4.59378212828036,41.5948196211466,15.2399148840251,30.9486868654019,1
0.857167269769746,0.424911050596849,0.874384338167773,-0.857166659244579,-1.8,-0.0600859087968976,-0.48430302697838,-1.11733273422897e-05,4.59379685720737,41.5948157931694,15.2399240152018,30.948688635175,1
0.857167269769746,0.424911451772064,0.874384332461933,-0.857166714455987,-1.8,-0.0601709239279635,-0.484257172291916,-1.11753334759327e-05,4.59381155038814,41.5948119752877,15.239933124475,30.9486904012009,1
0.857167269769746,0.424911851977362,0.874384326792553,-0.857166769202956,-1.8,-0.060255651674956,-0.484211472220638,-1.11773137930747e-05,4.5938262079487,41.5948081674546,15.2399422119182,30.9486921634851,1
0.857167269769746,0.424912251216077,0.874384321159181,-0.857166823493366,-1.8,-0.0603400930341141,-0.484165926229471,-1.11792687396892e-05,4.59384083001293,41.5948043696236,15.2399512776037,30.9486939220329,1
0.857167269769746,0.424912649491484,0.874384315561371,-0.857166877334963,-1.8,-0.0604242489983179,-0.484120533785173,-1.11811987536645e-05,4.59385541670256,41.5948005817493,15.2399603216023,30.9486956768495,1
0.857167269769746,0.424913046806804,0.874384309998682,-0.857166930735356,-1.8,-0.0605081205570954,-0.484075294356327,-1.11831042649386e-05,4.59386996813727,41.5947968037865,15.2399693439838,30.9486974279399,1
0.857167269769746,0.424913443165203,0.874384304470677,-0.857166983702027,-1.8,-0.0605917086966301,-0.484030207413338,-1.11849856956326e-05,4.5938844844347,41.5947930356909,15.2399783448167,30.948699175309,1
0.857167269769746,0.424913838569791,0.874384298976924,-0.857167036242327,-1.8,-0.0606750143997684,-0.483985272428427,-1.11868434601859e-05,4.59389896571051,41.594789277419,15.2399873241682,30.9487009189613,1
0.857167269769746,0.424914233023629,0.874384293516994,-0.85716708836348,-1.8,-0.0607580386460264,-0.483940488875628,-1.11886779654813e-05,4.59391341207844,41.5947855289277,15.2399962821045,30.9487026589016,1
0.857167269769746,0.424914626529725,0.874384288090463,-0.857167140072587,-1.8,-0.0608407824115979,-0.483895856230781,-1.11904896109756e-05,4.59392782365032,41.5947817901745,15.2400052186907,30.9487043951341,1
0.857167269769746,0.424915019091038,0.874384282696913,-0.857167191376623,-1.8,-0.0609232466693619,-0.483851373971529,-1.11922787888297e-05,4.59394220053618,41.5947780611176,15.2400141339907,30.9487061276632,1
0.857167269769746,0.424915410710478,0.874384277335929,-0.857167242282444,-1.8,-0.0610054323888896,-0.483807041577311,-1.11940458840267e-05,4.5939565428442,41.594774341716,15.2400230280673,30.9487078564929,1
0.857167269769746,0.424915801390907,0.874384272007102,-0.857167292796785,-1.8,-0.0610873405364526,-0.483762858529361,-1.11957912744955e-05,4.59397085068086,41.5947706319289,15.2400319009823,30.9487095816275,1
0.857167269769746,0.424916191135143,0.874384266710024,-0.857167342926264,-1.8,-0.0611689720750302,-0.483718824310698,-1.11975153312328e-05,4.59398512415089,41.5947669317164,15.2400407527967,30.9487113030706,1
0.857167269769746,0.424916579945956,0.874384261444296,-0.857167392677383,-1.8,-0.0612503279643176,-0.483674938406124,-1.11992184184214e-05,4.59399936335737,41.5947632410389,15.2400495835701,30.9487130208262,1
0.857167269769746,0.424916967826075,0.874384256209521,-0.857167442056532,-1.8,-0.0613314091607328,-0.48363120030222,-1.12009008935482e-05,4.59401356840174,41.5947595598576,15.2400583933615,30.9487147348979,1
0.857167269769746,0.424917354778183,0.874384251005306,-0.857167491069986,-1.8,-0.0614122166174253,-0.483587609487339,-1.12025631075206e-05,4.59402773938385,41.5947558881341,15.2400671822287,30.9487164452893,1
0.857167269769746,0.424917740804924,0.874384245831264,-0.857167539723911,-1.8,-0.0614927512842833,-0.483544165451601,-1.12042054047759e-05,4.59404187640201,41.5947522258307,15.2400759502287,30.948718152004,1
0.857167269769746,0.424918125908898,0.87438424068701,-0.857167588024365,-1.8,-0.0615730141079421,-0.483500867686892,-1.12058281233968e-05,4.594055979553,41.59474857291,15.2400846974177,30.9487198550453,1
0.857167269769746,0.424918510092669,0.874384235572168,-0.857167635977298,-1.8,-0.0616530060317919,-0.483457715686852,-1.12074315952244e-05,4.59407004893215,41.5947449293352,15.2400934238509,30.9487215544165,1
0.857167269769746,0.424918893358759,0.87438423048636,-0.857167683588554,-1.8,-0.0617327279959854,-0.483414708946877,-1.12090161459593e-05,4.59408408463331,41.5947412950702,15.2401021295826,30.9487232501209,1
0.857167269769746,0.424919275709654,0.874384225429219,-0.857167730863875,-1.8,-0.0618121809374464,-0.483371846964111,-1.12105820952735e-05,4.59409808674895,41.5947376700792,15.2401108146665,30.9487249421617,1
0.857167269769746,0.424919657147801,0.874384220400377,-0.8571677778089,-1.8,-0.0618913657898777,-0.483329129237439,-1.12121297569131e-05,4.59411205537018,41.5947340543268,15.2401194791552,30.9487266305418,1
0.857167269769746,0.424920037675613,0.874384215399473,-0.857167824429168,-1.8,-0.0619702834837691,-0.483286555267487,-1.12136594388059e-05,4.59412599058675,41.5947304477784,15.2401281231008,30.9487283152644,1
0.857167269769746,0.424920417295468,0.87438421042615,-0.85716787073012,-1.8,-0.0620489349464055,-0.483244124556613,-1.12151714431623e-05,4.59413989248713,41.5947268503996,15.2401367465544,30.9487299963324,1
0.857167269769746,0.424920796009708,0.874384205480055,-0.857167916717097,-1.8,-0.0621273211018753,-0.483201836608903,-1.12166660665696e-05,4.59415376115849,41.5947232621565,15.2401453495666,30.9487316737485,1
0.857167269769746,0.424921173820643,0.87438420056084,-0.857167962395348,-1.8,-0.0622054428710788,-0.483159690930166,-1.12181436000988e-05,4.5941675966868,41.5947196830159,15.240153932187,30.9487333475158,1
0.857167269769746,0.424921550730551,0.87438419566816,-0.857168007770025,-1.8,-0.0622833011717359,-0.483117687027931,-1.12196043294015e-05,4.5941813991568,41.5947161129447,15.2401624944646,30.9487350176369,1
0.857167269769746,0.424921926741677,0.874384190801675,-0.857168052846189,-1.8,-0.0623608969183948,-0.483075824411439,-1.12210485347974e-05,4.59419516865204,41.5947125519104,15.240171036448,30.9487366841145,1
0.857167269769746,0.424922301856235,0.874384185961049,-0.857168097628809,-1.8,-0.0624382310224404,-0.483034102591639,-1.12224764913813e-05,4.59420890525496,41.594708999881,15.2401795581846,30.9487383469513,1
0.857167269769746,0.424922676076411,0.874384181145951,-0.857168142122764,-1.8,-0.0625153043921025,-0.482992521081184,-1.12238884691066e-05,4.59422260904685,41.5947054568248,15.2401880597217,30.94874000615,1
0.857167269769746,0.424923049404359,0.874384176356052,-0.857168186332847,-1.8,-0.0625921179324642,-0.482951079394427,-1.12252847328815e-05,4.59423628010794,41.5947019227106,15.2401965411055,30.9487416617131,1
0.857167269769746,0.424923421842207,0.87438417159103,-0.857168230263761,-1.8,-0.0626686725454702,-0.482909777047411,-1.12266655426523e-05,4.59424991851737,41.5946983975075,15.2402050023818,30.9487433136431,1
0.857167269769746,0.424923793392055,0.874384166850565,-0.857168273920126,-1.8,-0.0627449691299358,-0.48286861355787,-1.12280311535016e-05,4.59426352435325,41.5946948811852,15.2402134435959,30.9487449619426,1
0.857167269769746,0.424924164055973,0.874384162134342,-0.857168317306477,-1.8,-0.0628210085815547,-0.48282758844522,-1.12293818157275e-05,4.59427709769272,41.5946913737135,15.2402218647923,30.948746606614,1
0.857167269769746,0.424924533836007,0.874384157442049,-0.857168360427267,-1.8,-0.062896791792908,-0.482786701230555,-1.12307177749375e-05,4.59429063861189,41.5946878750629,15.2402302660152,30.9487482476597,1
0.857167269769746,0.424924902734179,0.87438415277338,-0.857168403286866,-1.8,-0.0629723196534725,-0.482745951436644,-1.12320392721233e-05,4.59430414718595,41.594684385204,15.2402386473079,30.9487498850821,1
0.857167269769746,0.424925270752483,0.87438414812803,-0.857168445889567,-1.8,-0.0630475930496293,-0.482705338587923,-1.12333465437503e-05,4.59431762348913,41.594680904108,15.2402470087135,30.9487515188837,1
0.857167269769746,0.42492563789289,0.874384143505702,-0.857168488239582,-1.8,-0.0631226128646724,-0.482664862210491,-1.12346398218382e-05,4.59433106759479,41.5946774317463,15.2402553502744,30.9487531490668,1
0.857167269769746,0.424926004157347,0.874384138906099,-0.857168530341046,-1.8,-0.0631973799788176,-0.482624521832106,-1.12359193340399e-05,4.59434447957538,41.5946739680907,15.2402636720324,30.9487547756337,1
0.857167269769746,0.424926369547778,0.874384134328931,-0.857168572198019,-1.8,-0.0632718952692105,-0.482584316982179,-1.12371853037209e-05,4.5943578595025,41.5946705131134,15.2402719740292,30.9487563985868,1
0.857167269769746,0.424926734066086,0.874384129773909,-0.857168613814485,-1.8,-0.0633461596099358,-0.482544247191769,-1.12384379500385e-05,4.59437120744692,41.5946670667868,15.2402802563056,30.9487580179283,1
0.857167269769746,0.42492709771415,0.87438412524075,-0.857168655194354,-1.8,-0.0634201738720256,-0.482504311993578,-1.12396774880208e-05,4.59438452347858,41.5946636290839,15.2402885189021,30.9487596336605,1
0.857167269769746,0.42492746049383,0.874384120729175,-0.857168696341466,-1.8,-0.0634939389234681,-0.482464510921947,-1.12409041286347e-05,4.59439780766666,41.5946601999777,15.2402967618587,30.9487612457857,1
0.857167269769746,0.424927822406964,0.874384116238906,-0.857168737259587,-1.8,-0.0635674556292165,-0.482424843512849,-1.12421180788653e-05,4.59441106007954,41.5946567794418,15.2403049852152,30.9487628543062,1
0.857167269769746,0.42492818345537,0.874384111769672,-0.857168777952416,-1.8,-0.0636407248511977,-0.482385309303885,-1.12433195417866e-05,4.59442428078486,41.59465336745,15.2403131890106,30.9487644592242,1
0.857167269769746,0.424928543640846,0.874384107321204,-0.85716881842358,-1.8,-0.0637137474483209,-0.482345907834281,-1.1244508716637e-05,4.59443746984954,41.5946499639763,15.2403213732838,30.948766060542,1
0.857167269769746,0.424928902965173,0.874384102893237,-0.85716885867664,-1.8,-0.0637865242764864,-0.482306638644879,-1.12456857988857e-05,4.59445062733978,41.5946465689952,15.2403295380732,30.9487676582618,1
0.857167269769746,0.424929261430113,0.87438409848551,-0.857168898715092,-1.8,-0.0638590561885945,-0.482267501278135,-1.12468509803002e-05,4.5944637533211,41.5946431824814,15.2403376834166,30.9487692523859,1
0.857167269769746,0.424929619037408,0.874384094097765,-0.857168938542364,-1.8,-0.0639313440345543,-0.482228495278112,-1.12480044490202e-05,4.59447684785834,41.5946398044099,15.2403458093518,30.9487708429165,1
0.857167269769746,0.424929975788785,0.874384089729748,-0.85716897816182,-1.8,-0.0640033886612922,-0.482189620190476,-1.12491463896245e-05,4.5944899110157,41.5946364347561,15.2403539159159,30.9487724298559,1
0.857167269769746,0.424930331685953,0.874384085381208,-0.857169017576762,-1.8,-0.0640751909127611,-0.482150875562494,-1.12502769831898e-05,4.59450294285673,41.5946330734954,15.2403620031459,30.9487740132063,1
0.857167269769746,0.424930686730606,0.874384081051899,-0.857169056790429,-1.8,-0.0641467516299491,-0.482112260943021,-1.12513964073598e-05,4.59451594344439,41.5946297206037,15.2403700710783,30.9487755929699,1
0.857167269769746,0.42493104092442,0.874384076741576,-0.857169095806,-1.8,-0.0642180716508881,-0.482073775882503,-1.12525048364142e-05,4.59452891284103,41.5946263760572,15.2403781197493,30.948777169149,1
0.857167269769746,0.424931394269056,0.87438407245,-0.857169134626593,-1.8,-0.0642891518106631,-0.482035419932969,-1.12536024413211e-05,4.5945418511084,41.5946230398323,15.2403861491948,30.9487787417459,1
0.857167269769746,0.424931746766161,0.874384068176934,-0.857169173255266,-1.8,-0.0643599929414207,-0.481997192648024,-1.12546893898073e-05,4.59455475830771,41.5946197119055,15.2403941594503,30.9487803107629,1
0.857167269769746,0.424932098417367,0.874384063922145,-0.857169211695022,-1.8,-0.0644305958723779,-0.481959093582848,-1.12557658464122e-05,4.59456763449961,41.5946163922538,15.2404021505513,30.9487818762022,1
0.857167269769746,0.424932449224292,0.874384059685403,-0.857169249948803,-1.8,-0.0645009614298317,-0.481921122294188,-1.12568319725508e-05,4.59458047974424,41.5946130808542,15.2404101225325,30.948783438066,1
0.857167269769746,0.424932799188539,0.874384055466481,-0.857169288019499,-1.8,-0.0645710904371667,-0.481883278340353,-1.1257887926575e-05,4.59459329410118,41.5946097776843,15.2404180754287,30.9487849963568,1
0.857167269769746,0.424933148311699,0.874384051265156,-0.857169325909941,-1.8,-0.0646409837148655,-0.481845561281211,-1.12589338638251e-05,4.59460607762955,41.5946064827217,15.2404260092744,30.9487865510769,1
0.857167269769746,0.424933496595351,0.874384047081207,-0.857169363622909,-1.8,-0.0647106420805161,-0.481807970678182,-1.12599699366894e-05,4.59461883038796,41.5946031959441,15.2404339241036,30.9487881022285,1
0.857167269769746,0.424933844041058,0.874384042914419,-0.857169401161127,-1.8,-0.0647800663488221,-0.481770506094236,-1.12609962946578e-05,4.59463155243455,41.5945999173297,15.2404418199503,30.948789649814,1
0.857167269769746,0.424934190650374,0.874384038764576,-0.85716943852727,-1.8,-0.0648492573316108,-0.481733167093882,-1.12620130843829e-05,4.59464424382702,41.5945966468568,15.2404496968481,30.9487911938358,1
0.857167269769746,0.42493453642484,0.874384034631469,-0.857169475723959,-1.8,-0.0649182158378424,-0.481695953243171,-1.12630204497232e-05,4.59465690462259,41.5945933845039,15.2404575548303,30.9487927342962,1
0.857167269769746,0.424934881365986,0.874384030514891,-0.857169512753766,-1.8,-0.0649869426736186,-0.481658864109685,-1.12640185318054e-05,4.59466953487809,41.5945901302498,15.2404653939303,30.9487942711977,1
0.857167269769746,0.424935225475331,0.874384026414636,-0.857169549619211,-1.8,-0.0650554386421923,-0.481621899262533,-1.126500746907e-05,4.59468213464989,41.5945868840735,15.2404732141808,30.9487958045426,1
0.857167269769746,0.424935568754382,0.874384022330504,-0.857169586322768,-1.8,-0.0651237045439754,-0.481585058272349,-1.12659873973258e-05,4.59469470399399,41.5945836459541,15.2404810156146,30.9487973343335,1
0.857167269769746,0.424935911204637,0.874384018262297,-0.857169622866862,-1.8,-0.0651917411765487,-0.481548340711283,-1.1266958449798e-05,4.59470724296598,41.5945804158709,15.2404887982642,30.9487988605727,1
0.857167269769746,0.424936252827585,0.874384014209818,-0.85716965925387,-1.8,-0.0652595493346703,-0.481511746153,-1.12679207571766e-05,4.59471975162107,41.5945771938036,15.240496562162,30.9488003832628,1
0.857167269769746,0.424936593624701,0.874384010172876,-0.857169695486125,-1.8,-0.0653271298102847,-0.481475274172673,-1.12688744476695e-05,4.59473223001411,41.594573979732,15.2405043073399,30.9488019024062,1
0.857167269769746,0.424936933597456,0.874384006151281,-0.857169731565912,-1.8,-0.0653944833925316,-0.481438924346976,-1.12698196470435e-05,4.59474467819957,41.5945707736359,15.24051203383,30.9488034180055,1
0.857167269769746,0.424937272747307,0.874384002144848,-0.857169767495473,-1.8,-0.0654616108677548,-0.481402696254084,-1.12707564786758e-05,4.59475709623161,41.5945675754955,15.240519741664,30.9488049300632,1
0.857167269769746,0.424937611075706,0.874383998153391,-0.857169803277005,-1.8,-0.0655285130195115,-0.481366589473663,-1.12716850635983e-05,4.59476948416402,41.5945643852911,15.2405274308733,30.9488064385819,1
0.857167269769746,0.424937948584094,0.87438399417673,-0.857169838912663,-1.8,-0.0655951906285805,-0.481330603586868,-1.12726055205363e-05,4.59478184205028,41.5945612030033,15.2405351014895,30.9488079435641,1
0.857167269769746,0.424938285273905,0.874383990214688,-0.857169874404559,-1.8,-0.0656616444729718,-0.481294738176339,-1.12735179659664e-05,4.59479416994358,41.5945580286127,15.2405427535437,30.9488094450127,1
0.857167269769746,0.424938621146565,0.874383986267088,-0.857169909754764,-1.8,-0.0657278753279352,-0.481258992826193,-1.12744225141487e-05,4.59480646789676,41.5945548621002,15.240550387067,30.94881094293,1
0.857167269769746,0.424938956203491,0.874383982333758,-0.857169944965308,-1.8,-0.065793883965969,-0.48122336712202,-1.12753192771759e-05,4.5948187359624,41.5945517034468,15.2405580020902,30.948812437319,1
0.857167269769746,0.424939290446095,0.874383978414529,-0.85716998003818,-1.8,-0.0658596711568296,-0.48118786065088,-1.12762083650046e-05,4.59483097419279,41.5945485526336,15.2405655986442,30.9488139281822,1
0.857167269769746,0.424939623875779,0.874383974509232,-0.85717001497533,-1.8,-0.0659252376675395,-0.481152473001297,-1.12770898855131e-05,4.59484318263995,41.594545409642,15.2405731767596,30.9488154155224,1
0.857167269769746,0.424939956493939,0.874383970617704,-0.85717004977867,-1.8,-0.0659905842623967,-0.481117203763253,-1.12779639445256e-05,4.59485536135561,41.5945422744535,15.2405807364668,30.9488168993423,1
0.857167269769746,0.424940288301967,0.874383966739782,-0.857170084450074,-1.8,-0.0660557117029838,-0.481082052528184,-1.12788306458649e-05,4.59486751039129,41.5945391470497,15.2405882777963,30.9488183796448,1
0.857167269769746,0.424940619301244,0.874383962875307,-0.857170118991378,-1.8,-0.0661206207481762,-0.481047018888975,-1.12796900913815e-05,4.59487962979821,41.5945360274125,15.2405958007781,30.9488198564326,1
0.857167269769746,0.424940949493148,0.874383959024121,-0.85717015340438,-1.8,-0.0661853121541515,-0.481012102439958,-1.12805423809984e-05,4.5948917196274,41.5945329155237,15.2406033054425,30.9488213297086,1
0.857167269769746,0.424941278879051,0.874383955186071,-0.857170187690846,-1.8,-0.0662497866743985,-0.480977302776899,-1.12813876127437e-05,4.59490377992963,41.5945298113656,15.2406107918195,30.9488227994758,1
0.857167269769746,0.424941607460316,0.874383951361004,-0.857170221852502,-1.8,-0.0663140450597252,-0.480942619497005,-1.12822258827915e-05,4.59491581075546,41.5945267149202,15.2406182599388,30.9488242657369,1
0.857167269769746,0.424941935238305,0.874383947548771,-0.857170255891043,-1.8,-0.0663780880582688,-0.480908052198908,-1.12830572854948e-05,4.59492781215523,41.5945236261701,15.2406257098304,30.948825728495,1
0.857167269769746,0.424942262214371,0.874383943749224,-0.857170289808128,-1.8,-0.0664419164155037,-0.480873600482666,-1.12838819134263e-05,4.59493978417908,41.5945205450976,15.2406331415238,30.948827187753,1
0.857167269769746,0.424942588389863,0.87438393996222,-0.857170323605382,-1.8,-0.0665055308742505,-0.480839263949758,-1.12846998574072e-05,4.59495172687696,41.5945174716855,15.2406405550487,30.9488286435139,1
0.857167269769746,0.424942913766127,0.874383936187614,-0.857170357284399,-1.8,-0.0665689321746852,-0.480805042203078,-1.12855112065446e-05,4.5949636402986,41.5945144059165,15.2406479504344,30.9488300957807,1
0.857167269769746,0.424943238344501,0.874383932425267,-0.85717039084674,-1.8,-0.0666321210543475,-0.480770934846931,-1.12863160482643e-05,4.59497552449358,41.5945113477735,15.2406553277105,30.9488315445565,1
0.857167269769746,0.424943562126321,0.874383928675042,-0.857170424293934,-1.8,-0.0666950982481501,-0.480736941487025,-1.12871144683451e-05,4.59498737951128,41.5945082972394,15.2406626869063,30.9488329898445,1
0.857167269769746,0.424943885112916,0.874383924936803,-0.857170457627478,-1.8,-0.066757864488387,-0.480703061730472,-1.12879065509513e-05,4.59499920540092,41.5945052542976,15.2406700280509,30.9488344316477,1
0.857167269769746,0.424944207269992,0.874383921207957,-0.857170490877512,-1.8,-0.0668204205533253,-0.480669294510365,-1.12886926512833e-05,4.59501100091923,41.5945022191634,15.2406773503396,30.948835869743,1
0.857167269769746,0.424944525101897,0.87438391724728,-0.857170526860182,-1.8,-0.0668827907516122,-0.480635686977294,-1.12895000290903e-05,4.59502263924815,41.5944992146316,15.240684571945,30.9488372819348,1
0.857167269769746,0.424944821399191,0.874383911872289,-0.857170579367953,-1.8,-0.0669450924852354,-0.480602478826664,-1.1290461887752e-05,4.59503349602801,41.5944963531071,15.2406912900651,30.94883855907,1
0.857167269769746,0.424945075662279,0.874383903695107,-0.857170664526167,-1.8,-0.0670074631286689,-0.480569954974757,-1.12917335779094e-05,4.59504282744381,41.5944937692308,15.2406970250657,30.9488395716089,1
0.857167269769746,0.424945267565192,0.874383891365042,-0.85717079795098,-1.8,-0.0670700359851132,-0.480538397145527,-1.12934650516135e-05,4.59504989587206,41.5944915974213,15.240701301592,30.9488401917014,1
0.857167269769746,0.424945376958447,0.874383873568107,-0.857170994758767,-1.8,-0.0671329403239947,-0.480508083875497,-1.1295800934876e-05,4.59505396998734,41.5944899718316,15.2407036486297,30.9488402931893,1
0.857167269769746,0.424945383871802,0.874383849026555,-0.857171269575402,-1.8,-0.0671963014209716,-0.480479290517393,-1.12988805972296e-05,4.5950543248652,41.5944890263076,15.240703599564,30.9488397516088,1
0.857167269769746,0.424945268516926,0.874383816498408,-0.857171636545383,-1.8,-0.0672602406002291,-0.480452289242615,-1.13028382162209e-05,4.59505024208182,41.5944888943467,15.2407006922363,30.9488384441922,1
0.857167269769746,0.424945011289987,0.874383774776999,-0.857172109340812,-1.8,-0.0673248752788515,-0.480427349042655,-1.13078028350774e-05,4.59504100981069,41.5944897090579,15.2406944689992,30.9488362498694,1
0.857167269769746,0.424944592774172,0.874383722690515,-0.857172701170216,-1.8,-0.0673903190130652,-0.48040473572956,-1.13138984119262e-05,4.59502592291669,41.5944916031229,15.2406844767704,30.9488330492693,1
0.857167269769746,0.42494399374214,0.874383659101546,-0.857173424787206,-1.8,-0.0674566815461544,-0.480384711935544,-1.13212438592143e-05,4.59500428304792,41.5944947087575,15.2406702670844,30.948828724721,1
0.857167269769746,0.424943195158426,0.874383582906639,-0.857174292498973,-1.8,-0.0675240688578631,-0.480367537111844,-1.13299530721115e-05,4.59497539872553,41.5944991576733,15.2406513961438,30.9488231602551,1
0.857167269769746,0.424942178181798,0.874383493035856,-0.857175316174617,-1.8,-0.0675925832150918,-0.4803534675269,-1.13401349449266e-05,4.59493858543178,41.5945050810415,15.2406274248691,30.9488162416042,1
0.857167269769746,0.424940924167576,0.874383388452343,-0.857176507253298,-1.8,-0.0676623232237205,-0.480342756263968,-1.13518933746563e-05,4.5948931656967,41.5945126094553,15.2405979189479,30.948807856204,1
0.857167269769746,0.424939414669909,0.874383268151894,-0.857177876752227,-1.8,-0.0677333838813837,-0.480335653218237,-1.13653272510151e-05,4.59483846918353,41.5945218728942,15.2405624488833,30.9487978931944,1
0.857167269769746,0.424937631444042,0.874383131162531,-0.857179435274469,-1.8,-0.0678058566310353,-0.480332405093534,-1.13805304323948e-05,4.59477383277303,41.5945330006885,15.2405205900417,30.9487862434199,1
0.857167269769746,0.424935556448542,0.874382976544083,-0.857181193016579,-1.8,-0.067879829415149,-0.480333255398696,-1.1397591707346e-05,4.59469860064714,41.5945461214836,15.2404719227,30.9487727994308,1
0.857167269769746,0.424933171847522,0.874382803387771,-0.85718315977606,-1.8,-0.0679553867304038,-0.480338444443692,-1.14165947413248e-05,4.59461212437185,41.5945613632052,15.2404160320934,30.9487574554837,1
0.857167269769746,0.424930460012846,0.874382610815802,-0.857185344958647,-1.8,-0.0680326096827115,-0.480348209335552,-1.14376180085184e-05,4.5945137629797,41.5945788530246,15.2403525084612,30.9487401075432,1
0.857167269769746,0.424927403526327,0.874382397980967,-0.85718775758541,-1.8,-0.0681115760424527,-0.480362783974187,-1.14607347087328e-05,4.59440288305191,41.5945987173244,15.2402809470942,30.9487206532822,1
0.857167269769746,0.424923985181922,0.874382164066236,-0.85719040629969,-1.8,-0.0681923602997873,-0.480382399048157,-1.14860126693577e-05,4.59427885880035,41.5946210816644,15.2402009483814,30.9486989920834,1
0.857167269769746,0.424920187987924,0.874381908284374,-0.857193299373857,-1.8,-0.0682750337199213,-0.480407282030452,-1.15135142325784e-05,4.59414107214941,41.5946460707474,15.2401121178561,30.9486750250407,1
0.857167269769746,0.424915995169157,0.874381629877552,-0.857196444715897,-1.8,-0.0683596643982054,-0.480437657174346,-1.15432961280371e-05,4.59398891281795,41.5946738083857,15.2400140662433,30.9486486549604,1
0.857167269769746,0.424911390169174,0.87438132811696,-0.857199849875828,-1.8,-0.0684463173149609,-0.480473745509385,-1.15754093312612e-05,4.59382177840139,41.5947044174674,15.2399064095061,30.9486197863627,1
0.857167269769746,0.424906356652464,0.874381002302435,-0.857203522051952,-1.8,-0.0685350543899218,-0.480515764837556,-1.16098989082346e-05,4.5936390744539,41.5947380199227,15.2397887688931,30.9485883254836,1
0.857167269769746,0.424900878506666,0.87438065176209,-0.857207468096938,-1.8,-0.0686259345361937,-0.480563929729694,-1.16468038465273e-05,4.59344021457108,41.5947747366911,15.2396607709857,30.9485541802765,1
0.857167269769746,0.424894939844791,0.874380275851943,-0.857211694523741,-1.8,-0.0687190137136358,-0.480618451522172,-1.16861568735087e-05,4.59322462047274,41.5948146876872,15.2395220477456,30.9485172604144,1
0.857167269769746,0.424888525007459,0.874379873955558,-0.857216207511367,-1.8,-0.0688143449815752,-0.480679538313931,-1.17279842621816e-05,4.5929917220863,41.5948579917686,15.2393722365629,30.9484774772921,1
0.857167269769746,0.424881618565144,0.874379445483687,-0.857221012910475,-1.79999595068001,-0.0689119785507677,-0.480747394963874,-1.17723056252335e-05,4.5927409576304,41.5949047667018,15.2392109803041,30.9484347440282,1
0.857167269769746,0.424874205546132,0.874378989889626,-0.85722611606856,-1.79997870066379,-0.0690119902151126,-0.480822207846749,-1.18191334122139e-05,4.59247178188663,41.5949551276627,15.239037932645,30.9483889769043,1
0.857167269769746,0.424866271762137,0.874378506691245,-0.857231521582127,-1.79994805732892,-0.0691145168080571,-0.480904125797912,-1.18684736728773e-05,4.59218367801459,41.5950091850966,15.238852765689,30.9483400974222,1
0.857167269769746,0.424857803344355,0.874377995437676,-0.85723723368523,-1.79990383155974,-0.0692196930592198,-0.480993294011741,-1.19203278877257e-05,4.59187614072599,41.5950670476977,15.2386551590956,30.9482880293281,1
0.857167269769746,0.424848786749277,0.874377455709174,-0.857243256253152,-1.79984583777369,-0.0693276516051494,-0.481089854058104,-1.19746930888173e-05,4.59154867649772,41.5951288223508,15.2384448002123,30.9482326986363,1
0.857167269769746,0.424839208764347,0.874376887116971,-0.857249592806118,-1.79977389394606,-0.0694385230007598,-0.481193943898592,-1.20315619829382e-05,4.59120080377957,41.5951946140757,15.2382213842018,30.9481740336535,1
0.857167269769746,0.424829056513481,0.87437628930312,-0.857256246513045,-1.79968782163292,-0.0695524357313489,-0.481305697902566,-1.20909230767208e-05,4.59083205319654,41.5952645259713,15.2379846141674,30.9481119650004,1
0.857167269769746,0.424818317462421,0.87437566194033,-0.857263220195324,-1.79958744599263,-0.0696695162251042,-0.481425246863075,-1.21527608032924e-05,4.59044196774558,41.5953386591618,15.2377342012732,30.9480464256342,1
0.857167269769746,0.424806979423945,0.874375004731793,-0.857270516330644,-1.79947259580573,-0.0697898888660053,-0.481552718012702,-1.22170556500591e-05,4.59003010298678,41.5954171127434,15.2374698648616,30.9479773508687,1
0.857167269769746,0.424795030562915,0.874374317411,-0.857278137056849,-1.79934310349343,-0.069913676007027,-0.481688235039381,-1.22837842873257e-05,4.58959602722876,41.5954999837319,15.2371913325669,30.9479046783938,1
0.857177368971709,0.424782459404788,0.874373599678073,-0.857286084175839,-1.79919880513467,-0.0700409979835592,-0.481831918102255,-1.2352919697378e-05,4.5891393217083,41.5955873670122,15.2368983404257,30.9478283482949,1
0.857187948923952,0.424769276355471,0.87437283291675,-0.857294571387021,-1.79903959798186,-0.0701718404127483,-0.48198395862602,-1.24256446219764e-05,4.58866044407469,41.5956785014485,15.2365909693863,30.9477479761369,1
0.857199017629986,0.424755471309322,0.874372016373909,-0.857303605408356,-1.79886532760169,-0.0703063150043256,-0.482144472262242,-1.25019805441293e-05,4.58815902774911,41.5957734517067,15.2362689826112,30.9476634968446,1
0.857210582794165,0.424741034536676,0.874371149320189,-0.857313192685037,-1.79867584331015,-0.0704445313872627,-0.482313571237825,-1.25819448359012e-05,4.58763471979308,41.5958722799705,15.2359321520534,30.9475748477102,1
0.85722265181909,0.424725956687292,0.8743702310504,-0.857323339386227,-1.79847099818454,-0.0705865971237515,-0.482491364371045,-1.26655508503314e-05,4.58708718103276,41.5959750459264,15.2355802585392,30.9474819684199,1
0.857235231803151,0.424710228793637,0.874369260883918,-0.857334051401942,-1.79825064907456,-0.0707326177228941,-0.482677957087894,-1.27528080109161e-05,4.58651608617732,41.5960818067487,15.2352130918465,30.9473848010795,1
0.857248329538191,0.424693842274004,0.87436823816506,-0.857345334340076,-1.79801465661237,-0.0708826966540273,-0.482873451438803,-1.28437218988289e-05,4.58592112393118,41.5961926170861,15.2348304507789,30.9472832902385,1
0.857261951507304,0.424676788935458,0.874367162263452,-0.857357193523586,-1.79776288522169,-0.0710369353596132,-0.48307794611577,-1.29382943380417e-05,4.58530199710004,41.5963075290491,15.2344321432365,30.9471773829127,1
0.857276103882768,0.424659060976601,0.874366032574376,-0.857369633987811,-1.79749520312607,-0.0711954332676175,-0.483291536469944,-1.3036523478441e-05,4.58465842269069,41.5964265921979,15.2340179862821,30.9470670286066,1
0.85729079252411,0.424640650990174,0.874364848519111,-0.857382660477956,-1.79721148235628,-0.0713582878033144,-0.483514314529698,-1.31384038771068e-05,4.58399013200444,41.5965498535317,15.2335878062028,30.9469521793333,1
0.857306022976311,0.424621551965473,0.874363609545244,-0.857396277446718,-1.79691159875693,-0.0715255944004479,-0.483746369019233,-1.32439265778672e-05,4.58329687072423,41.5966773574789,15.2331414385688,30.9468327896343,1
0.85732180046815,0.424601757290586,0.874362315126984,-0.857410489052073,-1.79659543199242,-0.0716974465116855,-0.483987785377747,-1.33530791892384e-05,4.58257839899516,41.5968091458883,15.2326787282864,30.9467088165971,1
0.857338129910677,0.424581260754457,0.87436096476545,-0.857425299155209,-1.7962628655521,-0.071873935618305,-0.484238645779215,-1.34658459608772e-05,4.58183449149855,41.5969452580209,15.2321995296476,30.9465802198719,1
0.857355015895843,0.424560056548756,0.874359557988942,-0.857440711318625,-1.79591378675487,-0.0720551512390538,-0.484499029152796,-1.35822078586395e-05,4.5810649375194,41.5970857305431,15.2317037063754,30.9464469616872,1
0.857372462695259,0.424538139269573,0.874358094353207,-0.85745672880437,-1.79554808675315,-0.0722411809381261,-0.484769011203916,-1.37021426383534e-05,4.58026954100717,41.5972305975208,15.2311911316642,30.9463090068639,1
0.857390474259101,0.42451550391892,0.874356573441676,-0.857473354572459,-1.79516566053631,-0.0724321103322007,-0.485048664436052,-1.38256249183975e-05,4.57944812062985,41.5973798904144,15.2306616882165,30.9461663228278,1
0.857409054215167,0.424492145906053,0.874354994865701,-0.857490591279432,-1.79476640693354,-0.0726280230964931,-0.485338058173242,-1.39526262511656e-05,4.57860050982127,41.5975336380748,15.2301152682747,30.9460188796214,1
0.857428205868063,0.424468061048599,0.874353358264761,-0.857508441277073,-1.79435022861634,-0.0728290009697708,-0.485637258583362,-1.40831151935241e-05,4.57772655682157,41.5976918667405,15.2295517736483,30.9458666499138,1
0.857447932198556,0.424443245573494,0.874351663306662,-0.857526906611299,-1.79391703210045,-0.0730351237582825,-0.485946328702174,-1.4217057376314e-05,4.57682612471089,41.5978546000358,15.2289711157371,30.9457096090096,1
0.857468235863052,0.424417696117731,0.874349909687721,-0.857545989021197,-1.79346672774749,-0.0732464693385678,-0.486265328458202,-1.43544155729993e-05,4.57589909143601,41.59802185897,15.2283732155499,30.9455477348561,1
0.857489119193243,0.424391409728918,0.874348097132926,-0.857565689938223,-1.79299922976617,-0.0734631136590956,-0.486594314698419,-1.44951497675153e-05,4.57494534983025,41.598193661937,15.2277580037178,30.9453810080496,1
0.857510584195885,0.424364383865639,0.87434622539609,-0.857586010485573,-1.79251445621317,-0.0736851307407029,-0.486933341214807,-1.46392172213769e-05,4.57396480762622,41.5983700247173,15.2271254205039,30.9452094118396,1
0.857532632552735,0.424336616397621,0.874344294259984,-0.857606951477699,-1.79201232899375,-0.0739125926757944,-0.487282458771776,-1.47865725401367e-05,4.57295738746167,41.5985509604796,15.2264754158083,30.945032932133,1
0.857555265620638,0.424308105605714,0.874342303536455,-0.857628513419999,-1.79149277386202,-0.0741455696262735,-0.48764171513448,-1.49371677392185e-05,4.57192302687828,41.5987364797844,15.2258079491678,30.944851557495,1
0.857578484431756,0.424278850181663,0.874340253066523,-0.857650696508663,-1.79095572042109,-0.0743841298201757,-0.488011155098037,-1.5090952309208e-05,4.57086167831343,41.5989265905884,15.2251229897516,30.9446652791503,1
0.857602289693957,0.424248849227697,0.874338142720473,-0.857673500630682,-1.79040110212283,-0.0746283395469786,-0.488390820517675,-1.52478732806252e-05,4.56977330908489,41.5991212982494,15.2244205163524,30.944474090982,1
0.857626681791353,0.424218102255914,0.87433597239792,-0.857696925364019,-1.78982885626762,-0.074878263151566,-0.488780750339799,-1.5407875288264e-05,4.56865790136838,41.5993206055335,15.2237005173726,30.9442779895293,1
0.857651660784979,0.424186609187471,0.874333742027863,-0.857720969977941,-1.78923892400378,-0.0751339630268263,-0.489180980634012,-1.55709006350853e-05,4.56751545216816,41.599524512622,15.2229629908059,30.9440769739843,1
0.85767722641364,0.424154370351584,0.874331451568722,-0.857745633433519,-1.78863125032694,-0.0753954996048712,-0.489591544626083,-1.57368893557711e-05,4.56634597328045,41.5997330171201,15.2222079442144,30.9438710461862,1
0.857703378094898,0.42412138648432,0.874329101008359,-0.857770914384276,-1.78800578407925,-0.0756629313468577,-0.490012472731872,-1.59057792799276e-05,4.56514949124973,41.599946114067,15.2214353947009,30.9436602106159,1
0.857730114926208,0.424087658727202,0.874326690364079,-0.857796811177011,-1.78736247794852,-0.0759363147314077,-0.490443792592217,-1.6077506094994e-05,4.56392604731804,41.6001637959459,15.2206453688768,30.9434444743872,1
0.857757435686218,0.424053188625618,0.874324219682625,-0.857823321852779,-1.78670128846722,-0.0762157042416157,-0.490885529108789,-1.62520034088829e-05,4.56267569736712,41.6003860526961,15.2198379028249,30.9432238472383,1
0.857785338836205,0.424017978127026,0.874321689040142,-0.857850444148023,-1.78602217601142,-0.076501152350642,-0.491337704480906,-1.64292028123933e-05,4.56139851185351,41.6006128717261,15.2190130420585,30.9429983415212,1
0.857813822521675,0.423982029578974,0.874319098542139,-0.857878175495881,-1.78532510479969,-0.0767927095058936,-0.491800338243319,-1.66090339414034e-05,4.56009457573664,41.6008442379271,15.2181708414745,30.9427679721893,1
0.857842884574099,0.423945345726915,0.874316448323427,-0.857906513027641,-1.78461004289196,-0.0770904241117924,-0.492273447304949,-1.67914245388791e-05,4.55876398839979,41.6010801336881,15.2173113653033,30.9425327567847,1
0.857872522512813,0.42390792971184,0.874313738548041,-0.85793545357436,-1.7838769621883,-0.0773943425111414,-0.492757045988583,-1.69763005167337e-05,4.55740686356411,41.601320538912,15.2164346870531,30.9422927154231,1
0.857902733547059,0.423869785067706,0.874310969409149,-0.85796499366864,-1.78312583842769,-0.077704508965098,-0.493251146071523,-1.71635860175287e-05,4.55602332919567,41.6015654310326,15.2155408894503,30.942047870778,1
0.857933514578175,0.423830915718676,0.874308141128945,-0.85799512954656,-1.78235665118678,-0.0780209656317659,-0.493755756827156,-1.73532034760598e-05,4.55461352740547,41.6018147850328,15.214630064375,30.9417982480633,1
0.857964862201934,0.423791325976175,0.874305253958521,-0.858025857149765,-1.78156938387865,-0.0783437525434281,-0.494270885067462,-1.75450736808269e-05,4.55317761434269,41.602068573464,15.2137023127921,30.9415438750146,1
0.857996772711032,0.423751020535742,0.874302308177732,-0.858057172127711,-1.7807640237515,-0.0786729075824366,-0.494796535186433,-1.77391158354225e-05,4.55171576008089,41.6023267664658,15.2127577446778,30.941284781869,1
0.858029242097719,0.423710004473705,0.874299304095038,-0.858089069840065,-1.77994056188741,-0.0790084664557872,-0.495332709204372,-1.79352476198159e-05,4.55022814849755,41.6025893317882,15.2117964789418,30.941021001344,1
0.858062266056576,0.423668283243661,0.874296242047332,-0.858121545359251,-1.77909899320102,-0.0793504626684088,-0.49587940681309,-1.81333852515856e-05,4.54871497714671,41.602856234813,15.2108186433451,30.9407525686147,1
0.858095839987437,0.423625862672777,0.874293122399754,-0.858154593473159,-1.77823931643822,-0.0796989274951891,-0.496436625421936,-1.8333443547074e-05,4.54717645712494,41.6031274385781,15.2098243744131,30.94047952129,1
0.858129958998451,0.423582748957898,0.874289945545489,-0.858188208687997,-1.77736153417489,-0.0800538899517908,-0.497004360204678,-1.85353359824932e-05,4.54561281293069,41.6034029038012,15.2088138173447,30.9402018993872,1
0.858164617909292,0.42353894866148,0.874286711905551,-0.858222385231287,-1.77646565281552,-0.0804153767642775,-0.497582604147178,-1.87389747549598e-05,4.54402428231692,41.6036825889056,15.2077871259172,30.9399197453054,1
0.858199811254501,0.423494468707338,0.874283421928546,-0.858257117055025,-1.77555168259187,-0.0807834123376072,-0.498171348095853,-1.89442708434993e-05,4.54241111613729,41.603966450047,15.2067444623862,30.9396331037981,1
0.858235533286973,0.423449316376218,0.874280076090432,-0.858292397838967,-1.7746196375616,-0.0811580187230314,-0.498770580806891,-1.91511340699981e-05,4.54077357818588,41.6042544411404,15.2056859973823,30.9393420219441,1
0.858271777981576,0.423403499301188,0.874276674894248,-0.858328220994074,-1.77366953560683,-0.0815392155844555,-0.499380288996175,-1.93594731600933e-05,4.53911194503044,41.604546513889,15.2046119098025,30.9390465491169,1
0.858308539038914,0.423357025462858,0.874273218869844,-0.858364579666089,-1.77270139843268,-0.0819270201638117,-0.500000457389904,-1.95691958040366e-05,4.5374265058394,41.6048426178136,15.2035223866988,30.9387467369542,1
0.858345809889214,0.423309903184428,0.874269708573584,-0.858401466739262,-1.7717152515657,-0.082321447245502,-0.500631068775852,-1.97802087174915e-05,4.53571756220264,41.6051427002832,15.2024176231617,30.9384426393243,1
0.858383583696353,0.423262141126564,0.874266144588045,-0.85843887484021,-1.77071112435226,-0.0827225091199777,-0.501272104055251,-1.99924177022669e-05,4.53398542794604,41.6054467065466,15.2012978221997,30.938134312293,1
0.858421853362011,0.423213748282107,0.874262527521693,-0.858476796341913,-1.76968904995681,-0.0831302155465134,-0.501923542295228,-2.0205727707026e-05,4.53223042894008,41.6057545797645,15.200163194616,30.9378218140886,1
0.858460611529954,0.423164733970619,0.874258858008551,-0.858515223367844,-1.76864906536007,-0.0835445737152505,-0.502585360781786,-2.04200428878917e-05,4.53045290290242,41.6060662610433,15.1990139588797,30.937505205066,1
0.858499850590442,0.423115107832764,0.874255136707849,-0.858554147796235,-1.76759121135702,-0.0839655882085807,-0.50325753507326,-2.06352666689931e-05,4.5286531991946,41.6063816894692,15.1978503409946,30.9371845476692,1
0.858539562684768,0.423064879824534,0.874251364303666,-0.858593561264469,-1.76651553255478,-0.0843932609619449,-0.503940039054203,-2.08513018029426e-05,4.52683167861304,41.6067008021438,15.1966725743631,30.9368599063937,1
0.858579739709927,0.423014060211287,0.874247541504549,-0.85863345517362,-1.76542207737007,-0.0848275912243394,-0.504632844989663,-2.10680504314201e-05,4.52498871317332,41.6070235342204,15.1954808996471,30.9365313477467,1
0.858620373323805,0.422962659561154,0.874243669043095,-0.858673820693513,-1.76431089802306,-0.0852685755220831,-0.505335923579583,-2.12854141494989e-05,4.52312468587145,41.6073498189444,15.1942755646123,30.9361989402037,1
0.858661454949621,0.422910688739361,0.874239747675583,-0.858714648767042,-1.76318205053855,-0.0857162076141717,-0.506049244013894,-2.15032940612846e-05,4.52123999047853,41.6076795876881,15.1930568239957,30.9358627541709,1
0.858702975780939,0.422858158901848,0.874235778181563,-0.858755930115054,-1.76203559474297,-0.0861704784515797,-0.506772774027638,-2.17215908399476e-05,4.51933503130972,41.6080127699889,15.1918249393557,30.935522861943,1
0.858744926786785,0.422805081488745,0.874231761363432,-0.858797655241358,-1.76087159426104,-0.0866313761364105,-0.507506479956274,-2.19402047876247e-05,4.51741022298814,41.60834929359,15.1905801789183,30.9351793376598,1
0.85878729871688,0.422751468217704,0.874227698045993,-0.858839814437842,-1.75969011651216,-0.0870988858809933,-0.508250326791088,-2.21590358951795e-05,4.51546599020359,41.6086890844804,15.1893228174216,30.9348322572624,1
0.858830082106976,0.422697331077101,0.874223589076004,-0.858882397789708,-1.75849123270636,-0.0875729899670277,-0.509004278234653,-2.23779839017675e-05,4.51350276746638,41.6090320669369,15.1880531359554,30.9344816984479,1
0.858873267284296,0.422642682319102,0.874219435321721,-0.858925395180809,-1.75727501783997,-0.0880536677048747,-0.509768296756288,-2.25969483542327e-05,4.51152099885643,41.6093781635661,15.1867714217989,30.9341277406237,1
0.858916844373078,0.422587534452601,0.87421523767242,-0.858968796299095,-1.75604155069079,-0.0885408953931055,-0.510542343647434,-2.28158286662982e-05,4.50952113776759,41.6097272953477,15.1854779682545,30.9337704648608,1
0.858960803300217,0.422531900236039,0.874210997037916,-0.859012590642162,-1.75479091381276,-0.0890346462784107,-0.511326379076893,-2.30345241775352e-05,4.50750364664759,41.6100793816785,15.1841730744797,30.9334099538464,1
0.859005133800998,0.422475792670088,0.874206714348068,-0.859056767522898,-1.75352319353027,-0.0895348905159854,-0.512120362145864,-2.32529342120872e-05,4.50546899673347,41.6104343404169,15.1828570453151,30.9330462918353,1
0.859049825424927,0.422419224990241,0.874202390552273,-0.859101316075228,-1.75223847993175,-0.0900415951305,-0.512924250942696,-2.34709581371384e-05,4.50341766778294,41.6107920879285,15.1815301911104,30.9326795646011,1
0.859094867541646,0.422362210659268,0.874198026618949,-0.859146225259947,-1.75093686686285,-0.0905547239777777,-0.513738002597303,-2.36884954211131e-05,4.50135014780153,41.6111525391321,15.1801928275473,30.9323098593863,1
0.859140249346936,0.422304763359579,0.874193623535014,-0.859191483870644,-1.74961845191884,-0.0910742377072845,-0.514561573335161,-2.39054456915473e-05,4.49926693276599,41.6115156075469,15.1788452754607,30.9319372648522,1
0.859185959868802,0.42224689698548,0.874189182305347,-0.859237080539716,-1.7482833364365,-0.0916000937255695,-0.515394918530815,-2.41217087926686e-05,4.49716852634378,41.6118812053396,15.1774878606561,30.9315618710273,1
0.859231987973638,0.422188625635328,0.874184703952247,-0.859283003744457,-1.74693162548514,-0.0921322461607593,-0.516237992760826,-2.43371848426078e-05,4.49505543960912,41.6122492433731,15.1761209137262,30.9311837692561,1
0.85927832237246,0.422129963603594,0.874180189514882,-0.859329241813231,-1.74556342785704,-0.0926706458282403,-0.51709074985609,-2.45517742902579e-05,4.49292819075556,41.6126196312549,15.174744769864,30.9308030521464,1
0.859324951627222,0.422070925372838,0.874175640048722,-0.859375782931711,-1.74417885605692,-0.0932152401976457,-0.517953142953436,-2.47653779717359e-05,4.49078730480527,41.6129922773867,15.1733597686752,30.9304198135169,1
0.859371864157189,0.4220115256056,0.874171056624975,-0.859422615149203,-1.74277802629073,-0.0937659733612787,-0.518825124546453,-2.49778971664265e-05,4.48863331331539,41.6133670890147,15.1719662539868,30.9300341483433,1
0.859419048245379,0.421951779136206,0.874166440330011,-0.85946972638502,-1.74136105845341,-0.0943227860040921,-0.519706646535446,-2.51892336525879e-05,4.48646675408134,41.6137439722797,15.1705645736561,30.929646152705,1
0.859466492045065,0.421891700962511,0.874161792264773,-0.859517104434931,-1.73992807611585,-0.0948856153753527,-0.520597660276466,-2.53992897624924e-05,4.48428817083758,41.6141228322686,15.1691550793757,30.9292559237306,1
0.859514183586331,0.421831306237562,0.874157113544191,-0.859564736977666,-1.73847920651072,-0.095454395262117,-0.521498116629327,-2.56079684370807e-05,4.48209811295571,41.6145035730659,15.1677381264785,30.9288635595431,1
0.859562110782684,0.421770610261206,0.874152405296582,-0.859612611581467,-1.73701458051744,-0.0960290559646433,-0.522407966004532,-2.58151732800794e-05,4.47989713514035,41.6148860978058,15.1663140737409,30.9284691592053,1
0.859610261437706,0.421709628471629,0.874147668663044,-0.859660715710703,-1.73553433264596,-0.0966095242738674,-0.523327158409044,-2.60208086115976e-05,4.47768579712283,41.6152703087246,15.1648832831837,30.9280728226638,1
0.85965862325176,0.421648376436854,0.874142904796853,-0.859709036732521,-1.73403860101945,-0.0971957234510651,-0.524255643490815,-2.62247795211382e-05,4.47546466335296,41.615656107214,15.1634461198732,30.9276746506937,1
0.859707183828725,0.421586869846186,0.874138114862842,-0.85975756192354,-1.73252752735584,-0.0977875732098271,-0.525193370582008,-2.64269919200096e-05,4.47323430268902,41.616043393874,15.1620029517201,30.927274744843,1
0.859755930682775,0.421525124501611,0.874133300036783,-0.859806278476586,-1.73100125694816,-0.0983849897004696,-0.52614028874083,-2.66273525931137e-05,4.47099528808629,41.616432068567,15.1605541492778,30.9268732073755,1
0.859804851245184,0.421463156309162,0.874128461504764,-0.859855173507456,-1.7294599386436,-0.0989878854969999,-0.527096346791913,-2.68257692500811e-05,4.4687481962841,41.6168220304714,15.1591000855399,30.9264701412156,1
0.859853932871158,0.421400981270263,0.874123600462561,-0.859904234061711,-1.72790372482129,-0.0995961695867568,-0.528061493365154,-2.7022150575704e-05,4.4664936074919,41.6172131781362,15.1576411357372,30.926065649891,1
0.859903162846688,0.421338615473028,0.874118718115002,-0.859953447121493,-1.72633277136874,-0.100209747362846,-0.529035676932975,-2.72164062796937e-05,4.46423210507433,41.6176054095356,15.1561776771335,30.9256598374764,1
0.859952528395425,0.421276075083562,0.874113815675336,-0.860002799612364,-1.72474723765687,-0.100828520619477,-0.530018845845897,-2.74084471456589e-05,4.46196427523552,41.6179986221232,15.1547100888215,30.9252528085372,1
0.860002016685559,0.421213376337233,0.874108894364593,-0.860052278410149,-1.72314728651366,-0.101452387550324,-0.531010948366385,-2.75981850793212e-05,4.45969070670301,41.6183927128878,15.1532387515186,30.9248446680722,1
0.860051614836717,0.42115053552995,0.874103955410946,-0.860101870347802,-1.7215330841963,-0.102081242750004,-0.5320119327009,-2.77855331559519e-05,4.45741199041128,41.6187875784077,15.1517640473614,30.9244355214576,1
0.860101309926855,0.421087569009423,0.874099000049063,-0.860151562222267,-1.71990480036187,-0.102714977218797,-0.533021747030076,-2.79704056669581e-05,4.45512871918523,41.6191831149063,15.1502863597018,30.9240254743898,1
0.860151088999154,0.421024493166446,0.874094029519471,-0.860201340801343,-1.71826260803644,-0.103353478370682,-0.534040339536984,-2.81527181656123e-05,4.45284148742385,41.6195792183075,15.1488060729019,30.9236146328295,1
0.860200939068907,0.420961324426177,0.874089045067905,-0.860251192830542,-1.71660668358265,-0.103996630044813,-0.535067658433412,-2.83323875119095e-05,4.45055089078417,41.6199757842906,15.1473235721298,30.923203102945,1
0.8602508471304,0.420898079239439,0.874084047944665,-0.86030110503994,-1.71493720666563,-0.1046443125205,-0.5361036519841,-2.8509331916486e-05,4.44825752586585,41.6203727083459,15.1458392431557,30.9227909910561,1
0.860300800163771,0.420834774074048,0.874079039403971,-0.860351064151009,-1.71325436021733,-0.105296402535806,-0.537148268528902,-2.8683470983618e-05,4.44596198989655,41.62076988583,15.1443534721484,30.9223784035781,1
0.860350785141854,0.420771425406161,0.874074020703321,-0.860401056883435,-1.71155833039914,-0.105952773309817,-0.538201456502796,-2.88547257532224e-05,4.44366488041832,41.6211672120208,15.1428666454728,30.9219654469663,1
0.860400789036995,0.420708049711664,0.874068993102838,-0.860451069961908,-1.70984930656286,-0.10661329456868,-0.539263164453718,-2.90230187418663e-05,4.44136679497521,41.6215645821728,15.1413791494877,30.9215522276602,1
0.86045079882784,0.420644663457605,0.874063957864639,-0.860501090122881,-1.70812748120993,-0.107277832575466,-0.540333341058164,-2.91882739827536e-05,4.43906833080237,41.6219618915718,15.1398913703454,30.9211388520288,1
0.860500801506084,0.420581283093664,0.874058916252185,-0.860551104121302,-1.70639304994892,-0.107946250163923,-0.541411935134529,-2.93504170646306e-05,4.4367700845168,41.62235903559,15.1384036937914,30.9207254263154,1
0.860550784083189,0.420517925043683,0.874053869529645,-0.860601098737295,-1.70464621145129,-0.108618406776184,-0.542498895654149,-2.95093751696392e-05,4.43447265181002,41.6227559097401,15.1369165049661,30.920312056584,1
0.860600733597049,0.420454605697254,0.874048818961261,-0.860651060782812,-1.70288716740532,-0.109294158504466,-0.543594171750003,-2.96650771100207e-05,4.43217662714283,41.6231524097297,15.1354301882078,30.9198988486648,1
0.86065063711861,0.420391341401369,0.874043765810716,-0.860700977108221,-1.70111612246835,-0.109973358136812,-0.544697712723068,-2.98174533637127e-05,4.42988260344245,41.6235484315154,15.1339451268569,30.9194859081009,1
0.860700481758435,0.420328148452148,0.8740387113405,-0.860750834608856,-1.6993332842171,-0.110655855206905,-0.545809468046279,-2.99664361087658e-05,4.4275911718021,41.623943871356,15.1324617030622,30.9190733400959,1
0.860750254673216,0.42026504308663,0.874033656811291,-0.860800620231491,-1.69753886309632,-0.11134149604799,-0.546929387366101,-3.01119592565744e-05,4.42530292118349,41.624338625866,15.1309802975884,30.9186612494611,1
0.860799943072211,0.420202041474662,0.874028603481327,-0.860850320980769,-1.69573307236553,-0.112030123850912,-0.548057420501684,-3.02539584839004e-05,4.42301843812212,41.6247325920684,15.1295012896266,30.918249740564,1
0.860849534223628,0.420139159710867,0.874023552605797,-0.86089992392555,-1.69391612804402,-0.112721578726291,-0.549193517441593,-3.03923712636493e-05,4.4207383064359,41.6251256674467,15.1280250566054,30.9178389172772,1
0.860899015460924,0.420076413806707,0.874018505436228,-0.860949416205192,-1.69208824885399,-0.113415697770839,-0.550337628338114,-3.05271368944006e-05,4.41846310693704,41.6255177499969,15.1265519740059,30.9174288829281,1
0.860948374189037,0.420013819682647,0.874013463219876,-0.860998785035757,-1.69024965616198,-0.114112315137793,-0.551489703499133,-3.06581965286564e-05,4.41619341714758,41.6259087382786,15.1250824151774,30.9170197402488,1
0.860997597890532,0.419951393160426,0.874008427199135,-0.861048017716133,-1.68840057391841,-0.114811262111486,-0.552649693377592,-3.07854931997875e-05,4.41392981101871,41.6262985314658,15.123616751157,30.9166115913276,1
0.861046674131662,0.419889149955429,0.874003398610941,-0.861097101634067,-1.6865412285954,-0.115512367186007,-0.55381754855854,-3.09089718476573e-05,4.411672858654,41.6266870293969,15.1221553504906,30.9162045375604,1
0.861095590568343,0.419827105669187,0.873998378686185,-0.861146024272119,-1.68467184912287,-0.116215456147927,-0.554993219743776,-3.10285793429187e-05,4.4094231260369,41.6270741326241,15.1206985790576,30.9157986796035,1
0.86114433495203,0.419765275781985,0.873993368649142,-0.861194773213511,-1.68279266682285,-0.116920352163052,-0.556176657734132,-3.11442645099452e-05,4.40718117476244,41.627459742462,15.1192467998976,30.9153941173268,1
0.8611928951355,0.419703675645608,0.873988369716894,-0.861243336147883,-1.68090391534206,-0.117626875867164,-0.557367813409393,-3.12559781484075e-05,4.40494756177364,41.6278437610356,15.1178003730409,30.9149909497684,1
0.861241259078535,0.419642320476204,0.873983383098776,-0.861291700876944,-1.67900583058291,-0.118334845460673,-0.558566637705902,-3.1363673053454e-05,4.40272283910248,41.6282260913278,15.116359655341,30.9145892750893,1
0.861289414853492,0.419581225347294,0.873978409995818,-0.861339855320026,-1.67709865063274,-0.119044076807143,-0.559773081591882,-3.14673040344979e-05,4.40050755361578,41.6286066372251,15.1149250003115,30.9141891905294,1
0.861337350650772,0.419520405182912,0.873973451600201,-0.861387787519515,-1.67518261569149,-0.119754383535588,-0.560987096040509,-3.15668279325962e-05,4.39830224676616,41.6289853035641,15.1134967579652,30.9137907923651,1
0.861385054784173,0.41945987475089,0.873968509094729,-0.861435485646179,-1.67325796799781,-0.120465577146483,-0.562208632000789,-3.16622036364193e-05,4.39610745434815,41.6293619961754,15.112075274657,30.9133941758665,1
0.861432515696133,0.4193996486563,0.873963583652295,-0.861482938004377,-1.6713249517536,-0.12117746712138,-0.563437640366288,-3.17533920967871e-05,4.39392370625965,41.629736621928,15.1106608929308,30.9129994352569,1
0.861479721962841,0.419339741335034,0.873958676435373,-0.861530133037149,-1.66938381304709,-0.121889861036039,-0.56467407194176,-3.18403563397683e-05,4.39175152626886,41.6301090887721,15.1092539513688,30.9126066636722,1
0.861526662299242,0.419280167047547,0.873953788595511,-0.861577059331178,-1.66743479977442,-0.122602564676971,-0.56591787740775,-3.19230614783425e-05,4.38959143178689,41.6304793057807,15.1078547844453,30.9122159531223,1
0.861573325563907,0.419220939872758,0.873948921272837,-0.861623705621636,-1.66547816155995,-0.123315382161262,-0.567169007283221,-3.20014747226312e-05,4.38744393364603,41.630847183191,15.1064637223843,30.9118273944527,1
0.861619700763778,0.419162073702113,0.873944075595575,-0.861670060796892,-1.66351414967511,-0.124028116059579,-0.568427411886281,-3.2075565388674e-05,4.38530953588399,41.6312126324442,15.1050810910201,30.9114410773081,1
0.861665777058784,0.419103582233814,0.873939252679572,-0.861716113903094,-1.66154301695602,-0.124740567522201,-0.569693041293082,-3.21453049057628e-05,4.38318873553403,41.6315755662246,15.1037072116629,30.9110570900957,1
0.861711543766324,0.41904547896721,0.873934453627842,-0.861761854148621,-1.65956501771995,-0.125452536407966,-0.570965845294965,-3.22106668223266e-05,4.38108202242127,41.6319358984973,15.1023424009671,30.9106755199515,1
0.861756990365616,0.418987777197371,0.87392967953011,-0.861807270908387,-1.65758040768054,-0.126163821415967,-0.572245773353945,-3.22716268103954e-05,4.37898987896511,41.6322935445452,15.1009869708048,30.9102964527056,1
0.861802106501907,0.418930490009822,0.873924931462379,-0.861852353728023,-1.65558944386201,-0.126874220219856,-0.573532774556595,-3.23281626686039e-05,4.37691277998798,41.6326484210048,15.0996412281422,30.9099199728506,1
0.861846881990543,0.41887363027546,0.873920210486503,-0.861897092327907,-1.6535923845123,-0.127583529604599,-0.574826797566454,-3.23802543237901e-05,4.37485119253042,41.6330004459004,15.0983054749215,30.9095461635093,1
0.861891306820911,0.418817210645651,0.873915517649775,-0.86194147660706,-1.65158948901532,-0.128291545605522,-0.576127790575014,-3.24278838311577e-05,4.37280557567262,41.6333495386782,15.0969800079455,30.9091751064054,1
0.861935371160217,0.418761243547496,0.873910853984525,-0.861985496646896,-1.64958101780231,-0.128998063649467,-0.577435701251409,-3.24710353730331e-05,4.37077638036238,41.6336956202384,15.0956651187671,30.9088068818337,1
0.861979065357147,0.418705741179286,0.873906220507728,-0.862029142714827,-1.64756723226238,-0.129702878697902,-0.578750476690897,-3.25096952562233e-05,4.36876404924974,41.6340386129662,15.0943610935837,30.9084415686323,1
0.862022379945361,0.418650715506137,0.873901618220636,-0.862072405267729,-1.64554839465241,-0.130405785391792,-0.580072063362222,-3.25438519079926e-05,4.36676901652806,41.634378440762,15.0930682131341,30.908079244156,1
0.862065305646858,0.418596178255805,0.873897048108409,-0.862115274955254,-1.64352476800623,-0.131106578198055,-0.581400407053989,-3.25734958706697e-05,4.36479170778182,41.6347150290705,15.0917867526016,30.9077199842507,1
0.862107833375186,0.418542140914689,0.873892511139764,-0.862157742623,-1.64149661604331,-0.131805051557416,-0.582735452820128,-3.25986197948894e-05,4.36283253984111,41.6350483049078,15.0905169815201,30.9073638632289,1
0.862149954238513,0.418488614724015,0.873888008266643,-0.862199799315533,-1.63946420307699,-0.132501000033468,-0.584077144924574,-3.26192184315217e-05,4.36089192064264,41.6353781968884,15.089259163685,30.907010953846,1
0.862191659542545,0.418435610676202,0.873883540423884,-0.862241436279261,-1.63742779392224,-0.133194218462748,-0.585425426785271,-3.26352886222643e-05,4.35897024909763,41.63570463525,15.0880135570685,30.9066613272791,1
0.862232940793299,0.41838313951142,0.873879108528911,-0.862282644965164,-1.63538765380323,-0.133884502105625,-0.586780240917603,-3.26468292889577e-05,4.35706791496625,41.6360275518779,15.0867804137389,30.9063150531053,1
0.862273789699735,0.418331211714323,0.873874713481435,-0.862323417031369,-1.63334404826064,-0.134571646797817,-0.588141528877374,-3.26538414216259e-05,4.35518529873882,41.6363468803275,15.0855599797842,30.9059721992821,1
0.862314198176238,0.418279837510973,0.873870356163172,-0.862363744345585,-1.63129724305879,-0.135255449102325,-0.58950923120345,-3.26563280652717e-05,4.35332277152362,41.6366625558461,15.0843524952407,30.905632832129,1
0.862354158344947,0.418229026865942,0.873866037437567,-0.862403618987385,-1.62924750409285,-0.135935706461579,-0.59088328736017,-3.26542943054482e-05,4.35148069494137,41.6369745153934,15.0831581940249,30.9052970163099,1
0.862393662537954,0.4181787894796,0.873861758149534,-0.862443033250352,-1.62719509729597,-0.13661221734962,-0.592263635679651,-3.26477472526511e-05,4.34965942102636,41.6372826976603,15.0819773038702,30.9049648148165,1
0.862432703299346,0.418129134785581,0.873857519125217,-0.862481979644065,-1.62514028854664,-0.13728478142408,-0.593650213304096,-3.26366960255364e-05,4.34785929213408,41.6375870430873,15.0808100462679,30.9046362889535,1
0.862471273387108,0.418080071948429,0.873853321171748,-0.862520450895955,-1.62308334357625,-0.137953199677789,-0.595042956128225,-3.26211517330141e-05,4.34608064085544,41.6378874938809,15.0796566364119,30.9043114983245,1
0.862509365774887,0.418031609861426,0.873849165077033,-0.862558439953008,-1.6210245278769,-0.138617274589793,-0.596441798741935,-3.26011274552247e-05,4.34432378993738,41.6381839940295,15.0785172831484,30.9039905008185,1
0.862546973653607,0.417983757144591,0.87384505160954,-0.862595939983331,-1.61896410660969,-0.139276810275585,-0.597846674373321,-3.25766382234702e-05,4.34258905221002,41.6384764893174,15.0773921889287,30.9036733525988,1
0.862584090432953,0.417936522142856,0.87384098151811,-0.862632944377577,-1.61690234451345,-0.139931612636351,-0.599257514832148,-3.25477009990844e-05,4.34087673052001,41.6387649273385,15.076281549767,30.9033601080916,1
0.862620709742711,0.417889912924414,0.873836955531768,-0.862669446750229,-1.61483950581405,-0.140581489507043,-0.600674250453908,-3.25143346513148e-05,4.33918711767021,41.6390492575078,15.0751855552017,30.9030508199764,1
0.862656825433978,0.417843937279242,0.87383297435956,-0.862705440940751,-1.6127758541343,-0.141226250803066,-0.60209681004456,-3.24765599342342e-05,4.33752049636561,41.6393294310726,15.0741043882608,30.9027455391775,1
0.862692431580227,0.417798602717781,0.873829038690391,-0.862740921014599,-1.61071165240471,-0.141865708665412,-0.603525120826068,-3.24343994627123e-05,4.33587713916521,41.6396054011221,15.0730382254312,30.9024443148562,1
0.862727522478255,0.417753916469793,0.87382514919288,-0.862775881264104,-1.60864716277493,-0.142499677604031,-0.604959108382843,-3.23878776874999e-05,4.33425730844003,41.639877122596,15.0719872366319,30.9021471944042,1
0.862762092648984,0.417709885483369,0.873821306515231,-0.86281031620922,-1.60658264652614,-0.143127974639267,-0.606398696609194,-3.23370208694508e-05,4.33266125633696,41.6401445522921,15.0709515851912,30.901854223438,1
0.862796136838147,0.41766651642411,0.873817511285108,-0.862844220598146,-1.60451836398446,-0.14375041944118,-0.607843807657898,-3.22818570529271e-05,4.3310892247484,41.6404076488726,15.069931427827,30.9015654457941,1
0.862829650016845,0.41762381567445,0.873813764109527,-0.862877589407823,-1.6024545744353,-0.144366834466567,-0.609294361889977,-3.22224160384061e-05,4.32954144528765,41.6406663728692,15.0689269146314,30.9012809035255,1
0.862862627381973,0.417581789333145,0.873810065574757,-0.862910417844301,-1.60039153603891,-0.144977045093518,-0.610750277825795,-3.21587293543538e-05,4.32801813926985,41.6409206866876,15.0679381890589,30.9010006368987,1
0.86289506435654,0.417540443214901,0.873806416246235,-0.862942701342992,-1.59832950574711,-0.145580879753338,-0.612211472097562,-3.20908302283964e-05,4.32651951769832,41.6411705546107,15.0669653879171,30.9007246843919,1
0.862926956589854,0.417499782850162,0.87380281666849,-0.862974435568801,-1.59626873922124,-0.146178170059681,-0.61367785940334,-3.20187535577972e-05,4.32504578125637,41.6414159428005,15.0660086413626,30.9004530826944,1
0.862958299957609,0.417459813485026,0.873799267365077,-0.863005616416141,-1.59420949075154,-0.146768750934717,-0.615149352462641,-3.19425358793286e-05,4.32359712030422,41.6416568192997,15.0650680728983,30.9001858667057,1
0.862989090561841,0.417420540081317,0.873795768838522,-0.863036240008835,-1.59215201317776,-0.147352460732212,-0.616625861973701,-3.1862215338539e-05,4.32217371488109,41.6418931540312,15.0641437993753,30.8999230695371,1
0.86301932473079,0.417381967316779,0.873792321570284,-0.86306630269991,-1.59009655781141,-0.147929141357356,-0.618107296572523,-3.17778316584707e-05,4.32077573471219,41.6421249187981,15.0632359309978,30.8996647225126,1
0.863048999018648,0.417344099585414,0.873788926020716,-0.86309580107128,-1.5880433743594,-0.148498638383195,-0.619593562793746,-3.16894261078496e-05,4.31940333922064,41.6423520872815,15.0623445713305,30.8994108551717,1
0.863078110205196,0.417306940997944,0.873785582629043,-0.863124731933326,-1.58599271084929,-0.149060801163569,-0.621084565033446,-3.15970414688135e-05,4.31805667754397,41.6425746350377,15.0614698173094,30.8991614952723,1
0.863106655295355,0.417270495382402,0.873782291813351,-0.863153092324377,-1.58394481355622,-0.149615482942375,-0.62258020551392,-3.15007220041903e-05,4.31673588855535,41.6427925394954,15.060611759256,30.8989166687948,1
0.863134631518625,0.417234766284836,0.87377905397058,-0.863180879510085,-1.5818999269314,-0.150162540959093,-0.624080384250519,-3.14005134243649e-05,4.31544110088914,41.6430057799506,15.0597704808933,30.8986763999464,1
0.863162036328434,0.417199756970148,0.87377586947653,-0.863208090982714,-1.57985829353247,-0.150701836550425,-0.625584999020619,-3.12964628537984e-05,4.31417243297079,41.6432143375615,15.0589460593656,30.8984407111668,1
0.863188867401394,0.41716547042303,0.873772738685876,-0.86323472446033,-1.57782015395556,-0.151233235247949,-0.627093945334759,-3.1188618797189e-05,4.31292999305094,41.6434181953428,15.05813856526,30.8982096231338,1
0.863215122636466,0.417131909349023,0.873769661932191,-0.8632607778859,-1.57578574676912,-0.1517566068717,-0.628607116410026,-3.10770311053553e-05,4.31171387924353,41.6436173381585,15.0573480626317,30.8979831547704,1
0.863240800154039,0.417099076175679,0.873766639527979,-0.863286249426308,-1.57375530844973,-0.152271825619577,-0.630124403145731,-3.09617509408605e-05,4.31052417956785,41.6438117527142,15.0565746090304,30.8977613232518,1
0.863265898294924,0.417066973053827,0.87376367176471,-0.863311137471287,-1.5717290733197,-0.152778770152486,-0.631645694101422,-3.08428307433728e-05,4.30936097199438,41.6440014275491,15.0558182555302,30.8975441440134,1
0.863290415619269,0.417035601858938,0.873760758912874,-0.863335440632266,-1.56970727348664,-0.153277323675161,-0.633170875477282,-3.07203241948826e-05,4.30822432449421,41.6441863530265,15.0550790467615,30.8973316307593,1
0.863314350905391,0.417004964192593,0.873757901222034,-0.863359157741142,-1.56769013878502,-0.153767374012562,-0.634699831096958,-3.05942861847112e-05,4.3071142950921,41.6443665213241,15.0543570209449,30.8971237954713,1
0.863337703148538,0.416975061384033,0.87375509892089,-0.863382287848975,-1.5656778967196,-0.154248813681822,-0.63623244239284,-3.04647727744042e-05,4.30603093192283,41.6445419264237,15.0536522099277,30.8969206484188,1
0.863360471559573,0.416945894491812,0.873752352217351,-0.863404830224609,-1.56367077241106,-0.154721539959653,-0.637768588393845,-3.03318411625154e-05,4.30497427329089,41.6447125640996,15.0529646392221,30.8967221981686,1
0.863382655563593,0.416917464305525,0.873749661298609,-0.863426784353229,-1.56166898854346,-0.155185454945187,-0.639308145715717,-3.01955496493223e-05,4.30394434773336,41.6448784319075,15.0522943280455,30.8965284515955,1
0.863404254798472,0.416889771347626,0.873747026331232,-0.863448149934841,-1.55967276531391,-0.155640465618189,-0.640850988553872,-3.00559576014854e-05,4.30294117408567,41.6450395291714,15.0516412893632,30.8963394138939,1
0.863425269113349,0.416862815875328,0.873744447461248,-0.863468926882696,-1.55768232038423,-0.156086483892627,-0.642396988678814,-2.99131254166934e-05,4.30196476155051,41.6451958569708,15.0510055299323,30.8961550885891,1
0.863445698567045,0.41683659788257,0.873741924814246,-0.863489115321645,-1.55569786883471,-0.156523426665545,-0.643946015434134,-2.97671144883115e-05,4.30101510976935,41.6453474181275,15.0503870503479,30.895975477549,1
0.863465543426425,0.416811117102069,0.873739458495483,-0.863508715586437,-1.55371962311994,-0.156951215861246,-0.645497935737101,-2.96179871700487e-05,4.30009220889677,41.6454942171911,15.0497858450906,30.8958005809974,1
0.863484804164698,0.416786373007439,0.873737048589992,-0.863527728219962,-1.55174779302681,-0.157369778470742,-0.647052614081855,-2.94658067406892e-05,4.29919603967736,41.6456362604245,15.0492019025758,30.8956303975261,1
0.863503481459664,0.416762364815377,0.873734695162699,-0.863546153971432,-1.5497825856345,-0.157779046586475,-0.648609912545227,-2.9310637368892e-05,4.29832657352513,41.6457735557884,15.0486352052051,30.8954649241085,1
0.863521576191907,0.416739091487915,0.873732398258548,-0.863563993794512,-1.5478242052767,-0.158178957432314,-0.650169690795146,-2.91525440780858e-05,4.29748377260531,41.6459061129264,15.0480857294185,30.8953041561133,1
0.863539089442933,0.416716551734738,0.873730157902625,-0.863581248845404,-1.54587285350581,-0.158569453388812,-0.651731806101673,-2.89915927114709e-05,4.29666758991841,41.6460339431482,15.0475534457482,30.8951480873185,1
0.863556022493264,0.416694744015563,0.873727974100293,-0.863597920480877,-1.54392872905937,-0.158950482013747,-0.65329611335063,-2.88278498971595e-05,4.29587796938663,41.6461570594133,15.0470383188745,30.8949967099256,1
0.863572376820481,0.416673666542568,0.873725846837334,-0.863614010256246,-1.54199202782845,-0.159321996057962,-0.654862465059829,-2.86613830134644e-05,4.29511484594224,41.6462754763138,15.0465403076818,30.8948500145743,1
0.863588154097221,0.416653317282891,0.873723776080087,-0.863629519923317,-1.54006294282823,-0.159683953476515,-0.656430711397882,-2.84922601543419e-05,4.29437814561813,41.6463892100572,15.0460593653175,30.894707990358,1
0.863603356189129,0.416633693961172,0.873721761775601,-0.863644451428277,-1.53814166417061,-0.160036317435181,-0.658000700205574,-2.83205500950258e-05,4.29366778564032,41.6464982784485,15.0455954392506,30.8945706248383,1
0.863617985152768,0.416614794062152,0.873719803851786,-0.863658806909547,-1.53622837903887,-0.160379056312325,-0.659572277019791,-2.81463222578444e-05,4.29298367452232,41.6466027008717,15.0451484713326,30.8944379040615,1
0.863632043233493,0.416596614833323,0.873717902217572,-0.863672588695596,-1.53432327166442,-0.160712143696188,-0.661145285099974,-2.79696466782431e-05,4.2923257121614,41.6467024982715,15.0447183978593,30.8943098125737,1
0.863645532863273,0.416579153287622,0.873716056763073,-0.863685799302708,-1.5324265233055,-0.161035558377639,-0.662719565457069,-2.7790593971024e-05,4.29169378993661,41.646797693134,15.044305149633,30.8941863334377,1
0.863658456658488,0.416562406206179,0.873714267359751,-0.863698441432724,-1.53053831222799,-0.161349284338427,-0.664294956884964,-2.76092352968048e-05,4.2910877908085,41.6468883094677,15.0439086520273,30.894067448249,1
0.863670817417679,0.416546370141105,0.87371253386059,-0.86371051797073,-1.52865881368807,-0.161653310734994,-0.665871295994357,-2.74256423287152e-05,4.29050758942054,41.6469743727835,15.0435288250515,30.8939531371526,1
0.863682618119266,0.416531041418326,0.87371085610027,-0.863722031982728,-1.52678819991698,-0.161947631877899,-0.667448417249059,-2.72398872193243e-05,4.28995305220215,41.6470559100746,15.0431655834168,30.8938433788601,1
0.863693861919233,0.416516416140462,0.873709233895347,-0.863732986713258,-1.52492664010761,-0.162232247206928,-0.669026153004646,-2.70520425678334e-05,4.28942403747327,41.6471329497966,15.0428188366031,30.8937381506668,1
0.863704552148772,0.416502490189746,0.873707667044439,-0.863743385582993,-1.52307430040299,-0.162507161261948,-0.670604333549481,-2.6862181387497e-05,4.28892039555054,41.6472055218464,15.0424884889277,30.8936374284694,1
0.863714692311897,0.416489259230982,0.87370615532841,-0.863753232186299,-1.52123134388678,-0.162772383649571,-0.672182787148015,-2.6670377073316e-05,4.28844196885485,41.6472736575415,15.0421744396132,30.8935411867833,1
0.863714692311897,0.41647671870756,0.873704698570718,-0.863762530288764,-1.51939793057539,-0.163027929005712,-0.673761340086364,-2.64767033699923e-05,4.2879885920205,41.6473373895984,15.0418765828583,30.8934493987607,1
0.863714692311897,0.41646484498455,0.873703313797831,-0.863771080119988,-1.51757409582196,-0.163274078814964,-0.675339676968572,-2.6279208977207e-05,4.28755933371797,41.6473975459726,15.0415945264076,30.893362353283,1
0.863714692311897,0.416453634521648,0.873701999458347,-0.863778901702503,-1.51576000213427,-0.163510838836525,-0.67691763038469,-2.60781644275992e-05,4.2871540705669,41.6474541035469,15.04132817625,30.8932799978639,1
0.863714692311897,0.416443083536754,0.873700754013817,-0.86378601479322,-1.51395580880395,-0.163738220039139,-0.678495030918134,-2.58738325687042e-05,4.28677267028491,41.6475070419072,15.0410774329826,30.8932022792096,1
0.863714692311897,0.416433188009617,0.873699575938688,-0.863792438886632,-1.51216167190164,-0.163956238556023,-0.68007170719587,-2.56664687390324e-05,4.28641499182122,41.6475563433067,15.0408421918938,30.8931291432342,1
0.863714692311897,0.416423943685512,0.873698463720259,-0.863798193217924,-1.51037774427401,-0.164164915635713,-0.681647485940832,-2.54563209397897e-05,4.28608088549152,41.6476019926299,15.0406223430462,30.8930605350753,1
0.863714692311897,0.416415346078957,0.873697415858634,-0.863803296765971,-1.50860417554253,-0.164364277588925,-0.683222192026527,-2.52436300023055e-05,4.28577019311403,41.647643977357,15.0404177713609,30.8929963991103,1
0.863714692311897,0.416407390477451,0.873696430866686,-0.863807768256249,-1.50684111210399,-0.164554355731508,-0.684795648533778,-2.50286297513206e-05,4.28548274814684,41.6476822875278,15.0402283567022,30.8929366789726,1
0.863714692311897,0.416400071945259,0.873695507270015,-0.863811626163644,-1.50508869713279,-0.164735186323604,-0.686367676809534,-2.48115471642118e-05,4.28521837582632,41.647716915705,15.0400539739634,30.8928813175681,1
0.863714692311897,0.416393385327217,0.873694643606918,-0.86381488871517,-1.50334707058482,-0.164906810505109,-0.687938096527727,-2.45926025262543e-05,4.28497689330672,41.6477478569381,15.0398944931529,30.892830257092,1
0.863714692311897,0.416387325252576,0.873693838428357,-0.863817573892599,-1.50161636920306,-0.165069274227521,-0.689506725752075,-2.43720095820283e-05,4.284758109801,41.6477751087264,15.0397497794819,30.8927834390455,1
0.863714692311897,0.416381886138877,0.873693090297932,-0.863819699435002,-1.49989672652463,-0.16522262818231,-0.691073381000813,-2.41499756830578e-05,4.28456182672269,41.6477986709825,15.0396196934518,30.8927408042535,1
0.863714692311897,0.416377062195853,0.873692397791859,-0.863821282841204,-1.49818827288951,-0.165366927725889,-0.692637877313262,-2.39267019317867e-05,4.28438783782901,41.6478185459954,15.039504090943,30.8927022928814,1
0.863714692311897,0.41637284742937,0.873691759498949,-0.863822341372157,-1.49649113545062,-0.165502232801313,-0.694200028318201,-2.37023833219535e-05,4.28423592936505,41.6478347383927,15.0394028233046,30.8926678444532,1
0.863714692311897,0.416369235645395,0.873691174020591,-0.86382289205323,-1.49480543818538,-0.165628607856822,-0.695759646303952,-2.34772088754844e-05,4.28410588020914,41.647847255104,15.0393157374442,30.8926373978691,1
0.863714692311897,0.416366220453995,0.87369063997074,-0.863822951676422,-1.49313130190868,-0.165746121761322,-0.697316542290141,-2.32513617759691e-05,4.28399746201934,41.647856105323,15.0392426759189,30.8926108914236,1
0.863714692311897,0.416363795273372,0.873690155975907,-0.86382253680249,-1.49146884428707,-0.165854847716941,-0.698870526101062,-2.30250194988043e-05,4.28391043938116,41.64786130047,15.0391834770274,30.8925882628239,1
0.863714692311897,0.416361953333926,0.873689720675152,-0.863821663763015,-1.48981817985436,-0.165954863168776,-0.700421406440563,-2.27983539381002e-05,4.28384456995633,41.6478628541539,15.0391379749018,30.8925694492085,1
0.863714692311897,0.416360687682354,0.873689332720083,-0.863820348662375,-1.48817942002831,-0.166046249711933,-0.701968990968418,-2.25715315304097e-05,4.28379960463281,41.6478607821342,15.0391059996014,30.8925543871657,1
0.863714692311897,0.416359991185779,0.873688990774853,-0.863818607379665,-1.48655267312854,-0.166129092996009,-0.703513086378095,-2.23447133753552e-05,4.28377528767599,41.6478551022832,15.0390873772064,30.8925430127529,1
0.863714692311897,0.416359856535914,0.873688693516169,-0.863816455570529,-1.48493804439558,-0.166203482627131,-0.705053498475832,-2.21180553532666e-05,4.28377135688097,41.647845834547,15.0390819299125,30.8925352615156,1
0.863714692311897,0.416360276253254,0.873688439633295,-0.86381390866893,-1.48333563601089,-0.166269512067638,-0.706590032261047,-2.18917082398404e-05,4.28378754372624,41.6478330009073,15.039089476127,30.8925310685067,1
0.863714692311897,0.416361242691313,0.873688227828066,-0.863810981888851,-1.48174554711793,-0.166327278533572,-0.708122492007927,-2.16658178179285e-05,4.28382357352843,41.6478166253428,15.0391098305647,30.8925303683067,1
0.863714692311897,0.416362748040883,0.873688056814902,-0.863807690225927,-1.48016787384416,-0.166376882890092,-0.709650681348155,-2.14405249865278e-05,4.28387916559837,41.64779673379,15.0391428043452,30.8925330950432,1
0.863714692311897,0.416364784334337,0.873687925320826,-0.863804048459011,-1.47860270932387,-0.166418429544946,-0.711174403354686,-2.12159658670369e-05,4.28395403339832,41.647773354104,15.0391882050911,30.8925391824113,1
0.863714692311897,0.416367343449956,0.873687832085483,-0.863800071151678,-1.47705014372193,-0.1664520263401,-0.712693460626544,-2.09922719068352e-05,4.28404788470052,41.6477465160197,15.0392458370265,30.8925485636938,1
0.863714692311897,0.416370417116301,0.873687775861168,-0.863795772653663,-1.47551026425817,-0.166477784441688,-0.714207655374536,-2.07695699802625e-05,4.28416042174695,41.6477162511115,15.0393155010767,30.8925611717819,1
0.863714692311897,0.416373996916616,0.873687755412853,-0.863791167102237,-1.47398315523261,-0.166495818228371,-0.715716789507831,-2.0547982487048e-05,4.28429134141037,41.6476825927545,15.0393969949688,30.8925769391962,1
0.863714692311897,0.416378074293264,0.87368776951822,-0.863786268423529,-1.47246889805119,-0.166506245178256,-0.717220664721344,-2.03276274482715e-05,4.28444033535667,41.6476455760837,15.0394901133328,30.8925957981077,1
0.863714692311897,0.416382640552203,0.873687816967693,-0.863781090333772,-1.47096757125222,-0.166509185754496,-0.718719082583843,-2.0108618599897e-05,4.28460709020852,41.6476052379546,15.039594647804,30.8926176803591,1
0.863714692311897,0.416387686867498,0.873687896564479,-0.863775646340514,-1.46947925053327,-0.166504763289684,-0.720211844626714,-1.9891065483955e-05,4.28479128771028,41.6475616169022,15.0397103871257,30.8926425174869,1
0.863714692311897,0.416393204285862,0.873688007124611,-0.863769949743747,-1.46800400877853,-0.166493103869189,-0.721698752433328,-1.96750735374194e-05,4.28499260489428,41.6475147531012,15.0398371172532,30.8926702407423,1
0.863714692311897,0.416399183731247,0.873688147476988,-0.863764013637004,-1.4665419160867,-0.166474336213533,-0.723179607728931,-1.94607441788545e-05,4.28521071424833,41.6474646883245,15.0399746214585,30.8927007811144,1
0.863714692311897,0.416405616009456,0.873688316463429,-0.863757850908379,-1.46509303979908,-0.166448591559954,-0.724654212470998,-1.92481748928615e-05,4.28544528388465,41.6474114659027,15.0401226804358,30.8927340693516,1
0.863714692311897,0.4164124918128,0.873688512938722,-0.863751474241513,-1.46365744452803,-0.166416003543259,-0.726122368939984,-1.90374593124237e-05,4.28569597771005,41.6473551306827,15.040281072408,30.8927700359848,1
0.863714692311897,0.416419801724793,0.87368873577068,-0.863744896116513,-1.46223519218573,-0.166376708076109,-0.727583879830409,-1.88286872991611e-05,4.2859624555974,41.6472957289862,15.0404495732337,30.89280861135,1
0.863714692311897,0.416427536224877,0.873688983840195,-0.863738128810831,-1.460826342013,-0.166330843228835,-0.729038548342208,-1.8621945021568e-05,4.28624437355851,41.6472333085684,15.0406279565158,30.8928497256112,1
0.863714692311897,0.416435685693187,0.873689256041304,-0.863731184400089,-1.45943095060838,-0.166278549108919,-0.730486178272291,-1.84173150312996e-05,4.28654138391823,41.6471679185758,15.0408159937101,30.892893308784,1
0.863714692311897,0.416444240415349,0.873689551281251,-0.863724074758851,-1.45804907195718,-0.166219967740249,-0.731926574106243,-1.82148763375488e-05,4.28685313548983,41.6470996095039,15.0410134542349,30.8929392907589,1
0.863714692311897,0.416453190587317,0.873689868480554,-0.863716811561361,-1.45668075746062,-0.166155242942272,-0.733359541110104,-1.8014704479548e-05,4.28717927375178,41.6470284331557,15.0412201055824,30.8929876013252,1
0.863714692311897,0.416462526320244,0.873690206573072,-0.863709406282224,-1.4553260559649,-0.166084520209147,-0.734784885422181,-1.78168715972892e-05,4.28751944102567,41.6469544425983,15.0414357134292,30.8930381701948,1
0.863714692311897,0.416472237645382,0.873690564506081,-0.863701870197049,-1.45398501379023,-0.166007946589026,-0.736202414144808,-1.76214465004749e-05,4.2878732766554,41.6468776921206,15.0416600417494,30.8930909270267,1
0.863714692311897,0.416482314519025,0.873690941240347,-0.863694214383047,-1.45265767475962,-0.165925670563556,-0.737611935436025,-1.74284947357651e-05,4.28824041718771,41.6467982371903,15.041892852927,30.893145801451,1
0.863714692311897,0.416492746827477,0.873691335750206,-0.863686449719591,-1.45134408022764,-0.165837841927723,-0.739013258601088,-1.72380786523885e-05,4.28862049655373,41.6467161344103,15.0421339078702,30.893202723094,1
0.863714692311897,0.416503524392055,0.87369174702364,-0.863678586888739,-1.4500442691088,-0.165744611670142,-0.740406194183786,-1.70502574661153e-05,4.28901314625186,41.6466314414762,15.0423829661255,30.8932616216026,1
0.863714692311897,0.41651463697413,0.873692174062361,-0.863670636375711,-1.4487582779057,-0.165646131853888,-0.741790554057485,-1.68650873217122e-05,4.28941799553168,41.6465442171316,15.0426397859937,30.8933224266697,1
0.863714692311897,0.416526074280183,0.873692615881898,-0.863662608469337,-1.44748614073685,-0.165542555497985,-0.743166151515858,-1.66826213538635e-05,4.28983467157904,41.6464545211252,15.0429041246453,30.8933850680591,1
0.863714692311897,0.416537825966908,0.873693071511678,-0.863654513262473,-1.44622788936411,-0.165434036459631,-0.744532801363247,-1.65029097466371e-05,4.29026279970216,41.6463624141662,15.0431757382374,30.893449475631,1
0.863714692311897,0.416549881646329,0.87369353999512,-0.863646360652377,-1.44498355321967,-0.165320729317279,-0.745890320004603,-1.63259997915478e-05,4.29070200351877,41.6462679578804,15.0434543820313,30.893515579368,1
0.863704546241166,0.416562230893388,0.873694020327074,-0.863638160341062,-1.44375315943261,-0.165202789254647,-0.747238525534965,-1.61519359442407e-05,4.29115190514425,41.6461712147658,15.0437398105102,30.8935833094,1
0.863694198040839,0.416574843373553,0.873694529764268,-0.863629706353021,-1.44253660111175,-0.165080651825497,-0.748577090278138,-1.59786144503772e-05,4.29161132621876,41.6460730879613,15.0440314818109,30.8936529323692,1
0.86368365603747,0.416587708552945,0.873695067452287,-0.863621008394088,-1.44133390084103,-0.164954472998367,-0.74990583606246,-1.58061181545197e-05,4.29207988459783,41.6459736443615,15.044329148767,30.8937243801924,1
0.863672928563184,0.416600815889944,0.873695632535459,-0.863612076142792,-1.44014507910534,-0.164824408737588,-0.751224586811553,-1.56345280698134e-05,4.29255719785882,41.6458729508782,15.0446325640238,30.8937975847134,1
0.863662023951664,0.416614154840178,0.873696224157211,-0.863602919247075,-1.43897015431165,-0.164690614898807,-0.752533168627713,-1.54639233794574e-05,4.29304288348253,41.6457710744065,15.0449414801555,30.8938724777336,1
0.86365095053414,0.416627714861539,0.873696841460417,-0.863593547320985,-1.43780914280937,-0.164553247125958,-0.753831409874574,-1.52943814379077e-05,4.29353655903529,41.6456680817898,15.045255649782,30.8939489910431,1
0.863639716635353,0.416641485419208,0.873697483587754,-0.863583969941343,-1.43666205891001,-0.164412460749738,-0.755119141259011,-1.51259777717533e-05,4.29403784235168,41.645564039786,15.0455748256865,30.8940270564513,1
0.863628330569525,0.416655455990694,0.873698149682061,-0.863574196644381,-1.43552891490599,-0.164268410687652,-0.756396195912248,-1.49587860803692e-05,4.29454635171772,41.6454590150329,15.0458987609328,30.8941066058179,1
0.863616800636311,0.41666961607089,0.873698838886697,-0.86356423692236,-1.43440972108874,-0.164121251345705,-0.75766240947014,-1.47928782363144e-05,4.29506170605441,41.6453530740139,15.0462272089837,30.8941875710846,1
0.863605135116752,0.416683955177127,0.873699550345905,-0.863554100220163,-1.43330448576587,-0.163971136521767,-0.75891762015259,-1.46283242855582e-05,4.29558352510156,41.6452462830235,15.0465599238191,30.8942698843061,1
0.863593342269222,0.416698462854243,0.873700283205174,-0.863543795931876,-1.43221321527757,-0.163818219310686,-0.760161668842098,-1.44651924475003e-05,4.29611142960185,41.6451387081337,15.0468966600541,30.8943534776815,1
0.863581430325382,0.416713128679652,0.873701036611606,-0.863533333397346,-1.43113591401203,-0.1636626520112,-0.761394399161384,-1.43035491148785e-05,4.29664504148501,41.6450304151592,15.0472371730582,30.8944382835861,1
0.863569407486126,0.416727942268412,0.873701809714282,-0.863522721898733,-1.43007258442004,-0.163504586034689,-0.76261565755007,-1.41434588535386e-05,4.29718398405198,41.6449214696236,15.047581219073,30.8945242346027,1
0.863557281917533,0.416742893278295,0.87370260166463,-0.863511970657043,-1.42902322702862,-0.163344171815811,-0.763825293340417,-1.3984984402133e-05,4.29772788215897,41.6448119367256,15.0479285553312,30.8946112635534,1
0.863545061746831,0.41675797141485,0.873703411616796,-0.86350108882866,-1.42798784045372,-0.163181558725066,-0.765023158832059,-1.38281866717415e-05,4.2982763624014,41.6447018813049,15.0482789401749,30.8946993035315,1
0.863532755058366,0.416773166436453,0.873704238728014,-0.863490085501873,-1.42696642141195,-0.16301689498333,-0.766209109365744,-1.36731247454821e-05,4.29882905329743,41.6445913678089,15.0486321331737,30.8947882879327,1
0.863520369889573,0.416788468159359,0.873705082158973,-0.863478969693389,-1.42595896473134,-0.162850327578387,-0.767383003396041,-1.35198558781e-05,4.2993855854712,41.6444804602587,15.0489878952429,30.8948781504871,1
0.863507914226978,0.416803866462724,0.873705941074193,-0.863467750344862,-1.42496546336111,-0.162682002183498,-0.768544702563016,-1.33684354955924e-05,4.29994559183546,41.6443692222162,15.0493459887608,30.8949688252909,1
0.863495396002197,0.416819351293627,0.873706814642394,-0.863456436319414,-1.42398590838041,-0.16251206307803,-0.769694071762841,-1.32189171948776e-05,4.30050870777364,41.644257716751,15.0497061776868,30.8950602468379,1
0.863482823087968,0.416834912672056,0.873707702036864,-0.863445036398165,-1.4230202890061,-0.162340653070176,-0.770830979217329,-1.30713527435485e-05,4.30107457132112,41.6441460064071,15.0500682276773,30.895152350051,1
0.863470203294192,0.416850540695878,0.873708602435835,-0.863433559276773,-1.42206859259941,-0.162167913421783,-0.771955296542393,-1.29257920797325e-05,4.30164282334564,41.6440341531709,15.0504319062027,30.8952450703139,1
0.863457544364005,0.416866225545788,0.87370951502285,-0.863422013561981,-1.42113080467172,-0.16199398377532,-0.773066898815394,-1.27822833120727e-05,4.30221310772683,41.6439222184381,15.050796982663,30.895338343502,1
0.863444853969873,0.416881957490214,0.87371043898713,-0.863410407768187,-1.42020690888909,-0.16181900208301,-0.774165664641353,-1.26408727199085e-05,4.30278507153437,41.6438102629822,15.0511632285025,30.8954321060142,1
0.863432139709739,0.416897726890172,0.873711373523941,-0.863398750314044,-1.41929688707593,-0.161643104538386,-0.775251476217578,-1.2501604753815e-05,4.30335836520423,41.6436983469227,15.0515304173238,30.8955262948031,1
0.863419409103128,0.41691352420417,0.873712317834966,-0.863387049519018,-1.41840071921754,-0.161466425509122,-0.776324219398774,-1.23645220356823e-05,4.30393264271656,41.6435865296931,15.0518983250027,30.8956208474071,1
0.863406669587361,0.416929339992975,0.873713271128667,-0.863375313600036,-1.41751838346159,-0.161289097472982,-0.777383783759353,-1.2229665359742e-05,4.30450756176891,41.6434748700105,15.0522667297994,30.89571570198,1
0.863393928513776,0.416945164924379,0.873714232620644,-0.863363550668139,-1.4166498561186,-0.161111250955644,-0.778430062655168,-1.20970736936185e-05,4.30508278394894,41.643363425844,15.0526354124708,30.8958107973222,1
0.863381193143999,0.416960989777908,0.873715201533998,-0.86335176872516,-1.41579511166126,-0.160933014470719,-0.779462953284127,-1.19667841796591e-05,4.30565797490543,41.6432522543853,15.0530041563804,30.8959060729104,1
0.863368470646241,0.416976805449482,0.873716177099689,-0.863339975660444,-1.41495412272282,-0.160754514461961,-0.780482356745641,-1.18388321365833e-05,4.30623280451744,41.6431414120181,15.0533727476077,30.8960014689279,1
0.863355768091655,0.416992602956027,0.873717158556888,-0.863328179247591,-1.41412686009436,-0.160575875247666,-0.781488178098951,-1.171325106146e-05,4.30680694706145,41.643030954289,15.0537409750563,30.8960969262942,1
0.863343092450729,0.417008373440021,0.873718145153332,-0.863316387141246,-1.41331329272105,-0.160397218967266,-0.782480326420309,-1.15900726320484e-05,4.30738008137653,41.6429209358782,15.0541086305606,30.8961923866943,1
0.863330450589737,0.417024108173987,0.873719136145669,-0.863304606873929,-1.41251338769728,-0.160218665530097,-0.783458714859014,-1.14693267095088e-05,4.30795189102715,41.6428114105711,15.0544755089909,30.8962877926074,1
0.863317849267237,0.417039798564918,0.873720130799805,-0.863292845852904,-1.41172711026094,-0.160040332566351,-0.784423260692312,-1.13510413415281e-05,4.3085220644637,41.6427024312301,15.0548414083575,30.8963830873364,1
0.863305295130627,0.41705543615863,0.873721128391243,-0.863281111357103,-1.41095442378643,-0.159862335380173,-0.785373885379177,-1.12352427658558e-05,4.30909029518059,41.642594049767,15.0552061299125,30.8964782150352,1
0.863292794712759,0.417071012644054,0.873722128205421,-0.863269410534091,-1.41019528977688,-0.159684786904928,-0.786310514612943,-1.11219554142924e-05,4.30965628187168,41.6424863171163,15.0555694782508,30.8965731207373,1
0.863280354428614,0.417086519857444,0.873723129538039,-0.863257750397094,-1.40944966785521,-0.15950779766058,-0.78723307837283,-1.10112019171366e-05,4.310219728583,41.6423792832082,15.0559312614086,30.8966677503827,1
0.863267980572038,0.417101949786513,0.873724131695395,-0.863246137822077,-1.40871751575424,-0.159331475713215,-0.788141510974343,-1.09030031081129e-05,4.31078034486274,41.6422729969432,15.0562912909607,30.8967620508453,1
0.863255679312547,0.417117294574483,0.8737251339947,-0.863234579544877,-1.40799878930582,-0.159155926636634,-0.789035751118576,-1.07973780298018e-05,4.3113378459081,41.6421675061665,15.0566493821153,30.8968559699593,1
0.863243456692199,0.417132546524056,0.873726135764395,-0.863223082158406,-1.40729344242894,-0.158981253476054,-0.789915741940399,-1.0694343939588e-05,4.31189195270925,41.6420628576433,15.0570053538077,30.896949456545,1
0.863231318622536,0.41714769810129,0.873727136344467,-0.863211652109912,-1.40660142711697,-0.158807556713842,-0.790781431055571,-1.05939163161415e-05,4.31244239218998,41.6419590970351,15.0573590287907,30.8970424604344,1
0.8632192708816,0.417162741939397,0.87372813508675,-0.863200295698308,-1.40592269342382,-0.158634934237303,-0.791632770606764,-1.04961088664464e-05,4.31298889734509,41.6418562688758,15.0577102337243,30.8971349324966,1
0.863207319111026,0.417177670842427,0.873729131355228,-0.863189019071572,-1.40525718944924,-0.158463481308464,-0.792469717308514,-1.0400933533401e-05,4.31353120737435,41.6417544165491,15.0580587992622,30.8972268246614,1
0.863195468813212,0.417192477788876,0.873730124526325,-0.863177828224216,-1.40460486132323,-0.15829329053585,-0.793292232491129,-1.03084005039916e-05,4.31406906781295,41.6416535822668,15.0584045601362,30.8973180899436,1
0.863183725348568,0.417207155935183,0.873731113989193,-0.863166728994829,-1.40396565318943,-0.158124451848211,-0.794100282143528,-1.02185182180568e-05,4.31460223065832,41.6415538070469,15.0587473552389,30.8974086824664,1
0.863172093932853,0.417221698619123,0.873732099145992,-0.863155727063705,-1.40333950718773,-0.157957052470186,-0.794893836955068,-1.01312933776597e-05,4.31513045449317,41.6414551306934,15.0590870277033,30.8974985574834,1
0.863160579634586,0.417236099363099,0.873733079412163,-0.863144827950535,-1.40272636343593,-0.157791176899854,-0.795672872356338,-1.0046730957072e-05,4.31565350460478,41.641357591776,15.0594234249798,30.8975876714011,1
0.863149187372558,0.417250351877326,0.873734054216693,-0.863134037012194,-1.40212616001058,-0.157626906888167,-0.796437368558951,-9.96483421338907e-06,4.31617115310027,41.6412612276112,15.0597563989119,30.8976759817997,1
0.863137921913421,0.417264450062902,0.873735023002372,-0.863123359440604,-1.40153883292697,-0.157464321420214,-0.797187310594337,-9.88560469776935e-06,4.31668317901789,41.641166074244,15.0600858058077,30.8977634474543,1
0.863126787869374,0.417278388014764,0.873735985226047,-0.863112800260688,-1.40096431611826,-0.157303496698293,-0.797922688351569,-9.80904226732558e-06,4.31718936843418,41.6410721664299,15.06041150651,30.8978500283542,1
0.863115789695937,0.417292160024534,0.87373694035886,-0.863102364328401,-1.40040254141389,-0.157144506126759,-0.798643496614213,-9.73514509765681e-06,4.31768951456696,41.6409795376182,15.0607333664628,30.8979356857225,1
0.863104931689827,0.417305760583242,0.873737887886486,-0.863092056328866,-1.39985343851705,-0.156987420298613,-0.799349735096241,-9.66390969605424e-06,4.31818341787397,41.6408882199363,15.0610512557761,30.8980203820343,1
0.863094217986921,0.417319184383931,0.873738827309358,-0.863081880774587,-1.39931693498157,-0.156832306983794,-0.800041408477004,-9.59533091533727e-06,4.31867088614722,41.6407982441739,15.0613650492864,30.8981040810348,1
0.863083652560322,0.417332426324138,0.873739758142886,-0.863071842003762,-1.39879295618786,-0.156679231119154,-0.800718526435291,-9.52940196837693e-06,4.31915173460283,41.640709639769,15.0616746266161,30.8981867477558,1
0.863073239218523,0.417345481508255,0.873740679917661,-0.863061944178691,-1.39828142531828,-0.156528254800069,-0.801381103682483,-9.46611444328316e-06,4.31962578596646,41.6406224347942,15.0619798722285,30.8982683485323,1
0.863062981603669,0.417358345249761,0.873741592179663,-0.863052191284273,-1.39778226333169,-0.156379437273649,-0.802029159994836,-9.40545831925574e-06,4.32009287055411,41.6405366559439,15.0622806754806,30.8983488510176,1
0.863052883189925,0.417371013073325,0.873742494490448,-0.863042587126613,-1.39729538893731,-0.156232834933529,-0.802662720244876,-9.34742198310114e-06,4.32055282634825,41.6404523285225,15.062576930673,30.8984282241979,1
0.863052883189925,0.417383480712357,0.873743386489269,-0.863033135331714,-1.39682071856795,-0.156088501316192,-0.803281814431957,-9.29199224642513e-06,4.32100549906939,41.6403694764333,15.0628685370963,30.8985064384065,1
0.863052883189925,0.41739576377028,0.87374424993749,-0.863024050185484,-1.39635829117429,-0.155946224447413,-0.803886614935778,-9.24125187196701e-06,4.32145153226826,41.640287297818,15.0631556932428,30.8985831368436,1
0.863052883189925,0.417407857743609,0.873745085028103,-0.863015326852035,-1.39590801392413,-0.155806061871302,-0.804477157034632,-9.19506490998975e-06,4.32189076032471,41.6402058411949,15.0634382982684,30.8986583032513,1
0.863052883189925,0.417419758353001,0.873745891966261,-0.863006960427672,-1.39546979168779,-0.155668068137211,-0.805053481291538,-9.15329726185417e-06,4.32232302577366,41.6401251534519,15.0637162565368,30.8987319226888,1
0.863052883189925,0.417431461544926,0.873746670969183,-0.862998945941037,-1.3950435270099,-0.155532294799783,-0.805615633582549,-9.11581664808906e-06,4.32274817936684,41.6400452798273,15.0639894776562,30.898803981538,1
0.863052883189925,0.417442963493217,0.873747422266064,-0.862991278353371,-1.39462912008048,-0.155398790420489,-0.806163665124246,-9.08249257807406e-06,4.32316608012966,41.6399662638928,15.0642578765143,30.8988744675083,1
0.863052883189925,0.417454260600476,0.873748146097959,-0.862983952558867,-1.39422646870538,-0.155267600570595,-0.806697632500412,-9.05319632131259e-06,4.32357659541313,41.639888147536,15.0645213733091,30.8989433696402,1
0.863052883189925,0.417465349499348,0.873748842717672,-0.862976963385132,-1.3938354682761,-0.155138767835544,-0.80721759768792,-9.02780088024111e-06,4.32397960094091,41.6398109709449,15.0647798935769,30.899010678309,1
0.863052883189925,0.417476227053659,0.873749512389631,-0.862970305593746,-1.3934560117391,-0.155012331820693,-0.80772362808185,-9.00618096451209e-06,4.32437498085139,41.6397347725926,15.0650333682175,30.8990763852266,1
0.863052883189925,0.417486890359417,0.873750155389754,-0.862963973880918,-1.39308798956444,-0.154888329158378,-0.808215796519858,-8.98821296670792e-06,4.32476262773482,41.6396595892241,15.0652817335159,30.8991404834431,1
0.863052883189925,0.417497336745678,0.873750772005311,-0.862957962878241,-1.39273128971392,-0.154766793516266,-0.808694181305812,-8.9737749394533e-06,4.32514244266552,41.6395854558425,15.0655249311603,30.8992029673478,1
0.863052883189925,0.417507563775273,0.873751362534776,-0.862952267153533,-1.3923857976087,-0.154647755606954,-0.809158866232715,-8.96274657383666e-06,4.32551433522906,41.6395124056972,15.0657629082581,30.8992638326683,1
0.863052883189925,0.417517569245402,0.87375192728767,-0.862946881211778,-1.39205139609631,-0.154531243198781,-0.809609940604935,-8.95500917912822e-06,4.32587822354453,41.6394404702735,15.0659956173476,30.8993230764705,1
0.863052883189925,0.41752735118809,0.873752466584398,-0.862941799496145,-1.39172796541731,-0.154417281127805,-0.81004749925977,-8.95044566373345e-06,4.32623403428191,41.6393696792815,15.0662230164074,30.8993806971561,1
0.863052883189925,0.41753690787051,0.87375298075608,-0.862937016389107,-1.39141538317136,-0.154305891310918,-0.810471642588349,-8.94894051732015e-06,4.32658170267448,41.6393000606479,15.0664450688621,30.8994366944604,1
0.863052883189925,0.417546237795168,0.873753470144372,-0.862932526213625,-1.39111352428286,-0.154197092760058,-0.810882476555905,-8.95037979409343e-06,4.32692117252633,41.6392316405077,15.0666617435851,30.899491069449,1
0.863052883189925,0.417555339699963,0.873753935101285,-0.862928323234429,-1.39082226096615,-0.154090901597471,-0.811280112721447,-8.95465109714392e-06,4.32725239621513,41.6391644431966,15.0668730148983,30.8995438245135,1
0.863052883189925,0.417564212558104,0.873754375988989,-0.862924401659368,-1.39054146269032,-0.153987331072002,-0.811664668256807,-8.96164356382998e-06,4.32757533468997,41.6390984912458,15.0670788625689,30.899594963367,1
0.863052883189925,0.417572855577905,0.873754793179621,-0.862920755640834,-1.39027099614352,-0.153886391576355,-0.812036265965156,-8.97124785215754e-06,4.32788995746454,41.6390338053759,15.0672792718025,30.899644491038,1
0.863052883189925,0.417581268202449,0.873755187055079,-0.862917379277265,-1.39001072519704,-0.153788090665304,-0.812395034298929,-8.98335612807427e-06,4.32819624260563,41.6389704044935,15.0674742332345,30.8996924138648,1
0.863052883189925,0.417589450109127,0.873755558006815,-0.862914266614703,-1.38976051086881,-0.153692433074813,-0.812741107377239,-8.99786205367362e-06,4.32849417671696,41.6389083056875,15.0676637429171,30.8997387394875,1
0.863052883189925,0.417597401209043,0.873755906435617,-0.862911411648435,-1.38952021128675,-0.153599420742007,-0.813074625002777,-9.01466077621165e-06,4.32878375491853,41.638847524227,15.0678478023044,30.8997834768412,1
0.863052883189925,0.417605121646316,0.873756232751393,-0.862908808324678,-1.38928968165166,-0.153509052825986,-0.813395732678215,-9.03364891792297e-06,4.32906498082146,41.63878807356,15.0680264182346,30.8998266361469,1
0.863052883189925,0.417612611797238,0.873756537372943,-0.862906450542336,-1.38906877419982,-0.153421325729422,-0.813704581622144,-9.05472456655942e-06,4.32933786649854,41.6387299653127,15.0681996029086,30.8998682289028,1
0.863052883189925,0.417619872269339,0.873756820727735,-0.8629043321548,-1.38885733816531,-0.153336233120901,-0.814001328784555,-9.07778726664114e-06,4.32960243245048,41.6386732092906,15.0683673738671,30.8999082678741,1
0.863052883189925,0.417626903900314,0.873757083251663,-0.862902446971812,-1.38865521974203,-0.153253765958007,-0.814286136861869,-9.10273801132493e-06,4.32985870756791,41.6386178134793,15.0685297539641,30.8999467670832,1
0.863052883189925,0.417633707756865,0.873757325388817,-0.862900788761363,-1.38846226204546,-0.153173912511025,-0.814559174311624,-9.12947923484575e-06,4.33010672908959,41.638563784047,15.0686867713383,30.8999837417983,1
0.863052883189925,0.417640285133416,0.873757547591238,-0.862899351251641,-1.38827830507418,-0.153096658387291,-0.814820615366756,-9.15791480550251e-06,4.33034654255655,41.6385111253477,15.0688384593823,30.900019208522,1
0.863052883189925,0.417646637550734,0.873757750318675,-0.862898128133017,-1.38810318567116,-0.153021986556136,-0.815070640049514,-9.18795001913925e-06,4.33057820176258,41.6384598399251,15.0689848567084,30.9000531849794,1
0.863052883189925,0.417652766754454,0.873757934038336,-0.862897113060066,-1.3879367374848,-0.152949877374372,-0.815309434185047,-9.21949159304001e-06,4.33080176870098,41.6384099285174,15.0691260071135,30.9000856901049,1
0.863052883189925,0.417658674713497,0.873758099224639,-0.862896299653618,-1.38777879092989,-0.152880308612281,-0.815537189414668,-9.25244766023618e-06,4.33101731350793,41.6383613900626,15.0692619595408,30.9001167440299,1
0.863052883189925,0.417664363618411,0.873758246358961,-0.862895681502834,-1.38762917314824,-0.152813255480051,-0.815754103208841,-9.28672776413166e-06,4.33122491440256,41.6383142217053,15.0693927680395,30.9001463680684,1
0.863052883189925,0.417669835879616,0.873758375929383,-0.862895252167311,-1.38748770796931,-0.152748690654647,-0.815960378879913,-9.32224285341343e-06,4.33142465762383,41.6382684188032,15.0695184917235,30.9001745847037,1
0.863052883189925,0.417675094125575,0.873758488430437,-0.862895005179195,-1.38735421587061,-0.15268658430702,-0.816156225594592,-9.35890527720819e-06,4.33161663736455,41.6382239749353,15.0696391947266,30.9002014175734,1
0.863052883189925,0.417680141200889,0.873758584362846,-0.862894934045312,-1.38722851393802,-0.152626904129655,-0.816341858386243,-9.39662878041e-06,4.33180095570255,41.6381808819101,15.0697549461576,30.9002268914552,1
0.863052883189925,0.417684980164314,0.873758664233273,-0.862895032249308,-1.38711041582603,-0.15256961536437,-0.81651749816699,-9.43532849915623e-06,4.33197772252941,41.6381391297744,15.0698658200528,30.9002510322511,1
0.863052883189925,0.417689614286729,0.873758728554059,-0.862895293253789,-1.38699973171788,-0.152514680830343,-0.816683371739673,-9.47492095637273e-06,4.33214705547676,41.6380987068233,15.0699718953275,30.9002738669727,1
0.863052883189925,0.417694047049031,0.873758777842973,-0.862895710502459,-1.38689626828573,-0.152462060952299,-0.816839711809687,-9.51532405737337e-06,4.33230907984046,41.6380595996103,15.0700732557258,30.9002954237251,1
0.863052883189925,0.417698282139987,0.873758812622953,-0.862896277422258,-1.38679982865069,-0.152411713788802,-0.816986756996727,-9.55645708542916e-06,4.33246392850295,41.6380217929577,15.0701699897698,30.9003157316909,1
0.863052883189925,0.417702323454039,0.873758833421853,-0.862896987425476,-1.38671021234296,-0.152363595060608,-0.817124751846489,-9.59824069726585e-06,4.33261174185388,41.637985269968,15.0702621907071,30.9003348211148,1
0.863052883189925,0.41770617508907,0.873758840772195,-0.862897833911864,-1.38662721526193,-0.152317658179,-0.817253946842335,-9.64059691847255e-06,4.33275266770934,41.6379500120353,15.070349956458,30.9003527232867,1
0.863052883189925,0.417709841344139,0.873758835210914,-0.862898810270709,-1.38655062963637,-0.15227385427407,-0.817374598416982,-9.6834491387176e-06,4.33288686123,41.6379159988575,15.0704333895617,30.9003694705259,1
0.863052883189925,0.417713326717193,0.873758817279115,-0.862899909882891,-1.38648024398469,-0.152232132222854,-0.817486968964229,-9.72672210676139e-06,4.33301448483829,41.6378832084482,15.0705125971223,30.9003850961643,1
0.863052883189925,0.41771663590276,0.87375878752183,-0.862901126122901,-1.38641584307528,-0.152192438677287,-0.817591326850775,-9.77034192520974e-06,4.333135708135,41.6378516171495,15.0705876907538,30.9003996345308,1
0.863052883189925,0.417719773789641,0.873758746487777,-0.862902452360824,-1.38635720788705,-0.152154718091882,-0.81768794642817,-9.81423604493323e-06,4.3332507078156,41.6378211996447,15.0706587865259,30.9004131209345,1
0.863052883189925,0.41772274545859,0.873758694729128,-0.86290388196427,-1.38630411557006,-0.152118912751072,-0.817777108044912,-9.85833325913633e-06,4.33335966758651,41.6377919289708,15.0707260049089,30.9004255916485,1
0.863052883189925,0.417725556180017,0.873758632801276,-0.862905408300266,-1.38625633940642,-0.152084962796154,-0.817859098058773,-9.90256369700855e-06,4.33346277808167,41.6377637765323,15.0707894707196,30.9004370838944,1
0.863052883189925,0.417728211411697,0.873758561262613,-0.862907024737077,-1.38621364877138,-0.152052806251732,-0.817934208849359,-9.94685881690485e-06,4.33356023677971,41.6377367121135,15.0708493130672,30.9004476358261,1
0.863052883189925,0.417730716796506,0.873758480674312,-0.862908724645978,-1.38617580909469,-0.1520223790516,-0.818002738830979,-9.99115139901727e-06,4.3336522479221,41.6377107038918,15.0709056652996,30.9004572865143,1
0.863052883189925,0.417733078160205,0.873758391600112,-0.862910501402948,-1.38614258182228,-0.151993615063971,-0.818064992465854,-1.00353755374771e-05,4.33373902243252,41.6376857184506,15.0709586649517,30.9004660759315,1
0.863052883189925,0.417735301509251,0.873758294606119,-0.862912348390291,-1.38611372437828,-0.151966446115979,-0.818121280277709,-1.0079466631842e-05,4.33382077783789,41.6376617207923,15.0710084536932,30.9004740449371,1
0.863052883189925,0.417737393028678,0.873758190260604,-0.862914258998181,-1.38608899012741,-0.15194080201733,-0.818171918865831,-1.01233613779198e-05,4.33389773819147,41.6376386743502,15.071055177279,30.9004812352627,1
0.863052883189925,0.417739359080036,0.873758079133819,-0.862916226626109,-1.38606812833775,-0.151916610583059,-0.818217230919606,-1.0166997757876e-05,4.33397013399813,41.6376165410014,15.0710989855008,30.9004876894989,1
0.863052883189925,0.417741206199411,0.873757961797813,-0.862918244684248,-1.38605088414408,-0.151893797655254,-0.818257545233608,-1.0210315029581e-05,4.33403820214258,41.6375952810784,15.07114003214,30.9004934510811,1
0.863052883189925,0.417742941095523,0.873757838826269,-0.862920306594708,-1.38603699851161,-0.151872287123655,-0.818293196723315,-1.02532537151266e-05,4.33410218582065,41.6375748533802,15.0711784749234,30.9004985642775,1
0.863052883189925,0.417744570647937,0.873757710794337,-0.862922405792685,-1.38602620820031,-0.151852000945043,-0.818324526441472,-1.02957555885079e-05,4.33416233447405,41.6375552151837,15.071214475481,30.9005030741768,1
0.863052883189925,0.417746101905365,0.873757578278491,-0.8629245357275,-1.38601824572985,-0.151832859161288,-0.818351881595195,-1.03377636623527e-05,4.33421890372925,41.6375363222535,15.0712481993059,30.9005070266768,1
0.863052883189925,0.417747542084107,0.873757441856387,-0.862926689863514,-1.38601283934518,-0.151814779915945,-0.818375615563867,-1.03792221737154e-05,4.3342721553406,41.6375181288515,15.0712798157178,30.9005104684743,1
0.863052883189925,0.417748898566614,0.873757302106744,-0.862928861680912,-1.3860097129828,-0.151797679469298,-0.818396087917885,-1.04200765688412e-05,4.33432235713839,41.6375005877459,15.0713094978291,30.9005134470552,1
0.863052883189925,0.4177501789002,0.873757159609224,-0.862931044676356,-1.38600858623776,-0.151781472211711,-0.818413664438349,-1.04602734868721e-05,4.33436978298217,41.6374836502186,15.0713374225147,30.9005160106862,1
0.863052883189925,0.417751390795913,0.87375701494434,-0.862933232363496,-1.38600917433151,-0.151766070675175,-0.818428717137729,-1.04997607424324e-05,4.33441471271976,41.6374672660727,15.0713637703854,30.9005182084071,1
0.863052883189925,0.417752542127578,0.873756868693367,-0.862935418273326,-1.38601118808061,-0.151751385542914,-0.818441624281615,-1.05384873070475e-05,4.33445743215256,41.6374513836375,15.0713887257656,30.9005200900246,1
0.863052883189925,0.417753640931026,0.873756721438272,-0.862937595954386,-1.38601433386632,-0.151737325656917,-0.818452770411601,-1.05764032893532e-05,4.33449823300757,41.6374359497738,15.0714124766747,30.9005217061068,1
0.863052883189925,0.417754695403517,0.873756573761661,-0.862939758972801,-1.38601831360519,-0.151723798023269,-0.818462546369401,-1.0613459914032e-05,4.33453741291654,41.6374209098768,15.071435214814,30.9005231079794,1
0.863052883189925,0.417755713903382,0.873756426246742,-0.862941900912144,-1.3860228247207,-0.151710707815114,-0.81847134932225,-1.06496094994311e-05,4.33457527540298,41.6374062078783,15.0714571355579,30.9005243477234,1
0.863052883189925,0.41775670494989,0.873756279477298,-0.86294401537312,-1.38602756011606,-0.151697958373141,-0.818479582789698,-1.06848054338216e-05,4.33461212987728,41.6373917862471,15.071478437951,30.9005254781735,1
0.863052883189925,0.417757675814759,0.873756133940727,-0.862946097114171,-1.38603226091387,-0.151685467091412,-0.818487588074208,-1.07190134953605e-05,4.33464824048633,41.6373775954821,15.0714992917935,30.900526544175,1
0.863052883189925,0.417758604553178,0.873755619191959,-0.862947958602525,-1.38603672921281,-0.151673522325706,-0.818495275503841,-1.07963144714467e-05,4.33468413164511,41.6373506588579,15.0715161586637,30.9005186318394,1
0.863052883189925,0.417759418268856,0.873753592107196,-0.862950984011969,-1.38604051205506,-0.151663073593139,-0.818502150883058,-1.10513488871022e-05,4.33472129265989,41.6372709198214,15.0715179411553,30.9004742713261,1
0.863052883189925,0.417759995090611,0.873748116151152,-0.862954922574774,-1.38604285291987,-0.151655707920645,-0.818507387538547,-1.17100620046771e-05,4.33476222575395,41.637070584771,15.0714859564219,30.9003468541031,1
0.863052883189925,0.417760238536226,0.873737620606155,-0.86296068883191,-1.38604315338427,-0.15165268105427,-0.818510331095871,-1.29493329751814e-05,4.33480908156415,41.6366946102347,15.0714050703014,30.9000986214975,1
0.863040506052296,0.417760049303841,0.873720463311481,-0.86296891062501,-1.38604079864412,-0.151655283556115,-0.818510308757841,-1.49503296965659e-05,4.33486415971064,41.636085443774,15.0712595085326,30.8996900949521,1
0.863022564327177,0.417759306339085,0.873695040508946,-0.862979956473865,-1.38603504103212,-0.151665085298782,-0.818506501877331,-1.7885344590199e-05,4.33492882596644,41.6351871057049,15.0710333299812,30.8990826016901,1
0.862997978156384,0.417757905200939,0.873659752130304,-0.862994348159743,-1.38602523747944,-0.151683437130868,-0.818498205620161,-2.19220798335505e-05,4.33500505257007,41.6339435875074,15.0707110018162,30.8982376382614,1
0.862965680296109,0.41775574200843,0.873613016382004,-0.863012589639728,-1.38601075084951,-0.151711677888562,-0.818484721129147,-2.72220471003452e-05,4.33509477814566,41.6322995226745,15.0702771620779,30.8971171387424,1
0.862924616179138,0.417752713350514,0.873553269864567,-0.863035167413082,-1.38599095001812,-0.151751134215414,-0.818465355624596,-3.39407028147729e-05,4.33519990808513,41.6302001904909,15.0697166210685,30.8956834775076,1
0.86287374397302,0.417748716181463,0.8734789676874,-0.863062550879875,-1.38596520994326,-0.15180312040391,-0.818439422493132,-4.22275808309314e-05,4.33532231495102,41.6275915196146,15.0690143626984,30.8938994718673,1
0.862812034634286,0.417743647702425,0.873388583579103,-0.863095192692066,-1.38593291172361,-0.151868938261116,-0.818406241363717,-5.22264225800681e-05,4.33546383889854,41.624420091464,15.0681555457865,30.8917283845762,1
0.862738471958824,0.417737405229842,0.873280609993401,-0.86313352909718,-1.38589344264471,-0.151949877000046,-0.818365138170075,-6.40753047286479e-05,4.33562628811588,41.6206331434158,15.0671255053174,30.8891339262144,1
0.862652052628512,0.417729886051393,0.873153558210768,-0.863177980274768,-1.38584619621242,-0.152047213157764,-0.818315445199051,-7.79067643893293e-05,4.33581143928129,41.6161785718167,15.0659097536546,30.8860802574436,1
0.86255178625421,0.41772098727014,0.873005958435848,-0.863228950665797,-1.38579057217348,-0.152162210540519,-0.818256501124805,-9.38479219258778e-05,4.33602103803586,41.6110049348155,15.0644939817099,30.8825319911415,1
0.862436695415217,0.417710605637521,0.872836359890769,-0.863286829295125,-1.38572597652312,-0.152296120195648,-0.818187651029024,-0.000112020601393411,4.33625679947058,41.6050614550164,15.0628640600704,30.8784541944167,1
0.862305815695278,0.417698637375861,0.872643330904442,-0.863351990087232,-1.3856518215004,-0.1524501804093,-0.818108246407723,-0.000132541448652985,4.33652040862641,41.598298021961,15.061006040082,30.8738123905055,1
0.862158195715249,0.417684977991035,0.872425458997934,-0.863424792175342,-1.38556752557163,-0.152625616728425,-0.818017645165473,-0.000155522047201395,4.33681352100606,41.5906651944397,15.0589061548907,30.8685725605552,1
0.861992897162514,0.417669522075927,0.872181350966033,-0.863505580204106,-1.38547251340323,-0.152823642004941,-0.817915211598229,-0.000181069031753326,4.33713776309594,41.5821142026388,15.0565508204415,30.8627011452933,1
0.861808994817233,0.417652163105314,0.871909632955075,-0.863594684625974,-1.38536621582488,-0.15304545645935,-0.817800316366205,-0.000209284199615645,4.33749473289712,41.5725969501247,15.0539266364349,30.856165046587,1
0.861605576575542,0.417632793222799,0.871608950537152,-0.863692421991422,-1.38524806978487,-0.153292247760588,-0.817672336458558,-0.000240264619890345,4.33788600046362,41.5620660156713,15.0510203872414,30.8489316288936,1
0.861381743469767,0.417611303020398,0.871277968780798,-0.863799095233169,-1.38511751829902,-0.153565191118354,-0.817530655151868,-0.0002741027405432,4.33831310844664,41.5504746549312,15.0478190427729,30.840968720605,1
0.861136609685762,0.417587581311393,0.87091537231824,-0.863914993944524,-1.38497401039539,-0.153865449383697,-0.817374661964693,-0.000310886493375339,4.33877757264324,41.5377768019565,15.044309759313,30.8322446152869,1
0.860869302577455,0.417561514897036,0.870519865409342,-0.864040394652013,-1.38481700105696,-0.15419417315315,-0.817203752610695,-0.000350699396932068,4.33928088254779,41.5239270705712,15.0404798803039,30.8227280728152,1
0.860578962678691,0.417532988327686,0.870090172002326,-0.864175561082423,-1.38464595116453,-0.154552500871314,-0.817017328953064,-0.000393620657385437,4.33982450190466,41.5088807555987,15.0363169370914,30.812388320412,1
0.860264743712459,0.417501883658952,0.869625035791374,-0.864320744424401,-1.38446032744257,-0.154941558926359,-0.816814798963174,-0.000439725267424938,4.34040986926027,41.4925938339472,15.031808649626,30.8011950535816,1
0.859925812597607,0.417468080203398,0.86912322027124,-0.864476183584742,-1.38425960241077,-0.155362461732573,-0.816595576686597,-0.00048908410318954,4.34103839851292,41.4750229655575,15.0269429271221,30.7891184369485,1
0.859561349453109,0.41743145427836,0.868583508788958,-0.864642105439522,-1.38404325434412,-0.15581631179374,-0.816359082219766,-0.000541764019276059,4.34171147945832,41.4561254942136,15.0217078686724,30.7761291049996,1
0.859170547600007,0.417391878950391,0.868004704592758,-0.864818725080189,-1.38381076724472,-0.156304199740827,-0.816104741700747,-0.000597827941856486,4.34243047832896,41.4358594482215,15.0160917638191,30.7621981627315,1
0.858752613561094,0.41734922377688,0.867385630878318,-0.865006246054775,-1.38356163082838,-0.156827204337211,-0.815831987317713,-0.000657334959935606,4.34319673832509,41.4141835409579,15.0100830930792,30.7472971862039,1
0.858306767058447,0.417303354545326,0.866725130832438,-0.865204860604355,-1.38329534052941,-0.157386392444394,-0.815540257338835,-0.000720340414783681,4.34401158013514,41.3910571712915,15.0036705284253,30.7313982230015,1
0.857832241008906,0.417254133010757,0.866022067674276,-0.865414749894908,-1.38301139752694,-0.157982818941062,-0.815228996167395,-0.000786895987574072,4.34487630244299,41.3664404238806,14.9968429337195,30.7144737926042,1
0.857328281517594,0.417201416631788,0.865275324694233,-0.865636084244708,-1.38270930879636,-0.158617526587995,-0.814897654426047,-0.000857049785256957,4.34579218241966,41.3402940693488,14.9895893651002,30.6964968866684,1
0.856794147869589,0.417145058305742,0.864483805290626,-0.865869023347408,-1.38238858718928,-0.159291545831444,-0.814545689074154,-0.000930846424702331,4.34676047619644,41.3125795643422,14.9818990713198,30.6774409692189,1
0.856229112519847,0.417084906103303,0.863646433004245,-0.866113716490969,-1.38204875154567,-0.160005894537307,-0.814172563562237,-0.00100832711513956,4.34778241931636,41.2832590514704,14.9737614940334,30.6572799767535,1
0.855632461081505,0.417020803003095,0.862762151550929,-0.866370302772581,-1.38168932684184,-0.160761577648489,-0.81377774802754,-0.00108952973892749,4.34885922716081,41.2522953591353,14.9651662680352,30.6359883182609,1
0.855003492312662,0.416952586626608,0.861829924852263,-0.866638911309744,-1.38130984437777,-0.161559586757818,-0.813360719534741,-0.00117448893068235,4.3499920953475,41.2196520012479,14.9561032214428,30.6135408751527,1
0.854341518101786,0.416880088973837,0.860848737064522,-0.866919661447675,-1.38090984200751,-0.162400899588914,-0.812920962365806,-0.0012632361547937,4.35118220009597,41.1852931768397,14.9465623758255,30.5899130011103,1
0.853645863451858,0.416803136160008,0.859817592605981,-0.867212662963224,-1.38048886441607,-0.16328647937752,-0.812457968362912,-0.00135579978135988,4.35243069855628,41.1491837695674,14.9365339462764,30.5650805218473,1
0.852915866463416,0.416721548153712,0.858735516182713,-0.867518016265459,-1.38004646344647,-0.164217274145943,-0.811971237328306,-0.00145220516056835,4.35373872909622,41.1112893471175,14.9260083414248,30.539019734789,1
0.852150878316625,0.416635138516782,0.857601552812988,-0.867835812593148,-1.37958219848018,-0.165194215863472,-0.811460277484838,-0.00155247469555541,4.35510741154209,41.0715761605113,14.9149761633858,30.5117074086676,1
0.85135026325255,0.416543714146202,0.856414767850405,-0.868166134209286,-1.37909563687433,-0.166218219485856,-0.810924606000766,-0.00165662791376805,4.35653784736755,41.0300111433148,14.9034282076463,30.4831207830361,1
0.850513398553787,0.416447075018314,0.855174247005878,-0.868509054592932,-1.37858635445887,-0.167290181867348,-0.81036374958224,-0.00176468153686287,4.35803111982467,40.9865619107558,14.8913554628814,30.4532375676992,1
0.849639674524634,0.416345013935573,0.853879096368588,-0.86886463862852,-1.37805393609647,-0.168410980539108,-0.809777245136684,-0.00187664954916463,4.35958829401092,40.9411967587517,14.8787491107003,30.4220359420624,1
0.848728494470991,0.416237316276091,0.852528442426053,-0.869232942792916,-1.37749797630811,-0.16958147234836,-0.809164640509977,-0.00199254326471868,4.36121041686527,40.8938846628523,14.8656005253166,30.389494554401,1
0.847779274680189,0.416123759746146,0.851121432083418,-0.869614015340438,-1.37691807996664,-0.170802491953104,-0.808525495300113,-0.00211237139296386,4.36289851708632,40.8445952770991,14.8519012731394,30.3555925210461,1
0.84679144440095,0.416004114135857,0.849657232682107,-0.870007896486087,-1.37631386306064,-0.172074850167995,-0.807859381749595,-0.00223614010305105,4.3646536049646,40.7932989328071,14.8376431122805,30.3203094254912,1
0.845764445823704,0.415878141078171,0.848135032017975,-0.870414618587272,-1.37568495353035,-0.173399332157572,-0.807165885718485,-0.00236385308684411,4.3664766721211,40.7399666372708,14.8228179919743,30.2836253174176,1
0.844697734061499,0.415745593811302,0.846554038359076,-0.870834206324264,-1.3750309921772,-0.174776695473972,-0.806444607739547,-0.00249551162062088,4.3683686911435,40.6845700723998,14.8074180519041,30.2455207116392,1
0.843590777131735,0.415606216944725,0.844913480463207,-0.871266676879708,-1.37435163364789,-0.176207667937105,-0.805695164156442,-0.00263111462551564,4.37033061511091,40.6270815932875,14.7914356214312,30.2059765869673,1
0.842443055938981,0.415459746228837,0.843212607595357,-0.871712040117439,-1.37364654749373,-0.17769294535631,-0.804917188345396,-0.00277065872672025,4.37236337699819,40.5674742267169,14.7748632187201,30.164974384995,1
0.841254064259133,0.415305908328337,0.841450689545204,-0.87217029876094,-1.37291541930508,-0.179233189093702,-0.80411033202011,-0.00291413831148186,4.37446788894984,40.5057216696083,14.7576935497563,30.1224960088019,1
0.840023308725177,0.415144420599405,0.839627016644821,-0.87264144857173,-1.37215795192058,-0.180829023470497,-0.803274266619114,-0.00306154558592233,4.37664504141389,40.4417982874136,14.7399195072489,30.0785238215787,1
0.838750308814844,0.414974990870714,0.837740899786739,-0.873125478527999,-1.37137386670992,-0.182481033019174,-0.802408684773915,-0.00321287063070599,4.37889570212544,40.3756791124613,14.721534169414,30.0330406451728,1
0.837434596840421,0.414797317228312,0.835791670442522,-0.873622371003839,-1.37056290492823,-0.184189759585523,-0.801513301855672,-0.00336810145559747,4.38122071492978,40.3073398422574,14.702530798633,29.9860297585543,1
0.836075717941008,0.414611087804394,0.833778680682031,-0.874132101949337,-1.36972482913975,-0.185955699286337,-0.800587857597203,-0.00352722405291848,4.38362089843497,40.236756837748,14.6829028399792,29.9374748962038,1
0.834673230077506,0.414415980569995,0.831701303193546,-0.874654641071934,-1.36885942470728,-0.187779299330071,-0.799632117786295,-0.00369022244995984,4.38609704448354,40.1639071215467,14.6626439196089,29.8873602464214,1
0.833226704030609,0.414211663131621,0.829558931304915,-0.875189952019293,-1.36796650134354,-0.189660954709512,-0.798645876025405,-0.00385707876035453,4.38864991643375,40.0887683761348,14.6417478430094,29.8356704495591,1
0.83173572340208,0.41399779253183,0.82735097900593,-0.875737992564054,-1.36704589471913,-0.191601004777314,-0.797628955551823,-0.00402777323445877,4.39128024724063,40.0113189420366,14.6202085931012,29.782390596176,1
0.830199884619576,0.413774015053819,0.825076880972113,-0.876298714790753,-1.3660974681217,-0.193599729717041,-0.796581211111475,-0.00420228430876443,4.39398873732805,39.9315378159781,14.5980203281881,29.7275062251182,1
0.828618796945272,0.413539966030037,0.82273609259011,-0.876872065285213,-1.36512111415931,-0.195657346924321,-0.79550253087848,-0.00438058865437683,4.39677605224356,39.8494046490325,14.5751773797517,29.6710033215245,1
0.826992082488525,0.41329526965491,0.820328089984913,-0.87745798532669,-1.36411675650052,-0.197774007314593,-0.794392838411566,-0.00456266122458599,4.39964282008847,39.7648997447584,14.5516742500872,29.6128683147597,1
0.825319376222796,0.413039538801758,0.817852370049105,-0.878056411083025,-1.36308435164261,-0.199949791575838,-0.793252094637489,-0.00474847530156903,4.40258962871703,39.6780040573367,14.5275056097766,29.5530880762772,1
0.82360032600701,0.412772374844017,0.815308450474359,-0.878667273809038,-1.36202389069867,-0.202184706386577,-0.792080299850556,-0.00493800254224061,4.40561702269974,39.5886991897105,14.5026662949982,29.4916499174121,1
0.821834592611528,0.412493367480947,0.812695869785419,-0.879290500048391,-1.36093540119306,-0.20447868062126,-0.790877495716422,-0.00513121302330445,4.408725500047,39.496967391734,14.4771513046713,29.4285415871098,1
0.820021849748847,0.412202094567994,0.810014187376773,-0.879926011839047,-1.35981894885435,-0.206831561566927,-0.789643767267386,-0.00532807528551736,4.4119155086916,39.4027915583352,14.4509557974366,29.3637512695902,1
0.81816178410912,0.411898121952081,0.807262983552285,-0.880573726922503,-1.35867463939368,-0.209243111176584,-0.788379244875603,-0.00552855637720806,4.41518744272979,39.3061552276958,14.4240750884729,29.2972675819527,1
0.816254095400538,0.411581003312116,0.804441859567985,-0.881233558956848,-1.35750262025602,-0.211713002386355,-0.787084106189811,-0.00573262189708069,4.41854163842322,39.2070425794552,14.3965046461536,29.2290795717249,1
0.81429849639456,0.41125028000508,0.801550437678281,-0.881905417733687,-1.35630308233106,-0.214240815524566,-0.785758578020574,-0.00594023603632393,4.42197836996614,39.1054384329399,14.3682400885469,29.1591767143591,1
0.812294712975937,0.410905480918129,0.798588361185807,-0.882589209398943,-1.35507626161001,-0.216826034842179,-0.784402938158416,-0.00615136162007577,4.4254978450246,39.001328245424,14.3392771797667,29.087548910682,1
0.810242484197414,0.410546122327199,0.795555294495149,-0.883284836677412,-1.35382244077412,-0.219468045194598,-0.783017517108924,-0.00636596014824969,4.42910020005737,38.8946981104229,14.3096118261792,29.0141864843012,1
0.808141562338925,0.410171707762683,0.792450923170674,-0.883992199100983,-1.35254195070051,-0.222166128905546,-0.781602699728557,-0.00658399183577567,4.43278549543038,38.7855347560229,14.2792400724777,28.9390801789756,1
0.805991712971048,0.409781727882818,0.789274953998655,-0.884711193240287,-1.35123517187081,-0.224919462843771,-0.780158926744898,-0.00680541565226149,4.43655371033997,38.6738255432488,14.2481580976344,28.8622211559545,1
0.803792715022403,0.409375660355514,0.786027115053925,-0.885441712939524,-1.34990253566807,-0.227727115743172,-0.778686696145207,-0.00703018936112157,4.44040473756275,38.5595584644712,14.2163622107423,28.7836009912918,1
0.801544360850632,0.408952969749396,0.782707155771207,-0.886183649554135,-1.34854452554782,-0.230588045796459,-0.777186564417406,-0.00725826955818917,4.44433837805272,38.4427221418532,14.1838488467635,28.7032116731424,1
0.799246456316513,0.408513107434949,0.77931484702132,-0.886936892190897,-1.3471616780693,-0.233501098551367,-0.775659147628256,-0.00748961170983573,4.44835433540942,38.3233058258373,14.1506145621987,28.6210455990481,1
0.796898820860702,0.408055511496688,0.775849981192366,-0.887701327949991,-1.34575458377371,-0.236465005137169,-0.774105122324167,-0.00772417019063244,4.45245221024338,38.201299393672,14.1166560306964,28.537095573219,1
0.794501287582543,0.407579606657379,0.772312372276042,-0.888476842168489,-1.3443238878972,-0.23947838084745,-0.772525226241099,-0.00796189832056524,4.4566314944681,38.0766933479744,14.0819700386225,28.45135480382,1
0.792053703320297,0.407084804215356,0.768701855959135,-0.88926331866468,-1.34287029090691,-0.242539724102784,-0.770920258811218,-0.00820274840183428,4.4608915655499,37.9494788153293,14.0465534806111,28.3638169002681,1
0.789555928732129,0.406570501996081,0.76501828972025,-0.890060639982552,-1.34139454885019,-0.245647415814558,-0.769291081455331,-0.00844667175524665,4.46523168074966,37.8196475449192,14.0104033551184,28.2744758705504,1
0.787007838377089,0.406036084319105,0.761261552931785,-0.890868687635729,-1.33989747350777,-0.248799719168038,-0.767638617651779,-0.00869361875623462,4.46965097139194,37.6871919071824,13.9735167600053,28.183326118569,1
0.784409320795326,0.405480921981624,0.757431546967106,-0.891687342350113,-1.33837993234395,-0.251994779839504,-0.765963852774251,-0.00894353887050149,4.47414843719918,37.552104892494,13.9358908881714,28.0903624415219,1
0.781760278586701,0.404904372259881,0.753528195312838,-0.892516484304415,-1.33684284824783,-0.255230626658767,-0.764267833692841,-0.00919638068931849,4.47872294072926,37.4143801098646,13.8975230232669,27.995580027327,1
0.779060628486956,0.404305778929622,0.749551443686151,-0.893355993367751,-1.33528719906198,-0.258505172724279,-0.762551668134905,-0.00945209196448127,4.48337320195625,37.2740117856495,13.8584105355085,27.8989744520973,1
0.776310301440579,0.403684472306869,0.745501260156831,-0.894205749333466,-1.33371401689646,-0.261816216974207,-0.760816523804285,-0.00971061964293923,4.48809779303397,37.1309947622637,13.8185508776239,27.8005416776738,1
0.77350924266948,0.403039769310199,0.741377635273937,-0.895065632148291,-1.33212438722841,-0.265161446212411,-0.759063627259861,-0.00997190990110128,4.49289513328233,36.9853244968924,13.7779415809513,27.7002780492234,1
0.770657411736602,0.402370973545736,0.737180582196704,-0.895935522135995,-1.33051944778901,-0.268538437584079,-0.757294262556597,-0.0102359081788261,4.49776348443561,36.8369970601917,13.736580251719,27.5981802929083,1
0.76775478260362,0.401677375415977,0.732910136829381,-0.896815300214656,-1.32890038724216,-0.271944661491465,-0.75550976965454,-0.0105025592131022,4.50270094619097,36.6860091349698,13.6944645675292,27.4942455136316,1
0.764801343681866,0.400958252253534,0.728566357959579,-0.897704848106741,-1.32726844366078,-0.275377484935901,-0.753711542603518,-0.0107718070714192,4.50770545209371,36.5323580148404,13.6515922740687,27.3884711928654,1
0.761797097875689,0.400212868480779,0.724149327399667,-0.898604048541134,-1.32562490280874,-0.278834175268166,-0.751901027513383,-0.0110435951848242,4.51277476579423,36.3760416028394,13.6079611820691,27.2808551865645,1
0.758742062617486,0.399440475796318,0.719659150130711,-0.899512785446424,-1.32397109623835,-0.28231190432545,-0.750079720321761,-0.0113178663806768,4.51790647770861,36.2170584099965,13.5635691645347,27.1713957231704,1
0.755636269893678,0.398640313389074,0.715095954448379,-0.90043094413465,-1.32230839921487,-0.285807752929501,-0.748249164373094,-0.0115945629150702,4.52309800211253,36.055407553852,13.518414154258,27.0600914017066,1
0.752479766260993,0.397811608180683,0.710459892110189,-0.901358411474914,-1.32063822848125,-0.289318715717362,-0.746410947824496,-0.0118736265049456,4.52834657469441,35.8910887569101,13.4724941416363,26.9469411899682,1
0.749272612852478,0.396953575096773,0.705751138483447,-0.902295076056223,-1.31896203987744,-0.292841706273056,-0.744566700895504,-0.0121549983598658,4.53364925059074,35.7241023450207,13.4258071728052,26.8319444228063,1
0.74601488537271,0.396065417367544,0.700969892693152,-0.903240828339061,-1.31728132583011,-0.296373562526372,-0.742718092979949,-0.0124386192134446,4.53900290292222,35.5544492456796,13.3783513480962,26.7151008005057,1
0.742706674081807,0.395146326857962,0.696116377769121,-0.904195560795234,-1.31559761272932,-0.299911052382727,-0.740866829639293,-0.012724429354432,4.54440422184592,35.3821309862414,13.3301248208305,26.5964103872568,1
0.739348083767869,0.394195484427712,0.691190840791564,-0.90515916803565,-1.31391245820948,-0.303450879546751,-0.739014649497453,-0.0130123686574293,4.54984971413411,35.2071496920346,13.2811257964507,26.4758736097181,1
0.735939233707603,0.393212060320929,0.686193553034263,-0.90613154692571,-1.31222744835256,-0.306989689501185,-0.737163321057661,-0.0133023766132189,4.55533570328665,35.0295080843738,13.2313525319947,26.3534912556658,1
0.732480257614955,0.392195214585566,0.681124810104547,-0.907112596688159,-1.31054419483154,-0.310524075602295,-0.735314639462044,-0.0135943923587064,4.56085833017943,34.8492094784611,13.1808033359119,26.2292644727287,1
0.728971303577657,0.39114409752214,0.675984932079189,-0.908102218993257,-1.30886433201223,-0.314050585253033,-0.733470423214616,-0.0138883547064402,4.56641355424759,34.666257781171,13.1294765682176,26.103194767201,1
0.72541253398169,0.390057850161423,0.670774263635347,-0.909100318036264,-1.30718951403159,-0.317565726115694,-0.731632510887985,-0.014184202173713,4.57199715519803,34.4806574887126,13.0773706409807,25.9752840029299,1
0.721804125423728,0.388935604770562,0.665493174175676,-0.910106800602259,-1.30552141186963,-0.32106597232687,-0.729802757833544,-0.0144818730112045,4.57760473524235,34.2924136841651,13.0244840191381,25.8455344002694,1
0.718146268611715,0.387776485386935,0.660142057946709,-0.911121576118425,-1.30386171043217,-0.324547770678926,-0.727983032914087,-0.0147813052311554,4.58323172183759,34.1015320348806,12.9708152216228,25.7139485350954,1
0.714439168253804,0.386579608378974,0.654721334149639,-0.912144556694021,-1.30221210566022,-0.328007546733915,-0.726175215276879,-0.0150824366350655,4.58887337091942,33.908018789752,12.9163628227974,25.580529337874,1
0.710683042935922,0.385344083033062,0.649231447042603,-0.913175657148253,-1.30057430168115,-0.331441710838204,-0.7243811911839,-0.0153852048408785,4.59452477060892,33.7118807763417,12.861125454176,25.4452800927746,1
0.706878124988306,0.384069012165505,0.64367286603361,-0.914214795026359,-1.29895000801559,-0.334846664008329,-0.722602850914803,-0.0156895473096347,4.60018084537248,33.5131253978681,12.8051018064203,25.3082044368203,1
0.703066755452692,0.382755452510341,0.638068903519804,-0.915261890604317,-1.29734093685287,-0.338218803661338,-0.720842085756603,-0.015995401371588,4.60583636061141,33.3131253978681,12.7482906315937,25.1693063590674,1
0.699287512416096,0.381404676485195,0.632440481880985,-0.916317643191202,-1.29574858838221,-0.341554932871242,-0.719100588143643,-0.0163027598530527,4.61148623029684,33.1131253978681,12.6906859818538,25.028578877039,1
0.695540758424466,0.38001637622354,0.626787499976712,-0.917383453106557,-1.29417423332472,-0.344852298776481,-0.717379831056965,-0.0166116640578081,4.61712518214677,32.9131253978681,12.6322775093276,24.8860051610231,1
0.69182685547482,0.378590233715361,0.621109867117984,-0.91846070723351,-1.29261909642981,-0.348108244731742,-0.715681237186596,-0.0169221515197715,4.62274728231,32.7131253978681,12.5730547220768,24.741568916608,1
0.688146164929045,0.377125921113579,0.615407503191891,-0.919550779235448,-1.2910843571431,-0.351320208930272,-0.71400617963892,-0.0172342560918858,4.62834593714477,32.5131253978681,12.5130069866238,24.5952543882255,1
0.684499047430864,0.375623101032799,0.609680338778411,-0.920655029773846,-1.28957115052927,-0.354485722487503,-0.712355982927804,-0.017548008032793,4.63391389477094,32.3131253978681,12.452123530347,24.4470463626845,1
0.680885862826003,0.374081426840051,0.603928315259635,-0.921774806727516,-1.28808056843694,-0.357602407014607,-0.710731924233968,-0.017863434091315,4.63944324638918,32.1131253978681,12.3903934437394,24.2969301727005,1
0.677306970085432,0.372500542937339,0.598151384921722,-0.922911445413584,-1.28661366089158,-0.360667971712314,-0.709135234916174,-0.018180557588798,4.64492542736516,31.9131253978681,12.3278056825361,24.1448917004261,1
0.673762727231552,0.370880085035958,0.592349511049845,-0.924066268810321,-1.28517143770217,-0.363680210016428,-0.707567102257339,-0.0184993984993888,4.65035121808149,31.7131253978681,12.2643490697126,23.990917380991,1
0.670253491267097,0.369219680422649,0.586522668016419,-0.92524058778185,-1.28375487026655,-0.366636995827141,-0.706028671428316,-0.0188199735282561,4.65571074456478,31.5131253978681,12.2000122973619,23.8349942060572,1
0.666779618106449,0.367518948217776,0.580670841362853,-0.926435701304659,-1.28236489356073,-0.369536279354498,-0.704521047652033,-0.0191422961878435,4.66099347889894,31.3131253978681,12.1347839284609,23.6771097273989,1
0.663341462509045,0.365777499625848,0.574794027875095,-0.92765289669574,-1.28100240829691,-0.372376082612315,-0.703045298550755,-0.0194663768721668,4.6661882394401,31.1131253978681,12.0686523985375,23.5172520605133,1
0.659939378014446,0.363994938178767,0.568892235653177,-0.928893449842103,-1.27966828323557,-0.375154494592364,-0.701602456659488,-0.0197922229292279,4.67128319085193,30.9131253978681,12.0016060172528,23.3554098882732,1
0.656573716878648,0.362170859972309,0.562965484174979,-0.93015862543132,-1.27836335763684,-0.377869666150059,-0.700193522088974,-0.0201198387315829,4.67626584398362,30.7131253978681,11.9336329699155,23.191572464628,1
0.653244830011104,0.360304853896422,0.5570138043544,-0.931449677182681,-1.27708844383705,-0.380519804631954,-0.698819465322154,-0.0204492257451083,4.68112305561574,30.5131253978681,11.8647213189466,23.0257296183642,1
0.649953066911954,0.358396501859983,0.55103723859409,-0.932767848078444,-1.27584432993666,-0.383103168274353,-0.697481230128653,-0.020780382596013,4.68584102810202,30.3131253978681,11.794859005314,22.8578717569335,1
0.646698775608861,0.356445379010752,0.545035840832905,-0.934114370594671,-1.27463178258621,-0.385618060401095,-0.696179736582423,-0.0211133051361441,4.69040530893781,30.1131253978681,11.7240338499593,22.6879898703591,1
0.643482302592874,0.354451053951292,0.539009676588165,-0.935490466931002,-1.27345154985771,-0.388062823447507,-0.694915884168381,-0.0214479865066272,4.69480079028793,29.9131253978681,11.6522335552388,22.5160755352278,1
0.640303992752661,0.352413088951706,0.532958822992843,-0.936897349238709,-1.27230436418921,-0.390435832835959,-0.693690554964639,-0.0217844171998978,4.69901170850918,29.7131253978681,11.5794457064035,22.3421209187804,1
0.637164189306475,0.350331040160065,0.526883368827717,-0.9383362198463,-1.27119094539106,-0.392735490727415,-0.692504616887591,-0.0221225851201355,4.70302164370429,29.5131253978681,11.5056577731432,22.1661187831065,1
0.634063233731162,0.348204457811454,0.520783414548536,-0.939808271481911,-1.27011200370283,-0.394960219671836,-0.69135892698787,-0.0224624756421861,4.70681351934614,29.3131253978681,11.4308571112197,21.9880624894566,1
0.63100146568752,0.346032886436607,0.514659072308206,-0.941314687491668,-1.26906824289065,-0.397108456179157,-0.690254334785902,-0.0228040716689699,4.71036960201253,29.1131253978681,11.3550309642184,21.8079460026775,1
0.627979222941296,0.343815865071112,0.508510465973981,-0.942856642053162,-1.26806036337485,-0.399178644231253,-0.689191685636434,-0.0231473536874507,4.71367150127324,28.9131253978681,11.2781664654426,21.6257638957818,1
0.624996841279093,0.341552927466229,0.502337731139612,-0.944435300383136,-1.26708906537899,-0.401169228754167,-0.688171824112058,-0.023492299823185,4.71670016977282,28.7131253978681,11.2002506399828,21.4415113546601,1
0.622054654418447,0.339243602302353,0.496141015132388,-0.946051818938459,-1.26615505209104,-0.403078649068783,-0.687195597396365,-0.0238388858935035,4.71943590355346,28.5131253978681,11.121270406986,21.2551841829436,1
0.619152993911347,0.336887413406212,0.489920477014963,-0.947707345609327,-1.26525903282867,-0.404905332337223,-0.686263858677841,-0.0241870854593257,4.72185834266398,28.3131253978681,11.041212582158,21.0667788070248,1
0.61629218904041,0.334483879972886,0.483676287581866,-0.949403019903789,-1.26440172620036,-0.406647687021254,-0.685377470536168,-0.0245368698756989,4.72394647210211,28.1131253978681,10.9600638805266,20.8762922812445,1
0.613472566706975,0.332032516793783,0.477408629350525,-0.951139973122411,-1.26358386325496,-0.408304096368295,-0.684537308312987,-0.0248882083410493,4.72567862313852,27.9131253978681,10.8778109194963,20.6837222932514,1
0.610694451310337,0.329532834491696,0.471117696546638,-0.952919328522002,-1.26280619061202,-0.409872911940049,-0.683744263459479,-0.0252410679451843,4.72703247507252,27.7131253978681,10.7944402222276,20.4890671695396,1
0.607958164617348,0.326984339764119,0.464803695083699,-0.954742201467248,-1.26206947356598,-0.411352447198184,-0.682999246853479,-0.0255954137160929,4.72798505747062,27.5131253978681,10.709938221369,20.2923258811714,1
0.605264025621595,0.324386535636001,0.458466842536442,-0.956609699569014,-1.26137449915696,-0.412740971161273,-0.682303192078956,-0.0259512086655601,4.72851275294069,27.3131253978681,10.6242912631781,20.0934980496885,1
0.602584155857295,0.321741602656224,0.452122504523273,-0.95852292280803,-1.26072207920132,-0.41403670214688,-0.681657058660876,-0.0263084138336188,4.72859130049598,27.1131253978681,10.5374856120592,19.8934980496885,1
0.599882615065169,0.319052518728357,0.445790352402023,-0.960482066670267,-1.26011531973625,-0.415233064231022,-0.681064308106445,-0.0266670131250571,4.72820073021634,26.9131253978681,10.4495082455717,19.6934980496885,1
0.597159468236906,0.316318765771812,0.439470717860924,-0.962486182369479,-1.25956031838684,-0.416317229865318,-0.680531664571712,-0.0270270197724281,4.72732702130322,26.7131253978681,10.3603472500159,19.4934980496885,1
0.594414792005289,0.313539831181016,0.433163938063331,-0.964534345397981,-1.25906324664847,-0.417276217795512,-0.680065932161705,-0.027388443971525,4.72595605000239,26.5131253978681,10.2699909861532,19.2934980496885,1
0.591648674380992,0.310715208850643,0.426870355446922,-0.966625654645758,-1.25863034406763,-0.418096904844332,-0.679673988946557,-0.0277512929555633,4.72407362129321,26.3131253978681,10.1784281123616,19.0934980496885,1
0.588861214426786,0.307844400315029,0.42059031748364,-0.96875923140996,-1.25826791227431,-0.418766037920935,-0.679362780897101,-0.0281155710661906,4.7216655051991,26.1131253978681,10.0856476103837,18.8934980496885,1
0.5860525218659,0.304926916004023,0.414324176397639,-0.970934218288863,-1.25798230883417,-0.41927024632089,-0.679139315707499,-0.0284812798210564,4.71871747787102,25.9131253978681,9.99163881371324,18.6934980496885,1
0.583222716621016,0.301962276617825,0.408072288838358,-0.973149777954034,-1.2577799408721,-0.419596054416277,-0.679010656453693,-0.0288484179776832,4.71521536761185,25.7131253978681,9.89639143867257,18.4934980496885,1
0.580371928320868,0.298950014533669,0.401835015524236,-0.975405091876312,-1.2576672559074,-0.419729898215865,-0.678983914170248,-0.02921698159405,4.71114510262272,25.5131253978681,9.79989561616284,18.2934980496885,1
0.577500295641413,0.295889675533162,0.395612720795702,-0.977699358735651,-1.25765073770818,-0.41965813539871,-0.679066241925451,-0.0295869640829709,4.70649277144552,25.3131253978681,9.70214193074647,18.0934980496885,1
0.574607965587289,0.292780820607744,0.389405772122913,-0.980031792733101,-1.25773690024217,-0.419367058184685,-0.679264827961796,-0.0299583562626713,4.70124468707142,25.1131253978681,9.60312146145971,17.8934980496885,1
0.571695092742134,0.28962302777415,0.383214539581015,-0.98240162186282,-1.25793227754578,-0.418842912068032,-0.679586887056014,-0.0303311464035356,4.69538745220669,24.9131253978681,9.50282582277312,17.6934980496885,1
0.56876183839494,0.286415894098313,0.377039395248954,-0.984808085955244,-1.25824341470637,-0.418071913586838,-0.680039651724439,-0.0307053202687152,4.68890803327587,24.7131253978682,9.40124721027013,17.4934980496885,1
0.565808369567732,0.283159037863628,0.37088071254185,-0.987250434544916,-1.25867685781468,-0.417040270162432,-0.680630362384876,-0.0310808611489671,4.68179384085588,24.5131253978682,9.29837844955749,17.2934980496885,1
0.562834857938148,0.279852100889632,0.364738865472461,-0.989727924551197,-1.25923914263275,-0.415734202545867,-0.681366256192278,-0.0314577498913533,4.67403281688023,24.3131253978682,9.19421304853849,17.0934980496885,1
0.559841478650099,0.276494751007555,0.35861422783707,-0.992239817759386,-1.25993678167428,-0.414139970512029,-0.682254554210608,-0.0318359649213544,4.66561352897417,24.1131253978682,9.08874525318832,16.8934980496885,1
0.556828409005322,0.273086684699351,0.352507172320858,-0.994785378089155,-1.26077624933872,-0.412243902560322,-0.683302446520407,-0.0322154822579768,4.65652527229617,23.9131253978682,8.98197010697437,16.6934980496885,1
0.553795827028439,0.269627629906754,0.346418069517712,-0.997363868636876,-1.26176396467729,-0.41003243051631,-0.68451707478937,-0.0325962755213563,4.6467581792659,23.7131253978682,8.87388351406202,16.4934980496885,1
0.550743909898113,0.266117349016423,0.340347286859342,-0.999974548478557,-1.26290627129678,-0.40749213008323,-0.685905511750932,-0.0329783159324497,4.63630333754875,23.5131253978682,8.76448230643533,16.2934980496885,1
0.547672832237055,0.262555642026222,0.334295187448663,-1.00261666922047,-1.26420941382577,-0.404609768567518,-0.687474736942082,-0.0333615723042897,4.6251529166359,23.3131253978682,8.65376431503766,16.0934980496885,1
0.544582764254283,0.258942349895912,0.328262128792662,-1.00528947128605,-1.26567951027581,-0.401372361200255,-0.689231607945804,-0.0337460110244025,4.61330030329978,23.1131253978682,8.54172844499693,15.8934980496885,1
0.541473869734034,0.255277358082853,0.322248461430549,-1.00799217992978,-1.26732251952836,-0.397767237696755,-0.691182826265171,-0.0341315960279259,4.60074024610763,22.9131253978682,8.42837475493776,15.6934980496885,1
0.538346303867478,0.251560600259297,0.316254527453916,-1.0107240009723,-1.2691442030665,-0.393782120939357,-0.693334896825326,-0.0345182887610231,4.58746900902815,22.7131253978682,8.31370454028996,15.4934980496885,1
0.535200210925951,0.247792062202236,0.31028065891708,-1.0134841162564,-1.27115007994978,-0.389405219930608,-0.695694079957906,-0.0349060481343034,4.57348453395394,22.5131253978682,8.19772042037465,15.2934980496885,1
0.532035721778084,0.243971785839102,0.304327176137917,-1.01627167883089,-1.27334537390547,-0.384625339439574,-0.698266334572729,-0.0352948304659641,4.55878661166626,22.3131253978682,8.08042642887191,15.0934980496885,1
0.528852951258332,0.240099873422293,0.298394385892487,-1.01908580787952,-1.27573495128322,-0.379432009042567,-0.701057251069306,-0.0356845894146031,4.54337706036724,22.1131253978682,7.96182810703778,14.8934980496885,1
0.525651995401248,0.236176491791977,0.292482579510865,-1.02192558342617,-1.27832324850236,-0.373815634523947,-0.70407197239459,-0.0360752759017468,4.52725991037176,21.9131253978682,7.84193259872841,14.6934980496885,1
0.522432928564935,0.23220187666923,0.28659203088711,-1.02479004086536,-1.28111418752369,-0.367767674826871,-0.707315101527175,-0.0364668380244472,4.51044159285821,21.7131253978682,7.72074874589019,14.4934980496885,1
0.519195800478833,0.228176336899476,0.280722994423519,-1.02767816539051,-1.28411107781901,-0.361280847889758,-0.710790593581596,-0.0368592209586075,4.49293112969209,21.5131253978682,7.59828718266937,14.2934980496885,1
0.51594063326583,0.224100258538787,0.274875702938643,-1.03058888642181,-1.28731650331663,-0.354349368718266,-0.714501630707962,-0.0372523668540787,4.47474032022714,21.3131253978682,7.47456042566707,14.0934980496885,1
0.512667418507155,0.219974108642234,0.269050365580201,-1.03352107217194,-1.29073219290539,-0.346969222851338,-0.718450478050411,-0.0376462147231691,4.45588391962804,21.1131253978682,7.34958295710252,13.8934980496885,1
0.509376114440821,0.2157984385738,0.263247165798486,-1.03647352453193,-1.2943588733276,-0.339138477886484,-0.722638319274413,-0.0380407003247904,4.43637980162639,20.9131253978682,7.2233712967397,13.6934980496885,1
0.506066643410764,0.211573886611578,0.257466259453095,-1.03944497451093,-1.29819610374078,-0.330857634811142,-0.727065070643133,-0.0384357560472783,4.41624909672115,20.7131253978682,7.09594405738631,13.4934980496885,1
0.5027388897139,0.207301179571104,0.251707773145905,-1.04243407852278,-1.30224209194945,-0.322130019393128,-0.731729173397291,-0.0388313107938707,4.39551629469767,20.5131253978682,6.96732197761189,13.2934980496885,1
0.499392698025077,0.202981133116075,0.245971802895599,-1.04543941587546,-1.30649349337921,-0.312962211642741,-0.736627365363493,-0.0392272898758637,4.37420929805242,20.3131253978682,6.83752792410794,13.0934980496885,1
0.496027872613492,0.198614650373427,0.24025841329267,-1.04845948788478,-1.31094519537136,-0.303364508189623,-0.741754434381416,-0.0396236149196445,4.35235941063112,20.1131253978682,6.70658685492157,12.8934980496885,1
0.492644177595241,0.194202718425561,0.23456763729669,-1.05149271909213,-1.31559009138938,-0.293351408154317,-0.747102958390935,-0.0400202037950041,4.33000124377439,19.9131253978682,6.57452573378891,12.6934980496885,1
0.489241338490339,0.18974640222582,0.228899476856753,-1.0545374611103,-1.32041885229612,-0.282942107631152,-0.752663039917024,-0.0404169705733119,4.30717252089466,19.7131253978682,6.44137338519238,12.4934980496885,1
0.485819045362029,0.185246835486996,0.223253904546823,-1.05759199963548,-1.3254197049675,-0.272160981252276,-0.75842204622927,-0.0408138255250906,4.28391376119812,19.5131253978682,6.3071602798622,12.2934980496885,1
0.482376957802779,0.18070520814243,0.217630866404631,-1.06065456513155,-1.33057823204302,-0.261038021698423,-0.764364370520553,-0.041210675167161,4.26026782485368,19.3131253978682,6.17191824159679,12.0934980496885,1
0.478914711985161,0.176122750092205,0.212030286138767,-1.06372334759509,-1.335877210317,-0.249609199995862,-0.770471233768011,-0.0416074223694094,4.23627930601628,19.1131253978682,6.03568006888295,11.8934980496885,1
0.475431929907015,0.171500711139346,0.206452070816642,-1.06679651562609,-1.34129650870024,-0.237916701930191,-0.776720551015544,-0.0420039665303864,4.21199376741879,18.9131253978682,5.89847906922558,11.6934980496885,1
0.471928230821498,0.166840337302561,0.200896118060078,-1.06987223974703,-1.34681306917223,-0.226008990313749,-0.783086888911419,-0.0424002038287905,4.18745682122563,18.7131253978682,5.76034851057566,11.4934980496885,1
0.468403244652384,0.162142844061368,0.19536232465285,-1.07294871952878,-1.35240099485246,-0.213940640974792,-0.789541542482647,-0.0427960275545039,4.16271307549869,18.5131253978682,5.62132100273427,11.2934980496885,1
0.464856626961264,0.157409387525189,0.189850596309337,-1.07602421361396,-1.35803176730961,-0.201771904215958,-0.796052757244273,-0.0431913285179829,4.13780498321762,18.3131253978682,5.48142783162531,11.0934980496885,1
0.461288074777488,0.152641034975167,0.184360858177748,-1.07909707121915,-1.36367460966444,-0.189567954947348,-0.802586116833247,-0.0435859955308939,4.11277164959422,18.1131253978682,5.34069827983319,10.8934980496885,1
0.457697342359201,0.147838736635313,0.178893065477832,-1.08216576322116,-1.36929700247077,-0.177397814775433,-0.809105105839889,-0.0439799159442269,4.08764767064807,17.9131253978682,5.19915897616782,10.6934980496885,1
0.454084255771824,0.143003300799313,0.173447213532879,-1.08522891058144,-1.37486534602239,-0.16533295759192,-0.815571842576882,-0.0443729762236501,4.0624620880997,17.7131253978682,5.05683332320766,10.4934980496885,1
0.450448725099258,0.138135374480695,0.168023346384514,-1.08828530774025,-1.38034574681773,-0.15344564420917,-0.821947958440456,-0.0447650625365838,4.03723754887559,17.5131253978682,4.91374105270455,10.2934980496885,1
0.446790753183752,0.13323543150047,0.162621563207189,-1.09133393879691,-1.38570488958488,-0.141807066762172,-0.828195581684676,-0.0451560613224415,4.01198974904761,17.3131253978682,4.76989795287912,10.0934980496885,1
0.443110440039376,0.128303769361752,0.157242021883274,-1.09437398481525,-1.39091094239448,-0.13048541382916,-0.834278367093828,-0.0455458598174426,3.9867272209451,17.1131253978682,4.62531579862211,9.89349804968852,1
0.439407982482131,0.123340515438161,0.151884939351893,-1.09740482141306,-1.39593443390786,-0.119543986168776,-0.8401625026003,-0.0459343465087487,3.96145149031209,16.9131253978682,4.48000249665948,9.69349804968852,1
0.43568367360616,0.118345647801825,0.146550586576052,-1.10042601283258,-1.40074904555262,-0.109039491851249,-0.845817621292058,-0.0463214092717277,3.9361576998479,16.7131253978682,4.33396269211117,9.49349804968852,1
0.431937884366392,0.113319006391038,0.141239286695311,-1.10343727961765,-1.40533224504501,-0.0990206558802701,-0.851217557396254,-0.0467069400957121,3.91083522143202,16.5131253978682,4.18719778360596,9.29349804968852,1
0.428171055421989,0.108260326609317,0.135951404703742,-1.10643847772492,-1.40966575153342,-0.0895272025264474,-0.856340897743201,-0.0470908330353602,3.88546881806307,16.3131253978682,4.03970682077636,9.09349804968852,1
0.424383682538848,0.103169270294233,0.13068733747114,-1.10942956795679,-1.41373579127147,-0.0805892774754172,-0.861171302841566,-0.0474729842556062,3.86003983504361,16.1131253978682,3.89148722217718,8.89349804968852,1
0.42057630120648,0.0980454569668925,0.125447503064512,-1.11241058412624,-1.41753314912636,-0.0722273067338195,-0.865697595324357,-0.0478532920151366,3.83452742169041,15.9131253978682,3.74253549825879,8.69349804968852,1
0.41674947170776,0.0928884931748255,0.120232330187668,-1.1153816024423,-1.42105303397868,-0.0644522557911001,-0.869913634457516,-0.0482316565898202,3.80890969417297,15.7131253978682,3.59284793015126,8.49349804968852,1
0.412903765613135,0.0876979981845842,0.115042248448539,-1.11834271406185,-1.42429478929233,-0.0572662239143395,-0.873818010547241,-0.0486079801525969,3.78316476768071,15.5131253978682,3.44242116395957,8.29349804968852,1
0.409039754372551,0.0824736249037805,0.109877679972142,-1.12129400212201,-1.42726148756623,-0.0506632920783024,-0.877413601841163,-0.0489821666180308,3.75727161014721,15.3131253978682,3.2912526946261,8.09349804968852,1
0.405158000331784,0.0772150756074948,0.104739032637111,-1.12423552388478,-1.42995944889739,-0.0446305386100632,-0.880707039873806,-0.0493541214773031,3.7312106971306,15.1131253978682,3.13934122955095,7.89349804968852,1
0.40125905023501,0.0719221125445882,0.0996266950287759,-1.12716729806552,-1.4323977211142,-0.0391491423722424,-0.883708125885537,-0.0497237516331344,3.7049644675508,14.9131253978682,2.98668693367575,7.69349804968852,1
0.397343431053421,0.0665945639056448,0.0945410330379679,-1.13008929697262,-1.43458755315071,-0.0341955051994791,-0.886429234907649,-0.0500909652439042,3.67851759659133,14.7131253978682,2.83329156714475,7.49349804968852,1
0.393411647836885,0.0612323258764143,0.0894823879239699,-1.13300144280161,-1.43654188621932,-0.029742340271492,-0.888884736243215,-0.0504556715831342,3.65185711231289,14.5131253978682,2.67915853226704,7.29349804968852,1
0.389464183212623,0.0558353616049949,0.084451075597347,-1.13590360728559,-1.43827488014926,-0.0257596883819411,-0.891090450985545,-0.0508177809179775,3.62497238732153,14.3131253978682,2.52429284893118,7.09349804968852,1
0.385501498137958,0.0504036979088269,0.0794473868561236,-1.13879561387764,-1.43980148582396,-0.0222158378301643,-0.893063159883502,-0.0511772044082067,3.59785503734568,14.1131253978682,2.36870107758724,6.89349804968852,1
0.381524033536912,0.0449374204737683,0.0744715883162248,-1.14167724169453,-1.44113706939568,-0.0190781349825253,-0.894820168801477,-0.0515338540256924,3.57049875614573,13.9131253978682,2.21239120721655,6.69349804968852,1
0.377532212497019,0.0394366681837964,0.0695239238036641,-1.14454823055251,-1.44229708998504,-0.0163136811648936,-0.896378934382373,-0.0518876424933401,3.54289911204677,13.7131253978682,2.05537252308736,6.49349804968852,1
0.373526442760432,0.0339016270909181,0.0646046160126431,-1.14740828654866,-1.44329682978705,-0.0138899176454051,-0.897756749215459,-0.052238483241698,3.51505332653581,13.5131253978682,1.89765546611653,6.29349804968852,1
0.369507119303106,0.0283325244080813,0.0597138682736554,-1.15025708776695,-1.44415117370024,-0.011775104463561,-0.898970483623564,-0.052586290381239,3.48696005049902,13.3131253978682,1.73925149272644,6.09349804968852,1
0.36547462685137,0.0227296227935447,0.0548518663143488,-1.15309428980421,-1.44487443453988,-0.00993870124395654,-0.900036379861885,-0.0529309786880312,3.45861914922623,13.1131253978682,1.58017294143946,5.89349804968852,1
0.361429342233628,0.0170932150986907,0.0500187799304909,-1.15591953091166,-1.44548021937315,-0.00835165935752445,-0.900969893822588,-0.0532724636006436,3.43003150350625,12.9131253978682,1.42043291021795,5.69349804968852,1
0.357371636504648,0.0114236196740513,0.04521476451363,-1.15873243662971,-1.44598133234537,-0.00698663523897685,-0.90178557906489,-0.0536106612262324,3.40119883105731,12.7131253978682,1.2600451467663,5.49349804968852,1
0.353301876811026,0.00572117626967243,0.0404399624055499,-1.16153262385759,-1.44638970941938,-0.0058181346226047,-0.902497007986175,-0.053945488353888,3.37212353016572,12.5131253978682,1.0990239526499,5.29349804968852,1
0.349220427989577,-1.375747625633e-05,0.035694504067648,-1.16431970434681,-1.44671638063088,-0.0048225971199491,-0.903116725109002,-0.0542768624736802,3.3428085456733,12.3131253978682,0.937384101104188,5.09349804968852,1
0.345127653906725,-0.00578080899493905,0.0309785090664997,-1.16709328763995,-1.44697145571205,-0.00397843006167872,-0.903656227711197,-0.0546047017998649,3.31325725626394,12.1131253978682,0.775140767745522,4.89349804968852,1
0.341023918557566,-0.0115795932423498,0.0262920868858307,-1.16985298349808,-1.44716412922002,-0.00326599993979884,-0.904125969329151,-0.054928925297166,3.28347338125228,11.9131253978682,0.612309472992719,4.69349804968852,1
0.336909586949434,-0.0174097147129786,0.0216353375807676,-1.17259840387091,-1.44730270160533,-0.00266758915763917,-0.904535381994402,-0.0552494573009037,3.25346090466789,11.7131253978682,0.448906034797315,4.49349804968852,1
0.332785025792845,-0.0232707690645146,0.017008352288137,-1.17532916446163,-1.4473946129191,-0.00216732514361161,-0.904892913449285,-0.0555662231015932,3.2232240147004,11.5131253978682,0.284946530489893,4.29349804968852,1
0.328650604037138,-0.0291623444344406,0.0124112136219751,-1.17804488596514,-1.44744648628997,-0.00175108822986122,-0.905206075816988,-0.0558791439286767,3.19276705537429,11.3131253978682,0.12044726582084,4.09349804968852,1
0.324506693278279,-0.0350840225068795,0.00784399597477941,-1.18074519503672,-1.44746417853828,-0.00140640402134789,-0.905481502636045,-0.0561881418833309,3.16209448819654,11.1131253978682,-0.0445752501704405,3.89349804968852,1
0.320353668052696,-0.0410353793577022,0.00330676573174766,-1.18342972502276,-1.44745283550095,-0.00112232531506248,-0.905725011622612,-0.0564931399683531,3.13121086272497,10.9131253978682,-0.210104325060915,3.69349804968852,1
0.316191906043618,-0.0470159861322767,-0.00120041858066074,-1.18609811650885,-1.44741695008406,-0.000889307973158524,-0.905941670744514,-0.0567940621174429,3.10012079390847,10.7131253978682,-0.37612309901385,3.49349804968852,1
0.31202178821828,-0.0530254095924565,-0.00567750619778979,-1.18875001772416,-1.44736042131417,-0.000699084502073284,-0.906135865585513,-0.0570908332237373,3.06882894475027,10.5131253978682,-0.542614557667197,3.29349804968852,1
0.307843698911293,-0.0590632125629668,-0.010124454059559,-1.19138508483389,-1.44728661294778,-0.00054453846377163,-0.906311366315442,-0.0573833791673429,3.03734001309276,10.3131253978682,-0.709561542645969,3.09349804968852,1
0.303658025866697,-0.0651289543014471,-0.0145412267831045,-1.19400298214642,-1.44719841047274,-0.000419582250849844,-0.906471392902016,-0.0576716268418447,3.00565872155004,10.1131253978682,-0.876946760266135,2.89349804968852,1
0.299465160248729,-0.071222190811373,-0.0189277966572956,-1.19660338225582,-1.44709827559036,-0.000319040203246699,-0.906618677498355,-0.0579555041796177,2.97378980981218,9.9131253978682,-1.04475278888125,2.69349804968852,1
0.295265496629193,-0.0773424751127328,-0.0232841436527964,-1.19918596613646,-1.44698829750103,-0.000238538538206609,-0.906755523212635,-0.0582349401760163,2.94173802871635,9.7131253978682,-1.212962085221,2.49349804968852,1
0.291059432957501,-0.0834893574818542,-0.027610255442712,-1.20175042320218,-1.44687024052466,-0.000174403112716036,-0.906883858709691,-0.0585098649122435,2.90950813561864,9.5131253978682,-1.38155698999041,2.29349804968852,1
0.286847370518046,-0.0896623856689021,-0.0319061274300231,-1.20429645133979,-1.44674558777004,-0.000123565642465416,-0.907005288306784,-0.0587802095770309,2.87710489071529,9.31312539786821,-1.55051973293082,2.09349804968852,1
0.282629713878357,-0.0958611050993402,-0.0361717627789439,-1.206823756924,-1.44661558072275,-8.3478665055422e-05,-0.907121137406615,-0.0590459064870223,2.84453305405161,9.11312539786821,-1.7198324374918,1.89349804968852,1
0.278406870830596,-0.102085059063933,-0.0404071724480652,-1.20933205481918,-1.44648125474949,-5.20392569242505e-05,-0.907232493260084,-0.0593068891059031,2.81179738302683,8.91312539786821,-1.88947712522293,1.69349804968852,1
0.274179252328264,-0.108333788900559,-0.0446123752237188,-1.21182106837174,-1.44634347062017,-2.75212910579566e-05,-0.907340241170812,-0.0595630920622671,2.778902630256,8.71312539786821,-2.0594357199641,1.49349804968852,1
0.269947272419444,-0.1146068341701,-0.0487873977524454,-1.21429052939584,-1.44620294222754,-8.51585197566903e-06,-0.90744509634504,-0.0598144511662284,2.74585354169098,8.51312539786821,-2.22969005188877,1.29349804968852,1
0.265711348177531,-0.120903732828011,-0.0529322745717503,-1.21674017815442,-1.44606026074154,6.12069917358334e-06,-0.907547631656997,-0.0600609034247892,2.71265485493045,8.31312539786821,-2.40022186143971,1.09349804968852,1
0.261471899630118,-0.127224021392608,-0.0570470481385936,-1.21916976333695,-1.44591591547368,1.73115990411036e-05,-0.907648301644054,-0.060302387055973,2.67931129767154,8.11312539786821,-2.57101280318319,0.893498049688519,1
0.257229349686481,-0.133567235110771,-0.0611317688552281,-1.22157904203471,-1.44577031174835,2.57981329008677e-05,-0.907747463071523,-0.0605388415017433,2.6458275862702,7.91312539786821,-2.74204444959928,0.693498049688519,1
0.252984124064006,-0.139932908121506,-0.0651864950921163,-1.22396777971437,-1.44562378608675,3.21723169354603e-05,-0.907845392416733,-0.0607702074397208,2.61220842438806,7.71312539786821,-2.91329829482062,0.493498049688519,1
0.248736651213744,-0.146320573617619,-0.0692112932077573,-1.22633575019018,-1.44547661900595,3.69044619207576e-05,-0.907942300619412,-0.0609964267937036,2.57845850171128,7.51312539786821,-3.08475575832695,0.293498049688519,1
0.244487362245269,-0.152729764005641,-0.0732062375653144,-1.22868273559525,-1.44532904572561,4.0366245334334e-05,-0.908038345433203,-0.0612174427430444,2.54458249273197,7.31312539786821,-3.25639818859997,0.0934980496885188,1
0.240236690850922,-0.159160011064065,-0.0771714105459675,-1.23100852635181,-1.44518126505743,4.2849882995306e-05,-0.908133641694016,-0.0614331997308609,2.51058505558548,7.11312539786821,-3.42820686674214,-0.106501950311481,1
0.235985073229514,-0.165610846099911,-0.081106902558959,-1.23331292114095,-1.44503344673225,4.45839467528956e-05,-0.90822826979711,-0.0616436434711218,2.47647083094014,6.91312539786821,-3.60016301006049,-0.306501950311481,1
0.231732948009542,-0.172081800103574,-0.0850128120483147,-1.23559572687167,-1.44488573739583,4.57463249542171e-05,-0.908322282648218,-0.0618487209546323,2.44224444093687,6.71312539786821,-3.77224777561652,-0.506501950311481,1
0.227480756171946,-0.178572403901924,-0.0888892454962297,-1.23785675864933,-1.44473826548079,4.64747704325895e-05,-0.908415711326292,-0.0620483804539402,2.40791048817675,6.51312539786821,-3.94444226374292,-0.706501950311481,1
0.223228940972436,-0.185082188309583,-0.0927363174231387,-1.24009583974378,-1.44459114513752,4.68754288167496e-05,-0.908508569667641,-0.0622425715271629,2.37347355475634,6.31312539786821,-4.11672752152639,-0.906501950311481,1
0.218977947863409,-0.191610684278327,-0.0965541503844675,-1.24231280155679,-1.44444447938367,4.70296897511692e-05,-0.908600857954509,-0.0624312450207865,2.33893820134931,6.11312539786821,-4.28908454625768,-1.10650195031148,1
0.214728224415472,-0.198157423044522,-0.100342874964103,-1.2445074835893,-1.44429836260982,4.69996564493479e-05,-0.908692565865825,-0.0626143530714561,2.30430896633485,5.91312539786821,-4.46149428884736,-1.30650195031148,1
0.210480220238585,-0.20472193627453,-0.104102629764591,-1.24667973340815,-1.4441528825588,4.68324855472848e-05,-0.908783674824763,-0.0627918491067661,2.26959036497208,5.71312539786821,-4.63393765720815,-1.50650195031148,1
0.206234386902839,-0.211303756208006,-0.107833561394099,-1.24882940661247,-1.44400812187769,4.65638100464938e-05,-0.908874159856722,-0.0629636878451136,2.23478688862049,5.51312539786821,-4.80639551960287,-1.70650195031148,1
0.201991177858871,-0.217902415799031,-0.11153582445016,-1.25095636679978,-1.44386415932541,4.62204233130568e-05,-0.908963991052787,-0.0631298252945816,2.19990300400589,5.31312539786821,-4.97884870795874,-1.90650195031148,1
0.197751048357944,-0.224517448854971,-0.11520958150024,-1.25306048553168,-1.44372107070481,4.58223716446633e-05,-0.909053134717458,-0.0632902187509393,2.16494315253224,5.11312539786821,-5.15127802114667,-2.10650195031148,1
0.193514455078279,-0.231148390907809,-0.118855002566821,-1.25514163701387,-1.44357892941062,4.53844904138838e-05,-0.909141554570748,-0.063444823484093,2.12991172809086,4.91312539786821,-5.32366425928664,-2.30650195031148,1
0.189281856527741,-0.237794778110566,-0.122472265919339,-1.25719970693915,-1.44343780729073,4.49178253760638e-05,-0.909229211916299,-0.0635935983043485,2.09481311280281,4.71312539786821,-5.49598817495005,-2.50650195031148,1
0.185053712870142,-0.244456147617451,-0.126061557888978,-1.25923459067786,-1.44329777496114,4.44305392008749e-05,-0.909316066294881,-0.0637365044409374,2.05965166920201,4.51312539786821,-5.66823048660772,-2.70650195031148,1
0.180830485747003,-0.251132037967774,-0.129623072668166,-1.26124619142263,-1.4431589020311,4.3928604221146e-05,-0.909402076017298,-0.0638735043924772,2.02443173219381,4.31312539786821,-5.84037189245035,-2.90650195031148,1
0.176612638196036,-0.257821989212566,-0.133157012275758,-1.26323442015309,-1.44302125731984,4.34163600549369e-05,-0.909487198492753,-0.0640045619209196,1.98915760858979,4.11312539786821,-6.01239307349622,-3.10650195031148,1
0.172400634569353,-0.264525543038595,-0.136663586519235,-1.26519919560048,-1.44288490900981,4.2896934743645e-05,-0.909571390484336,-0.0641296420447258,1.95383357668554,3.91312539786821,-6.18427469666556,-3.30650195031148,1
0.168194940451378,-0.27124224288967,-0.140143012953998,-1.2671404442122,-1.44274992475123,4.23725612525899e-05,-0.909654608308641,-0.0642487110314106,1.91846388588167,3.71312539786821,-6.35599741782062,-3.50650195031148,1
0.163996022576494,-0.277971634085238,-0.143595516839762,-1.26905810011621,-1.44261637172956,4.18448141886485e-05,-0.90973680799276,-0.0643617363893362,1.88305275634664,3.51312539786821,-6.52754188477296,-3.70650195031148,1
0.159804348746421,-0.284713263936171,-0.147021331094116,-1.27095210508544,-1.44248431670493,4.13147860183106e-05,-0.909817945398908,-0.0644686868589383,1.84760437872169,3.31312539786821,-6.6988887402571,-3.90650195031148,1
0.155620387747339,-0.291466681857736,-0.150420696243273,-1.27282240850226,-1.4423538260305,4.07832176358345e-05,-0.909897976324622,-0.0645695324033254,1.81212291386622,3.11312539786821,-6.87001862487229,-4.10650195031148,1
0.15144460926675,-0.298231439479697,-0.153793860370055,-1.27466896732289,-1.44222496565501,4.02505946668052e-05,-0.909976856584568,-0.0646642441983099,1.7766124926434,2.91312539786821,-7.04091217999212,-4.30650195031148,1
0.147277483810104,-0.305007090753501,-0.157141079059164,-1.27649174604195,-1.44209780111362,3.97172181782975e-05,-0.910054542078589,-0.0647527946219057,1.74107721574508,2.7131253978682,-7.21155005064272,-4.50650195031148,1
0.143119482617189,-0.311793192056508,-0.160462615339777,-1.27829071665709,-1.44197239751015,3.91832563673022e-05,-0.910130988849467,-0.0648351572433469,1.70552115355524,2.5131253978682,-7.38191288835025,-4.70650195031148,1
0.138971077578276,-0.318589302293265,-0.163758739625485,-1.28006585863375,-1.44184881949303,3.86487821685771e-05,-0.910206153133031,-0.064911306811594,1.66994834605037,2.3131253978682,-7.55198135395882,-4.90650195031148,1
0.134832741150054,-0.325394982993743,-0.16702972965166,-1.2818171588701,-1.44172713122666,3.81138004968423e-05,-0.910279991402582,-0.0649812192434649,1.63436280273687,2.1131253978682,-7.72173612041887,-5.10650195031148,1
0.130704946271339,-0.332209798408556,-0.170275870410245,-1.28354461166223,-1.44160739635961,3.75782678841254e-05,-0.910352460409081,-0.0650448716113297,1.5987685026234,1.9131253978682,-7.89115787554752,-5.30650195031148,1
0.126588166278563,-0.339033315601116,-0.173497454082037,-1.28524821866951,-1.44148967799053,3.70421065634801e-05,-0.910423517218208,-0.0651022421304534,1.56316939422743,1.7131253978682,-8.06022732476191,-5.50650195031148,1
0.122482874821067,-0.345865104536694,-0.176694779966498,-1.28692798888028,-1.44137403863247,3.65052145223385e-05,-0.910493119245054,-0.0651533101460198,1.52756939561516,1.5131253978682,-8.22892519378562,-5.70650195031148,1
0.118389547878036,-0.35270474116858,-0.179868152061298,-1.28858394286661,-1.44126055713107,3.5968202404396e-05,-0.910561208190526,-0.0651980561797317,1.49197224676651,1.3131253978682,-8.39723231089256,-5.90650195031148,1
0.11430866002562,-0.359551802249861,-0.183017883076929,-1.29021610524817,-1.44114929869415,3.54308877032389e-05,-0.910627738269673,-0.0652364618064496,1.45638176738196,1.1131253978682,-8.56512947012385,-6.10650195031148,1
0.110240685353145,-0.366405866895635,-0.186144293232669,-1.2918245067476,-1.44104032335398,3.48929003452532e-05,-0.910692668407774,-0.0652685096734832,1.42080178555315,0.913125397868205,-8.7325974729129,-6.30650195031148,1
0.106186097921599,-0.373266517448339,-0.189247709562454,-1.29340918528334,-1.44093369044705,3.43539347788362e-05,-0.910755958036334,-0.0652941835036785,1.3852360993912,0.713125397868205,-8.89961715159236,-6.50650195031148,1
0.102145371677913,-0.380133339551174,-0.192328465832893,-1.29497018593707,-1.4408294585664,3.38137304168607e-05,-0.910817567111057,-0.0653134680813171,1.34968847721379,0.513125397868205,-9.0661693719861,-6.70650195031148,1
0.0981189803690598,-0.387005922218405,-0.195386902459017,-1.2965075609217,-1.44072768551706,3.32720577785512e-05,-0.910877456132629,-0.0653263492378627,1.31416265775652,0.313125397868205,-9.23223503598304,-6.90650195031149,1
0.0941073974559726,-0.393883857902506,-0.198423366417815,-1.29802136954985,-1.44062842827381,3.27287086802392e-05,-0.910935586169417,-0.0653328138376795,1.2786623504078,0.113125397868205,-9.3977950840929,-7.10650195031149,1
0.0901110960272902,-0.400766742558185,-0.201438211159561,-1.29951167820286,-1.4405317429407,3.2183489275434e-05,-0.910991918881479,-0.0653328497636492,1.24319123546464,-0.0868746021317954,-9.56283049798703,-7.30650195031149,1
0.0861305487129252,-0.407654175703274,-0.204431796516975,-1.30097856030044,-1.4404376847119,3.163621512088e-05,-0.911046416545407,-0.0653264459027813,1.20775296440818,-0.286874602131795,-9.72732230302501,-7.50650195031149,1
0.0821662275974738,-0.4145457604765,-0.207404488612257,-1.30242209627085,-1.44034630783374,3.10867076544576e-05,-0.91109904207968,-0.0653135921318591,1.17235116019747,-0.486874602131795,-9.89125157076824,-7.70650195031149,1
0.0782186041334486,-0.421441103692155,-0.210356659761991,-1.3038423735218,-1.4402576655676,3.05347916620237e-05,-0.911149759070344,-0.0652942793031068,1.13698941757873,-0.686874602131795,-10.0545994214838,-7.90650195031149,1
0.074288149054351,-0.428339815891682,-0.213288688379968,-1.30523948641197,-1.44017181015358,2.99802934408751e-05,-0.911198531796804,-0.0652684992299502,1.10167130340901,-0.886874602131795,-10.217347026639,-8.10650195031149,1
0.0703753322875829,-0.435241511392187,-0.216200958877931,-1.30661353622326,-1.44008879277485,2.94230394377178e-05,-0.911245325257684,-0.0652362446728778,1.06640035699182,-1.0868746021318,-10.3794756113893,-8.30650195031149,1
0.0664806228671982,-0.4421458083319,-0.219093861564281,-1.30796463113375,-1.44000866352255,2.88628552235684e-05,-0.911290105196616,-0.0651975093254697,1.03118009042336,-1.2868746021318,-10.5409664570608,-8.50650195031148,1
0.0626044888464974,-0.449052328712619,-0.221967792540742,-1.30929288619149,-1.43993147136133,2.82995646917478e-05,-0.911332838127967,-0.0651522878005919,0.996013988946271,-1.4868746021318,-10.70180090363,-8.70650195031148,1
0.0587473972104631,-0.455960698439163,-0.22482315359701,-1.310598423289,-1.43985726409528,2.77329894130005e-05,-0.911373491362435,-0.0651005756167921,0.96090551130962,-1.6868746021318,-10.8619603522034,-8.90650195031148,1
0.0549098137880451,-0.462870547355859,-0.227660352103395,-1.31188137113862,-1.43978608833446,2.7162948090249e-05,-0.911412033032508,-0.065042369184934,0.92585809013249,-1.8868746021318,-11.0214262674968,-9.10650195031148,1
0.051092203164292,-0.469781509280091,-0.230479800901475,-1.31314186524872,-1.43971798946179,2.65892560830541e-05,-0.911448432117782,-0.0649776657951218,0.890875132269202,-2.0868746021318,-11.1801801803197,-9.30650195031148,1
0.0472950285923325,-0.476693222032967,-0.233281918192759,-1.31438004790082,-1.43965301160046,2.60117249722907e-05,-0.911482658470113,-0.0649064636039127,0.855960019173678,-2.2868746021318,-11.338203690064,-9.50650195031148,1
0.0435187519052035,-0.48360532746713,-0.236067127425365,-1.31559606812755,-1.43959119758168,2.54301621482191e-05,-0.911514682838637,-0.064828761621851,0.821116107260463,-2.4868746021318,-11.495478467202,-9.70650195031148,1
0.0397638334275356,-0.490517471491751,-0.238835857178724,-1.31679008169155,-1.43953258891294,2.48443704107409e-05,-0.911544476894615,-0.0647445597013732,0.786346728260231,-2.6868746021318,-11.651986255794,-9.90650195031148,1
0.03603073188709,-0.497429304094765,-0.241588541046312,-1.31796225106537,-1.43947722574659,2.42541475663305e-05,-0.911572013256163,-0.0646538585250971,0.751655189567257,-2.8868746021318,-11.8077088760088,-10.1065019503115,1
0.0323199043261491,-0.504340479362379,-0.244325617516386,-1.31911274541233,-1.43942514684888,2.36592860278756e-05,-0.911597265512833,-0.0645566595945304,0.717044774576064,-3.0868746021318,-11.96262822666,-10.3065019503115,1
0.0286318060127653,-0.511250655495921,-0.24704752985075,-1.32024174056839,-1.4393763895693,2.30595723948227e-05,-0.911620208250063,-0.0644529652192047,0.68251874300488,-3.2868746021318,-12.1167262877598,-10.5065019503115,1
0.0249668903518677,-0.518159494826067,-0.249754725961517,-1.32134941902502,-1.43933098981036,2.2454787027738e-05,-0.911640817073522,-0.0643427785063052,0.648080331203091,-3.4868746021318,-12.2699851230939,-10.7065019503115,1
0.0213256087962277,-0.525066663824518,-0.252447658285873,-1.3224359699132,-1.4392889819977,2.18447035952972e-05,-0.911659068633342,-0.0642261033507831,0.613732752440119,-3.6868746021318,-12.4223868828186,-10.9065019503115,1
0.0177084107572901,-0.531971833113169,-0.255126783658822,-1.32350158898846,-1.43925039905054,2.12290886102455e-05,-0.911674940648247,-0.0641029444259895,0.579479197172793,-3.8868746021318,-12.5739138060852,-11.1065019503115,1
0.014115743515861,-0.538874677470848,-0.257792563183896,-1.32454647861702,-1.43921527235249,2.06077009311931e-05,-0.911688411929605,-0.0639733071748621,0.545322833288322,-4.0868746021318,-12.7245482236918,-11.3065019503115,1
0.0105480521326689,-0.545774875837688,-0.260445462101807,-1.32557084776306,-1.43918363172267,1.99802912498245e-05,-0.911699462405396,-0.0638371978016731,0.511266806320005,-4.2868746021318,-12.8742725607678,-11.5065019503115,1
0.00700577935879182,-0.552672111317174,-0.26308594965704,-1.32657491197718,-1.43915550538717,1.93466015412504e-05,-0.911708073144104,-0.0636946232643903,0.477314239633019,-4.4868746021318,-13.0230693394921,-11.7065019503115,1
0.00348936554595223,-0.559566071175983,-0.265714498962324,-1.32755889338606,-1.43913091995079,1.87063644873435e-05,-0.911714226378569,-0.0635455912676463,0.443468234576523,-4.6868746021318,-13.170921181849,-11.9065019503115,1
-7.51443309033369e-07,-0.566456446841647,-0.268331586860987,-1.32852302068318,-1.43910990036911,1.80593028643541e-05,-0.91171790552977,-0.0633901102563304,0.409731870599682,-4.8868746021318,-13.3178108124251,-12.1065019503115,1
-0.00346413632558122,-0.573342933898127,-0.270937693787153,-1.32946752912099,-1.43909246992087,1.74051288986473e-05,-0.91171909523057,-0.0632281894098865,0.376108205328157,-5.0868746021318,-13.4637210612482,-12.3065019503115,1
-0.00690035648665716,-0.580225232079398,-0.273533303623738,-1.33039266050413,-1.43907865018054,1.6743543578594e-05,-0.911717781349437,-0.0630598386372639,0.342600274597731,-5.2868746021318,-13.6086348666745,-12.5065019503115,1
-0.0103089820717107,-0.587103045261093,-0.27611890355822,-1.33129866318405,-1.43906846099132,1.60742359291946e-05,-0.911713951014119,-0.0628850685725747,0.309211092441977,-5.4868746021318,-13.7525352783247,-12.7065019503115,1
-0.0136895860755945,-0.593976081450315,-0.27869498393614,-1.3321857920549,-1.43906192043825,1.53968822392845e-05,-0.911707592635314,-0.0627038905714918,0.275943651030588,-5.6868746021318,-13.8954054600725,-12.9065019503115,1
-0.0170417444332345,-0.600844052773697,-0.281262038112286,-1.33305430855071,-1.43905904482169,1.4711145242157e-05,-0.911698695930304,-0.0625163167083775,0.242800920554731,-5.8868746021318,-14.0372286930908,-13.1065019503115,1
-0.0203650361101277,-0.607706675463801,-0.283820562299518,-1.33390448064394,-1.43905984863101,1.40166732414103e-05,-0.911687251946598,-0.0623223597741799,0.209785849056112,-6.0868746021318,-14.177988378956,-13.3065019503115,1
-0.0236590431929297,-0.614563669843942,-0.286371055415191,-1.33473658284542,-1.43906434451859,1.33130991863e-05,-0.911673253085538,-0.0621220332751012,0.176901362196304,-6.2868746021318,-14.3176680428162,-13.5065019503115,1
-0.0269233509801339,-0.62141476031155,-0.288914018925109,-1.33555089620568,-1.43907254327394,1.26000396826197e-05,-0.911656693125921,-0.0619153514320787,0.144150362962513,-6.4868746021318,-14.4562513366246,-13.7065019503115,1
-0.0301575480728175,-0.628259675320147,-0.291449956684979,-1.33634770831772,-1.43908445379822,1.18770939399685e-05,-0.911637567247593,-0.0617023291810625,0.111535731306122,-6.6868746021318,-14.5937220424438,-13.9065019503115,1
-0.0333612264654688,-0.635098147360062,-0.29397937477928,-1.33712731332115,-1.43910008307889,1.11438426503136e-05,-0.911615872055041,-0.0614829821741413,0.0790603237105297,-6.8868746021318,-14.7300640758222,-14.1065019503115,1
-0.0365339816368701,-0.641929912937984,-0.29650278135751,-1.33789001190795,-1.43911943616465,1.03998467927287e-05,-0.911591605600972,-0.0612573267814855,0.0467269726838334,-7.0868746021318,-14.865261489248,-14.3065019503115,1
-0.0396754126410323,-0.64875471255545,-0.299020686467729,-1.3386361113296,-1.43914251614062,9.64464635415065e-06,-0.911564767409873,-0.0610253800941656,0.0145384861732124,-7.2868746021318,-14.999298475683,-14.5065019503115,1
-0.0427851221981657,-0.655572290686389,-0.301533601887361,-1.33936592540582,-1.4391693241037,8.87775896642302e-06,-0.91153535850155,-0.0607871599278515,-0.0175023531032674,-7.4868746021318,-15.1321593721802,-14.7065019503115,1
-0.0458627167856884,-0.662382395753845,-0.304042040951148,-1.34007977453487,-1.43919985913828,8.09867844706643e-06,-0.911503381414637,-0.060542684827366,-0.0493927884117009,-7.6868746021318,-15.2638286635894,-14.9065019503115,1
-0.0489078067292405,-0.669184780105981,-0.306546518376217,-1.34077798570539,-1.43923411829208,7.30687323803741e-06,-0.911468840230068,-0.0602919740721556,-0.0811300898480046,-7.8868746021318,-15.3942909863535,-15.1065019503115,1
-0.0519200062937065,-0.675979199991492,-0.309047550084171,-1.34146089250995,-1.43927209655231,6.50178474024653e-06,-0.911431740594484,-0.0600350476826636,-0.112711555278373,-8.0868746021318,-15.5235311324002,-15.3065019503115,1
-0.0548989337742222,-0.682765415534558,-0.311545653020139,-1.34212883516018,-1.43931378682206,5.6828255213516e-06,-0.911392089743598,-0.0597719264276096,-0.144134511378912,-8.2868746021318,-15.6515340531322,-15.5065019503115,1
-0.0578442115871586,-0.689543190709461,-0.314041344968685,-1.3427821605036,-1.43935917989695,4.84937740073499e-06,-0.911349896525468,-0.0595026318322187,-0.17539631477895,-8.4868746021318,-15.7782848635201,-15.7065019503115,1
-0.0607554663610526,-0.696312293314985,-0.316535144366535,-1.34342122204224,-1.43940826444204,4.00078939561051e-06,-0.911305171423667,-0.0592271861873485,-0.20649435331148,-8.6868746021318,-15.903768846301,-15.9065019503115,1
-0.0636323290274821,-0.703072494948766,-0.319027570111988,-1.3440463799529,-1.43946102696902,3.1363755123552e-06,-0.911257926580354,-0.0589456125595889,-0.237426047376832,-8.8868746021318,-16.0279714562885,-16.1065019503115,1
-0.0664744349118541,-0.70982357098169,-0.321519141370975,-1.34465800110934,-1.4395174518137,2.25541237965621e-06,-0.911208175819191,-0.0586579348023121,-0.268188851422067,-9.0868746021318,-16.1508783247955,-16.3065019503115,1
-0.0692814238240884,-0.716565300532513,-0.324010377379653,-1.34525645910622,-1.43957752111375,1.35713670268252e-06,-0.911155934668096,-0.0583641775676531,-0.298780255542351,-9.2868746021318,-16.2724752641756,-16.5065019503115,1
-0.0720529401491842,-0.723297466442843,-0.32650179724344,-1.34584213428487,-1.43964121478681,4.40742522138929e-07,-0.911101220381822,-0.0580643663194792,-0.329197787208246,-9.4868746021318,-16.3927482724867,-16.7065019503115,1
-0.0747886328619708,-0.730019855211501,-0.328993919780211,-1.34641541486439,-1.43970868990666,-1.33749507110073e-07,-0.911044222801323,-0.0577585287447707,-0.359439012480687,-9.68687460213179,-16.5116835351842,-16.9065019503115,1
-0.0774881559448336,-0.736732257147946,-0.331487263106127,-1.34697669217622,-1.43977946784648,-1.28534487833739e-06,-0.910984523400077,-0.0574466886927263,-0.389501540766078,-9.88687460213179,-16.6292674434192,-17.1065019503115,1
-0.0801511679256661,-0.743434466051823,-0.333982344768531,-1.34752636880991,-1.43985387288225,-2.30111540448046e-06,-0.910922490039691,-0.0571288764752746,-0.419383022342065,-10.0868746021318,-16.7454865765843,-17.3065019503115,1
-0.082777332415496,-0.750126279430641,-0.336479681251899,-1.34806485204404,-1.43993180398081,-3.32875681031388e-06,-0.910858075583481,-0.056805120511975,-0.449081154321422,-10.2868746021318,-16.8603277257076,-17.5065019503115,1
-0.0853663180270284,-0.756807498388063,-0.338979787863042,-1.34859255640941,-1.44001322844035,-4.37191847770101e-06,-0.910791304871232,-0.0564754505536047,-0.478593681701892,-10.4868746021318,-16.973777891862,-17.7065019503115,1
-0.0879177984873644,-0.763477927616613,-0.341483178492609,-1.34910990338029,-1.44009811153493,-5.43362644255322e-06,-0.910722204966381,-0.0561398972608296,-0.507918400134634,-10.6868746021318,-17.0858242925877,-17.9065019503115,1
-0.0904314527269468,-0.770137375379564,-0.343990365386691,-1.34961732141457,-1.4401864164078,-6.51647562130168e-06,-0.910650805076024,-0.0557984922240043,-0.537053158669123,-10.8868746021318,-17.1964543675213,-18.1065019503115,1
-0.0929069649681551,-0.776785653494488,-0.346501858914099,-1.35011524599618,-1.44027810398947,-7.62277016814404e-06,-0.9105771364983,-0.0554512679839153,-0.565995862663842,-11.0868746021318,-17.3056557841784,-18.3065019503114,1
-0.0953440248135015,-0.783422577318648,-0.349018167329252,-1.35060411967984,-1.44037313293372,-8.75462683345763e-06,-0.910501232589216,-0.0550982580535471,-0.59474447686748,-11.2868746021318,-17.4134164438943,-18.5065019503114,1
-0.0977423273334048,-0.790047965736437,-0.351539796530541,-1.35108439213814,-1.44047145956658,-9.91405190046452e-06,-0.910423128743168,-0.0547394969407746,-0.623297028676777,-11.4868746021318,-17.5197244879278,-18.7065019503114,1
-0.100101573153488,-0.796661641149016,-0.354067249814106,-1.35155652021106,-1.4405730378448,-1.11029992840271e-05,-0.910342862383115,-0.0543750201720615,-0.651651611575279,-11.6868746021318,-17.6245683037301,-18.9065019503114,1
-0.102421468541367,-0.803263429466393,-0.356601027622886,-1.35202096795798,-1.44067781932136,-1.23234152075409e-05,-0.91026047295743,-0.0540048643171166,-0.679806388759513,-11.8868746021318,-17.7279365313845,-19.1065019503114,1
-0.10472819522031,-0.809842003834793,-0.359132457462978,-1.35247820671224,-1.44078575311629,-1.35772733777281e-05,-0.910176001941299,-0.0536290670145207,-0.707759596957334,-12.0868746021318,-17.8298180702212,-19.3056437738857,1
-0.107093692073205,-0.816366721910379,-0.361637082861321,-1.35292784416841,-1.44089680228105,-1.48676049761448e-05,-0.910089481125912,-0.0532476871271881,-0.73550460483362,-12.2868746021318,-17.9302014013989,-19.5015901992195,1
-0.10951827739725,-0.822837252747633,-0.364115174270407,-1.35336715343413,-1.44101096940354,-1.6199913118286e-05,-0.910000914961352,-0.0528608396188318,-0.763021849650017,-12.4868746021318,-18.0290736873048,-19.6943376319084,1
-0.112002251080342,-0.829253285960298,-0.366567002198555,-1.35379349346009,-1.44112824782906,-1.75787162915212e-05,-0.909910316225304,-0.0524686400061146,-0.790292414645261,-12.6868746021318,-18.1264227083038,-19.8838830463972,1
-0.114545893994863,-0.835614532441246,-0.36899283656762,-1.35420430872313,-1.44124862198595,-1.90078144941427e-05,-0.909817705471326,-0.052071204330882,-0.817298066680594,-12.8868746021318,-18.2222368866828,-20.0702239919332,1
-0.117149467413281,-0.841920725044831,-0.371392946081311,-1.3545971288947,-1.4413720677337,-2.04904873974995e-05,-0.909723110523219,-0.0516686491345332,-0.844021292283102,-13.0868746021318,-18.316505309672,-20.2533585984912,1
-0.119813212445345,-0.848171619231569,-0.373767597604192,-1.35496956849244,-1.44149855272465,-2.20296431180921e-05,-0.909626566005511,-0.0512610914344968,-0.870445332058973,-13.2868746021318,-18.40921775154,-20.4332855827017,1
-0.122537349496707,-0.854366993674975,-0.376117055551467,-1.35531932651368,-1.44162803677321,-2.36279310029573e-05,-0.909528112902848,-0.050848648702831,-0.896554213449079,-13.4868746021318,-18.5003646947613,-20.6100042538151,1
-0.125322077748697,-0.860506650830533,-0.378441581289646,-1.35564418604887,-1.44176047222797,-2.52878280983364e-05,-0.909427798143056,-0.0504314388469199,-0.92233278180226,-13.6868746021318,-18.5899373502557,-20.7835145197339,1
-0.128167574659082,-0.866590417466666,-0.380741432548278,-1.35594201387361,-1.4418958043435,-2.70117063535531e-05,-0.909325674200066,-0.0500095801922543,-0.947766729740588,-13.8868746021318,-18.6779276766985,-20.9538168931437,1
-0.131073995483547,-0.872618145157754,-0.383016862842912,-1.35621076001803,-1.44203397164938,-2.88018857017548e-05,-0.909221798713879,-0.0495831914673172,-0.972842624794504,-14.0868746021318,-18.7643283989015,-21.1209124977733,1
-0.13404147281767,-0.878589710739212,-0.385268120909503,-1.35644845731189,-1.44217490631478,-3.06606767911122e-05,-0.909116234125512,-0.0491523917905332,-0.99754793528574,-14.2868746021318,-18.8491330252661,-21.2848030748141,1
-0.137070116159201,-0.884505016724665,-0.387495450150513,-1.35665322090459,-1.44231853450725,-3.25904161610584e-05,-0.909009047325347,-0.0487173006592938,-1.02187105443727,-14.4868746021318,-18.9323358643069,-21.4454909895253,1
-0.140160011490367,-0.890363991685376,-0.389699088092965,-1.35682324775868,-1.44246477674482,-3.45934959339767e-05,-0.908900309313711,-0.0482780379410531,-1.04580132269224,-14.6868746021318,-19.0139320402482,-21.6029792380538,1
-0.143311220880017,-0.896166590592056,-0.391879265858764,-1.35695681611621,-1.44261354824066,-3.66723895786367e-05,-0.908790094872783,-0.047834723866462,-1.06932904822386,-14.8868746021318,-19.0939175076957,-21.7572714544947,1
-0.146523782105385,-0.901912795119233,-0.394036207647592,-1.35705228493679,-1.44276475923991,-3.88296749155107e-05,-0.908678482249101,-0.0473874790245608,-1.09244552562017,-15.0868746021318,-19.1722890653814,-21.9083719182143,1
-0.149797708293251,-0.907602613912438,-0.396170130232752,-1.35710809330682,-1.44291831534815,-4.10680552614344e-05,-0.908565552846113,-0.0469364243599997,-1.11514305272987,-15.2868746021318,-19.2490443689866,-22.0562855614611,1
-0.153058902908477,-0.913203505898285,-0.398257557636456,-1.35712275981904,-1.44307411785141,-4.3390379409225e-05,-0.908451390926293,-0.0464816811722779,-1.13741494565608,-15.4844726990878,-19.3241819430439,-22.2010179772861,1
-0.156247475944833,-0.918689263068848,-0.40028049832132,-1.35709616875668,-1.44323201755269,-4.57858856843207e-05,-0.908336102155001,-0.0460234484098645,-1.15925215784245,-15.6777377306959,-19.3977076023459,-22.3425945617785,1
-0.15936482595907,-0.924060830567566,-0.402241133428928,-1.3570292876772,-1.44339182913387,-4.82350014119007e-05,-0.908219804706459,-0.0455619852850524,-1.18064374649051,-15.8667338050822,-19.4696330754353,-22.4810567517235,1
-0.16241232865487,-0.929319195726267,-0.404141577343447,-1.35692308081942,-1.44355337218827,-5.07220782629438e-05,-0.908102611348895,-0.0450975453510686,-1.20157972570494,-16.0515247591238,-19.5399706772974,-22.6164460831175,1
-0.165391337505651,-0.934465386738128,-0.405983879174209,-1.35677850975458,-1.44371647149741,-5.32345613477665e-05,-0.90798462991005,-0.0446303767442483,-1.22205105280007,-16.2321741781458,-19.6087333057631,-22.7488042007689,1
-0.168303184371644,-0.939500471409645,-0.40777002422419,-1.35659653401122,-1.44388095721568,-5.57623426781764e-05,-0.907865963651119,-0.0441607224161293,-1.24204961486104,-16.4087454155678,-19.6759344380728,-22.8781728679422,1
-0.171149180111536,-0.944425555987993,-0.409501935443833,-1.35637811167434,-1.44404666498366,-5.82972561945152e-05,-0.907746711571253,-0.0436888203559172,-1.26156821554215,-16.5813016125003,-19.7415881275901,-23.0045939760385,1
-0.173930615189001,-0.949241784060367,-0.411181474869729,-1.3561241999596,-1.44421343598616,-6.08326819192815e-05,-0.907626968659259,-0.0432149038037412,-1.28060056208627,-16.7499057172902,-19.8057090006531,-23.1281095543095,1
-0.176648760274361,-0.95395033552204,-0.41281044504773,-1.35583575576303,-1.44438111696707,-6.33632345569397e-05,-0.907506826105063,-0.0427392014551213,-1.29914125255138,-16.9146205050152,-19.8683122535546,-23.2487617795981,1
-0.179304866841634,-0.958552425609966,-0.414390590440122,-1.35551373618705,-1.44454956021044,-6.58845176865406e-05,-0.907386371480394,-0.0422619376570323,-1.31718576323001,-17.0755085969266,-19.9294136496395,-23.3665929861032,1
-0.181900167761136,-0.963049303998898,-0.415923598816529,-1.35515909904325,-1.44471862349533,-6.83929291020264e-05,-0.907265688895892,-0.041783332595936,-1.33473043625002,-17.2326324798379,-19.9890295165125,-23.4816456751615,1
-0.184435877887843,-0.967442253957152,-0.417411102628279,-1.3547728033327,-1.44488817002989,-7.08855061760903e-05,-0.907144859140052,-0.0413036024781306,-1.35177246734589,-17.3860545254586,-20.0471767433466,-23.593962525044,1
-0.186913194645644,-0.971732591559238,-0.418854680365982,-1.35435580970425,-1.44505806836945,-7.33598026644451e-05,-0.907023959804159,-0.0408229597027803,-1.3683098937906,-17.5358370096714,-20.1038727782862,-23.7035864007619,1
-0.189333298607612,-0.975921664952746,-0.4202558579001,-1.35390908089172,-1.44522819232201,-7.58137902916859e-05,-0.906903065396314,-0.0403416130279214,-1.38434158248083,-17.6820421317514,-20.1591356259388,-23.8105603638795,1
-0.191697354072365,-0.980010853676874,-0.421616109804338,-1.35343358213029,-1.44539842084404,-7.82457799480582e-05,-0.906782247446942,-0.0398597677297694,-1.39986721816675,-17.8247320335229,-20.2129838449481,-23.9149276823276,1
-0.194006509636601,-0.98400156803023,-0.422936860661661,-1.35293028155303,-1.44556863792888,-8.06543584534607e-05,-0.906661574607572,-0.0393776257556194,-1.41488729182182,-17.9639688184528,-20.2654365456445,-24.0167318402162,1
-0.196261898763841,-0.987895248485608,-0.424219486352814,-1.352400150568,-1.44573873248953,-8.30383377259033e-05,-0.906541112744254,-0.0388953858706214,-1.42940308914729,-18.0998145706781,-20.3165133877694,-24.1160165476421,1
-0.198464640349346,-0.991693365149377,-0.42546531532718,-1.35184416421672,-1.44590859823731,-8.53967138728235e-05,-0.906420925026628,-0.0384132437986947,-1.44341667920702,-18.2323313739609,-20.3662345782679,-24.2128257504861,1
-0.200615839281279,-0.995397417263541,-0.426675629855866,-1.35126330151459,-1.44607813355766,-8.77286342390882e-05,-0.906301072013415,-0.0379313923578489,-1.45693090319099,-18.3615813305717,-20.4146208691484,-24.3072036402004,1
-0.202716586997962,-0.999008932748243,-0.427851667266863,-1.35065854577396,-1.44624724138397,-9.0033370868036e-05,-0.906181611734911,-0.0374500215901372,-1.46994936330479,-18.4876265800927,-20.4616935554063,-24.3991946635772,1
-0.20476796204126,-1.00252946778292,-0.428994621162186,-1.35003088491049,-1.44641582907031,-9.23102991419607e-05,-0.906062599772903,-0.0369693188865032,-1.48247641178545,-18.6105293181406,-20.5074744730099,-24.4888435325022,1
-0.206771030605912,-1.00596060642406,-0.430105642616832,-1.3493813117335,-1.44658380826378,-9.45588806220579e-05,-0.905944089338306,-0.036489469106716,-1.49451714004268,-18.7303518149993,-20.5519859969468,-24.5761952336812,1
-0.208726847084771,-1.00930396025799,-0.43118584135945,-1.34871082422103,-1.44675109477687,-9.67786493069089e-05,-0.905826131346768,-0.0360106546946272,-1.5060773679282,-18.8471564341633,-20.5952510393317,-24.6612950383459,1
-0.210636454609753,-1.01256116808675,-0.432236286934565,-1.34802042578022,-1.44691760846049,-9.896920068134e-05,-0.905708774492387,-0.0355330557889471,-1.51716363313422,-18.9610056507815,-20.6372930475743,-24.7441885119276,1
-0.212500885588365,-1.01573389564557,-0.433258009846213,-1.34731112549381,-1.44708327307792,-0.000101130183048824,-0.905592065319647,-0.0350568503297293,-1.52778318072506,-19.0719620699985,-20.6781360026079,-24.8249215237017,1
-0.214321162235618,-1.01882383535035,-0.434252002682817,-1.34658393835333,-1.44724801618011,-0.000103261290741849,-0.90547604829366,-0.034582214160761,-1.53794395280517,-19.1800884451854,-20.7178044171803,-24.9035402563963,1
-0.216098297101104,-1.02183270607355,-0.435219221223139,-1.34583988547982,-1.44741176898243,-0.000105362258877751,-0.905360765868743,-0.0341093211280273,-1.54765457832895,-19.2854476960555,-20.7563233342077,-24.9800912157628,1
-0.217833293591038,-1.02476225294715,-0.436160585523096,-1.34507999433274,-1.44757446624334,-0.000107432859391346,-0.905246258555374,-0.0336383431744218,-1.55692436305783,-19.3881029266573,-20.7937183251945,-25.0546212401068,1
-0.219527146484989,-1.02761424719135,-0.437076980983241,-1.34430529890782,-1.44773604614497,-0.00010947289812275,-0.905132564985516,-0.0331694504308753,-1.5657632796716,-19.488117443238,-20.8300154887208,-25.127177509775,1
-0.221180842447037,-1.03039048596742,-0.437969259396667,-1.34351683992451,-1.44789645017584,-0.000111482212780419,-0.905019721976335,-0.0327028113040429,-1.57418195804024,-19.5855547719692,-20.8652414490005,-25.197807556595,1
-0.222795360531072,-1.03309279225389,-0.438838239977086,-1.34271566500389,-1.44805562301589,-0.000113460671627896,-0.904907764592287,-0.0322385925607123,-1.58219167566585,-19.6804786765294,-20.8994233545147,-25.2665592732667,1
-0.224371672679917,-1.03572301474441,-0.439684710366798,-1.34190282883765,-1.44821351242391,-0.000115408172770039,-0.904796726205577,-0.0317769594090682,-1.58980434830217,-19.7729531755337,-20.9325888767217,-25.3334809227002,1
-0.225910744217951,-1.03828302776644,-0.440509427624249,-1.341079393349,-1.44837006912737,-0.000117324643935436,-0.904686638554981,-0.0313180755769501,-1.59703252076213,-19.8630425598017,-20.9647662088509,-25.3986211472991,1
-0.227413534336893,-1.04077473121961,-0.441313119190849,-1.34024642784624,-1.44852524671492,-0.000119210042663254,-0.904577531802997,-0.0308621033872439,-1.60388935792382,-19.9508114094594,-20.9959840647828,-25.4620289781865,1
-0.228880996574349,-1.04320005053255,-0.442096483836691,-1.33940500916969,-1.44867900153142,-0.000121064356823087,-0.904469434591349,-0.0304092038305143,-1.61038863594465,-20.0363246108591,-21.0262716780213,-25.5237538443685,1
-0.230314079284792,-1.04556093663745,-0.442860192584786,-1.33855622183284,-1.44883129257571,-0.000122887605401308,-0.9043623740948,-0.0299595366350209,-1.61654473369773,-20.1196473733169,-21.0556588007647,-25.583845581836,1
-0.231713726102526,-1.04785936596115,-0.443604889613402,-1.33770115815843,-1.44898208140098,-0.000124679839497425,-0.904256376073287,-0.0295132603342103,-1.62237262444056,-20.2008452456517,-21.0841757030793,-25.6423544425991,1
-0.233080876396236,-1.05009734043196,-0.44433119313605,-1.33684091841033,-1.44913133201803,-0.000126441143483362,-0.90415146492236,-0.0290705323318169,-1.62788786773037,-20.2799841325191,-21.1118531721829,-25.6993311036527,1
-0.234416465714704,-1.05227688750137,-0.445039696258654,-1.3359766109219,-1.44927901080112,-0.000128171636281464,-0.904047663721928,-0.0286315089646621,-1.6331066015999,-20.3571303105317,-21.1387225118465,-25.7548266758711,1
-0.235721426223204,-1.05440006017979,-0.445730967813376,-1.33510935222167,-1.44942508639672,-0.00012987147272178,-0.903944994283301,-0.0281963455632614,-1.63804553500713,-20.4323504441518,-21.1648155419179,-25.8088927128271,1
-0.236996687130147,-1.05646893708545,-0.446405553168572,-1.33424026715724,-1.44956952963495,-0.00013154084494455,-0.903843477194528,-0.0277651965103389,-1.64272194057507,-20.5057116013514,-21.1901645979773,-25.8615812195353,1
-0.238243175106241,-1.05848562251812,-0.447063975013979,-1.33337048898478,-1.44971231344336,-0.000133179984068394,-0.90374313186493,-0.0273382152758223,-1.64715364781084,-20.5772812693531,-21.2148025313519,-25.9129446613982,1
-0.239461814687468,-1.06045224652032,-0.447706734121422,-1.33250115952408,-1.44985341276451,-0.000134789161315443,-0.903643976566086,-0.0269155544924883,-1.65135903630023,-20.6471273694671,-21.2387627088422,-25.9630359725113,1
-0.240653528669185,-1.06237096496052,-0.448334310079543,-1.33163342928492,-1.44999280447578,-0.000136368689348307,-0.903546028472011,-0.0264973660108146,-1.65535702939544,-20.7153182719489,-21.2620790127989,-26.0119085641315,1
-0.241819238488714,-1.06424395962791,-0.448947162002096,-1.33076845759158,-1.45013046731191,-0.000137918923567418,-0.903449303697763,-0.026083800949932,-1.65916708827606,-20.7819228106111,-21.2847858413856,-26.0596163330876,1
-0.242959864595586,-1.06607343833704,-0.449545729209117,-1.32990741270949,-1.45026638179023,-0.000139440263316251,-0.903353817336362,-0.0256750097469131,-1.66280920638413,-20.8470102971453,-21.3069181090156,-26.1062136701,1
-0.244076326808872,-1.06786163504172,-0.450130431880202,-1.3290514719751,-1.45040053013867,-0.000140933152972496,-0.90325958349407,-0.0252711422044808,-1.66630390425169,-20.9106505351425,-21.3285112469722,-26.151755468008,1
-0.245169544661048,-1.06961080995767,-0.450701671679095,-1.32820182192971,-1.45053289622638,-0.000142398082904688,-0.903166615324002,-0.0248723475372149,-1.66967222474063,-20.9729138337997,-21.3496012042227,-26.1962971299037,1
-0.246240437727761,-1.07132324969323,-0.451259832348757,-1.32735965845809,-1.45066346549712,-0.000143835590274441,-0.903074925058126,-0.0244787744163205,-1.6729357287141,-21.0338710213013,-21.3702244484355,-26.2398945771659,1
-0.247289925942899,-1.07300126738791,-0.451805280276035,-1.32652618693288,-1.45079222490526,-0.000145246259665172,-0.902984524037628,-0.024090571013031,-1.67611649116092,-21.0935934578612,-21.390417967212,-26.2826042573963,1
-0.248318841872591,-1.07464691093511,-0.452338358702155,-1.32570241327117,-1.45091916208892,-0.000146630927367971,-0.902895423529719,-0.0237078505434251,-1.67923352456171,-21.1521447726232,-21.4102142693678,-26.3244763034032,1
-0.24932766261578,-1.07626107617318,-0.452859370346583,-1.32488851295188,-1.45104432423304,-0.000147988533650066,-0.902807578650824,-0.0233305873101836,-1.68229195101784,-21.2095557123994,-21.4296262110293,-26.365533727974,1
-0.25031676424679,-1.07784435996602,-0.453368596968396,-1.32408445620032,-1.45116800187829,-0.000149307489835105,-0.902720712525378,-0.0229587208779475,-1.68529354166938,-21.2658482710872,-21.4486616596993,-26.4057924286434,1
-0.251286514199938,-1.07939734824256,-0.453866311296799,-1.32329021167967,-1.451290543596,-0.000150574148045445,-0.902634492688899,-0.022592190961233,-1.6882400702295,-21.3210439808766,-21.4673283453947,-26.4452679812975,1
-0.252237273045236,-1.08092061613329,-0.454352778792253,-1.32250574498752,-1.45141229450966,-0.000151775563187425,-0.902548589723105,-0.0222309374388588,-1.69113326111005,-21.3751639560556,-21.4856338375569,-26.4839756551948,1
-0.253169394615935,-1.08241472815181,-0.454828257866989,-1.3217310188007,-1.45153359624013,-0.000152899415411477,-0.902462677367499,-0.0218749003728008,-1.69397479073441,-21.4282289011593,-21.5035855484326,-26.5219304190472,1
-0.254083226133805,-1.08388023837446,-0.455293000098224,-1.3209659930154,-1.45165478685121,-0.000153933941565503,-0.902376432622623,-0.0215240200262076,-1.69676628881582,-21.4802591189639,-21.5211907363826,-26.5591469469832,1
-0.254979108332195,-1.08531769061769,-0.455747250434355,-1.32021062488235,-1.45177620079593,-0.000154867874539349,-0.902289535845636,-0.0211782368806015,-1.69950933960115,-21.5312745183266,-21.5384565091208,-26.5956396243931,1
-0.255857375576942,-1.08672761861339,-0.45619124739439,-1.31946486913749,-1.45189816886388,-0.000155690389544781,-0.902201670838867,-0.0208374916522942,-1.70220548308024,-21.5812946218772,-21.5553898268832,-26.6314225536604,1
-0.256718355985183,-1.08811054618203,-0.456625223260887,-1.31872867812814,-1.45202101812983,-0.00015639105649837,-0.902112524931864,-0.0205017253080403,-1.70485621616101,-21.630338573562,-21.5719975055291,-26.66650955978,1
-0.257562371542105,-1.08946698740356,-0.457049404266612,-1.31800200193472,-1.45214507190378,-0.000156959797783058,-0.902021789057437,-0.0201708790799585,-1.70746299381053,-21.6784251460449,-21.588286219575,-26.7009141958665,1
-0.258389738215697,-1.0907974467862,-0.457464010775179,-1.31728478848821,-1.45227064968265,-0.000157386850754919,-0.901929157822132,-0.0198448944797364,-1.71002723016252,-21.7255727479668,-21.6042625051621,-26.7346497485533,1
-0.259200766069546,-1.09210241943287,-0.457869257455882,-1.31657698368352,-1.45239806710382,-0.000157662734444515,-0.90183432957152,-0.01952371331215,-1.71255029959147,-21.7717994310683,-21.6199327629587,-26.7677292432871,1
-0.259995759373709,-1.09338239120548,-0.458265353452924,-1.31587853148872,-1.45252763590037,-0.000157778219967512,-0.901737006450653,-0.0192072776879182,-1.71503353775388,-21.8171228971752,-21.6353032609991,-26.800165449516,1
-0.260775016713715,-1.0946378388869,-0.458652502549264,-1.3151893740504,-1.45265966385843,-0.00015772430422263,-0.90163689446,-0.0188955300359121,-1.71747824259714,-21.8615605050535,-21.6503801374593,-26.8319708857774,1
-0.261538831097735,-1.09586923034069,-0.45903090332527,-1.31450945179521,-1.45279445477639,-0.000157492186505415,-0.901533703507154,-0.0185884131147385,-1.71988567533644,-21.9051292771325,-21.6651694033711,-26.8631578246838,1
-0.262287490061943,-1.09707702466861,-0.459400749312362,-1.31383870352763,-1.4529323084262,-0.000157073247710691,-0.901427147454567,-0.018285870023729,-1.72225706140029,-21.9478459061015,-21.6796769452759,-26.893738297812,1
-0.263021275774126,-1.09826167236575,-0.459762229141834,-1.31317706652419,-1.45307352051673,-0.000156459031838573,-0.901316944163547,-0.0179878442133386,-1.72459359134529,-21.9897267613808,-21.6939085278183,-26.9237241004938,1
-0.263740465135551,-1.09942361547352,-0.460115526689022,-1.31252447662417,-1.45321838265913,-0.000155641229549493,-0.901202815534731,-0.0176942794949845,-1.72689642174065,-22.0307878954705,-21.7078697962831,-26.9531267965141,1
-0.264445329881147,-1.10056328773031,-0.460460821212985,-1.31188086831686,-1.45336718233437,-0.000154611663547781,-0.901084487545235,-0.0174051200503413,-1.72916667602312,-22.0710450501781,-21.7215662790732,-26.9819577227142,1
-0.26513613667801,-1.10168111471991,-0.460798287491859,-1.31124617482554,-1.45352020286265,-0.000153362275595611,-0.900961690282659,-0.0171203104401059,-1.73140544532303,-22.1105136627292,-21.7350033901327,-27.0102279935056,1
-0.265813147222273,-1.10277751401764,-0.461128095954035,-1.31062032818829,-1.45367772337504,-0.000151885114984814,-0.900834157976117,-0.0168397956122573,-1.73361378926199,-22.1492088717611,-21.7481864313155,-27.0379485052936,1
-0.266476618334373,-1.10385289533435,-0.461450412805307,-1.31000325933562,-1.45384001878701,-0.000150172328312695,-0.900701629024435,-0.016563520909821,-1.73579273672307,-22.1871455232035,-21.7611205946991,-27.0651299408136,1
-0.267126802052721,-1.10490766065808,-0.461765400152132,-1.30939489816512,-1.45400735977394,-0.000148216150425925,-0.900563846021676,-0.0162914320781589,-1.73794328659409,-22.2243381760477,-21.7738109648465,-27.0917827733814,1
-0.267763945725832,-1.10594220439353,-0.462073216121135,-1.30879517361322,-1.45418001274868,-0.000146008896412352,-0.900420555780107,-0.0160234752717993,-1.7400664084846,-22.2608011080056,-21.7862625210169,-27.1179172710594,1
-0.268388292102905,-1.10695691349942,-0.462374014974985,-1.30820401372403,-1.45435823984088,-0.000143542954533716,-0.90027150935074,-0.015759597060822,-1.74216304341756,-22.2965483210617,-21.7984801393256,-27.1435435007397,1
-0.26900007942291,-1.10795216762351,-0.462667947224773,-1.30762134571554,-1.45454229887835,-0.000140810780004527,-0.900116462041562,-0.0154997444368154,-1.74423410449615,-22.3315935469199,-21.8104685948548,-27.1686713321474,1
-0.269599541502176,-1.1089283392356,-0.462955159739004,-1.30704709604304,-1.45473244337013,-0.000137804889533122,-0.899955173433551,-0.0152438648184161,-1.74628047754663,-22.3659502523463,-21.8222325637165,-27.1933104417626,1
-0.270186907820525,-1.10988579375829,-0.463235795849316,-1.30648119046011,-1.4549289224914,-0.000134517856549289,-0.899787407394592,-0.0149919060564514,-1.74830302173779,-22.3996316444107,-21.8337766250683,-27.2174703166663,1
-0.270762403605956,-1.11082488969563,-0.463509995453043,-1.30592355407698,-1.45513198107015,-0.000130942307052633,-0.899612932091369,-0.0147438164386926,-1.75030257017799,-22.4326506756275,-21.8451052630828,-27.2411602583088,1
-0.271326249917912,-1.11174597875969,-0.463777895112722,-1.30537411141658,-1.45534185957554,-0.000127070916022126,-0.899431519999342,-0.014499544694235,-1.75227993049024,-22.4650200490004,-21.8562228688731,-27.2643893862036,1
-0.271878663729141,-1.11264940599499,-0.464039628152637,-1.30483278646818,-1.45555879410792,-0.000122896404333684,-0.899242947910868,-0.0142590399975188,-1.75423588536619,-22.4967522229687,-21.8671337423732,-27.2871666415478,1
-0.272419858006174,-1.11353550990086,-0.464295324752515,-1.30429950273885,-1.45578301639041,-0.000118411536139013,-0.899046996941569,-0.0140222519720015,-1.75617119309979,-22.5278594162609,-21.8778420941766,-27.3095007907702,1
-0.272950041788441,-1.11440462255186,-0.464545112038447,-1.30377418330269,-1.45601475376216,-0.000113609116663675,-0.898843452534992,-0.0137891306934931,-1.7580865881012,-22.5583536126549,-21.8883520473326,-27.3314004290096,1
-0.273469420266037,-1.11525706971597,-0.464789114171136,-1.30325675084796,-1.45625422917303,-0.000108481990387078,-0.898632104465664,-0.0135596266931698,-1.75998278139182,-22.588246565647,-21.8986676391022,-27.3528739835227,1
-0.273978194856158,-1.11609317097102,-0.465027452431555,-1.3027471277222,-1.45650166117974,-0.000103023039570616,-0.898412746840573,-0.0133336909602745,-1.76186046108098,-22.6175498030316,-21.9087928226733,-27.3739297170253,1
-0.274476563278231,-1.11691323981893,-0.46526024530409,-1.30224523597537,-1.45675726394353,-9.72251831047128e-05,-0.898185178099163,-0.0131112749445168,-1.76372029282517,-22.6462746313932,-21.9187314688385,-27.394575730966,1
-0.27496471962774,-1.11771758379813,-0.465487608557256,-1.30175099740105,-1.45702124722916,-9.10813756479876e-05,-0.897949201011894,-0.0128923305581817,-1.76556292027032,-22.6744321405124,-21.9284873676335,-27.4148199687353,1
-0.275442854448779,-1.11850650459396,-0.465709655322064,-1.30126433357593,-1.45729381640519,-8.45846070346911e-05,-0.897704622677416,-0.0126768101779606,-1.76738896547796,-22.7020332076863,-21.9380642299401,-27.4346702188102,1
-0.275911154805337,-1.11928029814727,-0.46592649616809,-1.3007851658974,-1.45757517244567,-7.77279019297575e-05,-0.897451254518422,-0.0124646666465112,-1.76919902933584,-22.7290885019665,-21.9474656890517,-27.4541341178367,1
-0.276369804351338,-1.12003925476104,-0.466138239177353,-1.3003134156195,-1.45786551193298,-7.05043197123804e-05,-0.897188912276225,-0.0122558532737599,-1.77099369195367,-22.7556084883153,-21.9566953022047,-27.4732191536504,1
-0.276818983399447,-1.12078365920516,-0.466344990016032,-1.29984900388726,-1.45816502706197,-6.29069545712875e-05,-0.896917416004105,-0.012050323837954,-1.77277351304468,-22.7816034316813,-21.9657565520756,-27.4919326682365,1
-0.277258868988655,-1.12151379081945,-0.466546852004115,-1.2993918517694,-1.45847390564518,-5.49289357972822e-05,-0.896636590059479,-0.0118480325864736,-1.77453903229357,-22.8070834009964,-21.9746528482443,-27.5102818606318,1
-0.277689634950669,-1.12222992361476,-0.46674392618302,-1.29894188028952,-1.45879233111927,-4.65634282592761e-05,-0.896346263094926,-0.0116489342364124,-1.77629076971157,-22.8320582730951,-21.9833875286254,-27.5282737897673,1
-0.278111451975097,-1.1229323263724,-0.466936311381273,-1.29849901045588,-1.45912048255252,-3.78036330525821e-05,-0.896046268048131,-0.0114529839749374,-1.77802922597908,-22.8565377365584,-21.9919638608679,-27.5459153772557,1
-0.278524487673478,-1.12362126274177,-0.46712410427827,-1.29806316328967,-1.45945853465333,-2.86427883084782e-05,-0.895736442130762,-0.0112601374594346,-1.77975488277659,-22.8805312954819,-22.0003850437233,-27.5632134101213,1
-0.278928906642132,-1.12429699133621,-0.467307399466213,-1.29763425985204,-1.45980665777982,-1.90741701565747e-05,-0.895416626816334,-0.0110703508174497,-1.78146820310444,-22.9040482731716,-22.0086542083852,-27.580174543477,1
-0.279324870523878,-1.12495976582723,-0.46748628951024,-1.29721222126969,-1.46016501795034,-9.09109383094126e-06,-0.895086667827096,-0.0108835806464316,-1.78316963159203,-22.9270978157667,-22.0167744197979,-27.5968053031469,1
-0.279712538068602,-1.12560983503701,-0.467660865006826,-1.29679696875936,-1.46053377685496,1.31308508641219e-06,-0.894746415119975,-0.0106997840132881,-1.78485959479685,-22.9496888957921,-22.0247486779382,-27.6131120882368,1
-0.28009206519272,-1.12624744302925,-0.467831214640494,-1.29638842365095,-1.46091309186788,1.21449692915421e-05,-0.894395722871601,-0.0105189184537588,-1.78653850149415,-22.9718303156412,-22.0325799190686,-27.6291011736528,1
-0.280463605037521,-1.12687282919841,-0.467997425238882,-1.29598650740962,-1.4613031160607,2.34111182593538e-05,-0.894034449462464,-0.0103409419716149,-1.78820674295758,-22.9935307109902,-22.0402710169636,-27.6447787125703,1
-0.280827308026424,-1.12748622835736,-0.468159581826217,-1.29559114165671,-1.46170399821648,3.51180466243233e-05,-0.893662457460217,-0.0101658130376932,-1.78986469323134,-23.0147985541454,-22.0478247841101,-27.6601507388528,1
-0.281183321921148,-1.12808787082337,-0.468317767675238,-1.2952022481896,-1.46211588284473,4.7272222445045e-05,-0.893279613602167,-0.00999349058876852,-1.79151270939442,-23.0356421573243,-22.0552439728824,-27.6752231694225,1
-0.281531791876811,-1.12867798250264,-0.468472064357614,-1.29481974900053,-1.46253891019708,5.9880065356691e-05,-0.892885788776971,-0.00982393402627532,-1.79315113181729,-23.0560696758724,-22.0625312766918,-27.690001806584,1
-0.281872860495983,-1.12925678497329,-0.468622551792893,-1.29444356629452,-1.46297321628376,7.29479446144017e-05,-0.892480858005576,-0.00965710321488154,-1.79478028441163,-23.0760891114154,-22.0696893311127,-27.7044923403005,1
-0.282206667881682,-1.12982449556675,-0.468769308296027,-1.29407362250621,-1.46341893289075,8.64821770307445e-05,-0.892064700421425,-0.00949295848092439,-1.79640047487346,-23.0957083149502,-22.0767207149848,-27.7187003504249,1
-0.282533351689349,-1.13038132744781,-0.468912410623508,-1.29370984031596,-1.46387618759768,0.000100489024808976,-0.891637199249948,-0.00933146061071046,-1.79801199492018,-23.1149349898729,-22.0836279514926,-27.7326313088865,1
-0.282853047177797,-1.13092748969309,-0.469051934018161,-1.29335214266495,-1.46434510379634,0.00011497469327521,-0.891198241787374,-0.0091725708486905,-1.79961512052188,-23.1337766949478,-22.0904135092229,-27.746290581833,1
-0.283165887259157,-1.13146318736817,-0.46918795225261,-1.29300045276956,-1.46482580070992,0.000129945328510379,-0.890747719378878,-0.00901625089551024,-1.80121011212737,-23.1522408472164,-22.0970798031999,-27.75968343173,1
-0.283472002547829,-1.13198862160325,-0.469320537671478,-1.29265469413486,-1.46531839341272,0.000145407014884307,-0.890285527396097,-0.00886246290594775,-1.80279721488533,-23.1703347248479,-22.1036291959005,-27.7728150194188,1
-0.28377152140845,-1.13250398966745,-0.469449761232337,-1.29231479056747,-1.46582299285063,0.000161365772492693,-0.88981156521402,-0.00871116948673782,-1.80437665886092,-23.1880654699334,-22.1100639982483,-27.7856904061321,1
-0.284064570002891,-1.13300948504176,-0.469575692545442,-1.29198066618756,-1.46633970586199,0.000177827554498664,-0.889325736187291,-0.00856233369429246,-1.80594865924827,-23.205440091223,-22.1163864705876,-27.7983145554698,1
-0.284351272336297,-1.13350529749063,-0.46969839991229,-1.29165224544031,-1.46686863519916,0.000194798244379634,-0.888827947625937,-0.00841591903232141,-1.8075134165792,-23.2224654668083,-22.122598823639,-27.8106923353346,1
-0.284631750302176,-1.13399161313223,-0.469817950363026,-1.29132945310657,-1.46740987955048,0.000212283653080691,-0.888318110770535,-0.00827188944935696,-1.80907111692843,-23.2391483467499,-22.1287032194351,-27.8228285198293,1
-0.284906123726566,-1.13446861450746,-0.469934409692724,-1.291012214313,-1.46796353356281,0.000230289516074988,-0.887796140766856,-0.0081302093361892,-1.81062193211567,-23.2554953556526,-22.1347017722388,-27.8347277911156,1
-0.28517451041126,-1.13493648064768,-0.470047842496587,-1.2907004545416,-1.4685296878645,0.000248821490332297,-0.887261956639983,-0.00799084352321513,-1.812166019905,-23.2715129951877,-22.1405965494432,-27.8463947412356,1
-0.285437026176139,-1.13539538714112,-0.470158312204067,-1.2903940996386,-1.46910842908884,0.000267885151196521,-0.886715481267934,-0.00785375727770708,-1.8137035242016,-23.2872076465637,-22.1463895724547,-27.8578338738967,1
-0.285693784900593,-1.13584550619818,-0.470265881111964,-1.2900930758229,-1.46969983989795,0.000287485989172358,-0.886156641354809,-0.00771891630100524,-1.81523457524634,-23.3025855729469,-22.152082817559,-27.8690496062204,1
-0.28594489856406,-1.13628700671543,-0.470370610416501,-1.28979730969395,-1.47030399900704,0.000307629406622691,-0.885585367403467,-0.00758628672563642,-1.81675928980839,-23.3176529218325,-22.1576782167709,-27.8800462704561,1
-0.286190477285687,-1.13672005433845,-0.470472560244419,-1.28950672823916,-1.47092098120916,0.000328320714376826,-0.885001593687762,-0.00745583511236602,-1.81827777137614,-23.3324157273665,-22.1631776586682,-27.8908281156606,1
-0.286430629363132,-1.13714481152354,-0.470571789683113,-1.28922125884082,-1.47155085740019,0.000349565128250733,-0.884405258224345,-0.00732752844718496,-1.81979011034668,-23.3468799126202,-22.1685829892099,-27.9013993093431,1
-0.286665461310505,-1.13756143759821,-0.470668356809823,-1.28894082928263,-1.47219369460436,0.000371367765480145,-0.883796302744057,-0.00720133413823641,-1.82129638421408,-23.3610512918176,-22.17389601254,-27.9117639390777,1
-0.286895077895473,-1.13797008882066,-0.470762318719918,-1.28866536775576,-1.47284955599999,0.000393733641067354,-0.883174672662917,-0.00707722001268613,-1.82279665775668,-23.3749355725162,-22.1791184917758,-27.9219260140832,1
-0.287119582175538,-1.13837091843803,-0.470853731554285,-1.28839480286457,-1.47351850094558,0.000416667664043092,-0.882540317052733,-0.00695515431353994,-1.8242909832236,-23.3885383577437,-22.1842521497827,-27.9318894667707,1
-0.287339075533488,-1.13876407674364,-0.470942650525852,-1.2881290636319,-1.47420058500627,0.000440174633644259,-0.881893188611338,-0.00683510569641033,-1.82577940052072,-23.4018651480887,-22.189298669935,-27.9416581542605,1
-0.287553657712053,-1.13914971113316,-0.471029129945258,-1.28786807950405,-1.47489585998055,0.000464259235409175,-0.881233243632476,-0.00671704322623943,-1.82726193739625,-23.4149213437488,-22.1942596968631,-27.9512358598681,1
-0.287763426847758,-1.13952796615973,-0.471113223245699,-1.28761178035542,-1.47560437392725,0.000488926037191613,-0.880560441975347,-0.00660093637397664,-1.82873860962609,-23.4277122465353,-22.1991368371875,-27.96062629456,1
-0.287968479503991,-1.13989898358803,-0.471194983006966,-1.28736009649284,-1.47632617119282,0.000514179485095301,-0.879874747033825,-0.00648675501321731,-1.83020942119923,-23.4402430618359,-22.2039316602406,-27.9698330983806,1
-0.288168910703304,-1.14026290244737,-0.471274460978698,-1.28711295865957,-1.47706129243887,0.000540023899330531,-0.879176125705368,-0.00637446941680556,-1.83167436450318,-23.4525189005361,-22.2086456987755,-27.9788598418498,1
-0.288364813958952,-1.14061985908377,-0.471351708102861,-1.28687029803906,-1.47780977466991,0.000566463469995081,-0.87846454835962,-0.00626405025340204,-1.83313342050978,-23.4645447808998,-22.2132804496632,-27.9877100273325,1
-0.288556281305675,-1.14096998721108,-0.471426774535485,-1.28663204625848,-1.4785716512614,0.000593502252781137,-0.877739988806739,-0.00615546858402134,-1.83458655896132,-23.4763256304104,-22.2178373745774,-27.9963870903805,1
-0.288743403329754,-1.14131341796114,-0.471499709667664,-1.28639813539187,-1.47934695198791,0.000621144164611031,-0.877002424265445,-0.00604869585854129,-1.8360337385573,-23.4878662875723,-22.2223179006689,-28.0048944010467,1
-0.288926269198323,-1.14165027993301,-0.471570562145848,-1.28616849796325,-1.48013570305157,0.000649392979203948,-0.876251835330809,-0.00594370391218648,-1.83747490714176,-23.4991715036741,-22.2267234212281,-28.0132352651739,1
-0.289104966687982,-1.14198069924127,-0.471639379891433,-1.28594306694936,-1.48093792711069,0.000678252322576281,-0.875488205941804,-0.00584046496198835,-1.83891000189148,-23.5102459445146,-22.2310552963365,-28.0214129256557,1
-0.289279582212691,-1.1423047995634,-0.471706210119679,-1.28572177578227,-1.48175364330854,0.000707725668479111,-0.874711523348605,-0.00573895160322574,-1.84033894950495,-23.521094192091,-22.2353148535084,-28.0294305636736,1
-0.289450200850978,-1.14262270218633,-0.471771099357958,-1.28550455835181,-1.48258286730234,0.000737816333775284,-0.873921778079687,-0.0056391368058457,-1.84176166639239,-23.5317207462512,-22.2395033883218,-28.0372912999079,1
-0.289616906372458,-1.14293452605206,-0.471834093463366,-1.28529134900776,-1.48342561129238,0.00076852747375992,-0.873118963908702,-0.00554099391086983,-1.84317805886674,-23.5421300263105,-22.2436221650391,-28.0449981957243,1
-0.289779781263685,-1.14324038780244,-0.471895237639696,-1.28508208256198,-1.48428188405127,0.000799862077427818,-0.872303077821161,-0.00544449662678567,-1.84458802333583,-23.5523263726332,-22.2476724172186,-28.0525542543366,1
-0.289938906753341,-1.14354040182315,-0.471954576453796,-1.28487669429027,-1.48515169095344,0.000831822962691731,-0.871474119980934,-0.00534961902592704,-1.84599144649569,-23.5623140481797,-22.251655348316,-28.0599624219455,1
-0.290094362836772,-1.14383468028679,-0.472012153851339,-1.28467511993422,-1.48603503400463,0.000864412771555617,-0.870632093696575,-0.00525633554084481,-1.84738820552518,-23.5720972400199,-22.2555721322769,-28.0672255888543,1
-0.290246228299887,-1.1441233331952,-0.472068013171992,-1.28447729570279,-1.48693191187162,0.000897633965247058,-0.869777005387491,-0.00516462096066943,-1.84877816828181,-23.5816800608142,-22.2594239141198,-28.0743465905623,1
-0.290394580742429,-1.14440646842103,-0.472122197164029,-1.28428315827392,-1.487842319912,0.000931488819313757,-0.868908864549954,-0.00507445042746802,-1.85016119349899,-23.591066550261,-22.2632118105109,-28.0813282088352,1
-0.290539496600628,-1.14468419174841,-0.472174747998379,-1.2840926447959,-1.4887662502041,0.000965979418688688,-0.86802768372299,-0.00498579943259776,-1.85153713098466,-23.6002606765132,-22.2669369103294,-28.0881731727545,1
-0.290681051169243,-1.14495660691299,-0.472225707282133,-1.28390569288871,-1.48970369157697,0.00100110765272928,-0.867133478454125,-0.00489864381305632,-1.85290582182125,-23.6092663375632,-22.2706002752257,-28.0948841597449,1
-0.290819318623012,-1.14522381564116,-0.47227511607153,-1.28372224064529,-1.49065462964055,0.00103687521023592,-0.866226267265038,-0.00481295974783187,-1.85426709856716,-23.6180873625972,-22.2742029401695,-28.101463796581,1
-0.290954372037514,-1.1454859176885,-0.472323014884417,-1.28354222663263,-1.49161904681578,0.00107328357445521,-0.865306071617095,-0.00472872375425474,-1.85562078545969,-23.6267275133196,-22.2777459139919,-28.1079146603735,1
-0.291086283409458,-1.14574301087761,-0.472369443712215,-1.2833655898929,-1.49259692236494,0.00111033401807431,-0.864372915876807,-0.00464591268435087,-1.85696669861936,-23.6351904852478,-22.2812301799178,-28.1142392795355,1
-0.291215123676401,-1.14599519113514,-0.472414442031391,-1.28319226994445,-1.49358823242196,0.001148027598212,-0.863426827281203,-0.0045645037211993,-1.85830464625575,-23.6434799089782,-22.284656696092,-28.120440134728,1
-0.291340962735921,-1.14624255252817,-0.472458048814458,-1.28302220678272,-1.49459295002286,0.00118636515141344,-0.862467835903137,-0.00448447437529547,-1.85963442887487,-23.651599351424,-22.288026396097,-28.126519659788,1
-0.291463869464238,-1.14648518729985,-0.472500302540506,-1.28285534088119,-1.4956110451362,0.00122534728865448,-0.861495974616543,-0.00440580248092119,-1.86095583948785,-23.6595523170252,-22.2913401894638,-28.1324802426354,1
-0.291583911734301,-1.14672318590449,-0.472541241205283,-1.28269161319219,-1.49664248469364,0.00126497439036331,-0.860511279061647,-0.0043284661925224,-1.86226866382124,-23.6673422489308,-22.294598962175,-28.1383242261631,1
-0.291701156433363,-1.14695663704185,-0.472580902330837,-1.28253096514771,-1.49768723262055,0.00130524660146587,-0.859513787610143,-0.00425244398109621,-1.86357268052861,-23.6749725301552,-22.2978035771619,-28.144053909108,1
-0.291815669480027,-1.14718562769087,-0.472619322974726,-1.28237333866017,-1.49874524986658,0.00134616382646263,-0.858503541330356,-0.00417771463058896,-1.86486766140371,-23.682446484708,-22.3009548747935,-28.1496715469043,1
-0.2919275158408,-1.14741024314274,-0.472656539738816,-1.28221867612318,-1.49981649443643,0.00138772572454448,-0.857480583952388,-0.00410425723430519,-1.8661533715949,-23.6897673786979,-22.3040536733593,-28.1551793525196,1
-0.292036759546149,-1.14763056703337,-0.472692588777666,-1.28206692041219,-1.50090092142051,0.00142993170475522,-0.856444961833277,-0.00403205119132994,-1.86742956982099,-23.696938421412,-22.3071007695458,-28.1605794972733,1
-0.29214346370608,-1.14784668137522,-0.472727505806525,-1.28191801488522,-1.5019984830257,0.00147278092120888,-0.855396723922158,-0.00396107620296436,-1.86869600858843,-23.7039627663701,-22.3100969389058,-28.1658741116388,1
-0.292247690525232,-1.14805866658853,-0.47276132610894,-1.28177190338353,-1.5031091286062,0.0015162722683699,-0.85433592172546,-0.003891312269176,-1.8699524344098,-23.7108435123548,-22.3130429363218,-28.1710652860289,1
-0.292349501317525,-1.14826660153203,-0.472794084543995,-1.28162853023224,-1.50423280469428,0.00156040437640488,-0.853262609272138,-0.00382273968506527,-1.87119858802346,-23.7175837044186,-22.3159394964632,-28.176155071565,1
-0.292448956520337,-1.14847056353294,-0.472825815553181,-1.281487840241,-1.50536945503118,0.00160517560661427,-0.852176843078943,-0.00375533903734773,-1.87243420461454,-23.7241863348668,-22.3187873342367,-28.1811454808307,1
-0.292546115708252,-1.14867062841655,-0.472856553166922,-1.2813497787046,-1.50651902059794,0.0016505840469525,-0.851078682115767,-0.0036890912008542,-1.87365901403696,-23.7306543442185,-22.3215871452316,-28.1860384886099,1
-0.292641037606364,-1.14886687053517,-0.472886331010749,-1.28121429140362,-1.50768143964631,0.00169662750764618,-0.849968187771048,-0.00362397733504927,-1.87487274103666,-23.7369906221455,-22.3243396061586,-28.1908360326097,1
-0.292733780103163,-1.14905936279651,-0.472915182311149,-1.28108132460503,-1.50885664772968,0.00174330351691877,-0.848845423817256,-0.00355997888056837,-1.87607510547579,-23.7431980083886,-22.3270453752827,-28.1955400141678,1
-0.292824400263005,-1.14924817669158,-0.472943139901086,-1.28095082506285,-1.51004457773396,0.00179060931683113,-0.847710456376476,-0.00349707755577445,-1.87726582255797,-23.7492792936533,-22.3297050928507,-28.2001522989466,1
-0.292912954338174,-1.14943338232206,-0.472970236225213,-1.28082274001873,-1.51124515990858,0.00183854185924743,-0.846563353886097,-0.00343525535333563,-1.87844460305441,-23.7552372204845,-22.3323193815131,-28.2046747176119,1
-0.292999497780549,-1.14961504842712,-0.472996503344777,-1.28069701720263,-1.5124583218974,0.00188709780193561,-0.845404187064603,-0.00337449453682364,-1.87961115353096,-23.7610744841207,-22.3348888467397,-28.209109066498,1
-0.29308408525289,-1.14979324240976,-0.473021972942233,-1.28057360483341,-1.51368398876968,0.001936273504812,-0.844233028877501,-0.00331477763733353,-1.88076517657588,-23.7667937333281,-22.337414077231,-28.2134571082591,1
-0.293166770639737,-1.14996803036264,-0.473046676325568,-1.28045245161952,-1.5149220830511,0.0019860650263396,-0.84304995450338,-0.00325608745012614,-1.88190637102844,-23.7723975712155,-22.339895645323,-28.2177205725071,1
-0.293247607057949,-1.15013947709346,-0.473070644432352,-1.28033350675961,-1.51617252475468,0.00203646812008981,-0.841855041300113,-0.00319840703129327,-1.88303443220811,-23.7778885560298,-22.3423341073873,-28.2219011564366,1
-0.293326646866879,-1.15030764614981,-0.473093907833522,-1.28021671994324,-1.51743523141184,0.00208747823147698,-0.840648368771223,-0.00314171969444583,-1.88414905214435,-23.7832692019325,-22.3447300042262,-28.2260005254367,1
-0.2934039416782,-1.15047259984356,-0.473116496736906,-1.2801020413515,-1.51871011810336,0.00213909049467577,-0.839430018532405,-0.00308600900742629,-1.88524991980694,-23.7885419797587,-22.3470838614618,-28.2300203136899,1
-0.293479542365395,-1.15063439927486,-0.473138440990496,-1.27998942165775,-1.51999709749042,0.0021912997297307,-0.838200074278235,-0.0030312587890451,-1.88633672133671,-23.7937093177574,-22.3493961899209,-28.2339621247593,1
-0.2935534990729,-1.15079310435557,-0.473159770085478,-1.27987881202827,-1.52129607984559,0.00224410043986779,-0.836958621749058,-0.0029774531058416,-1.88740914027668,-23.7987736023145,-22.3516674860141,-28.2378275321632,1
-0.293625861224944,-1.15094877383238,-0.473180513159037,-1.27977016412299,-1.52260697308388,0.00229748680901757,-0.835705748698075,-0.00292457626887064,-1.88846685780342,-23.803737178659,-22.3538982321108,-28.2416180799378,1
-0.293696677534053,-1.15110146530938,-0.473200698996922,-1.27966343009624,-1.52392968279375,0.00235145269955934,-0.834441544858639,-0.00287261283051397,-1.88950955295865,-23.8086023515521,-22.3560888969084,-28.2453352831884,1
-0.293765996009263,-1.15125123527024,-0.473220356035807,-1.27955856259743,-1.52526411226815,0.00240599165029581,-0.833166101911759,-0.00282154758131785,-1.89053690288094,-23.8133713859597,-22.3582399357973,-28.2489806286295,1
-0.293833863964027,-1.15139813910005,-0.473239512365435,-1.27945551477182,-1.52661016253559,0.00246109687466761,-0.831879513453833,-0.00277136554685666,-1.89154858303745,-23.8180465077099,-22.3603517912205,-28.252555575113,1
-0.293900328023833,-1.1515422311066,-0.473258195730565,-1.27935424026131,-1.52796773239116,0.00251676125921684,-0.830581874964619,-0.00272205198462294,-1.89254426745565,-23.8226299041335,-22.3624248930292,-28.256061554146,1
-0.293965434133544,-1.1516835645414,-0.473276433532718,-1.27925469320517,-1.52933671842758,0.00257297736230865,-0.829273283775435,-0.00267359238094409,-1.89352362895481,-23.8271237246903,-22.3644596588332,-28.259499970398,1
-0.294029227564459,-1.15182219162024,-0.473294252831743,-1.27915682824085,-1.5307170150663,0.00262973741311959,-0.827953839037622,-0.00262597244792589,-1.8944863393774,-23.8315300815801,-22.3664564943464,-28.2628722021972,1
-0.294091752921115,-1.1519581635433,-0.4733116803472,-1.27906060050476,-1.53210851458855,0.00268703331090169,-0.826623641691261,-0.0025791781204236,-1.89543206982005,-23.8358510503391,-22.3684157937285,-28.2661796020167,1
-0.294153054147827,-1.15209153051503,-0.473328742459573,-1.2789659656331,-1.53351110716641,0.00274485662453043,-0.825282794434154,-0.00253319555303999,-1.89636049086426,-23.8400886704219,-22.3703379399215,-28.2694234969507,1
-0.29421317453498,-1.15222234176354,-0.473345465211317,-1.27887287976264,-1.53492468089392,0.00280319859234462,-0.823931401691084,-0.00248801111715099,-1.89727127280646,-23.8442449457702,-22.3722233049818,-28.272605189181,1
-0.294272156725083,-1.15235064555963,-0.473361874307748,-1.27878129953157,-1.53634912181817,0.00286205012228657,-0.822569569583355,-0.00244361139795929,-1.89816408588765,-23.8483218453674,-22.3740722504078,-28.2757259564334,1
-0.294330042718583,-1.1524764892355,-0.473377995117775,-1.27869118208032,-1.5377843139704,0.00292140179234964,-0.821197405898615,-0.00239998319157566,-1.89903860052229,-23.85232130378,-22.3758851274634,-28.278787052425,1
-0.294386873879456,-1.15259991920312,-0.473393852674503,-1.27860248505243,-1.53923013939711,0.00298124385134068,-0.819815020060986,-0.00235711350212816,-1.89989448752649,-23.8562452216863,-22.3776622774965,-28.2817897073025,1
-0.294442690940584,-1.15272098097217,-0.473409471675683,-1.27851516659534,-1.54068647819123,0.00304156621996418,-0.818422523101486,-0.00231498953889966,-1.90073141834535,-23.8600954663929,-22.3794040322536,-28.2847351280707,1
-0.29449753400891,-1.15283971916776,-0.473424876484036,-1.27842918536129,-1.54215320852318,0.00310235849223469,-0.817020027628762,-0.00227359871349347,-1.90154906527933,-23.8638738723377,-22.38111071419,-28.2876244990132,1
-0.294551442570402,-1.15295617754769,-0.473440091127457,-1.27834450050812,-1.5436302066721,0.00316360993722385,-0.815607647800135,-0.00223292863702719,-1.90234710170972,-23.8675822415824,-22.382782636775,-28.2904589821032,1
-0.294604455494808,-1.15307039901947,-0.473455139299094,-1.2782610717002,-1.54511734705698,0.0032253095011472,-0.814185499292968,-0.00219296711735503,-1.90312520232288,-23.8712223442922,-22.3844201047944,-28.2932397174069,1
-0.294656611040234,-1.153182425657,-0.47347004435732,-1.2781788591092,-1.54661450226781,0.00328744580979666,-0.812753699276352,-0.00215370215631824,-1.9038830433334,-23.8747959192049,-22.3860234146465,-28.2959678234779,1
-0.294707946857527,-1.15329229871692,-0.473484829325592,-1.27809782341501,-1.54812154309683,0.00335000717132325,-0.811312366383122,-0.00211512194702435,-1.9046203027059,-23.8783046740884,-22.3875928546362,-28.2986443977442,1
-0.294758499994497,-1.15340005865464,-0.473499516892221,-1.27801792580653,-1.54963833856964,0.0034129815793743,-0.809861620682207,-0.00207721487115454,-1.90533666037554,-23.8817502861877,-22.389128705263,-28.3012705168863,1
-0.294808306899954,-1.15350574514009,-0.473514129410035,-1.27793912798258,-1.55116475597651,0.00347635671658899,-0.808401583651313,-0.00203996949629954,-1.90603179846701,-23.8851344026612,-22.3906312395061,-28.3038472372082,1
-0.2948574034276,-1.1536093970732,-0.473528688895962,-1.27786139215269,-1.55270066090355,0.0035401199584557,-0.806932378149947,-0.00200337457332405,-1.90670540151201,-23.8884586410071,-22.3921007231046,-28.3063755950007,1
-0.294905824839754,-1.15371105259899,-0.473543217030529,-1.27778468103794,-1.55424591726396,0.00360425837753376,-0.805454128392781,-0.00196741903375944,-1.90735715666517,-23.8917245894794,-22.3935374148337,-28.308856606897,1
-0.294953605810932,-1.15381074912248,-0.473557735157282,-1.2777089578718,-1.5558003873293,0.00366875874804173,-0.803966959923362,-0.00193209198722472,-1.90798675391813,-23.8949338074947,-22.3949415667773,-28.3112912702216,1
-0.295000780431289,-1.15390852332325,-0.473572264282133,-1.27763418640094,-1.55736393176073,0.0037336075508141,-0.802470999588162,-0.00189738271887635,-1.90859388631195,-23.898087826029,-22.3963134245959,-28.3136805633312,1
-0.295047382209921,-1.15400441116976,-0.473586825072646,-1.277560330886,-1.55893640964033,0.00379879097862703,-0.800966375510986,-0.00186328068688571,-1.90917825014758,-23.901188148006,-22.3976532277904,-28.3160254459493,1
-0.295093444078037,-1.15409844793337,-0.473601437857258,-1.2774873561024,-1.56051767850236,0.00386429494189379,-0.799453217067717,-0.00182977551994513,-1.90973954519436,-23.9042362486758,-22.3989612099624,-28.3183268594938,1
-0.295138998392014,-1.15419066820212,-0.473616122624442,-1.2774152273411,-1.56210759436458,0.00393010507472965,-0.797931654861415,-0.00179685701480195,-1.91027747489654,-23.9072335759857,-22.4002375990701,-28.3205857273982,1
-0.295184076936329,-1.15428110589421,-0.473630899021825,-1.27734391040932,-1.56370601175958,0.00399620674138522,-0.796401820697766,-0.00176451513382088,-1.91079174657762,-23.9101815509419,-22.4014826176801,-28.3228029554256,1
-0.295228710926382,-1.1543697942713,-0.473645786355253,-1.27727337163132,-1.56531278376607,0.00406258504304671,-0.794863847560869,-0.00173274000257385,-1.91128207164247,-23.9130815679636,-22.4026964832153,-28.3249794319769,1
-0.295272931011215,-1.15445676595144,-0.473660803587826,-1.27720357784905,-1.56692776204027,0.00412922482500115,-0.793317869589386,-0.00170152190745824,-1.91174816577724,-23.9159349952285,-22.4038794081989,-28.327116028393,1
-0.295316767276132,-1.15454205292188,-0.473675969338879,-1.27713449642286,-1.56855079684719,0.00419611068416333,-0.79176402205302,-0.00167085129334246,-1.91218974914685,-23.9187431750115,-22.4050316004945,-28.3292135992499,1
-0.295360249245223,-1.15462568655154,-0.473691301882954,-1.27706609523213,-1.57018173709205,0.00426322697696126,-0.790202441329346,-0.00164071876123951,-1.91260654659002,-23.921507424015,-22.4061532635419,-28.3312729826492,1
-0.295403405883803,-1.15470769760328,-0.473706819148725,-1.27699834267593,-1.57182043035159,0.00433055782757568,-0.788633264880982,-0.0016111150660077,-1.91299828781186,-23.9242290336927,-22.4072445965892,-28.3332950005015,1
-0.295446265600767,-1.15478811624596,-0.473722538717909,-1.27693120767355,-1.57346672290546,0.00439808713652893,-0.787056631233088,-0.00158203111407905,-1.91336470757377,-23.9269092705662,-22.4083057949208,-28.3352804588052,1
-0.295488856250869,-1.15486697206621,-0.473738477824165,-1.27686465966514,-1.57512045976756,0.00446579858961706,-0.785472679951212,-0.00155345796121481,-1.91370554588075,-23.9295493765343,-22.4093370500821,-28.3372301479191,1
-0.295531205136929,-1.15494429408004,-0.473754653351967,-1.27679866861216,-1.57678148471743,0.00453367566717981,-0.783881551619455,-0.00152538681028805,-1.91402054816594,-23.9321505691765,-22.4103385500992,-28.3391448428294,1
-0.295573339011972,-1.15502011074419,-0.473771081835475,-1.27673320499794,-1.57844964033159,0.00460170165370029,-0.782283387818962,-0.00149780900909323,-1.91430946547234,-23.9347140420496,-22.4113104796958,-28.3410253034123,1
-0.295615284081313,-1.15509444996723,-0.473787779457401,-1.27666823982806,-1.58012476801491,0.00466985964772758,-0.780678331106735,-0.0014707160481826,-1.91457205463162,-23.9372409649782,-22.4122530205054,-28.3428722746906,1
-0.295657066004572,-1.15516733912058,-0.473804762047869,-1.27660374463081,-1.58180670803196,0.00473813257211367,-0.779066524994759,-0.00144409955872915,-1.91480807844007,-23.9397324843395,-22.4131663512804,-28.3446864870853,1
-0.295698709897654,-1.15523880504912,-0.473822045083283,-1.27653969145756,-1.58349529953833,0.00480650318455504,-0.777448113929432,-0.00141795131041613,-1.91501730583138,-23.9421897233419,-22.4140506480964,-28.346468656663,1
-0.29574024033467,-1.1553088740818,-0.473839643685197,-1.27647605288303,-1.58519038061198,0.00487495408843026,-0.775823243271301,-0.00139226320935262,-1.9151995120465,-23.9446137822984,-22.4149060845537,-28.3482194853774,1
-0.295781681349827,-1.15537757204187,-0.4738575726192,-1.27641280200564,-1.58689178828457,0.00494346774392223,-0.774192059275086,-0.00136702729601559,-1.91535447880018,-23.9470057388947,-22.4157328319741,-28.349939661307,1
-0.295823056439266,-1.15544492425706,-0.47387584629381,-1.27634991244769,-1.58859935857268,0.00501202647941468,-0.772554709069991,-0.00134223574321747,-1.91548199444441,-23.9493666484516,-22.4165310595945,-28.3516298588876,1
-0.29586438856289,-1.15551095556947,-0.473894478759386,-1.27628735835555,-1.59031292650917,0.00508061250315055,-0.770911340640297,-0.00131788085409986,-1.91558185412852,-23.9516975441825,-22.4173009347563,-28.3532907391409,1
-0.295905700146138,-1.15557569034528,-0.47391348370707,-1.27622511439978,-1.59203232617436,0.00514920791514094,-0.769262102806214,-0.00129395506015244,-1.91565385995593,-23.9539994374469,-22.4180426230911,-28.3549229498979,1
-0.295947013081762,-1.15563915248435,-0.47393287446774,-1.27616315577524,-1.59375739072728,0.00521779471931075,-0.767607145205006,-0.00127045091925752,-1.91569782113753,-23.956273317998,-22.4187562887028,-28.3565271260189,1
-0.295988348731562,-1.15570136542951,-0.473952664010999,-1.27610145820105,-1.59548795243682,0.00528635483586789,-0.765946618272355,-0.0012473611137595,-1.91571355414155,-23.9585201542267,-22.4194420943457,-28.3581038896086,1
-0.296029727928122,-1.1557623521758,-0.473972864944199,-1.27603999792061,-1.59722384271289,0.00535487011388237,-0.764280673223968,-0.00122467844855961,-1.91570088283995,-23.9607408934007,-22.4201002015989,-28.3596538502279,1
-0.296071170976527,-1.15582213527941,-0.473993489511489,-1.27597875170143,-1.59896489213754,0.00542332234405991,-0.762609462037421,-0.00120239584923507,-1.91565963865118,-23.9629364619001,-22.4207307710369,-28.3611776051005,1
-0.296112697656076,-1.15588073686657,-0.474014549592906,-1.27591769683503,-1.60071093049599,0.00549169327169552,-0.76093313743421,-0.00118050636018312,-1.91558966067934,-23.9651077654486,-22.4213339623967,-28.3626757393174,1
-0.296154327221993,-1.15593817864217,-0.474036056703511,-1.2758568111367,-1.60246178680762,0.00555996460979141,-0.759251852862021,-0.0011590031427891,-1.91549079584966,-23.9672556893406,-22.4219099347408,-28.3641488260356,1
-0.296196078407138,-1.15599448189825,-0.474058021992563,-1.27579607294519,-1.60421728935696,0.00562811805232257,-0.757565762477194,-0.00113787947361894,-1.9153628990402,-23.9693810986653,-22.4224588466168,-28.3655974266748,1
-0.296237969423722,-1.15604966752233,-0.474080456242738,-1.27573546112237,-1.60597726572456,0.00569613528763441,-0.755875021127362,-0.00111712874263542,-1.91520583320975,-23.9714848385268,-22.4229808562131,-28.3670220911096,1
-0.296280017965033,-1.1561037560056,-0.474103369869404,-1.2756749550528,-1.60774154281781,0.00576399801195451,-0.754179784334282,-0.00109674445143821,-1.91501946952197,-23.973567734261,-22.4234761215108,-28.3684233578583,1
-0.296322241207169,-1.15615676745088,-0.474126772919941,-1.27561453464324,-1.60950994690171,0.00583168794300206,-0.752480208276807,-0.00107672021152736,-1.91480368746554,-23.9756305916492,-22.4239448004322,-28.3698017542687,1
-0.296364655810798,-1.1562087215805,-0.474150675073124,-1.27555418032209,-1.61128230362953,0.00589918683367679,-0.750776449774016,-0.0010570497425901,-1.91455837497043,-23.9776741971285,-22.4243870509853,-28.3711577966997,1
-0.296407277922922,-1.15625963774399,-0.474175085638554,-1.27549387303875,-1.61305843807347,0.00596647648580959,-0.749068666268476,-0.00103772687081075,-1.91428342852016,-23.9796993179998,-22.4248030314053,-28.3724919907007,1
-0.296450123178673,-1.15630953492563,-0.474200013556153,-1.27543359426287,-1.61483817475509,0.00603353876395657,-0.747357015809628,-0.00101874552720341,-1.91397875326009,-23.9817067026322,-22.4251929002911,-28.3738048311873,1
-0.296493206703138,-1.15635843175184,-0.474225467395729,-1.27537332598364,-1.61662133767585,0.00610035560921804,-0.745641657037272,-0.00100009974596724,-1.91364426310153,-23.9836970806654,-22.4255568167396,-28.3750968026134,1
-0.296536543113197,-1.15640634649845,-0.474251455356588,-1.27531305070884,-1.61840775034736,0.00616690905306389,-0.74392274916516,-0.000981783662864278,-1.91327988082186,-23.985671163209,-22.4258949404757,-28.3763683791413,1
-0.296580146519416,-1.15645329709781,-0.474277985267231,-1.27525275146393,-1.62019723582167,0.00623318123114626,-0.742200451964655,-0.000963791513619336,-1.91288553816044,-23.98762964304,-22.4262074319782,-28.3776200248083,1
-0.296624030527951,-1.15649930114576,-0.47430506458511,-1.27519241179104,-1.62198961672139,0.00629915439708078,-0.740474925748467,-0.000946117632341818,-1.91246117591031,-23.9895731947974,-22.4264944526033,-28.3788521936905,1
-0.296668208242509,-1.15654437590848,-0.474332700396459,-1.27513201574782,-1.62378471526975,0.00636481093617707,-0.738746331354436,-0.000928756449969343,-1.91200674400577,-23.9915024751748,-22.4267561647032,-28.3800653300635,1
-0.296712692266339,-1.15658853832917,-0.474360899416196,-1.27507154790628,-1.62558235332047,0.00643013337909984,-0.737014830129353,-0.00091170249273289,-1.91152220160556,-23.9934181231113,-22.4269927317419,-28.3812598685611,1
-0.29675749470427,-1.15663180503465,-0.474389667987902,-1.27501099335151,-1.62738235238758,0.00649510441544068,-0.735280583912811,-0.000894950380643163,-1.91100751717185,-23.9953207599803,-22.4272043184073,-28.382436234331,1
-0.296802627164795,-1.15667419234179,-0.474419012083879,-1.27495033768028,-1.62918453367513,0.0065597069071828,-0.733543755021053,-0.000878494825998026,-1.91046266854487,-23.9972109897756,-22.4273910907193,-28.3835948431873,1
-0.296848100762202,-1.15671571626383,-0.474448937305288,-1.27488956699966,-1.63098871810671,0.00662392390203781,-0.731804506230832,-0.000862330631910804,-1.9098876430132,-23.9990893992975,-22.4275532161351,-28.3847361017617,1
-0.296893926118761,-1.15675639251656,-0.474479448882358,-1.27482866792539,-1.63279472635486,0.00668773864663792,-0.730063000763235,-0.000846452690859198,-1.90928243737964,-24.0009565583355,-22.42769086365,-28.3858604076513,1
-0.296940113366956,-1.1567962365244,-0.474510551674695,-1.27476762758033,-1.63460237887038,0.00675113459956288,-0.728319402267487,-0.000830855983254499,-1.90864705802273,-24.002813019851,-22.4278042038954,-28.3869681495645,1
-0.296986672151785,-1.15683526342634,-0.474542250171662,-1.27470643359272,-1.63641149591148,0.00681409544418429,-0.726573874804698,-0.000815535576031067,-1.90798152095374,-24.0046593201573,-22.4278934092331,-28.3880597074641,1
-0.297033611633105,-1.1568734880818,-0.47457454849285,-1.27464507409432,-1.63822189757276,0.00687660510130878,-0.724826582831554,-0.000800486621255706,-1.90728585186931,-24.0064959790993,-22.4279586538458,-28.3891354527089,1
-0.297080940488052,-1.15691092507629,-0.474607450388637,-1.27458353771859,-1.64003340381408,0.00693864774160161,-0.723077691183929,-0.000785704354756708,-1.90656008619949,-24.0083235002311,-22.4280001138246,-28.3901957481921,1
-0.297128666913508,-1.15694758872706,-0.474640959240838,-1.27452181359862,-1.64184583448927,0.00700020779777374,-0.721327365060411,-0.00077118409477241,-1.90580426915135,-24.0101423709936,-22.4280179672523,-28.3912409484787,1
-0.297176798628647,-1.15698349308856,-0.474675078063438,-1.27445989136506,-1.64365900937467,0.00706126997651448,-0.719575770005714,-0.000756921240619088,-1.90501845574803,-24.0119530628896,-22.4280123942839,-28.3922713999399,1
-0.297225342877538,-1.15701865195784,-0.474709809503431,-1.27439776114397,-1.64547274819752,0.00712181927015299,-0.717823071893992,-0.000742911271377799,-1.90420271086323,-24.0137560316595,-22.4279835772232,-28.3932874408856,1
-0.297274306431821,-1.1570530788798,-0.474745155841737,-1.27433541355446,-1.6472868706642,0.00718184096803233,-0.716069436912,-0.000729149744600063,-1.90335710925116,-24.0155517174548,-22.4279317005963,-28.3942894016957,1
-0.297323695593454,-1.15708678715237,-0.474781118994225,-1.27427283970637,-1.64910119648829,0.0072413206675796,-0.714315031542128,-0.000715632295032168,-1.90248173557187,-24.0173405450117,-22.4278569512214,-28.3952776049483,1
-0.297373516197527,-1.15711978983157,-0.474817700512824,-1.27421003119777,-1.65091554541851,0.00730024428505717,-0.712560022545271,-0.000702354633357851,-1.90157668441204,-24.0191229238236,-22.427759518275,-28.3962523655468,1
-0.29742377361516,-1.15715209973646,-0.47485490158674,-1.27414698011238,-1.65272973726641,0.00735859806597942,-0.710804576943528,-0.000689312544959152,-1.90064206030107,-24.0208992483132,-22.4276395933551,-28.3972139908453,1
-0.297474472756462,-1.15718372945403,-0.47489272304376,-1.27408367901687,-1.65454359193394,0.00741636859518152,-0.70904886200273,-0.000676501888695212,-1.89967797772265,-24.0226698980036,-22.427497370541,-28.3981627807714,1
-0.297525618073581,-1.1572146913439,-0.474931165351666,-1.27402012095813,-1.65635692944087,0.00747354280652501,-0.707293045214755,-0.000663918595698745,-1.8986845611216,-24.0244352376896,-22.427333046449,-28.3990990279483,1
-0.297577213563824,-1.15724499754305,-0.474970228619738,-1.27395629946033,-1.65816956995202,0.00753010799222859,-0.705537294279659,-0.000651558668190123,-1.89766194490612,-24.0261956176079,-22.4271468202859,-28.4000230178143,1
-0.297629262772861,-1.15727465997035,-0.47500991260037,-1.27389220852198,-1.65998133380427,0.00758605181181047,-0.703781777087577,-0.000639418178308687,-1.8966102734454,-24.0279513736076,-22.426938893898,-28.4009350287411,1
-0.297681768798006,-1.15730369033105,-0.475050216690776,-1.27382784261284,-1.66179204153345,0.00764136230063089,-0.702026661700394,-0.000627493266961155,-1.89552970106251,-24.0297028273197,-22.4267094718174,-28.4018353321509,1
-0.297734734291585,-1.15733210012116,-0.475091139934806,-1.27376319667073,-1.66360151390105,0.00769602787802351,-0.70027211633319,-0.000615780142686893,-1.8944203920227,-24.0314502863273,-22.4264587613051,-28.402724192631,1
-0.297788161464386,-1.15735990063174,-0.475132681024863,-1.27369826609822,-1.66540957192073,0.00775003735500557,-0.698518309335422,-0.000604275080539939,-1.89328252051696,-24.0331940443347,-22.42618697239,-28.4036018680477,1
-0.297842052089191,-1.15738710295313,-0.475174838303924,-1.27363304675926,-1.66721603688468,0.00780337994155675,-0.696765409171861,-0.000592974420987355,-1.89211627064099,-24.0349343813368,-22.4258943179056,-28.4044686096582,1
-0.297896407504398,-1.15741371797902,-0.475217609767662,-1.2735675349757,-1.6690207303898,0.00785604525345825,-0.695013584403248,-0.000581874568823919,-1.89092183636947,-24.0366715637889,-22.4255810135227,-28.4053246622217,1
-0.297951228617727,-1.15743975641055,-0.475260993066682,-1.27350172752366,-1.67082347436367,0.00790802331868365,-0.69326300366668,-0.000570971992102794,-1.88969942152559,-24.0384058447757,-22.4252472777791,-28.4061702641083,1
-0.298006515910015,-1.1574652287602,-0.475304985508852,-1.27343562162982,-1.67262409109043,0.0079593045833345,-0.691513835655714,-0.000560263221082108,-1.88844923974607,-24.040137464181,-22.4248933321062,-28.407005647407,1
-0.298062269439096,-1.15749014535569,-0.475349584061745,-1.27336921496765,-1.67442240323638,0.00800987991711407,-0.689766249100168,-0.000549744847187079,-1.88717151444137,-24.041866648857,-22.4245194008518,-28.4078310380326,1
-0.298118488843777,-1.15751451634377,-0.475394785355188,-1.27330250565347,-1.67621823387555,0.00805974061833366,-0.68802041274563,-0.000539413521987687,-1.88586647875132,-24.0435936127942,-22.4241257113008,-28.4086466558308,1
-0.298175173347898,-1.15753835169391,-0.475440585683915,-1.27323549224243,-1.67801140651494,0.0081088784184465,-0.68627649533265,-0.000529265956191447,-1.88453437549609,-24.0453185572913,-22.4237124936914,-28.4094527146822,1
-0.298232321764482,-1.15756166120194,-0.47548698101033,-1.27316817372442,-1.67980174511976,0.00815728548610535,-0.684534665575628,-0.00051929891865133,-1.88317545712252,-24.0470416711255,-22.4232799812287,-28.4102494226054,1
-0.298289932499984,-1.15758445449362,-0.475533966967371,-1.27310054951979,-1.68158907413839,0.00820495443074078,-0.682795092141372,-0.000509509235388442,-1.88178998564583,-24.0487631307223,-22.422828410096,-28.4110369818583,1
-0.298348003558619,-1.15760674102807,-0.47558153886149,-1.27303261947508,-1.68337321852721,0.00825187830565769,-0.681057943627332,-0.00049989378862939,-1.88037823258665,-24.0504831003273,-22.422358019461,-28.4118155890391,1
-0.298406532546796,-1.15762853010125,-0.475629691675732,-1.27296438385855,-1.68515400377537,0.00829805061064815,-0.679323388539507,-0.000490449515858107,-1.87894047890355,-24.0522017321763,-22.421869051481,-28.412585435185,1
-0.298465516677632,-1.15764983084921,-0.475678420072924,-1.27289584335564,-1.68693125592926,0.00834346529412133,-0.677591595270008,-0.00048117340888189,-1.87747701492089,-24.0539191666673,-22.4213617513034,-28.4133467058709,1
-0.298524952775566,-1.1576706522514,-0.475727718398975,-1.27282699906434,-1.68870480161692,0.00838811675474891,-0.675862732074287,-0.000472062512911536,-1.87598814025212,-24.0556355325325,-22.4208363670643,-28.4140995813064,1
-0.298584837281064,-1.15769100313387,-0.475777580686277,-1.27275785249043,-1.69047446807237,0.00843199984262836,-0.674136967048019,-0.000463113925655362,-1.87447416371856,-24.0573509470105,-22.4202931498831,-28.4148442364321,1
-0.298645166255417,-1.15771089217236,-0.475828000657218,-1.27268840554266,-1.69224008315964,0.00847510985996546,-0.672414468103642,-0.000454324796426937,-1.87293540326359,-24.0590655160189,-22.4197323538544,-28.4155808410142,1
-0.298705935385632,-1.15773032789537,-0.475878971727797,-1.27261866052776,-1.69400147539683,0.00851744256127867,-0.670695402946536,-0.000445692325266259,-1.87137218586234,-24.0607793343282,-22.4191542360377,-28.416309559739,1
-0.298767139989413,-1.15774931868714,-0.475930487011351,-1.2725486201454,-1.69575847397999,0.00855899415312907,-0.668979939050864,-0.000437213762074335,-1.86978484742691,-24.0624924857353,-22.4185590564425,-28.4170305523058,1
-0.298828775020243,-1.15776787279058,-0.475982539322385,-1.27247828748303,-1.69751090880681,0.00859976129337975,-0.667268243635054,-0.00042888640576086,-1.86817373270706,-24.0642050432378,-22.4179470780119,-28.4177439735191,1
-0.298890835072551,-1.15778599831015,-0.476035121180507,-1.27240766601064,-1.69925861050036,0.00863974108999014,-0.66556048363692,-0.000420707603404904,-1.86653919518655,-24.0659170692096,-22.4173185666025,-28.4184499733797,1
-0.298953314386977,-1.1578037032146,-0.476088224814471,-1.27233675957537,-1.70100141043253,0.00867893109935058,-0.663856825688443,-0.000412674749428353,-1.86488159697493,-24.0676286155756,-22.4166737909616,-28.419148697175,1
-0.299016206855724,-1.15782099533978,-0.476141842166323,-1.27226557239607,-1.70273914074757,0.00871732932416395,-0.662157436090182,-0.000404785284781993,-1.86320130869507,-24.0693397239886,-22.4160130227014,-28.4198402855684,1
-0.299079506028009,-1.15783788239125,-0.476195964895654,-1.2721941090577,-1.70447163438535,0.00875493421088136,-0.66046248078534,-0.000397036696144002,-1.86149870936626,-24.0710504260059,-22.4153365362707,-28.4205248746875,1
-0.299143205115604,-1.15785437194691,-0.476250584383954,-1.27212237450576,-1.70619872510469,0.00879174464669982,-0.65877212533347,-0.000389426515130807,-1.85977418628298,-24.0727607432665,-22.4146446089232,-28.4212025962124,1
-0.299207296998462,-1.15787047145959,-0.476305691739071,-1.27205037404041,-1.70792024750652,0.0088277599561305,-0.657086534883837,-0.00038195231751992,-1.8580281348894,-24.0744706876693,-22.4139375206833,-28.4218735774616,1
-0.299271774230443,-1.1578861882595,-0.47636127779977,-1.27197811331074,-1.70963603705701,0.00886297989714664,-0.655405874148415,-0.000374611722484797,-1.85626095864964,-24.0761802615521,-22.4132155543093,-28.4225379414785,1
-0.299336629045127,-1.15790152955671,-0.476417333140401,-1.27190559830869,-1.71134593011061,0.00889740465692112,-0.653730307374548,-0.000367402391841445,-1.85447306891375,-24.0778894578703,-22.4124789952536,-28.4231958071166,1
-0.299401853361713,-1.15791650244349,-0.476473848075657,-1.27183283536313,-1.71304976393308,0.00893103484716331,-0.652059998317259,-0.000360322029306628,-1.85266488477954,-24.0795982603775,-22.4117281316198,-28.4238472891233,1
-0.299467438791016,-1.15793111389672,-0.476530812665443,-1.27175983113363,-1.71474737672443,0.00896387149906732,-0.650395110211217,-0.000353368379767527,-1.85083683295029,-24.0813066438061,-22.4109632541182,-28.4244924982243,1
-0.299533376641539,-1.15794537078008,-0.476588216719834,-1.27168659260424,-1.71643860764186,0.00899591605788192,-0.64873580574236,-0.000346539228562683,-1.84898934758834,-24.0830145740482,-22.4101846560174,-28.4251315412053,1
-0.299599657925648,-1.15795927984632,-0.476646049804143,-1.27161312707719,-1.71812329682262,0.00902717037711454,-0.647082247019189,-0.000339832400774077,-1.84712287016462,-24.0847220083383,-22.409392633094,-28.425764520995,1
-0.299666273365822,-1.15797284773944,-0.476704301244073,-1.27153944216645,-1.71980128540692,0.00905763671238178,-0.645434595543722,-0.000333245760530163,-1.84523784930416,-24.0864288954353,-22.4085874835795,-28.4263915367461,1
-0.299733213400991,-1.1579860809968,-0.476762960130977,-1.27146554579123,-1.72147241556075,0.00908731771491892,-0.643793012182123,-0.000326777210319758,-1.84333474062766,-24.0881351758062,-22.4077695081047,-28.4270126839153,1
-0.299800468192966,-1.1579989860512,-0.476822015327206,-1.27139144616935,-1.72313653049877,0.00911621642476176,-0.642157657135013,-0.000320424690316546,-1.84141400658916,-24.0898407818102,-22.4069390096413,-28.4276280543441,1
-0.299868027632942,-1.15801156923287,-0.476881455471551,-1.27131715181062,-1.72479347450714,0.00914433626361433,-0.640528689907448,-0.000314186177714146,-1.8394761163098,-24.0915456378828,-22.4060962934416,-28.4282377363371,1
-0.299935881348088,-1.15802383677152,-0.476941268984781,-1.27124267151001,-1.72644309296642,0.00917168102741618,-0.638906269278606,-0.000308059686071517,-1.83752154540782,-24.0932496607215,-22.4052416669746,-28.4288418147409,1
-0.300004018708224,-1.15803579479818,-0.47700144407527,-1.27116801434079,-1.72808523237443,0.00919825487862352,-0.637290553271145,-0.000302043264668611,-1.83555077582478,-24.0949527594718,-22.4043754398611,-28.4294403710215,1
-0.300072428832565,-1.15804744934716,-0.477061968744713,-1.27109318964765,-1.7297197403692,0.00922406233821846,-0.635681699120274,-0.000296134997872089,-1.83356429564807,-24.096654835913,-22.4034979238053,-28.4300334833419,1
-0.300141100596559,-1.15805880635783,-0.477122830793935,-1.27101820703962,-1.73134646575194,0.00924910827746104,-0.634079863242525,-0.000290333004510962,-1.83156259892983,-24.0983557846462,-22.4026094325245,-28.4306212266377,1
-0.300210022638789,-1.15806987167646,-0.477184017828777,-1.270943076383,-1.73296525851001,0.00927339790939877,-0.632485201204234,-0.000284635437262057,-1.82954618550223,-24.1000554932812,-22.4017102816762,-28.4312036726934,1
-0.300279183367956,-1.15808065105792,-0.477245517266079,-1.27086780779416,-1.73457596984001,0.00929693678014871,-0.630897867689743,-0.000279040482045117,-1.8275155607893,-24.1017538426252,-22.4008007887834,-28.4317808902173,1
-0.300348570969941,-1.15809115016743,-0.477307316339741,-1.27079241163231,-1.73617845217092,0.00931973075996694,-0.629318016469324,-0.000273546357427431,-1.82547123561524,-24.1034507068717,-22.3998812731573,-28.4323529449157,1
-0.300418173414931,-1.15810137458219,-0.477369402106864,-1.27071689849213,-1.73777255918728,0.00934178603412085,-0.627745800366838,-0.000268151314037833,-1.82341372600936,-24.1051459537891,-22.3989520558176,-28.432919899567,1
-0.300487978464622,-1.15811132979301,-0.477431761453976,-1.27064127919641,-1.73935814585247,0.00936310909357912,-0.626181371227134,-0.000262853633989992,-1.82134355300778,-24.1068394449117,-22.398013459411,-28.4334818140946,1
-0.30055797367949,-1.15812102120591,-0.477494381103334,-1.27056556478856,-1.74093506843208,0.00938370672553487,-0.624624879883189,-0.000257651630314764,-1.81926124245173,-24.108531035729,-22.3970658081276,-28.4340387456393,1
-0.300628146426127,-1.15813045414365,-0.477557247619303,-1.27048976652503,-1.74250318451738,0.00940358600377699,-0.623076476123005,-0.000252543646401594,-1.81716732478284,-24.1102205758769,-22.3961094276147,-28.4345907486312,1
-0.300698483884647,-1.15813963384719,-0.477620347414812,-1.27041389586777,-1.74406235304887,0.00942275427892487,-0.621536308656271,-0.000247528055448748,-1.81506233483517,-24.111907909329,-22.3951446448893,-28.435137874861,1
-0.300768973056151,-1.15814856547724,-0.477683666757878,-1.27033796447647,-1.74561243433996,0.00944121916854158,-0.620004525080793,-0.000242603259922286,-1.81294681162434,-24.1135928745883,-22.3941717882481,-28.4356801735506,1
-0.30083960077026,-1.1581572541156,-0.477747191778208,-1.2702619842009,-1.74715329010077,0.00945898854714078,-0.618481271848693,-0.000237767691023668,-1.81082129813361,-24.1152753048789,-22.3931911871756,-28.436217691423,1
-0.300910353692702,-1.15816570476659,-0.477810908473862,-1.27018596707305,-1.74868478346203,0.00947607053610119,-0.61696669423241,-0.000233019808165825,-1.80868634109714,-24.1169550283386,-22.3922031722503,-28.4367504727715,1
-0.300981218332958,-1.1581739223584,-0.477874802717991,-1.27010992529929,-1.75020677899914,0.00949247349350501,-0.615460936290477,-0.000228358098457634,-1.80654249078044,-24.1186318682115,-22.3912080750493,-28.4372785595287,1
-0.301052181051968,-1.1581819117444,-0.477938860265632,-1.27003387125248,-1.75171914275633,0.00950820600391306,-0.613964140833115,-0.00022378107619662,-1.80439030075812,-24.1203056430413,-22.3902062280509,-28.4378019913345,1
-0.301123228069885,-1.15818967770443,-0.478003066760572,-1.26995781746396,-1.75322174227104,0.00952327686809205,-0.612476449387623,-0.000219287282369805,-1.802230327689,-24.121976166864,-22.3891979645354,-28.4383208056036,1
-0.301194345473882,-1.15819722494601,-0.478067407742265,-1.26988177661554,-1.75471444659831,0.00953769509270762,-0.610998002163598,-0.000214875284162592,-1.8000631310887,-24.1236432494018,-22.3881836184841,-28.4388350375925,1
-0.30126551922601,-1.15820455810562,-0.478131868652817,-1.26980576153146,-1.75619712633549,0.00955146987999696,-0.609528938017971,-0.000210543674475526,-1.79788927309974,-24.1253066962567,-22.387163524477,-28.4393447204655,1
-0.3013367351711,-1.1582116817498,-0.478196434844013,-1.26972978517024,-1.75766965364698,0.00956461061743473,-0.608069394419888,-0.00020629107144889,-1.79570931825933,-24.1269663091041,-22.3861380175886,-28.4398498853609,1
-0.301407979044709,-1.15821860037638,-0.478261091584413,-1.2696538606165,-1.75913190228921,0.00957712686740478,-0.606619507415424,-0.000202116117994956,-1.79352383326482,-24.1286218858868,-22.3851074332821,-28.4403505614556,1
-0.301479236481112,-1.15822531841552,-0.478325824066482,-1.26957800107283,-1.76058374763575,0.00958902835689255,-0.605179411592151,-0.000198017481337836,-1.79133338673711,-24.130273221009,-22.3840721073024,-28.4408467760299,1
-0.301550493021325,-1.15823184023085,-0.478390617413779,-1.26950221985147,-1.76202506670262,0.00960032496720758,-0.603749240043573,-0.000193993852560798,-1.78913854898179,-24.1319201055305,-22.3830323755674,-28.441338554531,1
-0.301621734121173,-1.15823817012049,-0.47845545668819,-1.26942653036608,-1.76345573817375,0.00961102672375128,-0.602329124333413,-0.000190043946160945,-1.78693989174845,-24.13356232736,-22.3819885740579,-28.4418259206367,1
-0.301692945159385,-1.1582443123181,-0.478520326897201,-1.26935094612339,-1.76487564242663,0.00962114378584024,-0.600919194459795,-0.00018616649961117,-1.78473798798804,-24.1351996714502,-22.3809410387064,-28.4423088963179,1
-0.301764111445728,-1.15825027099387,-0.478585213001211,-1.26927548071489,-1.76628466155821,0.00963068643659701,-0.599519578819289,-0.000182360272929264,-1.78253341160843,-24.1368319199903,-22.3798901052843,-28.4427875019005,1
-0.30183521822916,-1.15825605025546,-0.478650099920885,-1.26920014780847,-1.76768267941084,0.00963966507291933,-0.598130404170866,-0.000178624048254085,-1.78032673722835,-24.1384588526007,-22.3788361092883,-28.4432617561269,1
-0.301906250706017,-1.15826165414898,-0.478714972544541,-1.26912496113996,-1.76906958159856,0.0096480901955385,-0.596751795599741,-0.0001749566294287,-1.77811853992972,-24.1400802465261,-22.377779385825,-28.4437316762169,1
-0.301977194028218,-1.15826708665987,-0.478779815735566,-1.26904993450479,-1.77044525553349,0.00965597239917715,-0.595383876481131,-0.000171356841590389,-1.77590939500844,-24.1416958768286,-22.3767202694952,-28.444197277928,1
-0.302048033311491,-1.1582723517138,-0.478844614339865,-1.26897508174948,-1.77180959045243,0.00966332236281629,-0.594026768443925,-0.000167823530767413,-1.77369987772396,-24.1433055165811,-22.3756590942764,-28.4446585756148,1
-0.302118753643619,-1.15827745317754,-0.478909353193332,-1.26890041676326,-1.77316247744368,0.00967015084008071,-0.592680591334278,-0.000164355563482471,-1.77149056304744,-24.1449089370596,-22.3745961934049,-28.4451155822882,1
-0.302189340092694,-1.15828239485976,-0.478974017129348,-1.26882595346952,-1.77450380947403,0.00967646864975255,-0.591345463179135,-0.000160951826362743,-1.76928202540888,-24.1465059079352,-22.3735318992566,-28.4455683096736,1
-0.30225977771539,-1.15828718051186,-0.479038590986295,-1.26875170581743,-1.77583348141597,0.00968228666642063,-0.590021500149706,-0.000157611225756412,-1.76707483844315,-24.1480961974668,-22.3724665432272,-28.4460167682688,1
-0.302330051565236,-1.15829181382876,-0.479103059615092,-1.26867768777335,-1.77715139007506,0.00968761581127356,-0.588708816524865,-0.000154332687355604,-1.76486957473508,-24.1496795726913,-22.3714004556114,-28.446460967401,1
-0.3024001467009,-1.15829629844965,-0.479167407886739,-1.26860391331243,-1.77845743421758,0.00969246704304536,-0.587407524654522,-0.00015111515582564,-1.76266680556385,-24.1512557996151,-22.3703339654815,-28.4469009152836,1
-0.302470048194472,-1.15830063795873,-0.479231620699877,-1.26853039641007,-1.77975151459828,0.00969685134911978,-0.586117734922952,-0.000147957594440513,-1.76046710064655,-24.1528246434043,-22.3692674005652,-28.4473366190717,1
-0.302539741139746,-1.15830483588592,-0.479295682988351,-1.26845715103347,-1.78103353398838,0.00970077973679982,-0.584839555712089,-0.000144858984724514,-1.75827102788121,-24.1543858685737,-22.3682010871233,-28.4477680849177,1
-0.3026092106605,-1.15830889570754,-0.479359579728784,-1.26838419113311,-1.7823033972038,0.00970426322475061,-0.583573093364801,-0.000141818326099918,-1.75607915308948,-24.155939239176,-22.3671353498259,-28.4481953180257,1
-0.30267844191876,-1.15831282084702,-0.479423295948145,-1.26831153063429,-1.78356101113349,0.00970731283461833,-0.582318452148141,-0.000138834635540649,-1.75389203975877,-24.1574845189901,-22.3660705116291,-28.4486183227059,1
-0.302747420123068,-1.15831661467551,-0.47948681673132,-1.26823918342872,-1.78480628476808,0.00970993958283335,-0.581075734216596,-0.000135906947231827,-1.75171024878436,-24.1590214717076,-22.3650068936508,-28.4490371024273,1
-0.302816130536719,-1.15832028051252,-0.479550127228676,-1.268167163366,-1.78603912922856,0.00971215447260156,-0.579845039575329,-0.00013303431223515,-1.74953433821127,-24.1605498611202,-22.3639448150464,-28.4494516598712,1
-0.302884558485991,-1.15832382162654,-0.479613212663616,-1.26809548424524,-1.78725945779536,0.00971396848608837,-0.578626466043429,-0.000130215798160001,-1.74736486297628,-24.1620694513042,-22.3628845928838,-28.4498619969828,1
-0.302952689368353,-1.15832724123561,-0.479676058340123,-1.26802415980667,-1.78846718593741,0.00971539257679822,-0.577420109217159,-0.000127450488840216,-1.74520237464996,-24.1635800068055,-22.3618265420189,-28.4502681150227,1
-0.30302050866064,-1.15833054250789,-0.479738649650289,-1.26795320372323,-1.78966223134151,0.00971643766215681,-0.57622606243324,-0.000124737484016436,-1.74304742117915,-24.1650812928232,-22.3607709749705,-28.450670014618,1
-0.303088001927218,-1.15833372856226,-0.479800972081827,-1.26788262959224,-1.79084451394185,0.00971711461629432,-0.575044416732142,-0.000122075899043628,-1.7409005466296,-24.1665730753913,-22.3597182017949,-28.4510676958121,1
-0.303155154828096,-1.15833680246877,-0.479863011225556,-1.2678124509271,-1.79201395594971,0.00971743426303734,-0.573875260821415,-0.000119464864594067,-1.73876229092937,-24.1680551215606,-22.3586685299615,-28.4514611581145,1
-0.30322195312702,-1.15833976724923,-0.479924752782863,-1.26774268114899,-1.79317048188332,0.00971740736910886,-0.57271868103905,-0.00011690352632428,-1.73663318961275,-24.1695271995781,-22.3576222642275,-28.4518504005495,1
-0.303288382699524,-1.15834262587767,-0.479986182573141,-1.26767333357865,-1.79431401859787,0.00971704463753826,-0.571574761316885,-0.000114391044579061,-1.73451377356494,-24.1709890790662,-22.3565797065129,-28.4522354217044,1
-0.303354429540934,-1.15834538128084,-0.48004728654119,-1.26760442142818,-1.7954444953158,0.00971635670128641,-0.570443583144064,-0.000111926594100724,-1.73240456876773,-24.1724405311996,-22.3555411557764,-28.452616219777,1
-0.303420079774338,-1.15834803633866,-0.480108050764579,-1.26753595779288,-1.79656184365706,0.00971535411708186,-0.569325225530537,-0.000109509363743481,-1.73030609604606,-24.1738813288814,-22.354506907891,-28.4529927926226,1
-0.303485319658498,-1.15835059388469,-0.480168461460979,-1.26746795564319,-1.79766599766971,0.00971404735947441,-0.568219764970634,-0.000107138556192919,-1.72821887081593,-24.1753112469181,-22.3534772555199,-28.4533651378003,1
-0.303550135595715,-1.15835305670656,-0.480228504995444,-1.26740042781661,-1.79875689386056,0.00971244681510326,-0.567127275406698,-0.000104813387690465,-1.7261434028334,-24.1767300621919,-22.3524524879933,-28.4537332526181,1
-0.303614514139637,-1.15835542754639,-0.480288167887649,-1.26733338700971,-1.79983447122598,0.00971056277718021,-0.56604782819279,-0.000102533087762815,-1.72408019594513,-24.1781375538325,-22.3514328911854,-28.4540971341783,1
-0.303678442003012,-1.15835770910119,-0.480347436819082,-1.26726684577026,-1.8,0.00970840544019045,-0.564981492058472,-0.000100296898956221,-1.7220297478404,-24.1795335033869,-22.3504187473923,-28.4544567794212,1
-0.303741684943781,-1.15835991250342,-0.480406088517078,-1.2672010410218,-1.8,0.00969947405740635,-0.563925062954506,-9.81069808913609e-05,-1.7200000032527,-24.1809132284142,-22.3494142041602,-28.4548113030928,1
-0.303804203836,-1.15836204142051,-0.480464085099813,-1.26713601149766,-1.8,0.00968272543503748,-0.562878067861123,-9.59628759138137e-05,-1.71799233139312,-24.1822759891017,-22.3484199964482,-28.4551605996327,1
-0.303866001513547,-1.15836409787783,-0.480521428566956,-1.26707175333505,-1.8,0.00965832317003363,-0.561840636413824,-9.38635889105689e-05,-1.7160066864566,-24.1836218925513,-22.3474361243898,-28.4555047302043,1
-0.303927080556762,-1.1583660838688,-0.480578120690283,-1.26700826294962,-1.8,0.00962642875182856,-0.560812894754721,-9.18081502245714e-05,-1.71404303022483,-24.1849510397813,-22.3464625915954,-28.4558437539969,1
-0.303987443305085,-1.1583680013553,-0.480634163025402,-1.2669455370221,-1.8,0.00958720159664396,-0.559794965511125,-8.97956148917584e-05,-1.71210133166127,-24.1862635260022,-22.345499404952,-28.4561777282976,1
-0.304047091869579,-1.158369852268,-0.48068955692339,-1.26688357248508,-1.8,0.00954079907915508,-0.558786967773057,-8.78250619027755e-05,-1.71018156650923,-24.1875594408908,-22.3445465744244,-28.4565067085617,1
-0.30410602814535,-1.15837163850674,-0.480744303542328,-1.26682236650984,-1.8,0.00948737656172881,-0.557789017069802,-8.58955934884653e-05,-1.70828371689311,-24.1888388688601,-22.3436041128576,-28.4568307484817,1
-0.304164253823852,-1.15837336194085,-0.480798403858743,-1.2667619164934,-1.8,0.00942708742143967,-0.556801225345579,-8.40063344282674e-05,-1.70640777092265,-24.190101889328,-22.3426720357808,-28.457149900056,1
-0.304221770405087,-1.15837502440948,-0.480851858678955,-1.26670222004571,-1.8,0.00936008307505085,-0.555823700934443,-8.21564313806843e-05,-1.70455372230035,-24.1913485769815,-22.3417503612122,-28.4574642136558,1
-0.304278579209697,-1.1583766277219,-0.480904668650322,-1.26664327497686,-1.8,0.00928651300214341,-0.554856548534469,-8.03450522350049e-05,-1.70272156993196,-24.1925790020396,-22.3408391094659,-28.4577737380918,1
-0.304334681390943,-1.15837817365777,-0.4809568342724,-1.26658507928452,-1.8,0.00920652476656398,-0.553899869181324,-7.8571385483526e-05,-1.70091131754007,-24.1937932305127,-22.3399383029595,-28.4580785206794,1
-0.304390077946584,-1.15837966396747,-0.481008355907999,-1.26652763114148,-1.8,0.00912026403635105,-0.552953760221287,-7.68346396135296e-05,-1.69912297328081,-24.1949913244595,-22.3390479660232,-28.4583786073032,1
-0.304444769730639,-1.15838110037229,-0.481059233794147,-1.26647092888329,-1.8,0.00902787460229327,-0.552018315283795,-7.51340425183055e-05,-1.69735654936366,-24.1961733422411,-22.3381681247107,-28.4586740424801,1
-0.304498757465051,-1.15838248456472,-0.481109468052954,-1.26641497099607,-1.8,0.00892949839526311,-0.551093624253567,-7.34688409265435e-05,-1.69561206167448,-24.1973393387728,-22.337298806611,-28.4589648694224,1
-0.304552041751234,-1.15838381820871,-0.481159058702391,-1.2663597561044,-1.8,0.00882527550245921,-0.550179773242388,-7.18382998494533e-05,-1.69388952940158,-24.1984893657726,-22.3364400406615,-28.4592511300988,1
-0.304604623081518,-1.15838510293981,-0.481208005666956,-1.26630528295933,-1.8,0.00871534418268584,-0.549276844560593,-7.02417020449618e-05,-1.69218897466507,-24.1996234720078,-22.3355918569632,-28.4595328652957,1
-0.30465650185048,-1.15838634036547,-0.481256308788257,-1.26625155042661,-1.8,0.00859984088078731,-0.548384916688312,-6.86783474984148e-05,-1.69051042214938,-24.2007417035381,-22.334754286597,-28.4598101146766,1
-0.304707678366173,-1.15838753206518,-0.481303967835489,-1.26619855747491,-1.8,0.00847890024134936,-0.54750406424653,-6.71475529191894e-05,-1.68885389873899,-24.201844103957,-22.333927361441,-28.4600829168411,1
-0.304758152861237,-1.15838867959068,-0.481350982515818,-1.26614630316423,-1.8,0.00835265512177135,-0.546634357968,-6.56486512526735e-05,-1.68721943315749,-24.2029307146295,-22.3331111139901,-28.4603513093831,1
-0.304807925503909,-1.15838978446613,-0.481397352484661,-1.26609478663448,-1.8,0.00822123660480665,-0.545775864668063,-6.41809912070753e-05,-1.68560705560981,-24.2040015749283,-22.3323055771762,-28.460615328948,1
-0.304856996408913,-1.15839084818829,-0.48144307735587,-1.26604400709409,-1.8,0.00808477401066198,-0.544928647215404,-6.27439367945536e-05,-1.68401679742795,-24.2050567224661,-22.3315107841913,-28.4608750112889,1
-0.304905365648245,-1.15839187222663,-0.481488156711814,-1.2659939638088,-1.8,0.00794339490873946,-0.544092764502801,-6.13368668861825e-05,-1.6824486907199,-24.2060961933267,-22.3307267683103,-28.4611303913225,1
-0.304953033261847,-1.15839285802355,-0.481532590113363,-1.26594465609058,-1.8,0.00779722512910007,-0.543268271417869,-5.99591747802737e-05,-1.68090276802204,-24.207120022292,-22.3299535627171,-28.4613815031831,1
-0.304999999268159,-1.15839380699443,-0.48157637710976,-1.26589608328665,-1.8,0.00764638877371997,-0.542455218813874,-5.86102677836046e-05,-1.67937906195502,-24.2081282430674,-22.3291912003314,-28.4616283802772,1
-0.30504626367457,-1.15839472052784,-0.481619517248403,-1.26584824476865,-1.8,0.00749100822760655,-0.541653653480604,-5.72895668051173e-05,-1.677877604883,-24.2091208885041,-22.328439713637,-28.4618710553362,1
-0.305091826487741,-1.15839559998558,-0.481662010084512,-1.26580113992189,-1.8,0.00733120416983552,-0.540863618115355,-5.59965059616803e-05,-1.67639842857653,-24.2100979908185,-22.3276991345124,-28.4621095604687,1
-0.305136687723826,-1.15839644670285,-0.481703855190696,-1.2657547681348,-1.8,0.00716709558456366,-0.540085151294037,-5.47305321954839e-05,-1.67494156387888,-24.2110595818098,-22.3269694940629,-28.4623439272119,1
-0.305180847418563,-1.15839726198833,-0.481745052166413,-1.26570912878845,-1.8,0.0069987997720693,-0.539318287442439,-5.34911049027106e-05,-1.67350704037604,-24.2120056930738,-22.3262508224537,-28.4625741865822,1
-0.305224305637259,-1.15839804712426,-0.481785600647321,-1.26566422124621,-1.8,0.00682643235986639,-0.53856305680765,-5.22776955730939e-05,-1.67209488607038,-24.2129363562148,-22.3255431487458,-28.4628003691255,1
-0.30526706248465,-1.15839880336654,-0.481825500314523,-1.26562004484355,-1.8,0.00665010731393235,-0.537819485429679,-5.10897874400098e-05,-1.67070512705794,-24.2138516030547,-22.3248465007332,-28.4630225049656,1
-0.305309118114639,-1.15839953194482,-0.481864750903699,-1.26557659887797,-1.8,0.00646993695008815,-0.537087595113268,-4.99268751407518e-05,-1.66933778720951,-24.2147514658388,-22.3241609047814,-28.463240623853,1
-0.305350472739923,-1.15840023406256,-0.481903352214127,-1.26553388259904,-1.8,0.00628603194556253,-0.53636740339993,-4.87884643866716e-05,-1.66799288785544,-24.2156359774397,-22.3234863856688,-28.4634547552124,1
-0.305391126641489,-1.15840091089708,-0.481941304117601,-1.2654918951986,-1.8,0.0060985013507691,-0.535658923540204,-4.76740716428427e-05,-1.66667044747437,-24.2165051715578,-22.3228229664289,-28.4636649281894,1
-0.30543108017799,-1.15840156359965,-0.481978606567219,-1.26545063580106,-1.8,0.00590745260132198,-0.534962164466158,-4.65832238169697e-05,-1.66537048138572,-24.2173590829198,-22.3221706681951,-28.4638711716965,1
-0.305470333795,-1.15840219329555,-0.482015259606074,-1.26541010345389,-1.8,0.00571299153031014,-0.534277130764131,-4.55154579572229e-05,-1.66409300144621,-24.2181977474732,-22.3215295100471,-28.4640735144584,1
-0.305508888034138,-1.15840280108407,-0.48205126337582,-1.26537029711812,-1.8,0.00551522238084892,-0.533603822647731,-4.44703209587208e-05,-1.66283801575024,-24.2190212025797,-22.3208995088593,-28.4642719850567,1
-0.305546743542072,-1.15840338803861,-0.48208661812512,-1.26533121565917,-1.8,0.0053142478189231,-0.532942235931091,-4.34473692783921e-05,-1.66160552833442,-24.2198294872039,-22.3202806791511,-28.4644666119734,1
-0.305583901079396,-1.15840395520669,-0.482121324217982,-1.26529285783759,-1.8,0.00511016894653161,-0.53229236200238,-4.24461686579517e-05,-1.66039553888601,-24.2206226421014,-22.3196730329392,-28.4646574236343,1
-0.305620361529367,-1.15840450360999,-0.482155382141975,-1.26525522230014,-1.8,0.00490308531514421,-0.531654187797588,-4.14662938547261e-05,-1.65920804245557,-24.2214007100017,-22.3190765795926,-28.4648444484509,1
-0.305656125906532,-1.15840503424437,-0.482188792516319,-1.26521830757086,-1.8,0.00469309493947304,-0.531027695774568,-4.05073283800985e-05,-1.65804302917372,-24.2221637357905,-22.3184913256879,-28.4650277148624,1
-0.305691195365208,-1.15840554807994,-0.482221556099861,-1.26518211204234,-1.8,0.00448029431156336,-0.530412863887347,-3.95688642453284e-05,-1.6569004839721,-24.2229117666874,-22.317917274869,-28.4652072513766,1
-0.305725571207837,-1.15840604606101,-0.482253673798926,-1.26514663396715,-1.8,0.00426477841520246,-0.529809665560691,-3.86505017145151e-05,-1.65578038630854,-24.2236448524218,-22.3173544277071,-28.4653830866095,1
-0.305759254893213,-1.15840652910619,-0.482285146675043,-1.26511187144934,-1.8,0.00404664074064509,-0.529218069664945,-3.7751849064507e-05,-1.65468270989659,-24.2243630454059,-22.3168027815633,-28.4655552493254,1
-0.305792248044565,-1.15840699810834,-0.482315975952549,-1.26507782243617,-1.8,0.00382597329964944,-0.528638040491115,-3.68725223515096e-05,-1.65360742243921,-24.2250664009041,-22.3162623304541,-28.4657237684753,1
-0.305824552457518,-1.15840745393462,-0.482346163026067,-1.26504448470987,-1.8,0.00360286664081818,-0.528069537726208,-3.60121451842292e-05,-1.652554485367,-24.2257549772001,-22.3157330649182,-28.465888673235,1
-0.305856170107909,-1.1584078974265,-0.482375709467855,-1.26501185587965,-1.8,0.00337740986523413,-0.527512516428825,-3.51703485033321e-05,-1.65152385358069,-24.2264288357614,-22.3152149718856,-28.4660499930426,1
-0.305887103159472,-1.15840832939974,-0.482404617035033,-1.26497993337379,-1.8,0.00314969064238086,-0.526966927004976,-3.43467703670313e-05,-1.65051547519811,-24.2270880413997,-22.3147080345494,-28.4662077576345,1
-0.305917353971384,-1.15840875064445,-0.482432887676678,-1.26494871443188,-1.8,0.00291979522633384,-0.526432715184147,-3.3541055742627e-05,-1.64952929130565,-24.2277326624302,-22.3142122322396,-28.4663619970824,1
-0.305946925105678,-1.15840916192503,-0.482460523540793,-1.26491819609723,-1.8,0.00268780847220944,-0.52590982199558,-3.27528563038256e-05,-1.64856523571416,-24.228362770826,-22.3137275402987,-28.4665127418276,1
-0.305975819334508,-1.15840956398023,-0.482487526981138,-1.26488837520937,-1.8,0.00245381385285409,-0.525398183744769,-3.19818302336633e-05,-1.64762323471941,-24.2289784423712,-22.3132539299608,-28.4666600227159,1
-0.306004039647287,-1.15840995752309,-0.482513900563944,-1.26485924839678,-1.8,0.0022178934757567,-0.524897731990167,-3.1227642032877e-05,-1.64670320686713,-24.2295797568099,-22.3127913682315,-28.4668038710317,1
-0.306031589257676,-1.15841034324102,-0.482539647074486,-1.26483081206966,-1.8,0.00198012810016537,-0.524408393520083,-3.04899623335556e-05,-1.6458050627226,-24.2301667979933,-22.3123398177711,-28.4669443185309,1
-0.306058471610437,-1.15841072179572,-0.482564769523524,-1.26480306241292,-1.8,0.00174059715438795,-0.523930090329768,-2.97684677179349e-05,-1.64492870464486,-24.2307396540228,-22.3118992367802,-28.4670813974735,1
-0.306084690388146,-1.15841109382324,-0.482589271153621,-1.26477599537933,-1.8,0.00149937875325406,-0.523462739598673,-2.90628405421834e-05,-1.64407402656556,-24.2312984173911,-22.311469578887,-28.4672151406558,1
-0.306110249517763,-1.15841145993392,-0.482613155445316,-1.26474960668271,-1.8,0.00125654971571785,-0.523006253667868,-2.83727687650288e-05,-1.64324091377248,-24.2318431851194,-22.3110507930371,-28.4673455814409,1
-0.306135153177059,-1.15841182071245,-0.482636426123172,-1.26472389179141,-1.8,0.00101218558257566,-0.522560540017611,-2.76979457811113e-05,-1.64242924269763,-24.2323740588929,-22.3106428233867,-28.46747275379,1
-0.306159405800909,-1.15841217671782,-0.482659087161686,-1.26469884592179,-1.8,0.000766360634275319,-0.52212550124506,-2.70380702589161e-05,-1.64163888071022,-24.2328911451918,-22.3102456091964,-28.4675966922917,1
-0.306183012087432,-1.15841252848331,-0.482681142791074,-1.26467446403201,-1.8,0.000519147908791323,-0.52170103504209,-2.6392845983158e-05,-1.6408696859141,-24.2333945554208,-22.3098590847292,-28.4677174321918,1
-0.306205977003998,-1.15841287651655,-0.482702597502905,-1.26465074081577,-1.8,0.000270619219539368,-0.521287034173243,-2.5761981701516e-05,-1.64012150695008,-24.2338844060346,-22.3094831791495,-28.4678350094213,1
-0.306228305793088,-1.15841322129944,-0.482723456055619,-1.26462767069639,-1.8,2.0845173303247e-05,-0.52088338645376,-2.51451909755769e-05,-1.6393941828029,-24.234360818661,-22.3091178164255,-28.4679494606246,1
-0.306250003978016,-1.15841356328819,-0.4827437234799,-1.26460524782091,-1.8,-0.00023010481185307,-0.520489974727701,-2.45421920358944e-05,-1.63868754261291,-24.2348239202211,-22.3087629152333,-28.4680608231869,1
-0.306271077368503,-1.15841390291331,-0.482763405083917,-1.26458346605438,-1.8,-0.00048216248871641,-0.520106676846122,-2.39527076410399e-05,-1.63800140549245,-24.2352738430461,-22.3084183888639,-28.4681691352608,1
-0.306291532066116,-1.15841424057962,-0.482782506458434,-1.26456231897428,-1.8,-0.000735260763127564,-0.51973336564532,-2.337646494055e-05,-1.63733558034702,-24.2357107249916,-22.3080841451324,-28.4682744357924,1
-0.306311374469561,-1.15841457666621,-0.482801033481781,-1.26454179986511,-1.8,-0.000989333676285093,-0.519369908925105,-2.28131953416695e-05,-1.63668986570107,-24.2361347095489,-22.3077600862896,-28.4683767645464,1
-0.306330611279835,-1.15841491152649,-0.4828189923247,-1.2645219017131,-1.8,-0.00124431638717959,-0.519016169427099,-2.22626343797839e-05,-1.63606404952854,-24.236545945953,-22.3074461089363,-28.4684761621314,1
-0.306349249505246,-1.15841524548816,-0.482836389455047,-1.2645026172011,-1.8,-0.00150014515518744,-0.518672004813039,-2.17245215924564e-05,-1.63545790908806,-24.2369445892888,-22.3071421039393,-28.4685726700237,1
-0.306367296466275,-1.15841557885319,-0.48285323164237,-1.26448393870354,-1.8,-0.00175675732285497,-0.518337267643074,-2.11986003969756e-05,-1.6348712107628,-24.2373308005928,-22.3068479563507,-28.468666330591,1
-0.306384759800321,-1.1584159118979,-0.482869525962352,-1.26446585828162,-1.8,-0.00201409129890245,-0.518011805354044,-2.06846179713232e-05,-1.63430370990501,-24.2377047469533,-22.306563545329,-28.4687571871154,1
-0.306401647466289,-1.15841624487288,-0.482885279801127,-1.26444836767859,-1.8,-0.00227208654147746,-0.517695460237704,-2.01823251384838e-05,-1.63375515068514,-24.2380666016073,-22.3062887440628,-28.4688452838158,1
-0.306417967749053,-1.15841657800304,-0.482900500859456,-1.26443145831519,-1.8,-0.00253068354168975,-0.517388069418915,-1.9691476254009e-05,-1.63322526594558,-24.2384165440345,-22.3060234196964,-28.4689306658697,1
-0.306433729263775,-1.15841691148762,-0.482915197156787,-1.26441512128519,-1.8,-0.00278982380745533,-0.517089464833738,-1.9211829096756e-05,-1.63271377705888,-24.2387547600482,-22.3057674332589,-28.4690133794343,1
-0.306448940960093,-1.15841724550016,-0.482929377035174,-1.26439934735115,-1.8,-0.00304944984768252,-0.516799473207473,-1.8743144762744e-05,-1.63222039379061,-24.2390814418844,-22.3055206395941,-28.469093471667,1
-0.306463612126175,-1.15841758018856,-0.482943049163082,-1.26438412694022,-1.8,-0.00330950515682694,-0.516517916032561,-1.82851875620156e-05,-1.63174481416657,-24.2393967882872,-22.3052828872939,-28.469170990746,1
-0.306477752392637,-1.15841791567506,-0.482956222539054,-1.26436945014018,-1.8,-0.00356993419984883,-0.516244609546398,-1.78377249184843e-05,-1.63128672434452,-24.239701004592,-22.3050540186335,-28.4692459858892,1
-0.306491371736337,-1.15841825205626,-0.482968906495263,-1.26435530669548,-1.8,-0.00383068239759894,-0.515979364709,-1.74005272726497e-05,-1.63084579849025,-24.2399943028056,-22.3048338695086,-28.4693185073733,1
-0.306504480484028,-1.15841858940313,-0.482981110700939,-1.26434168600356,-1.8,-0.00409169611266429,-0.515721987180519,-1.69733679871507e-05,-1.63042169865792,-24.2402769016842,-22.3046222693757,-28.4693886065525,1
-0.306517089315901,-1.15841892776104,-0.482992845165672,-1.26432857711119,-1.8,-0.004352922635702,-0.515472277298593,-1.65560232550756e-05,-1.63001407467478,-24.2405490268084,-22.3044190411935,-28.4694563358758,1
-0.306529209268985,-1.15841926714976,-0.483004120242603,-1.264315968711,-1.8,-0.00461431017229005,-0.51523003005553,-1.61482720109702e-05,-1.62962256402991,-24.2408109106558,-22.304224001367,-28.4695217489048,1
-0.306540851740434,-1.1584196075635,-0.483014946631489,-1.26430384913808,-1.8,-0.00487580783032276,-0.514995035075273,-1.57498958444922e-05,-1.62924679176729,-24.2410627926709,-22.3040369596942,-28.4695849003301,1
-0.306552028490693,-1.15841994897091,-0.483025335381663,-1.26429220636678,-1.8,-0.00513736560797875,-0.514767076590175,-1.5360678916642e-05,-1.62888637038272,-24.2413049193328,-22.3038577193138,-28.4696458459878,1
-0.306562751646537,-1.15842029131511,-0.483035297894877,-1.26428102800754,-1.8,-0.00539893438228776,-0.514545933417535,-1.4980407878521e-05,-1.6285408997248,-24.2415375442202,-22.3036860766559,-28.4697046428752,1
-0.306573033704008,-1.15842063451373,-0.483044845928033,-1.26427030130392,-1.8,-0.00566046589832412,-0.5143313789359,-1.46088717925718e-05,-1.62820996689978,-24.2417609280742,-22.3035218213941,-28.469761349166,1
-0.306573033704008,-1.15842097841385,-0.483053991597506,-1.26426001312972,-1.8,-0.00592191275905047,-0.514123181061107,-1.42458620562296e-05,-1.62789314618014,-24.2419753388587,-22.3033647363998,-28.4698160242251,1
-0.306573033704008,-1.15842133182815,-0.483062774388037,-1.26425035117292,-1.8,-0.00618321451615343,-0.51392111521623,-1.38862698213982e-05,-1.62758914361462,-24.2421819245405,-22.3032142721058,-28.4698690716354,1
-0.306573033704008,-1.15842169406419,-0.483071205531451,-1.2642412888973,-1.8,-0.00644432509966365,-0.513724938046726,-1.35303330231738e-05,-1.62729755830906,-24.2423809154942,-22.303070216817,-28.4699205325724,1
-0.306573033704008,-1.15842206442519,-0.483079296689811,-1.26423279993389,-1.8,-0.00670519935008345,-0.513534400643322,-1.31782688745075e-05,-1.62701797421991,-24.2425725516026,-22.3029323511313,-28.4699704502774,1
-0.306573033704008,-1.15842244221013,-0.483087059957548,-1.26422485807453,-1.8,-0.00696579300495236,-0.513349248519778,-1.28302740488206e-05,-1.62674996008078,-24.2427570823069,-22.3028004479025,-28.4700188700713,1
-0.306573033704008,-1.15842282671387,-0.483094507863506,-1.26421743726558,-1.8,-0.00722606268617566,-0.513169221590302,-1.2486524900508e-05,-1.6264930693319,-24.2429347666553,-22.3026742722062,-28.4700658393671,1
-0.306573033704008,-1.15842321722719,-0.483101653372914,-1.26421051160195,-1.8,-0.00748596588814253,-0.512994054146631,-1.21471777206451e-05,-1.6262468400523,-24.2431058733497,-22.3025535813054,-28.4701114076828,1
-0.306573033704008,-1.15842361303693,-0.483108509889272,-1.26420405532138,-1.8,-0.00774546096665566,-0.512823474834765,-1.18123690252173e-05,-1.62601079489455,-24.2432706807903,-22.3024381246185,-28.4701556266524,1
-0.306573033704008,-1.15842401342605,-0.483115091256174,-1.26419804279894,-1.8,-0.00800450712869377,-0.512657206631317,-1.1482215873261e-05,-1.62578444102207,-24.2434294771183,-22.3023276436886,-28.4701985500379,1
-0.306573033704008,-1.1584244176737,-0.483121411759052,-1.2641924485418,-1.8,-0.00826306442302783,-0.512494966819493,-1.11568162122905e-05,-1.62556727004877,-24.2435825602576,-22.3022218721527,-28.4702402337398,1
-0.306573033704008,-1.15842482505531,-0.483127486126863,-1.26418724718414,-1.8,-0.00852109373170861,-0.51233646696467,-1.0836249248451e-05,-1.62535875798085,-24.2437302379538,-22.3021205357135,-28.4702807358073,1
-0.306573033704008,-1.15842523484264,-0.48313332953371,-1.26418241348238,-1.8,-0.0087785567624447,-0.512181412889582,-1.05205758388208e-05,-1.62515836516077,-24.2438728278128,-22.3020233521112,-28.4703201164485,1
-0.306573033704008,-1.15842564630384,-0.483138957600412,-1.2641779223105,-1.8,-0.00903541604188535,-0.512029504649073,-1.02098389033278e-05,-1.62496553621306,-24.2440106573372,-22.3019300310966,-28.4703584380397,1
-0.306573033704008,-1.1584260587035,-0.483144386396015,-1.2641737486556,-1.8,-0.00929163490982205,-0.511880436504442,-9.90406385375181e-06,-1.62477969999188,-24.2441440639616,-22.3018402744049,-28.4703957651347,1
-0.306573033704008,-1.15842647130274,-0.483149632439263,-1.26416986761363,-1.8,-0.00954717751432374,-0.511733896897341,-9.60325903729682e-06,-1.6246002695302,-24.2442733950873,-22.3017537757303,-28.4704321644733,1
-0.306573033704008,-1.1584268833592,-0.483154712700024,-1.26416625438528,-1.8,-0.00980200880781353,-0.51158956842323,-9.30741619222303e-06,-1.62442664199035,-24.2443990081146,-22.3016702207015,-28.4704677049895,1
-0.306573033704008,-1.1584272941271,-0.483159644600679,-1.26416288427202,-1.8,-0.0100560945440985,-0.511447127804394,-9.01651091304347e-06,-1.62425819861577,-24.2445212704756,-22.3015892868572,-28.4705024578203,1
-0.306573033704008,-1.15842770285728,-0.483164446017485,-1.26415973267226,-1.8,-0.010309401276358,-0.511306245862472,-8.73050312278791e-06,-1.6240943046838,-24.244640559665,-22.3015106436224,-28.4705364963125,1
-0.306573033704008,-1.15842810879723,-0.483169135281906,-1.26415677507769,-1.8,-0.0105618963560971,-0.511166587490559,-8.44933754984592e-06,-1.62393430945925,-24.2447572632712,-22.3014339522853,-28.4705698960312,1
-0.306573033704008,-1.15842851119109,-0.48317373118193,-1.26415398706971,-1.8,-0.010813547933068,-0.511027811624799,-8.17294420689789e-06,-1.62377754614857,-24.2448717790058,-22.3013588659742,-28.4706027347663,1
-0.306573033704008,-1.15842890940852,-0.483178249914617,-1.26415134753879,-1.8,-0.0110643307126368,-0.510889629220886,-7.90125226072607e-06,-1.62362344014652,-24.2449844503528,-22.301285086,-28.4706350800854,0
-0.306573033704008,-1.15842930333405,-0.483182695809047,-1.26414884841411,-1.8,-0.0113142434444884,-0.510751978985744,-7.63423263191555e-06,-1.62347183853182,-24.2450953705886,-22.3012125333282,-28.4706669513783,0
-0.306573033704008,-1.15842969298255,-0.48318707017667,-1.26414648500344,-1.8,-0.0115632908781753,-0.510614857052766,-7.37186497316685e-06,-1.62332269559497,-24.245204569355,-22.3011411847674,-28.4706983557686,0
-0.306573033704008,-1.15843007837,-0.483191374305525,-1.2641442527491,-1.8,-0.0118114776771391,-0.510478259627924,-7.11412610204316e-06,-1.62317596645601,-24.2453120758064,-22.3010710175644,-28.4707293002841,0
-0.306573033704008,-1.15843045951347,-0.483195609460652,-1.26414214722436,-1.8,-0.0120588084211365,-0.510342182987939,-6.86099017530745e-06,-1.62303160704963,-24.2454179186177,-22.301002009396,-28.4707597918575,0
-0.306573033704008,-1.158430836431,-0.483199776884497,-1.26414016412999,-1.8,-0.0123052876085983,-0.510206623478506,-6.61242885591815e-06,-1.62288957411053,-24.2455221259914,-22.3009341383609,-28.4707898373271,0
-0.306573033704008,-1.15843120914164,-0.483203877797308,-1.26413829929082,-1.8,-0.0125509196589233,-0.510071577512561,-6.3684114729285e-06,-1.62274982515908,-24.2456247256652,-22.3008673829718,-28.4708194434386,0
-0.306573033704008,-1.15843157766533,-0.483207913397527,-1.26413654865252,-1.8,-0.0127957089147081,-0.509937041568593,-6.12890517456992e-06,-1.62261231848718,-24.2457257449196,-22.3008017221477,-28.4708486168452,0
-0.306573033704008,-1.1584319420229,-0.483211884862171,-1.26413490827829,-1.8,-0.0130396596439157,-0.509803012188993,-5.89387507475253e-06,-1.62247701314446,-24.2458252105844,-22.3007371352058,-28.4708773641091,0
-0.306573033704008,-1.15843230223601,-0.483215793347215,-1.26413337434576,-1.8,-0.0132827760419832,-0.509669485978456,-5.6632843932238e-06,-1.62234386892462,-24.2459231490463,-22.3006736018547,-28.4709056917024,0
-0.306573033704008,-1.15843265832711,-0.483219639987953,-1.26413194314395,-1.8,-0.0135250622338714,-0.509536459602412,-5.43709887029537e-06,-1.62221284635209,-24.2460195862557,-22.3006111021862,-28.4709336060077,0
-0.306573033704008,-1.1584330103194,-0.483223425899371,-1.26413061107025,-1.8,-0.0137665222760578,-0.509403929785505,-5.21528076888036e-06,-1.62208390666889,-24.2461145477337,-22.3005496166689,-28.4709611133198,0
-0.306573033704008,-1.15843335823678,-0.483227152176499,-1.26412937462754,-1.8,-0.0140071601584734,-0.509271893310108,-4.99778832585275e-06,-1.62195701182175,-24.2462080585784,-22.3004891261404,-28.4709882198458,0
-0.306573033704008,-1.15843370210384,-0.483230819894766,-1.26412823042133,-1.8,-0.014246979806386,-0.509140347014875,-4.78457838121469e-06,-1.62183212444945,-24.2463001434724,-22.3004296118011,-28.4710149317069,0
-0.306573033704008,-1.15843404194579,-0.483234430110342,-1.26412717515705,-1.8,-0.0144859850822313,-0.509009287793329,-4.57560649025538e-06,-1.62170920787039,-24.2463908266885,-22.3003710552065,-28.4710412549385,0
-0.306573033704008,-1.15843437778844,-0.483237983860479,-1.26412620563731,-1.8,-0.0147241797873927,-0.508878712592489,-4.3708270306531e-06,-1.62158822607035,-24.2464801320967,-22.3003134382611,-28.471067195492,0
-0.306573033704008,-1.15843470965817,-0.483241482163846,-1.2641253187593,-1.8,-0.0149615676639314,-0.508748618411531,-4.17019330468188e-06,-1.62146914369053,-24.2465680831705,-22.3002567432119,-28.4710927592352,0
-0.306573033704008,-1.1584350375819,-0.483244926020854,-1.26412451151225,-1.8,-0.0151981523962681,-0.50861900230048,-3.97365763674149e-06,-1.62135192601575,-24.246654702993,-22.3002009526416,-28.4711179519533,0
-0.306573033704008,-1.15843536158704,-0.483248316413976,-1.26412378097492,-1.8,-0.0154339376128183,-0.508489861358939,-3.78117146635509e-06,-1.62123653896287,-24.2467400142634,-22.3001460494622,-28.4711427793503,0
-0.306573033704008,-1.15843568170146,-0.483251654308071,-1.2641231243132,-1.8,-0.0156689268875811,-0.508361192734847,-3.59268543682714e-06,-1.62112294906948,-24.2468240393028,-22.3000920169093,-28.4711672470491,0
-0.306573033704008,-1.1584359979535,-0.483254940650686,-1.2641225387777,-1.8,-0.0159031237416839,-0.508232993623274,-3.40814947972e-06,-1.62101112348266,-24.2469068000602,-22.3000388385358,-28.4711913605932,0
-0.306573033704008,-1.15843631037186,-0.483258176372366,-1.26412202170152,-1.8,-0.0161365316448837,-0.508105261265241,-3.22751289530688e-06,-1.62090102994809,-24.2469883181188,-22.2999864982055,-28.4712151254475,0
-0.306573033704008,-1.15843661898568,-0.483261362386953,-1.26412157049796,-1.8,-0.0163691540170265,-0.507977992946569,-3.05072442915323e-06,-1.62079263679923,-24.2470686147014,-22.299934980088,-28.4712385469987,0
-0.306573033704008,-1.15843692382441,-0.483264499591882,-1.26412118265834,-1.8,-0.0166009942294648,-0.507851185996767,-2.87773234498909e-06,-1.6206859129468,-24.2471477106762,-22.2998842686523,-28.4712616305569,0
-0.306573033704008,-1.15843722491785,-0.483267588868468,-1.26412085574989,-1.8,-0.0168320556064367,-0.507724837787936,-2.70848449399416e-06,-1.62058082786836,-24.247225626563,-22.2998343486616,-28.4712843813559,0
-0.306573033704008,-1.1584375222961,-0.483270631082193,-1.26412058741366,-1.8,-0.0170623414264046,-0.507598945733711,-2.54292838065589e-06,-1.62047735159812,-24.2473023825378,-22.2997852051673,-28.4713068045547,0
-0.306573033704008,-1.15843781598953,-0.483273627082984,-1.2641203753625,-1.8,-0.0172918549233572,-0.50747350728822,-2.38101122532087e-06,-1.62037545471693,-24.2473779984392,-22.2997368235043,-28.471328905238,0
-0.306573033704008,-1.15843810602878,-0.483276577705489,-1.26412021737912,-1.8,-0.0175205992880744,-0.507348519945084,-2.22268002357215e-06,-1.62027510834243,-24.2474524937734,-22.2996891892849,-28.4713506884171,0
-0.306573033704008,-1.15843839244472,-0.483279483769346,-1.26412011131413,-1.8,-0.0177485776693557,-0.507223981236424,-2.06788160256163e-06,-1.62017628411942,-24.2475258877194,-22.299642288394,-28.471372159031,0
-0.306573033704008,-1.15843867526842,-0.483282346079448,-1.26412005508421,-1.8,-0.0179757931752153,-0.507099888731909,-1.91656267440807e-06,-1.62007895421034,-24.2475981991345,-22.2995961069838,-28.4713933219471,0
-0.306573033704008,-1.15843895453116,-0.483285165426206,-1.26412004667027,-1.8,-0.0182022488740417,-0.506976240037823,-1.76866988678602e-06,-1.61998309128596,-24.2476694465594,-22.2995506314691,-28.4714141819623,0
-0.306573033704008,-1.15843923026438,-0.483287942585802,-1.2641200841157,-1.8,-0.0184279477957255,-0.50685303279615,-1.62414987082529e-06,-1.61988866851625,-24.2477396482232,-22.299505848522,-28.4714347438036,0
-0.306573033704008,-1.15843950249967,-0.483290678320442,-1.26412016552461,-1.8,-0.0186528929327542,-0.506730264683692,-1.48294928639455e-06,-1.61979565956134,-24.2478088220485,-22.2994617450669,-28.471455012129,0
-0.306573033704008,-1.15843977126875,-0.483293373378603,-1.26412028906017,-1.8,-0.0188770872412767,-0.506607933411204,-1.34501486491995e-06,-1.61970403856276,-24.2478769856562,-22.2994183082765,-28.4714749915286,0
-0.306573033704008,-1.15844003660347,-0.483296028495277,-1.26412045294299,-1.8,-0.0191005336421363,-0.506486036722552,-1.21029344980932e-06,-1.61961378013472,-24.2479441563708,-22.2993755255664,-28.4714946865252,0
-0.306573033704008,-1.15844029853575,-0.483298644392206,-1.2641206554495,-1.8,-0.0193232350218751,-0.506364572393894,-1.07873203458202e-06,-1.61952485935562,-24.2480103512243,-22.2993333845908,-28.4715141015753,0
-0.306573033704008,-1.15844055709761,-0.483301221778121,-1.26412089491039,-1.8,-0.0195451942337093,-0.506243538232878,-9.50277798810993e-07,-1.61943725175966,-24.248075586962,-22.299291873238,-28.4715332410698,0
-0.306573033704008,-1.15844081237253,-0.483303761346842,-1.26412116922444,-1.8,-0.0197664141024729,-0.506122932074507,-8.47357835757243e-07,-1.61935093398229,-24.2481398814827,-22.2992509804949,-28.4715521105562,0
-0.306573033704008,-1.15844106433336,-0.483306263784247,-1.26412147738792,-1.8,-0.0199868974129191,-0.506002751791002,-7.44474188970656e-07,-1.61926588168998,-24.2482032493151,-22.2992106937026,-28.4715707128886,0
-0.306573033704008,-1.15844131301264,-0.483308729761372,-1.26412181788168,-1.8,-0.0202066469238831,-0.505882995279869,-6.41645605553708e-07,-1.61918207174035,-24.2482657063798,-22.2991710014317,-28.4715890522746,0
-0.306573033704008,-1.15844155844286,-0.483311159937142,-1.26412218923517,-1.8,-0.0204256653645019,-0.505763660467112,-5.38889918003647e-07,-1.61909948141474,-24.2483272683281,-22.2991318924696,-28.4716071328593,0
-0.306573033704008,-1.15844180065656,-0.483313554958578,-1.26412259002506,-1.8,-0.0206439554350573,-0.505644745306527,-4.3622407762484e-07,-1.61901808841053,-24.248387950546,-22.2990933558164,-28.4716249587262,0
-0.306573033704008,-1.15844203968622,-0.483315915461016,-1.2641230188739,-1.8,-0.020861519807793,-0.50552624777902,-3.33664186865398e-07,-1.61893787083365,-24.2484477681589,-22.2990553806809,-28.4716425338978,0
-0.306573033704008,-1.15844227556433,-0.483318242068307,-1.26412347444888,-1.8,-0.0210783611277097,-0.505408165891943,-2.3122553060499e-07,-1.61885880719123,-24.2485067360359,-22.2990179564769,-28.4716598623363,0
-0.306573033704008,-1.15844250832331,-0.483320535393024,-1.2641239554605,-1.8,-0.0212944820133356,-0.505290497678442,-1.2892260643014e-07,-1.61878087638432,-24.2485648687934,-22.2989810728188,-28.471676947945,0
-0.306573033704008,-1.15844273799553,-0.483322796036664,-1.2641244606614,-1.8,-0.0215098850574752,-0.505173241196828,-2.67691539237199e-08,-1.61870405770084,-24.2486221808,-22.2989447195185,-28.4716937945684,0
-0.306573033704008,-1.1584429646133,-0.483325024589839,-1.26412498884513,-1.8,-0.0217245728279356,-0.505056394529957,7.52218170048303e-08,-1.61862833080857,-24.2486786861798,-22.2989088865812,-28.4717104059933,0
-0.306573033704008,-1.15844318820886,-0.483327221632475,-1.26412553884502,-1.8,-0.0219385478682324,-0.504939955784633,1.77037998713136e-07,-1.61855367574832,-24.2487343988169,-22.298873564202,-28.4717267859493,0
-0.306573033704008,-1.15844340881436,-0.483329387733996,-1.26412610953299,-1.8,-0.0221518126982736,-0.504823923091026,2.78667759312022e-07,-1.61848007292716,-24.2487893323592,-22.2988387427623,-28.4717429381102,0
-0.306573033704008,-1.15844362646185,-0.483331523453516,-1.26412669981854,-1.8,-0.0223643698150242,-0.504708294602095,3.80100117031617e-07,-1.61840750311184,-24.248843500222,-22.2988044128261,-28.4717588660939,0
-0.306573033704008,-1.1584438411833,-0.483333629340019,-1.26412730864759,-1.8,-0.0225762216931513,-0.504593068493041,4.81324715424608e-07,-1.6183359474223,-24.2488969155922,-22.298770565137,-28.4717745734637,0
-0.306573033704008,-1.15844405301055,-0.483335705932538,-1.26412793500148,-1.8,-0.022787370785649,-0.504478242960765,5.82331799392845e-07,-1.61826538732529,-24.2489495914317,-22.2987371906143,-28.4717900637289,0
-0.306573033704008,-1.15844426197531,-0.483337753760333,-1.26412857789593,-1.8,-0.0229978195244462,-0.504363816223338,6.83112192004332e-07,-1.6181958046281,-24.2490015404813,-22.2987042803501,-28.4718053403455,0
-0.306573033704008,-1.15844446810919,-0.483339773343067,-1.26412923638009,-1.8,-0.0232075703209948,-0.504249786519494,7.83657272081428e-07,-1.61812718147239,-24.2490527752643,-22.2986718256058,-28.471820406717,0
-0.306573033704008,-1.15844467144364,-0.483341765190971,-1.26412990953552,-1.8,-0.0234166255668419,-0.504136152108127,8.83958952534963e-07,-1.61805950032823,-24.2491033080898,-22.2986398178092,-28.4718352661948,0
-0.306573033704008,-1.15844487200998,-0.483343729805019,-1.26413059647531,-1.8,-0.0236249876341831,-0.504022911267805,9.84009659419612e-07,-1.61799274398806,-24.2491531510566,-22.2986082485512,-28.4718499220796,0
-0.306573033704008,-1.15844506983938,-0.483345667677084,-1.26413129634312,-1.8,-0.0238326588764008,-0.5039100622963,1.08380231169406e-06,-1.61792689556095,-24.2492023160566,-22.2985771095824,-28.4718643776212,0
-0.306573033704008,-1.1584452650178,-0.483347579287851,-1.2641320077938,-1.8,-0.0240396416336817,-0.503797603506183,1.15766956356922e-06,-1.61786193916504,-24.2492508163139,-22.2985463937393,-28.4718786373257,0
-0.306573033704008,-1.15844545752367,-0.483349465113672,-1.26413273052683,-1.8,-0.024245938218439,-0.503685533236053,1.22951626672909e-06,-1.61779785785837,-24.2492986618524,-22.2985160921978,-28.471892703099,0
-0.306573033704008,-1.15844564738752,-0.4833513256201,-1.2641334637741,-1.8,-0.024451550930664,-0.503573849838579,1.2993844164671e-06,-1.61773463566364,-24.2493458639581,-22.2984861971681,-28.4719065780397,0
-0.306573033704008,-1.15844583463969,-0.483353161264224,-1.26413420679459,-1.8,-0.0246564820535277,-0.503462551683858,1.36731543761336e-06,-1.61767225689799,-24.2493924337239,-22.2984567010089,-28.4719202651991,0
-0.306573033704008,-1.15844601931034,-0.483354972494815,-1.26413495887361,-1.8,-0.0248607338538418,-0.503351637159,1.43335018084977e-06,-1.61761070616759,-24.249438382052,-22.2984275962244,-28.4719337675812,0
-0.306573033704008,-1.15844620142947,-0.483356759752478,-1.26413571932197,-1.8,-0.0250643085825053,-0.503241104667724,1.49752891968745e-06,-1.61754996836252,-24.2494837196574,-22.298398875462,-28.4719470881441,0
-0.306573033704008,-1.15844638102688,-0.483358523469794,-1.2641364874753,-1.8,-0.0252672084749376,-0.503130952629963,1.5598913480932e-06,-1.61749002865153,-24.2495284570712,-22.2983705315089,-28.4719602297999,0
-0.306573033704008,-1.15844655813221,-0.483360264071469,-1.26413726269327,-1.8,-0.0254694357514985,-0.503021179481484,1.62047657871067e-06,-1.61743087247707,-24.2495726046433,-22.2983425572904,-28.4719731954161,0
-0.306573033704008,-1.15844673277488,-0.483361981974465,-1.26413804435888,-1.8,-0.0256709926178948,-0.502911783673514,1.67932314165505e-06,-1.6173724855503,-24.2496161725456,-22.2983149458664,-28.4719859878156,0
-0.306573033704008,-1.15844690498412,-0.483363677588147,-1.26413883187778,-1.8,-0.0258718812655745,-0.502802763672374,1.73646898385279e-06,-1.61731485384624,-24.2496591707749,-22.2982876904296,-28.4719986097776,0
-0.306573033704008,-1.15844707478898,-0.483365351314415,-1.26413962467759,-1.8,-0.0260721038721087,-0.502694117959132,1.79195146889146e-06,-1.61725796359897,-24.2497016091555,-22.2982607843023,-28.4720110640383,0
-0.306573033704008,-1.15844724221829,-0.483367003547835,-1.26414042220723,-1.8,-0.0262716626015615,-0.502585845029253,1.84580737736094e-06,-1.61720180129699,-24.2497434973427,-22.2982342209347,-28.4720233532911,0
-0.306573033704008,-1.15844740730066,-0.483368634675773,-1.26414122393633,-1.8,-0.0264705596048487,-0.502477943392264,1.89807290764512e-06,-1.61714635367855,-24.2497848448252,-22.298207993902,-28.4720354801878,0
-0.306573033704008,-1.15844757006453,-0.483370245078522,-1.26414202935453,-1.8,-0.0266687970200845,-0.502370411571434,1.94878367716108e-06,-1.61709160772714,-24.2498256609276,-22.298182096902,-28.4720474473388,0
-0.306573033704008,-1.1584477305381,-0.483371835129431,-1.26414283797094,-1.8,-0.0268663769729181,-0.50226324810345,1.99797472399086e-06,-1.61703755066708,-24.2498659548138,-22.2981565237532,-28.4720592573137,0
-0.306573033704008,-1.15844788874935,-0.483373405195023,-1.26414364931354,-1.8,-0.0270633015768586,-0.502156451538109,2.04568050891189e-06,-1.61698416995912,-24.249905735489,-22.2981312683923,-28.472070912642,0
-0.306573033704008,-1.15844804472606,-0.483374955635123,-1.26414446292858,-1.8,-0.0272595729335909,-0.502050020438019,2.09193491778896e-06,-1.61693145329617,-24.249945011803,-22.2981063248718,-28.4720824158135,0
-0.306573033704008,-1.15844819849579,-0.483376486802976,-1.26414527838005,-1.8,-0.0274551931332803,-0.501943953378308,2.13677126430338e-06,-1.61687938859907,-24.2499837924521,-22.2980816873582,-28.4720937692792,0
-0.306573033704008,-1.15844835008585,-0.483377999045362,-1.26414609524914,-1.8,-0.0276501642548679,-0.501838248946333,2.18022229300626e-06,-1.6168279640125,-24.2500220859822,-22.2980573501294,-28.4721049754514,0
-0.306573033704008,-1.15844849952336,-0.483379492702716,-1.26414691313369,-1.8,-0.0278444883663564,-0.501732905741407,2.22232018267274e-06,-1.61677716790084,-24.2500599007911,-22.2980333075732,-28.4721160367049,0
-0.306573033704008,-1.15844864683519,-0.483380968109236,-1.26414773164771,-1.8,-0.0280381675250867,-0.501627922374528,2.26309654993971e-06,-1.61672698884429,-24.2500972451307,-22.2980095541845,-28.4721269553766,0
-0.306573033704008,-1.158448792048,-0.483382425593,-1.26414855042084,-1.8,-0.0282312037780055,-0.501523297468115,2.30258245320586e-06,-1.61667741563484,-24.2501341271102,-22.2979860845641,-28.4721377337671,0
-0.306573033704008,-1.15844893518821,-0.483383865476074,-1.26414936909793,-1.8,-0.028423599161924,-0.501419029655754,2.34080839677946e-06,-1.61662843727251,-24.2501705546976,-22.2979628934159,-28.4721483741403,0
-0.306573033704008,-1.15844907628201,-0.483385288074615,-1.2641501873385,-1.8,-0.0286153557037686,-0.501315117581949,2.37780433525643e-06,-1.61658004296153,-24.2502065357225,-22.2979399755455,-28.4721588787247,0
-0.306573033704008,-1.15844921535536,-0.483386693698985,-1.26415100481632,-1.8,-0.0288064754208225,-0.501211559901878,2.41359967811437e-06,-1.61653222210666,-24.2502420778787,-22.2979173258581,-28.4721692497133,0
-0.306573033704008,-1.15844935243398,-0.483388082653848,-1.26415182121898,-1.8,-0.0289969603209605,-0.501108355281157,2.44822329449674e-06,-1.61648496430951,-24.2502771887257,-22.2978949393567,-28.4721794892646,0
-0.306573033704008,-1.15844948754338,-0.483389455238275,-1.2641526362474,-1.8,-0.0291868124028745,-0.501005502395613,2.48170351819881e-06,-1.61643825936498,-24.2503118756917,-22.2978728111402,-28.4721895995027,0
-0.306573033704008,-1.15844962070881,-0.483390811745844,-1.26415344961547,-1.8,-0.0293760336562933,-0.50090299993106,2.51406815279955e-06,-1.61639209725775,-24.2503461460756,-22.2978509364014,-28.472199582518,0
-0.306573033704008,-1.1584497519553,-0.483392152464738,-1.26415426104962,-1.8,-0.0295646260621934,-0.500800846583081,2.5453444769768e-06,-1.61634646815885,-24.2503800070487,-22.2978293104258,-28.4722094403679,0
-0.306573033704008,-1.15844988130762,-0.483393477677842,-1.2641550702884,-1.8,-0.0297525915930032,-0.500699041056818,2.57555924994662e-06,-1.61630136242221,-24.2504134656575,-22.297807928589,-28.4722191750768,0
-0.306573033704008,-1.15845000879034,-0.483394787662839,-1.26415587708213,-1.8,-0.0299399322128012,-0.500597582066763,2.60473871704208e-06,-1.61625677058141,-24.2504465288255,-22.297786786356,-28.472228788637,0
-0.306573033704008,-1.15845013442777,-0.4833960826923,-1.2641566811925,-1.8,-0.0301266498775059,-0.500496468336564,2.63290861541832e-06,-1.61621268334634,-24.2504792033552,-22.2977658792787,-28.472238283009,0
-0.306573033704008,-1.15845025824398,-0.483397363033782,-1.26415748239222,-1.8,-0.0303127465350605,-0.500395698598824,2.66009417985021e-06,-1.61616909160003,-24.2505114959303,-22.2977452029944,-28.472247660122,0
-0.306573033704008,-1.15845038026282,-0.48339862894991,-1.26415828046465,-1.8,-0.0304982241256104,-0.500295271594917,2.6863201486511e-06,-1.61612598639551,-24.2505434131175,-22.2977247532249,-28.4722569218743,0
-0.306573033704008,-1.15845050050789,-0.483399880698473,-1.26415907520345,-1.8,-0.030683084581675,-0.500195186074801,2.71161076966094e-06,-1.61608335895268,-24.2505749613689,-22.2977045257737,-28.472266070134,0
-0.306573033704008,-1.15845061900256,-0.483401118532507,-1.26415986641228,-1.8,-0.0308673298283136,-0.500095440796838,2.73598980632487e-06,-1.61604120065527,-24.2506061470233,-22.2976845165257,-28.472275106739,0
-0.306573033704008,-1.15845073576996,-0.48340234270038,-1.26416065390445,-1.8,-0.0310509617832853,-0.499996034527624,2.75948054383511e-06,-1.61599950304791,-24.2506369763086,-22.2976647214446,-28.472284033498,0
-0.306573033704008,-1.15845085083299,-0.483403553445878,-1.2641614375026,-1.8,-0.0312339823572028,-0.499896966041814,2.78210579533999e-06,-1.61595825783312,-24.2506674553436,-22.2976451365723,-28.4722928521905,0
-0.306573033704008,-1.1584509642143,-0.483404751008287,-1.26416221703839,-1.8,-0.031416393453682,-0.499798234121962,2.80388790819718e-06,-1.61591745686848,-24.2506975901395,-22.2976257580267,-28.4723015645674,0
-0.306573033704008,-1.15845107593632,-0.483405935622473,-1.26416299235222,-1.8,-0.0315981969694849,-0.499699837558359,2.82484877028519e-06,-1.6158770921638,-24.2507273866022,-22.2976065820008,-28.4723101723513,0
-0.306573033704008,-1.15845118602124,-0.483407107518961,-1.26416376329293,-1.8,-0.0317793947946586,-0.499601775148876,2.84500981633766e-06,-1.61583715587834,-24.2507568505339,-22.2975876047609,-28.4723186772374,0
-0.306573033704008,-1.15845129449101,-0.483408266924016,-1.26416452971752,-1.8,-0.0319599888126681,-0.499504045698814,2.86439203431801e-06,-1.61579764031805,-24.2507859876347,-22.2975688226455,-28.4723270808933,0
-0.306573033704008,-1.15845140136735,-0.483409414059717,-1.26416529149087,-1.8,-0.0321399809005254,-0.499406648020756,2.88301597181472e-06,-1.61575853793294,-24.2508148035044,-22.2975502320639,-28.4723353849596,0
-0.306573033704008,-1.15845150667174,-0.483410549144034,-1.26416604848547,-1.8,-0.032319372928913,-0.499309580934424,2.90090174245021e-06,-1.61571984131443,-24.2508433036446,-22.2975318294946,-28.4723435910505,0
-0.306573033704008,-1.15845161042544,-0.483411672390901,-1.26416680058118,-1.8,-0.0324981667623035,-0.499212843266538,2.91806903230685e-06,-1.61568154319275,-24.2508714934596,-22.2975136114842,-28.4723517007542,0
-0.306573033704008,-1.15845171264949,-0.483412784010288,-1.26416754766498,-1.8,-0.0326763642590745,-0.499116433850682,2.93453710635547e-06,-1.61564363643445,-24.2508993782587,-22.2974955746462,-28.472359715633,0
-0.306573033704008,-1.15845181336465,-0.483413884208277,-1.26416828963068,-1.8,-0.0328539672716191,-0.499020351527175,2.95032481487981e-06,-1.61560611403986,-24.2509269632575,-22.2974777156596,-28.4723676372239,0
-0.306573033704008,-1.15845191259151,-0.483414973187124,-1.26416902637876,-1.8,-0.0330309776464525,-0.498924595142937,2.96545059990269e-06,-1.61556896914066,-24.2509542535797,-22.2974600312676,-28.4723754670389,0
-0.306573033704008,-1.1584520103504,-0.483416051145338,-1.26416975781607,-1.8,-0.0332073972243144,-0.498829163551369,2.97993250159754e-06,-1.6155321949975,-24.2509812542586,-22.2974425182766,-28.4723832065656,0
-0.306573033704008,-1.15845210666141,-0.483417118277741,-1.26417048385565,-1.8,-0.0333832278402679,-0.498734055612229,2.99378816468491e-06,-1.6154957849976,-24.2510079702382,-22.2974251735547,-28.4723908572673,0
-0.306573033704008,-1.15845220154444,-0.483418174775537,-1.2641712044165,-1.8,-0.0335584713237937,-0.498639270191516,3.00703484481244e-06,-1.61545973265247,-24.2510344063756,-22.2974079940309,-28.4723984205833,0
-0.306573033704008,-1.15845229501914,-0.483419220826379,-1.26417191942336,-1.8,-0.0337331294988817,-0.498544806161358,3.01968941490546e-06,-1.61542403159563,-24.2510605674418,-22.2973909766937,-28.4724058979299,0
-0.306573033704008,-1.15845238710494,-0.483420256614429,-1.26417262880652,-1.8,-0.0339072041841186,-0.498450662399896,3.03176837149861e-06,-1.61538867558036,-24.2510864581232,-22.2973741185899,-28.4724132906998,0
-0.306573033704008,-1.15845247782104,-0.483421282320427,-1.26417333250163,-1.8,-0.0340806971927716,-0.498356837791178,3.04328784103217e-06,-1.61535365847751,-24.2511120830235,-22.2973574168239,-28.4724206002631,0
-0.306573033704008,-1.15845256718644,-0.48342229812175,-1.26417403044947,-1.8,-0.0342536103328699,-0.498263331225054,3.05426358611255e-06,-1.61531897427336,-24.2511374466645,-22.2973408685562,-28.4724278279678,0
-0.306573033704008,-1.1584526552199,-0.483423304192468,-1.26417472259581,-1.8,-0.0344259454072816,-0.498170141597075,3.0647110117359e-06,-1.61528461706747,-24.2511625534882,-22.2973244710023,-28.4724349751395,0
-0.306573033704008,-1.15845274193997,-0.483424300703415,-1.2641754088912,-1.8,-0.0345977042137887,-0.498077267808394,3.07464517147505e-06,-1.61525058107067,-24.2511874078575,-22.2973082214321,-28.4724420430821,0
-0.306573033704008,-1.15845282736499,-0.483425287822236,-1.26417608929081,-1.8,-0.0347688885451583,-0.497984708765665,3.08408077362123e-06,-1.61521686060293,-24.2512120140578,-22.2972921171685,-28.4724490330783,0
-0.306573033704008,-1.15845291151305,-0.483426265713453,-1.26417676375422,-1.8,-0.0349395001892111,-0.497892463380956,3.09303218727438e-06,-1.61518345009144,-24.2512363762987,-22.2972761555866,-28.4724559463897,0
-0.306573033704008,-1.15845299440207,-0.483427234538518,-1.26417743224534,-1.8,-0.0351095409288874,-0.497800530571654,3.10151344839241e-06,-1.61515034406858,-24.2512604987147,-22.2972603341123,-28.4724627842571,0
-0.306573033704008,-1.15845307604974,-0.483428194455867,-1.26417809473214,-1.8,-0.0352790125423095,-0.497708909260375,3.10953826578802e-06,-1.61511753717004,-24.2512843853669,-22.2972446502221,-28.4724695479009,0
-0.306573033704008,-1.15845315647352,-0.483429145620979,-1.2641787511866,-1.8,-0.0354479168028425,-0.497617598374882,3.11712002706863e-06,-1.61508502413287,-24.2513080402438,-22.2972291014413,-28.4724762385215,0
-0.306573033704008,-1.15845323569068,-0.483430088186429,-1.26417940158447,-1.8,-0.0356162554791518,-0.497526596848001,3.12427180452788e-06,-1.61505279979365,-24.2513314672634,-22.2972136853437,-28.4724828572994,0
-0.306573033704008,-1.15845331371828,-0.483431022301935,-1.26418004590518,-1.8,-0.0357840303352585,-0.497435903617538,3.13100636097327e-06,-1.61502085908668,-24.2513546702734,-22.2971983995504,-28.4724894053958,0
-0.306573033704008,-1.15845339057317,-0.48343194811442,-1.26418068413168,-1.8,-0.0359512431305919,-0.497345517626198,3.13733615550223e-06,-1.61498919704212,-24.2513776530531,-22.2971832417287,-28.4724958839526,0
-0.306573033704008,-1.15845346627199,-0.483432865768051,-1.26418131625032,-1.8,-0.0361178956200405,-0.497255437821515,3.14327334921603e-06,-1.61495780878429,-24.2514004193145,-22.2971682095919,-28.472502294093,0
-0.306573033704008,-1.15845354083119,-0.4834337754043,-1.26418194225067,-1.8,-0.036283989554,-0.497165663155773,3.14882981086952e-06,-1.61492668952991,-24.2514229727029,-22.2971533008977,-28.4725086369213,0
-0.306573033704008,-1.15845361426699,-0.483434677161984,-1.26418256212543,-1.8,-0.0364495266784192,-0.497076192585932,3.15401712246188e-06,-1.61489583458637,-24.251445316799,-22.2971385134476,-28.4725149135239,0
-0.306573033704008,-1.15845368659544,-0.483435571177322,-1.26418317587031,-1.8,-0.0366145087348447,-0.496987025073563,3.15884658476484e-06,-1.61486523935013,-24.2514674551191,-22.2971238450864,-28.4725211249689,0
-0.306573033704008,-1.15845375783238,-0.483436457583974,-1.26418378348389,-1.8,-0.0367789374604621,-0.496898159584777,3.16332922277992e-06,-1.61483489930502,-24.2514893911167,-22.2971092937008,-28.472527272307,0
-0.306573033704008,-1.15845382799345,-0.483437336513092,-1.26418438496749,-1.8,-0.0369428145881365,-0.496809595090158,3.16747579113925e-06,-1.61480481002064,-24.2515111281836,-22.2970948572191,-28.4725333565713,0
-0.306573033704008,-1.1584538970941,-0.483438208093367,-1.2641849803251,-1.8,-0.0371061418464508,-0.496721330564701,3.17129677943012e-06,-1.61477496715081,-24.2515326696507,-22.29708053361,-28.4725393787776,0
-0.306573033704008,-1.15845396514957,-0.48343907245107,-1.2641855695632,-1.8,-0.0372689209597414,-0.496633364987745,3.17480241746008e-06,-1.61474536643196,-24.2515540187892,-22.2970663208823,-28.472545339925,0
-0.306573033704008,-1.15845403217493,-0.483439929710098,-1.26418615269075,-1.8,-0.0374311536481333,-0.49654569734292,3.17800268045152e-06,-1.61471600368168,-24.2515751788118,-22.2970522170836,-28.472551240996,0
-0.306573033704008,-1.15845409818504,-0.483440779992018,-1.26418672971898,-1.8,-0.037592841627573,-0.496458326618079,3.18090729416416e-06,-1.61468687479713,-24.2515961528735,-22.2970382203001,-28.4725570829566,0
-0.306573033704008,-1.1584541631946,-0.483441623416109,-1.26418730066136,-1.8,-0.0377539866098592,-0.49637125180525,3.18352573995571e-06,-1.61465797575367,-24.2516169440724,-22.2970243286553,-28.4725628667569,0
-0.306573033704008,-1.15845422721808,-0.483442460099403,-1.2641878655335,-1.8,-0.037914590302673,-0.496284471900571,3.18586725976804e-06,-1.61462930260334,-24.2516375554514,-22.2970105403099,-28.4725685933309,0
-0.306573033704008,-1.15845429026981,-0.483443290156727,-1.26418842435302,-1.8,-0.0380746544096057,-0.496197985904244,3.18794086104488e-06,-1.61460085147345,-24.2516579899982,-22.2969968534606,-28.4725742635972,0
-0.306573033704008,-1.1584543523639,-0.483444113700743,-1.26418897713947,-1.8,-0.0382341806301857,-0.496111792820478,3.18975532158107e-06,-1.61457261856524,-24.251678250647,-22.2969832663395,-28.4725798784589,0
-0.306573033704008,-1.1584544135143,-0.483444930841987,-1.26418952391427,-1.8,-0.0383931706599034,-0.496025891657439,3.19131919430225e-06,-1.61454460015246,-24.2516983402793,-22.2969697772137,-28.4725854388042,0
-0.306573033704008,-1.15845447373477,-0.483445741688909,-1.26419006470059,-1.8,-0.0385516261902354,-0.495940281427203,3.19264081196684e-06,-1.61451679258005,-24.2517182617245,-22.2969563843844,-28.4725909455062,0
-0.306573033704008,-1.1584545330389,-0.483446546347911,-1.26419059952329,-1.8,-0.038709548908667,-0.495854961145704,3.19372829180928e-06,-1.6144891922628,-24.2517380177609,-22.2969430861862,-28.4725963994237,0
-0.306573033704008,-1.15845459144009,-0.483447344923383,-1.26419112840882,-1.8,-0.0388669404987133,-0.495769929832691,3.19458954010918e-06,-1.61446179568409,-24.2517576111171,-22.2969298809867,-28.4726018014007,0
-0.306573033704008,-1.15845464895157,-0.483448137517741,-1.26419165138516,-1.8,-0.0390238026399394,-0.495685186511679,3.19523225668441e-06,-1.61443459939459,-24.2517770444721,-22.2969167671856,-28.4726071522673,0
-0.306573033704008,-1.15845470558642,-0.483448924231465,-1.26419216848175,-1.8,-0.0391801370079795,-0.49560073020991,3.19566393931899e-06,-1.61440760001104,-24.2517963204567,-22.2969037432143,-28.4726124528396,0
-0.306573033704008,-1.15845476135751,-0.48344970516313,-1.26419267972937,-1.8,-0.0393359452745543,-0.495516559958306,3.19589188812667e-06,-1.61438079421499,-24.2518154416539,-22.2968908075351,-28.47261770392,0
-0.306573033704008,-1.15845481627756,-0.483450480409446,-1.26419318516016,-1.8,-0.0394912291074881,-0.495432674791428,3.19592320983038e-06,-1.61435417875161,-24.2518344106004,-22.2968779586408,-28.4726229062973,0
-0.306573033704008,-1.15845487035913,-0.483451250065288,-1.26419368480744,-1.8,-0.0396459901707241,-0.495349073747441,3.19576482199049e-06,-1.61432775042853,-24.2518532297868,-22.2968651950541,-28.4726280607473,0
-0.306573033704008,-1.1584549236146,-0.483452014223733,-1.26419417870575,-1.8,-0.0398002301243393,-0.495265755868067,3.19542345714727e-06,-1.61430150611464,-24.2518719016585,-22.2968525153268,-28.4726331680324,0
-0.306573033704008,-1.15845497605619,-0.48345277297609,-1.26419466689071,-1.8,-0.0399539506245582,-0.495182720198553,3.19490566690474e-06,-1.61427544273899,-24.2518904286168,-22.2968399180395,-28.4726382289023,0
-0.306573033704008,-1.15845502769596,-0.483453526411935,-1.264195149399,-1.8,-0.0401071533237652,-0.495099965787632,3.19421782594495e-06,-1.61424955728965,-24.2519088130193,-22.2968274018009,-28.4726432440942,0
-0.306573033704008,-1.1584550785458,-0.483454274619143,-1.26419562626829,-1.8,-0.0402598398705171,-0.495017491687487,3.19336613597135e-06,-1.6142238468126,-24.251927057181,-22.2968149652473,-28.4726482143324,0
-0.306573033704008,-1.15845512861745,-0.483455017683917,-1.26419609753717,-1.8,-0.0404120119095537,-0.494935296953719,3.19235662958292e-06,-1.61419830841069,-24.2519451633749,-22.2968026070422,-28.4726531403295,0
-0.306573033704008,-1.15845517792249,-0.483455755690819,-1.26419656324512,-1.8,-0.0405636710818083,-0.494853380645308,3.19119517409062e-06,-1.61417293924254,-24.2519631338325,-22.2967903258754,-28.4726580227858,0
-0.306573033704008,-1.15845522647235,-0.483456488722803,-1.26419702343244,-1.8,-0.0407148190244168,-0.494771741824586,3.18988747525493e-06,-1.61414773652152,-24.251980970745,-22.296778120463,-28.4726628623896,0
-0.306573033704008,-1.15845527427829,-0.483457216861243,-1.26419747814019,-1.8,-0.0408654573707268,-0.494690379557202,3.18843908097144e-06,-1.61412269751474,-24.2519986762635,-22.2967659895466,-28.4726676598177,0
-0.306573033704008,-1.15845532135143,-0.483457940185961,-1.26419792741017,-1.8,-0.0410155877503054,-0.494609292912092,3.18685538487386e-06,-1.61409781954201,-24.2520162525003,-22.2967539318928,-28.4726724157356,0
-0.306573033704008,-1.15845536770273,-0.483458658775257,-1.26419837128483,-1.8,-0.0411652117889463,-0.494528480961449,3.18514162989031e-06,-1.61407309997491,-24.2520337015289,-22.2967419462928,-28.4726771307972,0
-0.306573033704008,-1.15845541334302,-0.483459372705937,-1.26419880980727,-1.8,-0.0413143311086771,-0.494447942780695,3.18330291172051e-06,-1.61404853623578,-24.2520510253853,-22.2967300315618,-28.4726818056454,0
-0.306573033704008,-1.15845545828296,-0.48346008205334,-1.26419924302117,-1.8,-0.0414629473277646,-0.49436767744845,3.18134418225597e-06,-1.61402412579676,-24.2520682260682,-22.2967181865387,-28.4726864409123,0
-0.306573033704008,-1.15845550253307,-0.483460786891366,-1.26419967097074,-1.8,-0.0416110620607206,-0.494287684046508,3.1792702529398e-06,-1.61399986617894,-24.2520853055399,-22.2967064100858,-28.4726910372192,0
-0.306573033704008,-1.15845554610373,-0.483461487292502,-1.26420009370068,-1.8,-0.041758676918307,-0.494207961659808,3.17708579805657e-06,-1.61397575495132,-24.252102265727,-22.2966947010878,-28.4726955951766,0
-0.306573033704008,-1.15845558900519,-0.483462183327849,-1.26420051125618,-1.8,-0.0419057935075394,-0.49412850937641,3.17479535797065e-06,-1.61395178973004,-24.2521191085207,-22.2966830584518,-28.472700115385,0
-0.306573033704008,-1.15845563124753,-0.483462875067145,-1.26420092368281,-1.8,-0.0420524134316919,-0.494049326287468,3.17240334228934e-06,-1.61392796817741,-24.2521358357778,-22.296671481107,-28.4727045984344,0
-0.306573033704008,-1.15845567284071,-0.483463562578793,-1.26420133102655,-1.8,-0.0421985382902996,-0.493970411487206,3.16991403297956e-06,-1.61390428800107,-24.2521524493211,-22.2966599680036,-28.4727090449047,0
-0.306573033704008,-1.15845571379454,-0.483464245929886,-1.26420173333371,-1.8,-0.0423441696791617,-0.493891764072898,3.16733158741883e-06,-1.61388074695315,-24.2521689509401,-22.2966485181132,-28.4727134553662,0
-0.306573033704008,-1.15845575411873,-0.483464925186229,-1.26420213065093,-1.8,-0.0424893091903443,-0.493813383144838,3.16466004138512e-06,-1.61385734282942,-24.2521853423915,-22.2966371304279,-28.4727178303791,0
-0.306573033704008,-1.1584557938228,-0.483465600412365,-1.26420252302512,-1.8,-0.0426339584121819,-0.493735267806324,3.16190331199239e-06,-1.6138340734685,-24.2522016253997,-22.29662580396,-28.4727221704943,0
-0.306573033704008,-1.15845583291617,-0.483466271671597,-1.26420291050342,-1.8,-0.0427781189292791,-0.493657417163635,3.15906520056905e-06,-1.61381093675101,-24.2522178016577,-22.2966145377417,-28.4727264762531,0
-0.306573033704008,-1.15845587140813,-0.483466939026011,-1.2642032931332,-1.8,-0.0429217923225121,-0.493579830326006,3.15614939547396e-06,-1.61378793059882,-24.2522338728273,-22.2966033308245,-28.4727307481877,0
-0.306573033704008,-1.15845590930783,-0.4834676025365,-1.26420367096203,-1.8,-0.0430649801690293,-0.493502506405612,3.15315947486222e-06,-1.61376505297424,-24.2522498405399,-22.2965921822792,-28.4727349868211,0
-0.306573033704008,-1.1584559466243,-0.483468262262786,-1.26420404403761,-1.8,-0.0432076840422519,-0.493425444517548,3.15009890939427e-06,-1.6137423018793,-24.2522657063968,-22.296581091195,-28.4727391926672,0
-0.306573033704008,-1.15845598336643,-0.48346891826344,-1.26420441240778,-1.8,-0.0433499055118741,-0.493348643779807,3.14697106488861e-06,-1.61371967535496,-24.2522814719701,-22.2965700566798,-28.4727433662314,0
-0.306573033704008,-1.15845601954301,-0.483469570595905,-1.2642047761205,-1.8,-0.0434916461438631,-0.493272103313261,3.14377920492179e-06,-1.61369717148042,-24.2522971388028,-22.2965590778591,-28.4727475080102,0
-0.306573033704008,-1.15845605516267,-0.483470219316518,-1.26420513522378,-1.8,-0.0436329075004586,-0.493195822241648,3.14052649337907e-06,-1.61367478837234,-24.2523127084095,-22.2965481538764,-28.4727516184915,0
-0.306573033704008,-1.15845609023394,-0.483470864480526,-1.26420548976571,-1.8,-0.0437736911401723,-0.493119799691547,3.1372159969429e-06,-1.6136525241842,-24.252328182277,-22.2965372838922,-28.4727556981551,0
-0.306573033704008,-1.15845612476524,-0.483471506142113,-1.2642058397944,-1.8,-0.0439139986177869,-0.493044034792367,3.13385068754281e-06,-1.61363037710555,-24.2523435618648,-22.2965264670842,-28.4727597474723,0
-0.306573033704008,-1.15845615876484,-0.483472144354416,-1.26420618535796,-1.8,-0.0440538314843551,-0.492968526676327,3.13043344474413e-06,-1.61360834536137,-24.2523588486054,-22.2965157026464,-28.4727637669065,0
-0.306573033704008,-1.15845619224093,-0.483472779169544,-1.26420652650451,-1.8,-0.0441931912871982,-0.49289327447844,3.12696705809202e-06,-1.61358642721138,-24.2523740439048,-22.2965049897895,-28.4727677569128,0
-0.306573033704008,-1.15845622520155,-0.483473410638597,-1.2642068632821,-1.8,-0.0443320795699046,-0.492818277336496,3.12345422940529e-06,-1.61356462094936,-24.2523891491431,-22.2964943277398,-28.4727717179389,0
-0.306573033704008,-1.15845625765464,-0.483474038811689,-1.26420719573877,-1.8,-0.0444704978723281,-0.492743534391052,3.11989757501876e-06,-1.61354292490256,-24.2524041656751,-22.2964837157395,-28.4727756504243,0
-0.306573033704008,-1.15845628960803,-0.483474663737963,-1.26420752392245,-1.8,-0.044608447730586,-0.49266904478541,3.11629962798277e-06,-1.61352133743101,-24.2524190948303,-22.2964731530461,-28.4727795548013,0
-0.306573033704008,-1.15845632106942,-0.483475285465609,-1.26420784788101,-1.8,-0.0447459306770572,-0.492594807665606,3.11266284021417e-06,-1.61349985692696,-24.2524339379137,-22.2964626389322,-28.4727834314946,0
-0.306573033704008,-1.15845635204643,-0.483475904041882,-1.26420816766219,-1.8,-0.0448829482403798,-0.492520822180397,3.10898958459664e-06,-1.6134784818142,-24.2524486962064,-22.2964521726852,-28.4727872809215,0
-0.306573033704008,-1.15845638254655,-0.483476519513121,-1.26420848331361,-1.8,-0.0450195019454488,-0.492447087481244,3.10528215704574e-06,-1.61345721054751,-24.2524633709653,-22.2964417536067,-28.4727911034922,0
-0.306573033704008,-1.15845641257715,-0.483477131924767,-1.26420879488277,-1.8,-0.045155593313414,-0.492373602722302,3.1015427785148e-06,-1.61343604161204,-24.2524779634246,-22.296431381013,-28.4727948996097,0
-0.306573033704008,-1.15845644214553,-0.483477741321375,-1.26420910241699,-1.8,-0.0452912238616769,-0.492300367060402,3.09777359697183e-06,-1.61341497352277,-24.2524924747951,-22.2964210542339,-28.4727986696701,0
-0.306573033704008,-1.15845647125885,-0.483478347746638,-1.26420940596342,-1.8,-0.0454263951038886,-0.492227379655045,3.09397668932142e-06,-1.61339400482392,-24.2525069062655,-22.296410772613,-28.4728024140625,0
-0.306573033704008,-1.15845649992419,-0.483478951243395,-1.26420970556906,-1.8,-0.0455611085499468,-0.492154639668383,3.09015406329031e-06,-1.61337313408837,-24.2525212590023,-22.2964005355072,-28.4728061331696,0
-0.306573033704008,-1.15845652814851,-0.483479551853655,-1.26421000128067,-1.8,-0.045695365705993,-0.492082146265213,3.08630765927043e-06,-1.61335235991717,-24.2525355341504,-22.2963903422867,-28.472809827367,0
-0.306573033704008,-1.15845655593868,-0.483480149618605,-1.26421029314483,-1.8,-0.0458291680744097,-0.492009898612959,3.08243935212006e-06,-1.61333168093895,-24.2525497328334,-22.2963801923344,-28.4728134970241,0
-0.306573033704008,-1.15845658330146,-0.483480744578634,-1.2642105812079,-1.8,-0.0459625171538175,-0.491937895881666,3.07855095292378e-06,-1.61331109580942,-24.252563856154,-22.2963700850458,-28.4728171425038,0
-0.306573033704008,-1.15845661024353,-0.483481336773339,-1.26421086551598,-1.8,-0.0460954144390722,-0.491866137243985,3.07464421071413e-06,-1.61329060321085,-24.2525779051944,-22.2963600198288,-28.4728207641626,0
-0.306573033704008,-1.15845663677146,-0.483481926241547,-1.26421114611497,-1.8,-0.0462278614212614,-0.491794621875164,3.07072081415342e-06,-1.61327020185157,-24.2525918810168,-22.2963499961034,-28.4728243623511,0
-0.306573033704008,-1.1584566628917,-0.483482513021327,-1.26421142305048,-1.8,-0.0463598595877005,-0.491723348953039,3.06678239420168e-06,-1.61324989046534,-24.2526057846632,-22.2963400133014,-28.4728279374132,0
-0.306573033704008,-1.15845668861063,-0.483483097150004,-1.26421169636787,-1.8,-0.0464914104219306,-0.49165231765802,3.06283052502732e-06,-1.61322966781094,-24.252619617156,-22.2963300708661,-28.472831489687,0
-0.306573033704008,-1.15845671393453,-0.483483678664174,-1.26421196611224,-1.8,-0.0466225154037155,-0.491581527173083,3.05886672517437e-06,-1.61320953267175,-24.2526333794989,-22.2963201682522,-28.4728350195046,0
-0.306573033704008,-1.15845673886958,-0.483484257599717,-1.2642122323284,-1.8,-0.0467531760090392,-0.491510976683761,3.05489245909307e-06,-1.61318948385526,-24.2526470726766,-22.2963103049257,-28.4728385271923,0
-0.306573033704008,-1.15845676342186,-0.483484833991809,-1.26421249506087,-1.8,-0.0468833937101024,-0.49144066537813,3.05090913864604e-06,-1.61316952019262,-24.2526606976555,-22.2963004803634,-28.4728420130708,0
-0.306573033704008,-1.15845678759739,-0.483485407874939,-1.26421275435388,-1.8,-0.0470131699753199,-0.491370592446805,3.04691812457546e-06,-1.61314964053817,-24.252674255384,-22.296290694053,-28.4728454774553,0
-0.306573033704008,-1.15845681140208,-0.48348597928292,-1.26421301025135,-1.8,-0.0471425062693171,-0.491300757082926,3.04292072792699e-06,-1.61312984376902,-24.2526877467928,-22.2962809454928,-28.4728489206551,0
-0.306573033704008,-1.15845683484175,-0.483486548248903,-1.26421326279689,-1.8,-0.0472714040529272,-0.491231158482155,3.03891821145867e-06,-1.61311012878459,-24.252701172795,-22.2962712341911,-28.4728523429746,0
-0.306573033704008,-1.15845685792215,-0.483487114805385,-1.26421351203379,-1.8,-0.0473998647831882,-0.491161795842659,3.03491179099515e-06,-1.61309049450619,-24.252714534287,-22.2962615596667,-28.4728557447126,0
-0.306573033704008,-1.15845688064893,-0.48348767898423,-1.26421375800504,-1.8,-0.0475278899133398,-0.491092668365108,3.03090263676545e-06,-1.61307093987659,-24.2527278321481,-22.2962519214482,-28.4728591261627,0
-0.306573033704008,-1.15845690302767,-0.483488240816671,-1.26421400075326,-1.8,-0.0476554808928209,-0.491023775252665,3.02689187470234e-06,-1.61305146385961,-24.2527410672414,-22.2962423190738,-28.4728624876133,0
-0.306573033704008,-1.15845692506385,-0.483488800333331,-1.26421424032078,-1.8,-0.0477826391672662,-0.490955115710975,3.02288058771701e-06,-1.61303206543973,-24.2527542404136,-22.2962327520914,-28.4728658293481,0
-0.306573033704008,-1.15845694676289,-0.483489357564229,-1.26421447674957,-1.8,-0.0479093661785037,-0.490886688948161,3.0188698169294e-06,-1.61301274362166,-24.2527673524958,-22.2962232200582,-28.4728691516454,0
-0.306573033704008,-1.15845696813012,-0.483489912538794,-1.26421471008124,-1.8,-0.0480356633645519,-0.490818494174814,3.01486056288245e-06,-1.61299349742998,-24.2527804043032,-22.2962137225404,-28.4728724547789,0
-0.306573033704008,-1.15845698917078,-0.483490465285875,-1.26421494035709,-1.8,-0.0481615321596169,-0.490750530603984,3.01085378672215e-06,-1.61297432590874,-24.252793396636,-22.2962042591135,-28.4728757390174,0
-0.306573033704008,-1.15845700989004,-0.483491015833753,-1.26421516761804,-1.8,-0.0482869739940901,-0.490682797451175,3.00685041134952e-06,-1.61295522812106,-24.2528063302793,-22.2961948293615,-28.472879004625,0
-0.306573033704008,-1.15845703029301,-0.483491564210152,-1.26421539190467,-1.8,-0.0484119902945453,-0.490615293934337,3.00285132254103e-06,-1.61293620314882,-24.2528192060033,-22.2961854328772,-28.4728822518611,0
-0.306573033704008,-1.15845705038469,-0.483492110442248,-1.26421561325719,-1.8,-0.0485365824837366,-0.490548019273855,2.99885737004563e-06,-1.61291725009224,-24.2528320245641,-22.2961760692617,-28.4728854809807,0
-0.306573033704008,-1.15845707017003,-0.483492654556682,-1.26421583171545,-1.8,-0.0486607519805955,-0.490480972692549,2.99486936865395e-06,-1.61289836806955,-24.2528447867031,-22.2961667381244,-28.4728886922343,0
-0.306573033704008,-1.1584570896539,-0.483493196579569,-1.26421604731895,-1.8,-0.048784500200229,-0.490414153415661,2.99088809923754e-06,-1.61287955621663,-24.2528574931482,-22.296157439083,-28.4728918858679,0
-0.306573033704008,-1.1584571088411,-0.483493736536507,-1.26421626010681,-1.8,-0.048907828553917,-0.490347560670848,2.98691430976954e-06,-1.61286081368668,-24.2528701446134,-22.296148171763,-28.4728950621232,0
-0.306573033704008,-1.15845712773635,-0.483494274452589,-1.26421647011779,-1.8,-0.0490307384491103,-0.49028119368818,2.98294871630954e-06,-1.61284213964986,-24.2528827417992,-22.2961389357976,-28.4728982212376,0
-0.306573033704008,-1.15845714634429,-0.483494810352412,-1.26421667739027,-1.8,-0.0491532312894288,-0.490215051700129,2.97899200397818e-06,-1.61282353329298,-24.2528952853932,-22.2961297308278,-28.4729013634445,0
-0.306573033704008,-1.15845716466953,-0.483495344260086,-1.26421688196226,-1.8,-0.0492753084746589,-0.490149133941564,2.97504482788742e-06,-1.61280499381916,-24.2529077760697,-22.296120556502,-28.4729044889731,0
-0.306573033704008,-1.15845718271656,-0.483495876199243,-1.2642170838714,-1.8,-0.0493969714007523,-0.490083439649745,2.97110781406775e-06,-1.61278652044755,-24.2529202144906,-22.2961114124759,-28.4729075980484,0
-0.306573033704008,-1.15845720048983,-0.483496406193047,-1.26421728315496,-1.8,-0.0495182214598235,-0.490017968064315,2.96718156035945e-06,-1.61276811241294,-24.2529326013051,-22.2961022984124,-28.4729106908917,0
-0.306573033704008,-1.15845721799373,-0.483496934264206,-1.26421747984982,-1.8,-0.0496390600401489,-0.489952718427295,2.9632666372824e-06,-1.61274976896554,-24.2529449371502,-22.2960932139816,-28.4729137677202,0
-0.306573033704008,-1.15845723523256,-0.483497460434973,-1.2642176739925,-1.8,-0.0497594885261645,-0.489887689983079,2.95936358888606e-06,-1.61273148937062,-24.2529572226509,-22.2960841588601,-28.4729168287475,0
-0.306573033704008,-1.15845725221057,-0.483497984727165,-1.26421786561913,-1.8,-0.0498795082984652,-0.489822881978424,2.95547293358112e-06,-1.61271327290822,-24.2529694584205,-22.2960751327317,-28.4729198741831,0
-0.306573033704008,-1.15845726893194,-0.483498507162161,-1.26421805476545,-1.8,-0.0499991207338024,-0.489758293662447,2.95159516494101e-06,-1.61269511887289,-24.2529816450607,-22.2960661352865,-28.4729229042332,0
-0.306573033704008,-1.1584572854008,-0.483499027760918,-1.26421824146686,-1.8,-0.0501183272050839,-0.489693924286621,2.94773075248756e-06,-1.61267702657339,-24.2529937831617,-22.2960571662213,-28.4729259190999,0
-0.306573033704008,-1.15845730162119,-0.483499546543979,-1.26421842575835,-1.8,-0.0502371290813718,-0.489629773104763,2.94388014245865e-06,-1.6126589953324,-24.2530058733026,-22.296048225239,-28.4729289189821,0
-0.306573033704008,-1.15845731759712,-0.483500063531474,-1.26421860767454,-1.8,-0.0503555277278822,-0.489565839373035,2.94004375854782e-06,-1.61264102448625,-24.2530179160516,-22.2960393120489,-28.472931904075,0
-0.306573033704008,-1.15845733333251,-0.483500578743138,-1.26421878724967,-1.8,-0.0504735245059836,-0.489502122349932,2.9362220026361e-06,-1.61262311338466,-24.2530299119661,-22.2960304263664,-28.4729348745705,0
-0.306573033704008,-1.15845734883124,-0.483501092198309,-1.26421896451761,-1.8,-0.0505911207731969,-0.489438621296283,2.93241525549525e-06,-1.61260526139047,-24.2530418615931,-22.2960215679127,-28.4729378306569,0
-0.306573033704008,-1.15845736409712,-0.483501603915943,-1.26421913951185,-1.8,-0.0507083178831939,-0.489375335475238,2.92862387747036e-06,-1.61258746787938,-24.253053765469,-22.2960127364152,-28.4729407725194,0
-0.306573033704008,-1.15845737913391,-0.483502113914619,-1.26421931226549,-1.8,-0.0508251171857973,-0.489312264152271,2.92484820915745e-06,-1.61256973223969,-24.2530656241203,-22.2960039316065,-28.4729437003396,0
-0.306573033704008,-1.15845739394531,-0.483502622212545,-1.26421948281128,-1.8,-0.05094152002698,-0.489249406595165,2.9210885705237e-06,-1.61255205387207,-24.2530774380634,-22.2959951532253,-28.4729466142963,0
-0.306573033704008,-1.15845740853496,-0.483503128827566,-1.26421965118157,-1.8,-0.051057527748865,-0.489186762074015,2.91734525290102e-06,-1.61253443218929,-24.2530892078049,-22.2959864010155,-28.4729495145648,0
-0.306573033704008,-1.15845742290644,-0.483503633777174,-1.26421981740835,-1.8,-0.0511731416897249,-0.489124329861218,2.9136185301999e-06,-1.612516866616,-24.2531009338418,-22.2959776747265,-28.4729524013175,0
-0.306573033704008,-1.15845743706328,-0.48350413707851,-1.26421998152325,-1.8,-0.0512883631839821,-0.489062109231468,2.90990865950067e-06,-1.61249935658848,-24.2531126166619,-22.2959689741129,-28.4729552747235,0
-0.306573033704008,-1.15845745100897,-0.483504638748374,-1.26422014355749,-1.8,-0.0514031935622085,-0.489000099461753,2.90621588161778e-06,-1.61248190155441,-24.2531242567433,-22.2959602989347,-28.4729581349492,0
-0.306573033704008,-1.15845746474692,-0.483505138803231,-1.26422030354196,-1.8,-0.0515176341511261,-0.488938299831348,2.90254042166672e-06,-1.61246450097266,-24.2531358545555,-22.2959516489565,-28.4729609821578,0
-0.306573033704008,-1.15845747828051,-0.483505637259218,-1.26422046150717,-1.8,-0.0516316862736069,-0.488876709621808,2.89888248959445e-06,-1.61244715431304,-24.2531474105589,-22.2959430239483,-28.4729638165097,0
-0.306573033704008,-1.15845749161304,-0.483506134132151,-1.26422061748325,-1.8,-0.0517453512486738,-0.488815328116967,2.89524228070813e-06,-1.61242986105611,-24.2531589252051,-22.2959344236847,-28.4729666381626,0
-0.306573033704008,-1.1584575047478,-0.483506629437529,-1.26422077149999,-1.8,-0.0518586303915003,-0.488754154602932,2.89161997619162e-06,-1.61241262069294,-24.2531703989372,-22.2959258479452,-28.4729694472711,0
-0.306573033704008,-1.15845751768799,-0.483507123190541,-1.26422092358678,-1.8,-0.0519715250134121,-0.488693188368073,2.88801574359498e-06,-1.6123954327249,-24.25318183219,-22.2959172965137,-28.4729722439873,0
-0.306573033704008,-1.15845753043678,-0.483507615406075,-1.26422107377269,-1.8,-0.0520840364218873,-0.488632428703026,2.88442973732343e-06,-1.61237829666348,-24.2531932253898,-22.295908769179,-28.4729750284604,0
-0.306573033704008,-1.15845754299728,-0.483508106098721,-1.26422122208641,-1.8,-0.0521961659205576,-0.488571874900679,2.88086209910422e-06,-1.61236121203008,-24.253204578955,-22.295900265734,-28.4729778008372,0
-0.306573033704008,-1.15845755537257,-0.483508595282776,-1.26422136855627,-1.8,-0.052307914809209,-0.488511526256177,2.8773129584439e-06,-1.61234417835576,-24.253215893296,-22.2958917859762,-28.4729805612617,0
-0.306573033704008,-1.15845756756567,-0.483509082972254,-1.26422151321025,-1.8,-0.0524192843837832,-0.488451382066908,2.8737824330711e-06,-1.61232719518114,-24.2532271688155,-22.2958833297074,-28.4729833098753,0
-0.306573033704008,-1.15845757957955,-0.483509569180888,-1.26422165607598,-1.8,-0.052530275936379,-0.488391441632502,2.87027062936851e-06,-1.61231026205611,-24.2532384059083,-22.2958748967335,-28.4729860468171,0
-0.306573033704008,-1.15845759141714,-0.483510053922136,-1.26422179718073,-1.8,-0.0526408907552535,-0.488331704254827,2.86677764279257e-06,-1.61229337853971,-24.253249604962,-22.2958664868644,-28.4729887722235,0
-0.306573033704008,-1.15845760308132,-0.483510537209189,-1.26422193655144,-1.8,-0.0527511301248235,-0.488272169237984,2.86330355827677e-06,-1.61227654419993,-24.2532607663567,-22.2958580999141,-28.4729914862286,0
-0.306573033704008,-1.15845761457492,-0.483511019054973,-1.26422207421468,-1.8,-0.0528609953256676,-0.488212835888298,2.85984845063046e-06,-1.61225975861348,-24.2532718904652,-22.2958497357007,-28.4729941889641,0
-0.306573033704008,-1.15845762590075,-0.483511499472156,-1.26422221019669,-1.8,-0.0529704876345276,-0.488153703514318,2.85641238491777e-06,-1.61224302136572,-24.2532829776533,-22.2958413940459,-28.4729968805593,0
-0.306573033704008,-1.15845763706154,-0.483511978473153,-1.26422234452337,-1.8,-0.0530796083243104,-0.488094771426812,2.85299541683736e-06,-1.61222633205035,-24.25329402828,-22.2958330747752,-28.4729995611413,0
-0.306573033704008,-1.15845764806001,-0.483512456070132,-1.26422247722029,-1.8,-0.0531883586640904,-0.488036038938757,2.84959759307607e-06,-1.61220969026936,-24.2533050426972,-22.2958247777179,-28.4730022308348,0
-0.306573033704008,-1.15845765889882,-0.483512932275016,-1.26422260831265,-1.8,-0.053296739919111,-0.487977505365341,2.84621895166287e-06,-1.6121930956328,-24.2533160212503,-22.2958165027068,-28.4730048897625,0
-0.306573033704008,-1.15845766958059,-0.483513407099492,-1.26422273782536,-1.8,-0.0534047533507876,-0.487919170023954,2.84285952231247e-06,-1.61217654775861,-24.2533269642781,-22.2958082495783,-28.4730075380445,0
-0.306573033704008,-1.1584576801079,-0.483513880555013,-1.26422286578296,-1.8,-0.0535124002167094,-0.487861032234182,2.83951932675026e-06,-1.61216004627249,-24.2533378721129,-22.2958000181722,-28.4730101757993,0
-0.306573033704008,-1.15845769048328,-0.483514352652803,-1.26422299220969,-1.8,-0.0536196817706423,-0.487803091317807,2.83619837903844e-06,-1.61214359080773,-24.2533487450809,-22.2957918083318,-28.4730128031429,0
-0.306573033704008,-1.15845770070925,-0.483514823403861,-1.26422311712946,-1.8,-0.0537265992625312,-0.487745346598799,2.83289668588113e-06,-1.61212718100504,-24.2533595835017,-22.2957836199036,-28.4730154201893,0
-0.306573033704008,-1.15845771078826,-0.483515292818969,-1.26422324056584,-1.8,-0.053833153938503,-0.487687797403311,2.82961424693172e-06,-1.61211081651243,-24.2533703876893,-22.2957754527373,-28.4730180270506,0
-0.306573033704008,-1.15845772072274,-0.483515760908691,-1.2642233625421,-1.8,-0.0539393470408693,-0.487630443059677,2.82635105508434e-06,-1.61209449698502,-24.2533811579515,-22.2957673066859,-28.4730206238367,0
-0.306573033704008,-1.15845773051506,-0.483516227683383,-1.26422348308117,-1.8,-0.0540451798081293,-0.487573282898402,2.82310709675509e-06,-1.61207822208493,-24.2533918945902,-22.2957591816054,-28.4730232106559,0
-0.306573033704008,-1.15845774016757,-0.483516693153193,-1.2642236022057,-1.8,-0.0541506534749734,-0.487516316252163,2.81988235215872e-06,-1.6120619914811,-24.2534025979017,-22.2957510773548,-28.4730257876141,0
-0.306573033704008,-1.15845774968258,-0.483517157328066,-1.264223719938,-1.8,-0.0542557692722857,-0.487459542455803,2.81667679557466e-06,-1.6120458048492,-24.2534132681767,-22.2957429937963,-28.4730283548156,0
-0.306573033704008,-1.15845775906237,-0.483517620217752,-1.26422383630008,-1.8,-0.0543605284271477,-0.487402960846321,2.81349039560438e-06,-1.61202966187143,-24.2534239057002,-22.2957349307948,-28.4730309123629,0
-0.306573033704008,-1.15845776830916,-0.483518081831802,-1.26422395131364,-1.8,-0.0544649321628418,-0.487346570762875,2.8103231154272e-06,-1.61201356223644,-24.253434510752,-22.2957268882181,-28.4730334603564,0
-0.306573033704008,-1.15845777742517,-0.483518542179582,-1.26422406500008,-1.8,-0.0545689816988548,-0.487290371546772,2.80717491303579e-06,-1.61199750563916,-24.2534450836065,-22.2957188659368,-28.473035998895,0
-0.306573033704008,-1.15845778641254,-0.483519001270268,-1.26422417738051,-1.8,-0.0546726782508812,-0.487234362541465,2.80404574147566e-06,-1.61198149178068,-24.253455624533,-22.2957108638241,-28.4730385280757,0
-0.306573033704008,-1.15845779527343,-0.483519459112855,-1.26422428847573,-1.8,-0.0547760230308276,-0.487178543092549,2.80093554907317e-06,-1.61196552036813,-24.2534661337955,-22.2957028817561,-28.4730410479936,0
-0.306573033704008,-1.15845780400992,-0.48351991571616,-1.26422439830624,-1.8,-0.054879017246816,-0.487122912547754,2.79784427964868e-06,-1.61194959111455,-24.2534766116532,-22.2956949196113,-28.4730435587425,0
-0.306573033704008,-1.15845781262408,-0.483520371088823,-1.26422450689227,-1.8,-0.0549816621031884,-0.487067470256943,2.79477187274154e-06,-1.61193370373876,-24.2534870583603,-22.2956869772709,-28.4730460604143,0
-0.306573033704008,-1.15845782111793,-0.483520825239314,-1.26422461425374,-1.8,-0.0550839588005101,-0.487012215572104,2.79171826381014e-06,-1.61191785796524,-24.2534974741663,-22.2956790546185,-28.4730485530992,0
-0.306573033704008,-1.15845782949349,-0.483521278175934,-1.2642247204103,-1.8,-0.0551859085355745,-0.486957147847349,2.78868338442621e-06,-1.61190205352402,-24.2535078593157,-22.2956711515401,-28.4730510368858,0
-0.306573033704008,-1.15845783775271,-0.483521729906821,-1.26422482538131,-1.8,-0.0552875125014074,-0.486902266438908,2.78566716248009e-06,-1.61188629015057,-24.2535182140488,-22.2956632679242,-28.4730535118614,0
-0.306573033704008,-1.15845784589752,-0.483522180439952,-1.26422492918585,-1.8,-0.0553887718872711,-0.48684757070512,2.78266952236135e-06,-1.61187056758566,-24.2535285386011,-22.2956554036616,-28.4730559781113,0
-0.306573033704008,-1.15845785392984,-0.483522629783143,-1.26422503184273,-1.8,-0.0554896878786691,-0.486793060006437,2.77969038514048e-06,-1.61185488557526,-24.2535388332037,-22.2956475586453,-28.4730584357197,0
-0.306573033704008,-1.15845786185154,-0.48352307794406,-1.26422513337047,-1.8,-0.0555902616573508,-0.486738733705409,2.77672966874136e-06,-1.61183924387046,-24.2535490980833,-22.2956397327707,-28.4730608847691,0
-0.306573033704008,-1.15845786966445,-0.483523524930214,-1.26422523378735,-1.8,-0.0556904944013159,-0.486684591166689,2.7737872881171e-06,-1.6118236422273,-24.2535593334624,-22.2956319259353,-28.4730633253405,0
-0.306573033704008,-1.15845787737041,-0.483523970748971,-1.26422533311135,-1.8,-0.0557903872848196,-0.48663063175702,2.77086315540511e-06,-1.61180808040674,-24.2535695395593,-22.2956241380386,-28.4730657575136,0
-0.306573033704008,-1.15845788497118,-0.48352441540755,-1.2642254313602,-1.8,-0.0558899414783772,-0.486576854845236,2.76795718009376e-06,-1.61179255817448,-24.2535797165882,-22.2956163689823,-28.4730681813665,0
-0.306573033704008,-1.15845789246852,-0.483524858913027,-1.26422552855136,-1.8,-0.0559891581487695,-0.486523259802255,2.76506926916876e-06,-1.61177707530093,-24.2535898647593,-22.2956086186703,-28.473070596976,0
-0.306573033704008,-1.15845789986417,-0.483525301272343,-1.26422562470205,-1.8,-0.0560880384590475,-0.486469846001072,2.76219932726337e-06,-1.61176163156105,-24.2535999842787,-22.2956008870082,-28.4730730044177,0
-0.306573033704008,-1.15845790715982,-0.483525742492298,-1.26422571982922,-1.8,-0.0561865835685376,-0.486416612816759,2.75934725680016e-06,-1.6117462267343,-24.2536100753489,-22.2955931739038,-28.4730754037656,0
-0.306573033704008,-1.15845791435715,-0.483526182579561,-1.26422581394956,-1.8,-0.0562847946328475,-0.486363559626457,2.75651295812792e-06,-1.6117308606045,-24.2536201381684,-22.2955854792666,-28.4730777950925,0
-0.306573033704008,-1.1584579214578,-0.483526621540672,-1.26422590707952,-1.8,-0.0563826728038707,-0.486310685809371,2.75369632965592e-06,-1.61171553295978,-24.2536301729321,-22.2955778030081,-28.4730801784698,0
-0.306573033704008,-1.15845792846338,-0.483527059382041,-1.2642259992353,-1.8,-0.0564802192297929,-0.486257990746768,2.75089726798158e-06,-1.61170024359246,-24.2536401798311,-22.2955701450417,-28.473082553968,0
-0.306573033704008,-1.1584579353755,-0.483527496109954,-1.26422609043286,-1.8,-0.0565774350550966,-0.486205473821968,2.74811566801482e-06,-1.61168499229896,-24.253650159053,-22.2955625052823,-28.4730849216558,0
-0.306573033704008,-1.15845794219572,-0.483527931730574,-1.26422618068791,-1.8,-0.0566743214205677,-0.486153134420342,2.74535142309355e-06,-1.61166977887975,-24.2536601107821,-22.2955548836469,-28.4730872816011,0
-0.306573033704008,-1.15845794892558,-0.483528366249944,-1.26422627001593,-1.8,-0.0567708794633007,-0.486100971929308,2.7426044251016e-06,-1.61165460313918,-24.253670035199,-22.2955472800538,-28.4730896338705,0
-0.306573033704008,-1.1584579555666,-0.483528799673991,-1.26422635843215,-1.8,-0.0568671103167045,-0.486048985738322,2.7398745645838e-06,-1.6116394648855,-24.2536799324811,-22.2955396944234,-28.4730919785293,0
-0.306573033704008,-1.15845796212027,-0.483529232008525,-1.26422644595159,-1.8,-0.0569630151105088,-0.48599717523888,2.73716173084024e-06,-1.6116243639307,-24.2536898028023,-22.2955321266773,-28.4730943156418,0
-0.306573033704008,-1.15845796858805,-0.483529663259248,-1.26422653258902,-1.8,-0.0570585949707694,-0.485945539824505,2.73446581204352e-06,-1.61160930009043,-24.2536996463336,-22.2955245767391,-28.4730966452711,0
-0.306573033704008,-1.1584579749714,-0.483530093431746,-1.26422661835899,-1.8,-0.0571538510198749,-0.485894078890747,2.7317866953278e-06,-1.611594273184,-24.2537094632425,-22.2955170445336,-28.4730989674791,0
-0.306573033704008,-1.15845798127172,-0.483530522531503,-1.26422670327583,-1.8,-0.0572487843765528,-0.48584279183518,2.72912426688964e-06,-1.61157928303418,-24.2537192536937,-22.2955095299873,-28.4731012823268,0
-0.306573033704008,-1.15845798749042,-0.483530950563894,-1.26422678735363,-1.8,-0.0573433961558751,-0.485791678057391,2.72647841207646e-06,-1.61156432946723,-24.2537290178486,-22.2955020330281,-28.4731035898739,0
-0.306573033704008,-1.15845799362888,-0.483531377534193,-1.26422687060628,-1.8,-0.0574376874692656,-0.48574073695898,2.72384901547659e-06,-1.61154941231277,-24.2537387558658,-22.2954945535855,-28.4731058901792,0
-0.306573033704008,-1.15845799968843,-0.483531803447573,-1.26422695304745,-1.8,-0.0575316594245056,-0.485689967943554,2.72123596100169e-06,-1.61153453140371,-24.2537484679009,-22.2954870915903,-28.4731081833005,0
-0.306573033704008,-1.15845800567042,-0.483532228309106,-1.26422703469059,-1.8,-0.0576253131257406,-0.485639370416721,2.71863913197366e-06,-1.6115196865762,-24.2537581541066,-22.2954796469746,-28.4731104692944,0
-0.306573033704008,-1.15845801157615,-0.483532652123771,-1.26422711554894,-1.8,-0.0577186496734868,-0.485588943786085,2.71605841119902e-06,-1.61150487766951,-24.2537678146329,-22.2954722196719,-28.4731127482166,0
-0.306573033704008,-1.15845801740691,-0.48353307489645,-1.26422719563554,-1.8,-0.057811670164638,-0.485538687461244,2.71349368104289e-06,-1.61149010452604,-24.2537774496271,-22.2954648096172,-28.473115020122,0
-0.306573033704008,-1.15845802316396,-0.483533496631934,-1.26422727496322,-1.8,-0.0579043756924719,-0.485488600853781,2.71094482350521e-06,-1.61147536699117,-24.2537870592336,-22.2954574167466,-28.4731172850643,0
-0.306573033704008,-1.15845802884854,-0.483533917334924,-1.2642273535446,-1.8,-0.0579967673466572,-0.485438683377262,2.70841172028731e-06,-1.61146066491325,-24.2537966435943,-22.2954500409974,-28.4731195430963,0
-0.306573033704008,-1.15845803446189,-0.483534337010031,-1.26422743139211,-1.8,-0.0580888462132601,-0.485388934447229,2.70589425286018e-06,-1.61144599814349,-24.2538062028486,-22.2954426823083,-28.4731217942699,0
-0.306573033704008,-1.1584580400052,-0.483534755661781,-1.26422750851797,-1.8,-0.0581806133747517,-0.485339353481197,2.70339230252946e-06,-1.61143136653595,-24.2538157371332,-22.2954353406192,-28.4731240386361,0
-0.306573033704008,-1.15845804547967,-0.483535173294614,-1.26422758493422,-1.8,-0.0582720699100146,-0.485289939898649,2.70090575049405e-06,-1.61141676994742,-24.2538252465824,-22.2954280158709,-28.473126276245,0
-0.306573033704008,-1.15845805088644,-0.483535589912889,-1.2642276606527,-1.8,-0.0583632168943499,-0.485240693121027,2.69843447790604e-06,-1.61140220823738,-24.2538347313281,-22.2954207080057,-28.4731285071459,0
-0.306573033704008,-1.15845805622667,-0.483536005520883,-1.26422773568506,-1.8,-0.0584540553994847,-0.485191612571733,2.6959783659263e-06,-1.61138768126798,-24.2538441914998,-22.2954134169668,-28.4731307313872,0
-0.306573033704008,-1.15845806150149,-0.483536420122794,-1.26422781004276,-1.8,-0.058544586493579,-0.485142697676119,2.69353729577968e-06,-1.6113731889039,-24.2538536272247,-22.2954061426985,-28.4731329490163,0
-0.306573033704008,-1.158458066712,-0.483536833722743,-1.26422788373708,-1.8,-0.0586348112412329,-0.485093947861488,2.69111114880624e-06,-1.61135873101236,-24.2538630386277,-22.2953988851461,-28.47313516008,0
-0.306573033704008,-1.1584580718593,-0.483537246324776,-1.26422795677911,-1.8,-0.0587247307034941,-0.485045362557079,2.68869980650775e-06,-1.61134430746302,-24.2538724258314,-22.2953916442563,-28.4731373646243,0
-0.306573033704008,-1.15845807694445,-0.483537657932863,-1.26422802917978,-1.8,-0.0588143459378651,-0.484996941194074,2.68630315059698e-06,-1.61132991812798,-24.2538817889563,-22.2953844199763,-28.4731395626941,0
-0.306573033704008,-1.1584580819685,-0.483538068550903,-1.26422810094981,-1.8,-0.0589036579983107,-0.484948683205584,2.68392106304571e-06,-1.61131556288164,-24.2538911281207,-22.2953772122547,-28.4731417543338,0
-0.306573033704008,-1.1584580869325,-0.483538478182725,-1.26422817209978,-1.8,-0.0589926679352654,-0.484900588026647,2.6815534261205e-06,-1.61130124160073,-24.2539004434409,-22.2953700210407,-28.473143939587,0
-0.306573033704008,-1.15845809183747,-0.483538886832088,-1.26422824264006,-1.8,-0.0590813767956412,-0.484852655094224,2.6792001224279e-06,-1.6112869541642,-24.253909735031,-22.2953628462848,-28.4731461184965,0
-0.306573033704008,-1.1584580966844,-0.483539294502684,-1.26422831258089,-1.8,-0.0591697856228349,-0.484804883847193,2.67686103495245e-06,-1.61127270045321,-24.2539190030032,-22.2953556879382,-28.4731482911044,0
-0.306573033704008,-1.15845810147427,-0.483539701198137,-1.26422838193231,-1.8,-0.0592578954567358,-0.484757273726344,2.67453604709707e-06,-1.61125848035103,-24.2539282474677,-22.295348545953,-28.4731504574519,0
-0.306573033704008,-1.15845810620807,-0.483540106922009,-1.26422845070421,-1.8,-0.0593457073337334,-0.484709824174372,2.67222504270986e-06,-1.61124429374305,-24.2539374685328,-22.2953414202822,-28.4731526175798,0
-0.306573033704008,-1.15845811088674,-0.483540511677799,-1.26422851890631,-1.8,-0.0594332222867254,-0.484662534635876,2.66992790612699e-06,-1.61123014051668,-24.2539466663049,-22.2953343108798,-28.4731547715279,0
-0.306573033704008,-1.15845811551122,-0.483540915468941,-1.26422858654817,-1.8,-0.0595204413451253,-0.484615404557352,2.66764452219793e-06,-1.61121602056134,-24.2539558408884,-22.2953272177003,-28.4731569193355,0
-0.306573033704008,-1.15845812008243,-0.483541318298812,-1.26422865363919,-1.8,-0.0596073655348701,-0.484568433387186,2.66537477631957e-06,-1.61120193376839,-24.2539649923861,-22.2953201406993,-28.4731590610413,0
-0.306573033704008,-1.15845812460127,-0.48354172017073,-1.26422872018863,-1.8,-0.0596939958784286,-0.48452162057565,2.66311855446109e-06,-1.6111878800311,-24.2539741208989,-22.295313079833,-28.4731611966831,0
-0.306573033704008,-1.15845812906864,-0.483542121087953,-1.26422878620557,-1.8,-0.059780333394809,-0.484474965574901,2.66087574319581e-06,-1.61117385924457,-24.2539832265261,-22.2953060350586,-28.4731633262982,0
-0.306573033704008,-1.15845813348542,-0.483542521053685,-1.26422885169896,-1.8,-0.0598663790995671,-0.484428467838968,2.65864622972126e-06,-1.61115987130575,-24.2539923093652,-22.2952990063338,-28.4731654499233,0
-0.306573033704008,-1.15845813785245,-0.483542920071075,-1.26422891667758,-1.8,-0.0599521340048143,-0.484382126823754,2.65642990188818e-06,-1.61114591611333,-24.2540013695121,-22.2952919936171,-28.4731675675944,0
-0.306573033704008,-1.1584581421706,-0.483543318143217,-1.26422898115007,-1.8,-0.0600375991192257,-0.484335941987028,2.65422664822119e-06,-1.61113199356775,-24.2540104070608,-22.2952849968678,-28.4731696793469,0
-0.306573033704008,-1.15845814644069,-0.483543715273154,-1.26422904512493,-1.8,-0.0601227754480481,-0.48428991278842,2.65203635793856e-06,-1.61111810357113,-24.2540194221042,-22.2952780160458,-28.4731717852157,0
-0.306573033704008,-1.15845815066354,-0.483544111463876,-1.26422910861052,-1.8,-0.0602076639931086,-0.484244038689415,2.64985892097458e-06,-1.61110424602724,-24.2540284147332,-22.2952710511117,-28.4731738852349,0
-0.306573033704008,-1.15845815483995,-0.483544506718326,-1.26422917161504,-1.8,-0.0602922657528223,-0.484198319153349,2.64769422799951e-06,-1.61109042084144,-24.2540373850374,-22.2952641020268,-28.4731759794382,0
-0.306573033704008,-1.15845815897072,-0.483544901039394,-1.26422923414656,-1.8,-0.0603765817222007,-0.484152753645404,2.64554217043427e-06,-1.61107662792069,-24.2540463331049,-22.2952571687529,-28.4731780678588,0
-0.306573033704008,-1.15845816305663,-0.483545294429927,-1.26422929621302,-1.8,-0.0604606128928604,-0.484107341632604,2.64340264046838e-06,-1.61106286717345,-24.2540552590223,-22.2952502512526,-28.4731801505292,0
-0.306573033704008,-1.15845816709843,-0.483545686892722,-1.26422935782223,-1.8,-0.0605443602530308,-0.484062082583805,2.64127553107462e-06,-1.6110491385097,-24.2540641628746,-22.2952433494891,-28.4731822274814,0
-0.306573033704008,-1.15845817109688,-0.483546078430531,-1.26422941898183,-1.8,-0.0606278247875632,-0.484016975969698,2.63916073602465e-06,-1.61103544184085,-24.2540730447458,-22.295236463426,-28.4731842987468,0
-0.306573033704008,-1.15845817505272,-0.483546469046063,-1.26422947969937,-1.8,-0.0607110074779385,-0.483972021262794,2.63705814990343e-06,-1.61102177707977,-24.2540819047182,-22.2952295930277,-28.4731863643564,0
-0.306573033704008,-1.15845817896668,-0.483546858741982,-1.26422953998226,-1.8,-0.060793909302276,-0.483927217937427,2.63496766811833e-06,-1.61100814414068,-24.2540907428728,-22.2952227382589,-28.4731884243407,0
-0.306573033704008,-1.15845818283946,-0.483547247520912,-1.26422959983776,-1.8,-0.0608765312353421,-0.483882565469747,2.6328891869128e-06,-1.61099454293918,-24.2540995592894,-22.2952158990852,-28.4731904787295,0
-0.306573033704008,-1.15845818667178,-0.483547635385433,-1.26422965927303,-1.8,-0.0609588742485583,-0.48383806333771,2.63082260337688e-06,-1.61098097339217,-24.2541083540464,-22.2952090754723,-28.4731925275524,0
-0.306573033704008,-1.15845819046431,-0.483548022338086,-1.2642297182951,-1.8,-0.0610409393100104,-0.48379371102108,2.62876781545413e-06,-1.61096743541785,-24.2541171272211,-22.2952022673869,-28.4731945708382,0
-0.306573033704008,-1.15845819421775,-0.483548408381374,-1.26422977691087,-1.8,-0.0611227273844562,-0.483749508001418,2.62672472195446e-06,-1.61095392893567,-24.2541258788895,-22.2951954747958,-28.4731966086156,0
-0.306573033704008,-1.15845819793275,-0.483548793517758,-1.26422983512712,-1.8,-0.0612042394333352,-0.483705453762081,2.62469322255811e-06,-1.61094045386631,-24.2541346091264,-22.2951886976664,-28.4731986409124,0
-0.306573033704008,-1.15845820160997,-0.483549177749666,-1.26422989295053,-1.8,-0.0612854764147762,-0.483661547788213,2.62267321782388e-06,-1.61092701013164,-24.2541433180052,-22.2951819359667,-28.4732006677563,0
-0.306573033704008,-1.15845820525006,-0.483549561079485,-1.26422995038764,-1.8,-0.0613664392836068,-0.483617789566744,2.62066460919757e-06,-1.61091359765468,-24.2541520055987,-22.295175189665,-28.4732026891744,0
-0.306573033704008,-1.15845820885365,-0.483549943509571,-1.26423000744489,-1.8,-0.0614471289913615,-0.483574178586381,2.6186672990137e-06,-1.61090021635961,-24.2541606719779,-22.2951684587303,-28.4732047051934,0
-0.306573033704008,-1.15845821242135,-0.48355032504224,-1.2642300641286,-1.8,-0.0615275464862907,-0.483530714337606,2.61668119050579e-06,-1.61088686617169,-24.2541693172133,-22.2951617431316,-28.4732067158395,0
-0.306573033704008,-1.15845821595379,-0.48355070567978,-1.26423012044498,-1.8,-0.0616076927133697,-0.483487396312667,2.6147061878063e-06,-1.61087354701727,-24.254177941374,-22.2951550428387,-28.4732087211387,0
-0.306573033704008,-1.15845821945156,-0.48355108542444,-1.26423017640014,-1.8,-0.061687568614307,-0.483444224005579,2.61274219594855e-06,-1.61086025882375,-24.254186544528,-22.2951483578217,-28.4732107211162,0
-0.306573033704008,-1.15845822291526,-0.483551464278441,-1.26423023200006,-1.8,-0.0617671751275532,-0.483401196912111,2.61078912087309e-06,-1.61084700151955,-24.2541951267426,-22.2951416880511,-28.4732127157972,0
-0.306573033704008,-1.15845822634546,-0.483551842243971,-1.26423028725064,-1.8,-0.0618465131883103,-0.483358314529787,2.60884686943295e-06,-1.61083377503409,-24.2542036880838,-22.2951350334978,-28.4732147052062,0
-0.306573033704008,-1.15845822974274,-0.483552219323186,-1.26423034215766,-1.8,-0.0619255837285397,-0.483315576357879,2.60691534938738e-06,-1.61082057929774,-24.2542122286166,-22.2951283941329,-28.4732166893675,0
-0.306573033704008,-1.15845823310765,-0.483552595518216,-1.2642303967268,-1.8,-0.0620043876769721,-0.4832729818974,2.60499446940938e-06,-1.61080741424184,-24.2542207484053,-22.2951217699282,-28.473218668305,0
-0.306573033704008,-1.15845823644076,-0.483552970831157,-1.26423045096363,-1.8,-0.0620829259591156,-0.4832305306511,2.60308413908266e-06,-1.61079427979863,-24.2542292475131,-22.2951151608557,-28.4732206420422,0
-0.306573033704008,-1.15845823974259,-0.48355334526408,-1.26423050487364,-1.8,-0.0621611994972647,-0.483188222123464,2.60118426890462e-06,-1.61078117590127,-24.2542377260022,-22.2951085668876,-28.4732226106021,0
-0.306573033704008,-1.15845824301368,-0.483553718819027,-1.26423055846221,-1.8,-0.0622392092105097,-0.4831460558207,2.59929477028462e-06,-1.61076810248377,-24.2542461839341,-22.2951019879966,-28.4732245740075,0
-0.306573033704008,-1.15845824625456,-0.483554091498013,-1.26423061173462,-1.8,-0.0623169560147453,-0.48310403125074,2.59741555554358e-06,-1.61075505948099,-24.2542546213693,-22.2950954241556,-28.4732265322808,0
-0.306573033704008,-1.15845824946574,-0.483554463303028,-1.26423066469606,-1.8,-0.0623944408226796,-0.483062147923233,2.59554653791008e-06,-1.61074204682863,-24.2542630383675,-22.2950888753381,-28.4732284854442,0
-0.306573033704008,-1.15845825264772,-0.483554834236034,-1.26423071735162,-1.8,-0.062471664543843,-0.483020405349539,2.59368763152581e-06,-1.61072906446319,-24.2542714349875,-22.2950823415175,-28.4732304335193,0
-0.306573033704008,-1.15845825580101,-0.48355520429897,-1.26423076970631,-1.8,-0.0625486280845975,-0.482978803042722,2.59183875143405e-06,-1.61071611232194,-24.2542798112873,-22.2950758226679,-28.4732323765275,0
-0.306573033704008,-1.15845825892608,-0.48355557349375,-1.26423082176504,-1.8,-0.0626253323481455,-0.48293734051755,2.58999981358564e-06,-1.61070319034292,-24.2542881673242,-22.2950693187633,-28.4732343144899,0
-0.306573033704008,-1.15845826202342,-0.483555941822265,-1.26423087353264,-1.8,-0.0627017782345388,-0.482896017290485,2.58817073482827e-06,-1.61069029846491,-24.2542965031545,-22.2950628297783,-28.4732362474273,0
-0.306573033704008,-1.1584582650935,-0.483556309286381,-1.26423092501383,-1.8,-0.0627779666406878,-0.482854832879681,2.5863514329119e-06,-1.6106774366274,-24.254304818834,-22.2950563556875,-28.47323817536,0
-0.306573033704008,-1.15845826813678,-0.483556675887944,-1.26423097621328,-1.8,-0.0628538984603704,-0.482813786804976,2.58454182647973e-06,-1.61066460477061,-24.2543131144177,-22.2950498964661,-28.4732400983083,0
-0.306573033704008,-1.15845827115372,-0.483557041628777,-1.26423102713553,-1.8,-0.0629295745842412,-0.482772878587889,2.58274183506416e-06,-1.61065180283541,-24.2543213899596,-22.2950434520891,-28.473242016292,0
-0.306573033704008,-1.15845827414476,-0.483557406510682,-1.26423107778508,-1.8,-0.0630049958998406,-0.482732107751614,2.58095137908662e-06,-1.61063903076334,-24.2543296455134,-22.2950370225322,-28.4732439293307,0
-0.306573033704008,-1.15845827711035,-0.48355777053544,-1.26423112816632,-1.8,-0.0630801632916038,-0.482691473821016,2.57917037984865e-06,-1.61062628849658,-24.2543378811318,-22.295030607771,-28.4732458374435,0
-0.306573033704008,-1.15845828005091,-0.483558133704811,-1.26423117828356,-1.8,-0.0631550776408699,-0.482650976322624,2.57739875952746e-06,-1.61061357597794,-24.2543460968669,-22.2950242077815,-28.4732477406495,0
-0.306573033704008,-1.15845828296687,-0.483558496020538,-1.26423122814105,-1.8,-0.0632297398258911,-0.482610614784625,2.57563644117693e-06,-1.61060089315084,-24.2543542927703,-22.2950178225398,-28.4732496389674,0
-0.306573033704008,-1.15845828585864,-0.483558857484342,-1.26423127774294,-1.8,-0.0633041507218418,-0.482570388736863,2.57388334871691e-06,-1.61058823995928,-24.2543624688927,-22.2950114520225,-28.4732515324156,0
-0.306573033704008,-1.15845828872664,-0.483559218097928,-1.26423132709332,-1.8,-0.0633783112008276,-0.482530297710831,2.57213940692966e-06,-1.61057561634784,-24.2543706252843,-22.295005096206,-28.4732534210123,0
-0.306573033704008,-1.15845829157126,-0.483559577862982,-1.26423137619619,-1.8,-0.0634522221318948,-0.482490341239665,2.5704045414513e-06,-1.61056302226166,-24.2543787619948,-22.2949987550672,-28.4732553047753,0
-0.306573033704008,-1.1584582943929,-0.483559936781171,-1.26423142505548,-1.8,-0.0635258843810393,-0.482450518858141,2.56867867877042e-06,-1.6105504576464,-24.254386879073,-22.2949924285831,-28.4732571837225,0
-0.306573033704008,-1.15845829719195,-0.483560294854146,-1.26423147367504,-1.8,-0.0635992988112154,-0.482410830102667,2.56696174621988e-06,-1.61053792244826,-24.2543949765674,-22.2949861167307,-28.4732590578711,0
-0.306573033704008,-1.15845829996879,-0.483560652083544,-1.26423152205868,-1.8,-0.0636724662823458,-0.482371274511282,2.56525367197422e-06,-1.61052541661396,-24.2544030545259,-22.2949798194876,-28.4732609272383,0
-0.306573033704008,-1.15845830272379,-0.483561008470981,-1.26423157021009,-1.8,-0.0637453876513301,-0.482331851623649,2.56355438503341e-06,-1.61051294009068,-24.2544111129955,-22.2949735368312,-28.4732627918411,0
-0.306573033704008,-1.15845830545732,-0.483561364018062,-1.26423161813293,-1.8,-0.0638180637720541,-0.482292560981046,2.56186381522984e-06,-1.6105004928261,-24.2544191520232,-22.2949672687392,-28.4732646516961,0
-0.306573033704008,-1.15845830816975,-0.483561718726373,-1.26423166583076,-1.8,-0.0638904954953992,-0.482253402126367,2.56018189320954e-06,-1.61048807476837,-24.254427171655,-22.2949610151895,-28.4732665068199,0
-0.306573033704008,-1.15845831086142,-0.483562072597488,-1.26423171330711,-1.8,-0.0639626836692514,-0.482214374604115,2.5585085504337e-06,-1.61047568586607,-24.2544351719366,-22.2949547761601,-28.4732683572286,0
-0.306573033704008,-1.15845831353268,-0.483562425632966,-1.26423176056541,-1.8,-0.0640346291385104,-0.482175477960393,2.55684371916785e-06,-1.61046332606823,-24.2544431529132,-22.2949485516291,-28.4732702029384,0
-0.306573033704008,-1.15845831618389,-0.483562777834352,-1.26423180760904,-1.8,-0.064106332745099,-0.482136711742905,2.55518733247588e-06,-1.61045099532429,-24.2544511146294,-22.2949423415749,-28.4732720439649,0
-0.306573033704008,-1.15845831881537,-0.483563129203176,-1.2642318544413,-1.8,-0.0641777953279723,-0.482098075500946,2.55353932421057e-06,-1.61043869358412,-24.2544590571294,-22.2949361459759,-28.4732738803238,0
-0.306573033704008,-1.15845832142745,-0.483563479740956,-1.26423190106546,-1.8,-0.0642490177231264,-0.482059568785399,2.55189962901138e-06,-1.61042642079797,-24.254466980457,-22.2949299648106,-28.4732757120305,0
-0.306573033704008,-1.15845832402046,-0.483563829449199,-1.2642319474847,-1.8,-0.0643200007636083,-0.482021191148729,2.5502681822944e-06,-1.61041417691647,-24.2544748846553,-22.2949237980577,-28.4732775391001,0
-0.306573033704008,-1.15845832659472,-0.483564178329397,-1.26423199370214,-1.8,-0.0643907452795248,-0.481982942144981,2.54864492024201e-06,-1.61040196189063,-24.2544827697672,-22.2949176456962,-28.4732793615478,0
-0.306573033704008,-1.15845832915053,-0.483564526383032,-1.26423203972086,-1.8,-0.0644612520980513,-0.481944821329769,2.54702977979955e-06,-1.61038977567183,-24.2544906358351,-22.2949115077049,-28.4732811793882,0
-0.306573033704008,-1.15845833168822,-0.483564873611573,-1.26423208554385,-1.8,-0.0645315220434416,-0.481906828260278,2.545422698665e-06,-1.61037761821176,-24.2544984829009,-22.2949053840629,-28.4732829926359,0
-0.306573033704008,-1.15845833420807,-0.483565220016478,-1.26423213117408,-1.8,-0.0646015559370367,-0.481868962495251,2.54382361528612e-06,-1.6103654894625,-24.2545063110062,-22.2948992747492,-28.4732848013055,0
-0.306573033704008,-1.15845833671039,-0.483565565599194,-1.26423217661442,-1.8,-0.0646713545972742,-0.481831223594993,2.54223246884513e-06,-1.61035338937641,-24.2545141201919,-22.2948931797433,-28.4732866054111,0
-0.306573033704008,-1.15845833919547,-0.483565910361159,-1.26423222186772,-1.8,-0.0647409188396973,-0.481793611121356,2.54064919925904e-06,-1.61034131790618,-24.254521910499,-22.2948870990245,-28.4732884049668,0
-0.306573033704008,-1.15845834166358,-0.4835662543038,-1.26423226693677,-1.8,-0.0648102494769639,-0.481756124637744,2.53907374716436e-06,-1.61032927500481,-24.2545296819678,-22.2948810325721,-28.4732901999866,0
-0.306573033704008,-1.15845834411502,-0.483566597428531,-1.26423231182428,-1.8,-0.0648793473188563,-0.481718763709099,2.53750605391558e-06,-1.61031726062558,-24.2545374346382,-22.2948749803658,-28.473291990484,0
-0.306573033704008,-1.15845834655006,-0.483566939736762,-1.26423235653293,-1.8,-0.0649482131722897,-0.481681527901902,2.53594606157403e-06,-1.61030527472207,-24.2545451685498,-22.2948689423852,-28.4732937764727,0
-0.306573033704008,-1.15845834896897,-0.483567281229889,-1.26423240106534,-1.8,-0.0650168478413218,-0.481644416784165,2.53439371289898e-06,-1.61029331724812,-24.2545528837419,-22.29486291861,-28.4732955579661,0
-0.306573033704008,-1.15845835137202,-0.483567621909302,-1.2642324454241,-1.8,-0.0650852521271618,-0.481607429925429,2.53284895134168e-06,-1.61028138815782,-24.2545605802535,-22.29485690902,-28.4732973349774,0
-0.306573033704008,-1.15845835375945,-0.48356796177638,-1.2642324896117,-1.8,-0.0651534268281795,-0.481570566896753,2.53131172103867e-06,-1.61026948740555,-24.254568258123,-22.294850913595,-28.4732991075196,0
-0.306573033704008,-1.15845835613155,-0.483568300832495,-1.26423253363063,-1.8,-0.0652213727399147,-0.481533827270715,2.5297819668005e-06,-1.61025761494591,-24.2545759173888,-22.294844932315,-28.4733008756058,0
-0.306573033704008,-1.15845835848854,-0.48356863907901,-1.26423257748331,-1.8,-0.065289090655086,-0.481497210621407,2.52825963410672e-06,-1.61024577073374,-24.2545835580888,-22.29483896516,-28.4733026392486,0
-0.306573033704008,-1.15845836083069,-0.483568976517283,-1.26423262117211,-1.8,-0.0653565813636004,-0.481460716524423,2.52674466909663e-06,-1.6102339547241,-24.2545911802605,-22.29483301211,-28.4733043984607,0
-0.306573033704008,-1.15845836315822,-0.483569313148659,-1.26423266469935,-1.8,-0.0654238456525619,-0.481424344556862,2.52523701856228e-06,-1.61022216687228,-24.2545987839414,-22.2948270731452,-28.4733061532546,0
-0.306573033704008,-1.15845836547139,-0.483569648974481,-1.26423270806733,-1.8,-0.0654908843062809,-0.48138809429732,2.52373662993813e-06,-1.61021040713378,-24.2546063691685,-22.2948211482457,-28.4733079036427,0
-0.306573033704008,-1.15845836777043,-0.483569983996082,-1.26423275127827,-1.8,-0.0655576981062834,-0.481351965325883,2.52224345129532e-06,-1.61019867546429,-24.2546139359784,-22.2948152373918,-28.473309649637,0
-0.306573033704008,-1.15845837005556,-0.483570318214789,-1.26423279433437,-1.8,-0.06562428783132,-0.481315957224125,2.5207574313354e-06,-1.61018697181971,-24.2546214844077,-22.2948093405637,-28.4733113912498,0
-0.306573033704008,-1.15845837232701,-0.483570651631923,-1.26423283723776,-1.8,-0.0656906542573748,-0.481280069575101,2.51927851937707e-06,-1.61017529615611,-24.2546290144925,-22.2948034577418,-28.4733131284929,0
-0.306573033704008,-1.158458374585,-0.483570984248796,-1.26423287999057,-1.8,-0.0657567981576749,-0.481244301963344,2.51780666535462e-06,-1.61016364842976,-24.2546365262688,-22.2947975889064,-28.4733148613782,0
-0.306573033704008,-1.15845837682975,-0.483571316066717,-1.26423292259484,-1.8,-0.0658227203026993,-0.481208653974858,2.51634181980734e-06,-1.61015202859708,-24.2546440197722,-22.294791734038,-28.4733165899173,0
-0.306573033704008,-1.15845837906147,-0.483571647086989,-1.26423296505259,-1.8,-0.0658884214601877,-0.481173125197115,2.51488393386831e-06,-1.61014043661467,-24.2546514950381,-22.294785893117,-28.4733183141219,0
-0.306573033704008,-1.15845838128037,-0.483571977310906,-1.26423300736581,-1.8,-0.0659539023951501,-0.481137715219048,2.5134329592649e-06,-1.61012887243927,-24.2546589521018,-22.2947800661239,-28.4733200340033,0
-0.306573033704008,-1.15845838348666,-0.48357230673976,-1.26423304953644,-1.8,-0.0660191638698752,-0.481102423631048,2.51198884829985e-06,-1.6101173360278,-24.2546663909981,-22.2947742530392,-28.4733217495729,0
-0.306573033704008,-1.15845838568053,-0.483572635374838,-1.26423309156637,-1.8,-0.0660842066439395,-0.481067250024957,2.5105515538548e-06,-1.61010582733728,-24.2546738117619,-22.2947684538434,-28.4733234608418,0
-0.306573033704008,-1.15845838800069,-0.483572959928075,-1.26423313693555,-1.8,-0.0661490537860829,-0.48103224293783,2.50910567849105e-06,-1.61009446315726,-24.2546811449525,-22.2947627293233,-28.4733251543726,0
-0.306573033704008,-1.15845839113407,-0.483573264026357,-1.26423320287743,-1.8,-0.066213816703696,-0.480997645350864,2.50757483384994e-06,-1.61008382501125,-24.2546880446764,-22.2947573821063,-28.4733267631675,0
-0.306573033704008,-1.15845839588672,-0.483573528151039,-1.26423330954391,-1.8,-0.0662786257324309,-0.480963746043458,2.50586836276871e-06,-1.61007460601322,-24.2546940982011,-22.2947527727357,-28.4733282070648,0
-0.306573033704008,-1.1584584030429,-0.48357373292966,-1.26423347645568,-1.8,-0.0663436073279576,-0.480930830494586,2.50389684389667e-06,-1.61006749392813,-24.2546988954108,-22.29474925878,-28.473329406145,0
-0.306573033704008,-1.15845841336535,-0.483573859139186,-1.26423372251367,-1.8,-0.0664088841007137,-0.480899180889353,2.50157217601816e-06,-1.61006317106064,-24.2547020288878,-22.294747194781,-28.4733302807535,0
-0.306573033704008,-1.1584584275956,-0.483573887709162,-1.26423406601045,-1.8,-0.0664745748529487,-0.48086907612439,2.49880766272793e-06,-1.61006231414739,-24.254703093991,-22.2947469322023,-28.4733307515222,0
-0.306573033704008,-1.15845844645419,-0.483573799724763,-1.26423452464128,-1.8,-0.0665407946178661,-0.480840791812185,2.49551809991454e-06,-1.61006559425247,-24.2547016889334,-22.29474881938,-28.4733307393919,0
-0.306573033704008,-1.15845847064099,-0.48357357642977,-1.2642351155151,-1.8,-0.066607654700673,-0.480814600284452,2.4916198682353e-06,-1.61007367666572,-24.2546974148558,-22.2947532014748,-28.4733301656328,0
-0.306573033704008,-1.15845850083545,-0.483573199229463,-1.26423585516531,-1.8,-0.0666752627213519,-0.48079077059462,2.48703103251101e-06,-1.61008722080366,-24.2546898759006,-22.2947604204252,-28.4733289518651,0
-0.306573033704008,-1.15845853769683,-0.483572649693458,-1.26423675956033,-1.8,-0.0667437226589756,-0.480769568519532,2.48167144970248e-06,-1.61010688011266,-24.2546786792825,-22.2947708149017,-28.4733270200796,0
-0.306573033704008,-1.15845858186452,-0.483571909558478,-1.26423784411397,-1.8,-0.0668131348973951,-0.480751256560448,2.47546288693135e-06,-1.61013330197414,-24.2546634353592,-22.2947847202623,-28.4733242926572,0
-0.306573033704008,-1.15845863395824,-0.483570960731077,-1.26423912369563,-1.8,-0.0668835962721304,-0.480736093943427,2.46832915078696e-06,-1.61016712761149,-24.2546437576992,-22.2948024685086,-28.4733206923882,0
-0.306573033704008,-1.15845869457833,-0.483569785290315,-1.26424061264023,-1.8,-0.0669552001183071,-0.480724336619172,2.46019622893169e-06,-1.6102089919986,-24.2546192631502,-22.2948243882426,-28.4733161424923,0
-0.306573033704008,-1.15845876430598,-0.483568365490403,-1.26424232475802,-1.8,-0.0670280363194831,-0.48071623726241,2.45099244488872e-06,-1.61025952376962,-24.2545895719053,-22.2948508046246,-28.4733105666364,0
-0.306573033704008,-1.15845884370347,-0.483566683763308,-1.26424427334407,-1.8,-0.0671021913572167,-0.480712045270892,2.44064862665182e-06,-1.61031934512992,-24.2545543075689,-22.2948820393306,-28.4733038889544,0
-0.306573033704008,-1.15845893331444,-0.483564722721331,-1.26424647118766,-1.8,-0.0671777483612351,-0.480712006764071,2.429098289665e-06,-1.61038907176792,-24.2545130972222,-22.2949184105112,-28.4732960340649,0
-0.306573033704008,-1.1584590336641,-0.483562465159669,-1.26424893058138,-1.8,-0.0672547871600658,-0.480716364581539,2.41627783451232e-06,-1.61046931276772,-24.2544655714873,-22.2949602327507,-28.4732869270904,0
-0.306573033704008,-1.15845914525951,-0.483559894058949,-1.26425166333005,-1.8,-0.0673333843319995,-0.480725358281279,2.40212675955127e-06,-1.61056067052238,-24.2544113645915,-22.2950078170255,-28.4732764936746,0
-0.306573033704008,-1.15845926858977,-0.48355699258776,-1.26425468075944,-1.8,-0.0674136132562628,-0.480739224137802,2.38658788858145e-06,-1.61066374064759,-24.2543501144314,-22.295061470664,-28.4732646600011,0
-0.306573033704008,-1.15845940412629,-0.483553744105163,-1.26425799372473,-1.8,-0.067495544164275,-0.480758195140226,2.36960761352675e-06,-1.61077911189579,-24.2542814626355,-22.2951214973058,-28.4732513528116,0
-0.306573033704008,-1.15845955232302,-0.483550132163199,-1.26426161261881,-1.8,-0.0675792441908833,-0.480782500990358,2.35113615199857e-06,-1.61090736607047,-24.2542050546281,-22.2951881968616,-28.473236499423,0
-0.306573033704008,-1.15845971361666,-0.483546140509395,-1.26426554738037,-1.8,-0.067664777425459,-0.480812368100825,2.33112781949383e-06,-1.61104907794063,-24.2541205396921,-22.2952618654724,-28.4732200277464,0
-0.306573033704008,-1.15845988842691,-0.48354175308926,-1.26426980750176,-1.8,-0.0677522049627579,-0.480848019593325,2.30954131591786e-06,-1.61120481515531,-24.2540275710316,-22.295342795469,-28.473201866304,0
-0.306573033704008,-1.15846007715669,-0.483536954048793,-1.26427440203665,-1.8,-0.0678415849534435,-0.480889675297028,2.28634002599357e-06,-1.61137513815808,-24.2539258058356,-22.2954312753324,-28.4731819442474,0
-0.306573033704008,-1.15846028019238,-0.483531727736982,-1.2642793396075,-1.8,-0.0679329726541791,-0.480937551747188,2.2614923330913e-06,-1.61156060010145,-24.2538149053399,-22.2955275896523,-28.4731601913752,0
-0.306573033704008,-1.15846049790402,-0.483526058708313,-1.26428462841284,-1.8,-0.0680264204772016,-0.480991862184003,2.23497194589458e-06,-1.61176174676111,-24.2536945348908,-22.2956320190871,-28.4731365381509,0
-0.306573033704008,-1.15846073064557,-0.483519931725283,-1.26429027623433,-1.8,-0.0681219780392925,-0.481052816551781,2.20675823729244e-06,-1.61197911645003,-24.2535643640076,-22.2957448403229,-28.4731109157208,0
-0.306573033704008,-1.15846097875508,-0.483513331760918,-1.26429629044369,-1.8,-0.0682196922100667,-0.481120621498428,2.17683659480719e-06,-1.61221323993233,-24.253424066446,-22.2958663260331,-28.4730832559314,0
-0.306573033704008,-1.15846124255498,-0.483506244001297,-1.26430267800935,-1.79999035496033,-0.0683196071595035,-0.481195480375328,2.14519878181256e-06,-1.61246464033686,-24.2532733202612,-22.2959967448366,-28.4730534913476,0
-0.306573033704008,-1.1584615223297,-0.48349865437552,-1.26430944494733,-1.79996722729936,-0.0684218320965308,-0.481277556862497,2.11184251762811e-06,-1.61273381433341,-24.2531118190017,-22.2961363515023,-28.4730215574189,0
-0.306573033704008,-1.15846181833709,-0.483490549297865,-1.26431659661741,-1.79993043306875,-0.0685264999698086,-0.481366997123078,2.07676912355853e-06,-1.61302124129569,-24.2529392662792,-22.2962853917239,-28.4729873914371,0
-0.306573033704008,-1.1584621308166,-0.48348191548592,-1.26432413793076,-1.79987979172164,-0.0686337417015362,-0.481463943656628,2.03998307832754e-06,-1.61332738976627,-24.2527553719434,-22.2964441054916,-28.4729509318041,0
-0.306573033704008,-1.1584624599893,-0.483472739966414,-1.26433207335441,-1.79981512614068,-0.0687436861969534,-0.481568535316422,2.00149193201166e-06,-1.61365271725263,-24.2525598522138,-22.2966127269892,-28.4729121180632,0
-0.306562781398392,-1.15846280610788,-0.483463010082666,-1.26434040691589,-1.79973626266435,-0.0688564603544738,-0.481680907326551,1.96130621642686e-06,-1.61399767002866,-24.2523524298099,-22.2967914844953,-28.4728708909294,0
-0.306551963793623,-1.15846317808024,-0.483452741046376,-1.26434935572903,-1.79964310335436,-0.0689720220592793,-0.481801285517572,1.91949541016882e-06,-1.61436180480604,-24.2521337098826,-22.2969802602059,-28.4728275300688,0
-0.306540569357613,-1.15846357641132,-0.483441921879152,-1.26435893022157,-1.79953548471173,-0.0690904872317571,-0.481929801716239,1.87602270718368e-06,-1.61474551185712,-24.2519034612261,-22.2971792574522,-28.4727819912171,0
-0.306528586918977,-1.15846400159289,-0.483430541945906,-1.26436914048437,-1.79941324683634,-0.0692119696585593,-0.482066584256874,1.83085450245282e-06,-1.61514916926059,-24.2516614598813,-22.2973886732188,-28.4727342315091,0
-0.306516005671,-1.15846445410328,-0.483418590958689,-1.26437999626686,-1.79927623344638,-0.0693365810061336,-0.482211757996974,1.78396030702012e-06,-1.61557314276403,-24.2514074892121,-22.2976086980708,-28.4726842094913,0
-0.306502815175438,-1.15846493440713,-0.483406058980352,-1.26439150697267,-1.79912429189647,-0.0694644308343065,-0.482365444332954,1.73531266591333e-06,-1.61601778565184,-24.2511413399783,-22.2978395160832,-28.472631885133,0
-0.306489005366164,-1.15846544295514,-0.483392936428078,-1.26440368165541,-1.79895727319446,-0.0695956266098471,-0.482527761216059,1.68488707880205e-06,-1.61648343861872,-24.2508628104061,-22.2980813047735,-28.4725772198374,0
-0.306474566552654,-1.15846598018379,-0.483379214076736,-1.26441652901467,-1.79877503201706,-0.069730273719936,-0.482698823168493,1.63266192324379e-06,-1.61697042964874,-24.2505717062543,-22.2983342350371,-28.472520176452,0
-0.306459489423301,-1.15846654651515,-0.483364883062093,-1.26443005739213,-1.79857742672421,-0.0698684754854686,-0.482878741299813,1.57861838036806e-06,-1.61747907390002,-24.2502678408787,-22.2985984710862,-28.4724607192786,0
-0.306443765048569,-1.15846714235659,-0.483349934883853,-1.26444427476791,-1.79836431937238,-0.0700103331741204,-0.483067623323619,1.52274036286541e-06,-1.61800967359526,-24.249951035292,-22.2988741703911,-28.4723988140823,0
-0.306427384883978,-1.15846776810061,-0.483334361408548,-1.26445918875709,-1.79813557572683,-0.0701559460131067,-0.483265573574584,1.46501444514781e-06,-1.61856251791794,-24.2496211182213,-22.2991614836246,-28.4723344281007,0
-0.306410340772912,-1.15846842412461,-0.483318154872249,-1.26447480660635,-1.79789106527277,-0.0703054112015746,-0.483472693025874,1.40542979555355e-06,-1.61913788291452,-24.2492779261615,-22.2994605546102,-28.4722675300519,0
-0.306392624949263,-1.15846911079066,-0.483301307883124,-1.26449113519094,-1.79763066122564,-0.0704588239225555,-0.483689079306963,1.34397811047819e-06,-1.61973603140248,-24.2489213034264,-22.2997715202727,-28.4721980901422,0
-0.306374230039896,-1.15846982844535,-0.483283813423823,-1.26450818101165,-1.79735424054045,-0.0706162773544244,-0.483914826721928,1.28065355032812e-06,-1.62035721288442,-24.2485511021951,-22.3000945105923,-28.4721260800733,0
-0.306355149066941,-1.15847057741959,-0.483265664853694,-1.26452595019211,-1.79706168392019,-0.0707778626818014,-0.484150026268211,1.21545267716604e-06,-1.62100166346825,-24.2481671825563,-22.3004296485619,-28.4720514730488,0
-0.306335375449904,-1.15847135802841,-0.483246855910825,-1.26454444847622,-1.79675287582354,-0.070943669105839,-0.484394765655909,1.1483743939767e-06,-1.62166960579345,-24.2477694125484,-22.3007770501477,-28.4719742437801,0
-0.306314903007601,-1.15847217057081,-0.483227380713922,-1.26456368122581,-1.79642770447169,-0.0711137838538417,-0.484649129327623,1.07941988543505e-06,-1.62236124896351,-24.2473576681958,-22.3011368242531,-28.4718943684922,0
-0.306293725959911,-1.15847301532962,-0.483207233764006,-1.26458365341839,-1.7960860618545,-0.0712882921881633,-0.484913198478881,1.00859256008825e-06,-1.62307678848472,-24.2469318335427,-22.3015090726855,-28.4718118249281,0
-0.306271838929348,-1.15847389257133,-0.483186409945934,-1.26460436964524,-1.79572784373591,-0.0714672774143334,-0.485187051079183,9.35897993876458e-07,-1.62381640621108,-24.2464918006829,-22.3018938901269,-28.4717265923531,0
-0.306249236940472,-1.15847480253854,-0.483164904530005,-1.26462583417446,-1.79535294965943,-0.0716508208868209,-0.485470761894773,8.83758955376707e-07,-1.62458027020341,-24.2460374695775,-22.3022913639838,-28.4716386513832,0
-0.306225915427256,-1.15847574547294,-0.48314271317233,-1.26464805074673,-1.79496128295026,-0.0718390020202566,-0.485764402507606,8.27985509821768e-07,-1.62536853497469,-24.2455687487264,-22.3027015747513,-28.4715479845359,0
-0.306201870227694,-1.15847672159117,-0.483119831916646,-1.26467102278491,-1.79455275072099,-0.0720318982900295,-0.486068041341881,7.68544916493638e-07,-1.6261813411553,-24.2450855545131,-22.3031245955917,-28.4714545756628,0
-0.30617709758685,-1.15847773109305,-0.483096257194844,-1.26469475331964,-1.79412726387401,-0.0722295852385686,-0.486381743686597,7.05406669428286e-07,-1.62701881556712,-24.2445878114537,-22.3035604924572,-28.4713584101497,0
-0.306151594157503,-1.15847877416148,-0.483071985827595,-1.26471924498829,-1.79368473710399,-0.0724321364789434,-0.486705571720051,6.38542493354007e-07,-1.62788107120059,-24.2440754522083,-22.3040093240781,-28.4712594749169,0
-0.306125357000601,-1.15847985096229,-0.4830470150248,-1.26474450003417,-1.79322508890003,-0.0726396236974407,-0.487039584535087,5.6792633930842e-07,-1.62876820719828,-24.2435484175898,-22.3044711419533,-28.4711577584208,0
-0.306098383585521,-1.15848096164426,-0.48302134238585,-1.26477052030594,-1.79274824154732,-0.072852116655088,-0.487383838165123,4.93534379897223e-07,-1.62968030884502,-24.2430066565675,-22.3049459903451,-28.4710532506535,0
-0.306070671790148,-1.15848210633895,-0.48299496589971,-1.26479730725717,-1.79225412112834,-0.0730696831880937,-0.487738385610974,4.15345004159279e-07,-1.63061744756464,-24.2424501262683,-22.3054339062766,-28.4709459431425,0
-0.306042219900756,-1.15848328516071,-0.482967883944817,-1.26482486194617,-1.79174265752381,-0.0732923892071761,-0.488103276868474,3.33338811996354e-07,-1.63157968092322,-24.2418787919739,-22.3059349195334,-28.4708358289497,0
-0.306013026611699,-1.15848449820658,-0.482940095288791,-1.26485318503594,-1.79121378441313,-0.0735202986957573,-0.488478558956925,2.47498608153014e-07,-1.63256705263897,-24.2412926271135,-22.3064490526687,-28.4707229026698,0
-0.305983091024913,-1.15848574555627,-0.482911599087964,-1.26488227679441,-1.79066743927464,-0.0737534737070004,-0.48886427594838,1.57809395702248e-07,-1.63357959259874,-24.240691613254,-22.3069763210111,-28.4706071604277,0
-0.305952412649227,-1.15848702727215,-0.482882394886728,-1.2649121370948,-1.79010356338546,-0.0739919743596711,-0.489260468997767,6.42583690096351e-08,-1.63461731688115,-24.2400757400858,-22.3075167326771,-28.4704885998759,0
-0.305920991399475,-1.15848834339917,-0.482852482616689,-1.26494276541622,-1.78952210182112,-0.0742358588328074,-0.489667176373854,-3.316509384152e-08,-1.63568022778632,-24.2394450054048,-22.3080702885863,-28.4703672201909,0
-0.305888827595427,-1.15848969396492,-0.482821862595647,-1.26497416084448,-1.78892300345496,-0.0744851833591861,-0.490084433491093,-1.34469439193782e-07,-1.6367683138722,-24.2387994150911,-22.3086369824802,-28.4702430220692,0
-0.305855921960521,-1.15849107897954,-0.482790535526382,-1.26500632207305,-1.78830622095717,-0.0747400022175725,-0.490512272942302,-2.39660946553788e-07,-1.63788154999759,-24.2381389830836,-22.3092168009451,-28.4701160077222,0
-0.305822275620403,-1.15849249843584,-0.482758502495262,-1.26503924740428,-1.78767171079374,-0.0750003677237515,-0.490950724532232,-3.48743737936562e-07,-1.63901989737169,-24.237463731351,-22.3098097234372,-28.4699861808716,0
-0.305787890101282,-1.15849395230919,-0.482725764970666,-1.26507293475079,-1.78701943322515,-0.075266330220329,-0.491399815311986,-4.61719787847431e-07,-1.64018330361029,-24.2367736898596,-22.3104157223133,-28.4698535467427,0
-0.305752767328087,-1.15849544055767,-0.482692324801218,-1.26510738163703,-1.78634935230488,-0.0755379380653092,-0.491859569614307,-5.78588933913613e-07,-1.64137170279854,-24.236068896536,-22.3110347628623,-28.4697181120583,0
-0.305716909622439,-1.158496963122,-0.482658184213849,-1.2651425852011,-1.78566143587776,-0.0758152376194456,-0.492330009089736,-6.99348888179311e-07,-1.64258501556023,-24.2353493972282,-22.311666803343,-28.4695798850315,0
-0.305680319700432,-1.15849851992567,-0.482623345811661,-1.26517854219672,-1.7849556555781,-0.07609827323237,-0.492811152743619,-8.23995249083435e-07,-1.64382314913364,-24.2346152456609,-22.3123117950228,-28.4694388753578,0
-0.305643000670225,-1.15850011087493,-0.482587812571627,-1.2652152489954,-1.78423198682779,-0.076387087227512,-0.493303016973965,-9.52521514136496e-07,-1.64508599745392,-24.2338665033885,-22.3129696822218,-28.4692950942067,0
-0.305604956029445,-1.15850173585893,-0.482551587842096,-1.26525270158882,-1.78349040883413,-0.076681719885816,-0.49380561561016,-1.08491909330182e-06,-1.64637344124186,-24.233103239744,-22.3136404023593,-28.4691485542127,0
-0.305566189661085,-1.15850339474452,-0.482514675340364,-1.26529089563701,-1.78273090458793,-0.0769822094267307,-0.494318959953816,-1.19517300682207e-06,-1.64768534803245,-24.23232553164,-22.3143238859154,-28.4689992693432,0
-0.305526705834429,-1.15850508739168,-0.482477079149131,-1.26532982633672,-1.78195346086024,-0.0772885919940556,-0.494843058815295,-1.30663133226252e-06,-1.64902157247274,-24.2315334639351,-22.3150200567446,-28.4688472552493,0
-0.30548650919808,-1.15850681363861,-0.482438803714154,-1.26536948855613,-1.78115806820073,-0.077600901631797,-0.495377918558594,-1.41925030421363e-06,-1.65038195623778,-24.2307271289558,-22.3157288318783,-28.4686925289014,0
-0.305445604777872,-1.15850857330674,-0.482399853840826,-1.265409876795,-1.7803447209348,-0.0779191702646601,-0.495923543142109,-1.53298518171638e-06,-1.65176632820748,-24.2299066265669,-22.3164501216678,-28.4685351086926,0
-0.305403997973351,-1.15851036620082,-0.482360234690799,-1.26545098518801,-1.77951341716087,-0.0782434276760394,-0.496479934161357,-1.64779028879011e-06,-1.6531745045871,-24.229072064102,-22.3171838298478,-28.4683750144274,0
-0.305361694554078,-1.15851219210905,-0.482319951778437,-1.26549280750826,-1.77866415874752,-0.0785737014849319,-0.497047090892467,-1.76361905471891e-06,-1.65460628903398,-24.2282235562914,-22.3179298536033,-28.4682122673081,0
-0.305318700655749,-1.15851405080321,-0.482279010967097,-1.26553533717097,-1.7777969513306,-0.0789100171218264,-0.497625010336393,-1.8804240541527e-06,-1.65606147279037,-24.2273612251855,-22.3186880836394,-28.4680468899226,0
-0.305275022776147,-1.15851594203882,-0.48223741846524,-1.26557856723738,-1.77691180431006,-0.0792523978035854,-0.498213687263835,-1.99815704698522e-06,-1.65753983482241,-24.2264852000758,-22.3194584042548,-28.4678789062295,0
-0.305230667770915,-1.15851786555525,-0.482195180822372,-1.26562249041876,-1.77600873084686,-0.0796008645073744,-0.498813114260852,-2.11676901805341e-06,-1.65904114196497,-24.2255956174115,-22.3202406934178,-28.4677083415448,0
-0.305185642849148,-1.15851982107592,-0.482152304924822,-1.2656670990807,-1.77508774785958,-0.0799554359436726,-0.499423281775114,-2.23621021663624e-06,-1.6605651490725,-24.2246926207135,-22.3210348228461,-28.467535222526,0
-0.30513995556883,-1.15852180830842,-0.482108797991358,-1.2657123852475,-1.77414887602097,-0.0803161285284163,-0.500044178162794,-2.35643019576371e-06,-1.66211159917574,-24.2237763604845,-22.3218406580895,-28.4673595771568,0
-0.305093613832092,-1.15852382694475,-0.482064667568635,-1.26575834060674,-1.77319213975437,-0.0806829563543225,-0.500675789736044,-2.47737785135664e-06,-1.66368022364414,-24.2228469941158,-22.322658058615,-28.4671814347311,0
-0.305046625880304,-1.15852587666142,-0.482019921526493,-1.26580495651408,-1.77221756722993,-0.0810559311614445,-0.501318100811034,-2.59900146117912e-06,-1.66527074235399,-24.2219046857917,-22.3234868778958,-28.4670008258359,0
-0.304999000289008,-1.15852795711974,-0.481974568053089,-1.26585222399812,-1.77122519036068,-0.081435062307019,-0.501971093756517,-2.72124872360698e-06,-1.66688286386215,-24.220949606389,-22.324326963503,-28.4668177823342,0
-0.304950745962685,-1.15853006796593,-0.481928615649882,-1.26590013376556,-1.77021504479841,-0.0818203567346589,-0.502634749042879,-2.84406679621291e-06,-1.6685162855853,-24.2199819333751,-22.3251781571994,-28.466632337347,0
-0.30490187212937,-1.15853220883138,-0.481882073126462,-1.26594867620642,-1.7691871699294,-0.0822118189429579,-0.503309045291639,-2.9674023341834e-06,-1.67017069398455,-24.2190018507018,-22.3260402950376,-28.4664445252349,0
-0.304852388335101,-1.15853437933286,-0.481834949595231,-1.26599784139945,-1.76814160886988,-0.0826094509535708,-0.503993959325361,-3.09120152854704e-06,-1.67184576475542,-24.2180095486964,-22.3269132074592,-28.4662543815787,0
-0.304802304438229,-1.15853657907274,-0.481787254465941,-1.26604761911772,-1.76707840846125,-0.0830132522788364,-0.504689466217919,-3.21541014420575e-06,-1.67354116302298,-24.2170052239499,-22.3277967193986,-28.4660619431604,0
-0.304751630603561,-1.15853880763921,-0.481738997440084,-1.26609799883432,-1.76599761926515,-0.0834232198890168,-0.5053955393451,-3.33997355779394e-06,-1.67525654354214,-24.2159890792018,-22.3286906503873,-28.4658672479427,0
-0.304700377296374,-1.15854106460655,-0.481690188505144,-1.26614896972828,-1.76489929555812,-0.0838393481792264,-0.506112150435466,-3.46483679533936e-06,-1.67699155090292,-24.2149613232223,-22.3295948146632,-28.4656703350482,0
-0.30464855527627,-1.15854334953532,-0.481640837928713,-1.26620052069056,-1.76378349532611,-0.0842616289361253,-0.506839269621452,-3.58994456971673e-06,-1.67874581974053,-24.2139221706919,-22.3305090212801,-28.4654712447384,0
-0.304596175590401,-1.15854566197272,-0.481590956251996,-1.2662526403307,-1.76265028025506,-0.0846900513080554,-0.507576865490546,-3.71524132016484e-06,-1.68051897496723,-24.2128718420673,-22.3314330742307,-28.46527001839,0
-0.30454324956752,-1.15854800145274,-0.481540554284104,-1.26630531698273,-1.76149971572793,-0.0851246017682329,-0.508324905136737,-3.8406712471883e-06,-1.68231063197611,-24.2118105634649,-22.3323667725528,-28.4650666984742,0
-0.304489788811481,-1.1585503674965,-0.481489643095831,-1.26635853871151,-1.7603318708185,-0.0855652640808346,-0.509083354212002,-3.96617834913371e-06,-1.68412039686336,-24.2107385665326,-22.3333099104474,-28.4648613285346,0
-0.304435805194563,-1.15855275961247,-0.481438234013251,-1.26641229331931,-1.7591468182844,-0.0860120192675874,-0.509852176977792,-4.09170645880479e-06,-1.68594786665671,-24.2096560883187,-22.3342622773981,-28.4646539531634,0
-0.304381310850664,-1.15855517729679,-0.481386338611197,-1.26646656835254,-1.75794463455973,-0.086464845574547,-0.510631336356494,-4.21719927983791e-06,-1.68779262954826,-24.2085633711371,-22.3352236582938,-28.4644446179777,0
-0.304326318168369,-1.15855762003353,-0.481333968706625,-1.26652135110859,-1.75672539974718,-0.0869237184391648,-0.511420793982792,-4.34260042283559e-06,-1.68965426513132,-24.2074606624315,-22.3361938335534,-28.4642333695956,0
-0.304270839783904,-1.158560087295,-0.481281136351862,-1.26657662864276,-1.75548919760975,-0.0873886104577305,-0.512220510254878,-4.46785344125805e-06,-1.69153234464134,-24.2063482146357,-22.3371725792521,-28.464020255611,0
-0.304214888573973,-1.15856257854204,-0.481227853827748,-1.26663238777538,-1.7542361155619,-0.0878594913532934,-0.513030444385461,-4.59290186705217e-06,-1.69342643120066,-24.2052262850324,-22.3381596672504,-28.4638053245688,0
-0.304158477648484,-1.15856509322433,-0.481174133636669,-1.26668861509894,-1.75296624466016,-0.0883363279441555,-0.513850554452492,-4.717689246008e-06,-1.69533608006699,-24.2040951356102,-22.3391548653246,-28.4635886259387,0
-0.304101620343168,-1.15856763078069,-0.481119988495497,-1.26674529698545,-1.75167967959319,-0.0888190841130445,-0.514680797449569,-4.84215917283043e-06,-1.69726083888543,-24.2029550329168,-22.340157937299,-28.4633702100894,0
-0.3040443302121,-1.1585701906394,-0.481065431328422,-1.26680241959381,-1.75037651867121,-0.0893077207770551,-0.51552112933594,-4.96625532593644e-06,-1.699200247944,-24.2018062479123,-22.3411686431802,-28.4631501282622,0
-0.303986621020113,-1.15857277221854,-0.481010475259703,-1.26685996887731,-1.74905686381479,-0.0898021958584807,-0.516371505086053,-5.08992150193729e-06,-1.70115384043231,-24.2006490558183,-22.3421867392932,-28.4629284325435,0
-0.30392850673513,-1.15857537492626,-0.480955133606322,-1.26691793059128,-1.74772082054296,-0.090302464256624,-0.517231878738578,-5.2131016498066e-06,-1.70312114270348,-24.1994837359667,-22.3432119784183,-28.462705175838,0
-0.303870001520395,-1.1585779981612,-0.480899419870559,-1.26697629030071,-1.74636849796061,-0.0908084778207004,-0.518102203444855,-5.33573990473132e-06,-1.70510167453892,-24.1983105716459,-22.3442441099307,-28.4624804118402,0
-0.30381111972663,-1.15858064131271,-0.480843347732485,-1.26703503338808,-1.7450000087451,-0.0913201853239386,-0.518982431516673,-5.45778062161911e-06,-1.70709494941599,-24.1971298499452,-22.3452828799404,-28.4622541950069,0
-0.303751875884101,-1.15858330376128,-0.480786931042381,-1.26709414506123,-1.74361546913214,-0.0918375324389873,-0.519872514473352,-5.57916840825751e-06,-1.70910047477823,-24.1959418615983,-22.3463280314343,-28.4620265805283,0
-0.303692284694624,-1.15858598487886,-0.480730183813088,-1.26715361036126,-1.74221499890079,-0.0923604617147335,-0.520772403088031,-5.69984815810965e-06,-1.71111775230809,-24.1947469008237,-22.3473793044189,-28.461797624299,0
-0.303632361023483,-1.15858868402916,-0.480673120212287,-1.26721341417056,-1.74079872135762,-0.0928889125546423,-0.521682047433107,-5.81976508273767e-06,-1.71314627820202,-24.1935452651655,-22.3484364360649,-28.4615673828888,0
-0.303572119891295,-1.15859140056806,-0.480615754554724,-1.26727354122091,-1.73936676331994,-0.0934228211967248,-0.52260139692477,-5.93886474383485e-06,-1.71518554344757,-24.1923372553314,-22.3494991608518,-28.4613359135133,0
-0.303511576465813,-1.15859413384392,-0.480558101294373,-1.26733397610159,-1.73791925509815,-0.0939621206952435,-0.523530400366554,-6.05709308485307e-06,-1.71723503410259,-24.1911231750299,-22.3505672107148,-28.4611032740038,0
-0.303450746053667,-1.15859688319796,-0.480500175016551,-1.26739470326759,-1.73645633047703,-0.0945067409042614,-0.524469005991837,-6.17439646222186e-06,-1.71929423157616,-24.1899033308063,-22.3516403151915,-28.460869522777,0
-0.303389644092064,-1.1585996479646,-0.480441990429988,-1.26745570704787,-1.73497812669608,-0.0950566084631406,-0.525417161505246,-6.29072167613253e-06,-1.72136261291109,-24.1886780318775,-22.3527182015699,-28.4606347188048,0
-0.303328286140432,-1.15860242747182,-0.480383562358851,-1.26751697165368,-1.73348478442875,-0.0956116467840983,-0.526374814122876,-6.40601600088234e-06,-1.72343965106791,-24.1874475899664,-22.3538005950371,-28.4603989215833,0
-0.303266687872037,-1.15860522104156,-0.480324905734735,-1.26757848118682,-1.73197644776064,-0.0961717760419226,-0.527341910611282,-6.520227214761e-06,-1.72552481521012,-24.186212319134,-22.3548872188285,-28.4601621911017,0
-0.303204865065555,-1.15860802799001,-0.48026603558862,-1.26764021964811,-1.73045326416656,-0.0967369131659515,-0.528318397325165,-6.63330362946887e-06,-1.7276175709905,-24.1849725356123,-22.3559777943775,-28.4599245878114,0
-0.303142833596616,-1.15861084762805,-0.480206967042809,-1.26770217094574,-1.72891538448633,-0.0973069718344155,-0.529304220243696,-6.74519411904971e-06,-1.72971738083825,-24.1837285576355,-22.3570720414656,-28.4596861725943,0
-0.303080609429333,-1.15861367926157,-0.480147715302834,-1.26776431890373,-1.72736296289957,-0.0978818624712454,-0.530299325005432,-6.85584814832579e-06,-1.73182370424693,-24.1824807052712,-22.358169678373,-28.4594470067312,0
-0.303018208607801,-1.15861652219187,-0.480088295649354,-1.26782664727035,-1.72579615689905,-0.0984614922454371,-0.531303656941736,-6.96521580081786e-06,-1.73393599806285,-24.1812293002504,-22.3592704220294,-28.4592071518699,0
-0.302955647247588,-1.15861937571599,-0.480028723430041,-1.26788913972662,-1.72421512726298,-0.0990457650730715,-0.532317161108672,-7.07324780614273e-06,-1.7360537167738,-24.1799746657978,-22.3603739881642,-28.4589666699935,0
-0.302892941527224,-1.15862223912713,-0.47996901405146,-1.26795177989476,-1.7226200380258,-0.09963458162208,-0.533339782317297,-7.17989556687637e-06,-1.73817631279796,-24.178717126462,-22.3614800914583,-28.4587256233877,0
-0.302830107679677,-1.15862511171498,-0.479909182970948,-1.26801455134669,-1.72101105644782,-0.100227839319841,-0.53437146516232,-7.28511118485024e-06,-1.74030323677271,-24.1774570079444,-22.3625884456939,-28.4584840746094,0
-0.302767161983844,-1.1586279927661,-0.479849245688501,-1.26807743761248,-1.71938835298341,-0.100825432363692,-0.535412154049049,-7.38884748689044e-06,-1.74243393784319,-24.1761946369297,-22.3636987639056,-28.4582420864534,0
-0.30270412075604,-1.15863088156431,-0.479789217738672,-1.26814042218883,-1.71775210124778,-0.101427251734447,-0.536461793218602,-7.49105804997571e-06,-1.74456786395052,-24.1749303409147,-22.3648107585306,-28.4579997219207,0
-0.302641000341517,-1.15863377739102,-0.479729114682478,-1.26820348854753,-1.71610247798246,-0.102033185212976,-0.537520326771316,-7.59169722580037e-06,-1.74670446211931,-24.1736644480391,-22.3659241415587,-28.4577570441858,0
-0.302577817105984,-1.15863667952566,-0.47966895209934,-1.26826662014388,-1.71443966301923,-0.102643117399939,-0.53858769868832,-7.69072016473004e-06,-1.74884317874438,-24.1723972869152,-22.3670386246815,-28.4575141165642,0
-0.302514587427173,-1.15863958724598,-0.479608745579042,-1.2683298004251,-1.71276383924265,-0.103256929738736,-0.53966385285123,-7.78808283913458e-06,-1.75098345987652,-24.1711291864583,-22.3681539194413,-28.4572710024796,0
-0.302451327686422,-1.15864249982847,-0.479548510713722,-1.2683930128387,-1.71107519255112,-0.103874500541728,-0.540748733059915,-7.88374206610268e-06,-1.75312475150698,-24.1698604757184,-22.3692697373796,-28.4570277654319,0
-0.302388054260303,-1.1586454165487,-0.479488263089905,-1.26845624084084,-1.70937391181638,-0.104495705019795,-0.54184228304832,-7.9776555294914e-06,-1.75526649985069,-24.1685914837116,-22.3703857901841,-28.4567844689643,0
-0.302324783512291,-1.15864833668169,-0.479428018280574,-1.26851946790461,-1.70766018884157,-0.105120415315284,-0.542944446498285,-8.06978180133406e-06,-1.7574081516278,-24.1673225392526,-22.3715017898355,-28.456541176631,0
-0.302261531784482,-1.15865125950229,-0.479367791837295,-1.26858267752829,-1.70593421831772,-0.105748500538389,-0.544055167051359,-8.16008036257273e-06,-1.75954915434349,-24.1660539707884,-22.3726174487531,-28.4562979519649,0
-0.302198315389364,-1.1586541842855,-0.479307599282388,-1.26864585324353,-1.70419619777871,-0.106379826807009,-0.545174388318559,-8.24851162311926e-06,-1.76168895656593,-24.164786106232,-22.3737324799388,-28.4560548584452,0
-0.302135150601647,-1.15865711030688,-0.479247456101162,-1.26870897862351,-1.70244632755465,-0.107014257290113,-0.546302053888066,-8.33503694120949e-06,-1.76382700820196,-24.1635192727985,-22.3748465971214,-28.4558119594652,0
-0.302072053650164,-1.15866003684285,-0.479187377734213,-1.26877203729098,-1.70068481072376,-0.107651652254645,-0.547438107330831,-8.419618642079e-06,-1.76596276077057,-24.1622537968415,-22.3759595148975,-28.4555693183007,0
-0.302009040709832,-1.1586629631711,-0.479127379569788,-1.2688350129263,-1.69891185306263,-0.108291869116001,-0.548582492204079,-8.50222003590607e-06,-1.76809566767384,-24.1609900036909,-22.3770709488733,-28.4553269980775,0
-0.301946127893698,-1.15866588857089,-0.479067476936227,-1.26889788927535,-1.69712766299495,-0.108934762492068,-0.549735152052699,-8.58280543504698e-06,-1.77022518446524,-24.159728217492,-22.3781806158032,-28.4550850617402,0
-0.301883331245062,-1.15866881232344,-0.479007685094481,-1.26896065015736,-1.69533245153866,-0.109580184260865,-0.550896030408512,-8.66134017053594e-06,-1.77235076911501,-24.1584687610473,-22.3792882337277,-28.4548435720207,0
-0.301820666729686,-1.15867173371224,-0.478948019230713,-1.2690232794727,-1.69352643225154,-0.110227983621768,-0.552065070787409,-8.73779060785097e-06,-1.77447188227263,-24.1572119556578,-22.3803935221097,-28.4546025914068,0
-0.301758150228097,-1.1586746520234,-0.478888494448992,-1.26908576121051,-1.69170982117524,-0.110878007160322,-0.55324221668437,-8.81212416192762e-06,-1.77658798752597,-24.155958120968,-22.3814962019689,-28.4543621821112,0
-0.301695797527982,-1.15867756654598,-0.478829125764076,-1.26914807945631,-1.68988283677782,-0.111530098916623,-0.554427411566352,-8.88430931141693e-06,-1.77869855165721,-24.1547075748118,-22.3825959960141,-28.454122406041,0
-0.301633624316691,-1.15868047657235,-0.478769928094295,-1.26921021839947,-1.68804569989465,-0.112184100457265,-0.555620598863076,-8.95431561219347e-06,-1.78080304489512,-24.1534606330602,-22.3836926287742,-28.4538833247672,0
-0.301571646173837,-1.15868338139849,-0.478710916254536,-1.26927216234054,-1.68619863366788,-0.112839850950809,-0.556821721955701,-9.02211371008452e-06,-1.78290094116377,-24.1522176094718,-22.3847858267271,-28.4536449994946,0
-0.301509878564014,-1.15868628032429,-0.478652104949333,-1.26933389569854,-1.6843418634844,-0.113497187246749,-0.558030724163426,-9.08767535283287e-06,-1.78499171832726,-24.1509788155446,-22.3858753184261,-28.4534074910318,0
-0.301448336829631,-1.15868917265394,-0.478593508766076,-1.26939540301809,-1.6824756169123,-0.114155943957935,-0.559247548728025,-9.15097340128175e-06,-1.78707485843062,-24.1497445603704,-22.3869608346247,-28.4531708597624,0
-0.301387036183857,-1.15869205769617,-0.478535142168323,-1.26945666897642,-1.68060012363587,-0.114815953546407,-0.560472138796341,-9.21198183976825e-06,-1.78914984793646,-24.1485151504917,-22.3880421083991,-28.4529351656152,0
-0.301325991703701,-1.15869493476459,-0.478477019489241,-1.26951767839026,-1.67871561538917,-0.115477046412576,-0.561704437400786,-9.27067578574637e-06,-1.79121617795736,-24.1472908897607,-22.389118875268,-28.4527004680362,0
-0.301265218323214,-1.15869780317799,-0.478419154925171,-1.26957841622264,-1.67682232588828,-0.116139050987698,-0.562944387437858,-9.3270314986127e-06,-1.7932733444839,-24.1460720792011,-22.3901908733108,-28.4524668259602,0
-0.301204730826823,-1.15870066226064,-0.47836156252931,-1.26963886758949,-1.67492049076207,-0.116801793829573,-0.564191931644728,-9.38102638774028e-06,-1.79532084860806,-24.1448590168718,-22.391257843283,-28.452234297783,0
-0.301144543842805,-1.15870351134258,-0.478304256205535,-1.26969901776617,-1.67301034748172,-0.117465099721379,-0.565447012573937,-9.43263901972262e-06,-1.79735819674202,-24.1436519977345,-22.3923195287286,-28.452002941334,0
-0.301084671836898,-1.15870634975989,-0.478247249702356,-1.26975885219379,-1.67109213528892,-0.118128791773575,-0.566709572566242,-9.48184912483098e-06,-1.79938490083211,-24.1424513135228,-22.3933756760914,-28.4517728138496,0
-0.301025129106054,-1.158709176855,-0.478190556607007,-1.26981835648545,-1.66916609512286,-0.118792691528771,-0.567979553721676,-9.52863760266841e-06,-1.80140047856789,-24.1412572526146,-22.3944260348219,-28.4515439719466,0
-0.300965929772343,-1.15871199197694,-0.478134190339674,-1.2698775164323,-1.66723246954595,-0.119456619069467,-0.569256897868859,-9.57298652704726e-06,-1.80340445358616,-24.1400700999077,-22.3954703574832,-28.4513164715968,0
-0.300907087777005,-1.1587147944816,-0.478078164147876,-1.26993631800948,-1.66529150266844,-0.120120393128568,-0.570541546532639,-9.61487915006141e-06,-1.80539635566992,-24.1388901366981,-22.396508399853,-28.4510903681011,0
-0.300848616874653,-1.15871758373203,-0.478022491100983,-1.26999474738185,-1.66334344007196,-0.120783831202547,-0.571833440900099,-9.654299905383e-06,-1.80737572094205,-24.137717640561,-22.3975399210239,-28.4508657160652,0
-0.300790530627632,-1.15872035909865,-0.477967184084887,-1.27005279090961,-1.66138852873189,-0.121446749667164,-0.57313252178502,-9.69123441077435e-06,-1.80934209205368,-24.1365528852352,-22.3985646834996,-28.4506425693754,0
-0.300732842400541,-1.15872311995952,-0.477912255796823,-1.27011043515377,-1.65942701693886,-0.122108963895588,-0.574438729590861,-9.72566946981629e-06,-1.81129501836726,-24.1353961405109,-22.3995824532898,-28.4504209811745,0
-0.300675565354907,-1.1587258657006,-0.477857718740344,-1.27016766688142,-1.65745915421926,-0.122770288378824,-0.575752004272315,-9.75759307287059e-06,-1.81323405613401,-24.1342476721204,-22.400593000001,-28.4502010038395,0
-0.300618712444032,-1.15872859571594,-0.477803585220454,-1.27022447307085,-1.65548519125482,-0.123430536848289,-0.577072285295546,-9.78699439726675e-06,-1.81515876866597,-24.1331077416316,-22.4015960969251,-28.4499826889585,0
-0.300562296407996,-1.15873130940795,-0.477749867338893,-1.27028084091653,-1.65350537980145,-0.12408952240041,-0.578399511597152,-9.81386380673368e-06,-1.81706872650237,-24.1319766063456,-22.4025915211247,-28.4497660873093,0
-0.30050632976883,-1.15873400618759,-0.477696576989584,-1.27033675783391,-1.65151997260727,-0.124747057623098,-0.579733621541964,-9.83819285007273e-06,-1.81896350757037,-24.1308545191972,-22.4035790535157,-28.449551248838,0
-0.30045082482586,-1.15873668547461,-0.477643725854243,-1.270392211464,-1.64952922332996,-0.125402954723946,-0.581074552879746,-9.8599742590905e-06,-1.82084269734011,-24.129741728659,-22.4045584789468,-28.4493382226384,0
-0.300395793651217,-1.15873934669775,-0.477591325398143,-1.27044718967789,-1.64753338645348,-0.126057025660004,-0.582422242700896,-9.87920194579376e-06,-1.82270588897397,-24.1286384786482,-22.4055295862759,-28.4491270569323,0
-0.300341248085518,-1.15874198929491,-0.477539386866051,-1.27050168058099,-1.64553271720427,-0.126709082268969,-0.58377662739123,-9.89587099885199e-06,-1.82455268347006,-24.1275450084376,-22.4064921684438,-28.44891779905,0
-0.300287199733719,-1.1587446127134,-0.477487921278319,-1.27055567251716,-1.64352747146689,-0.127358936401633,-0.585137642585938,-9.90997767935522e-06,-1.82638268979997,-24.1264615525702,-22.4074460225445,-28.4487104954117,0
-0.300233659961141,-1.15874721641008,-0.477436939427145,-1.27060915407263,-1.64151790569931,-0.128006400055429,-0.58650522312282,-9.92151941585988e-06,-1.82819552504056,-24.125388340776,-22.4083909498928,-28.4485051915098,0
-0.300180639889672,-1.15874979985156,-0.477386451872995,-1.2706621140798,-1.63950427684783,-0.1286512855089,-0.587879302994873,-9.93049479874582e-06,-1.82999081450004,-24.1243255978938,-22.4093267560885,-28.4483019318914,0
-0.300128150394132,-1.15875236251437,-0.477336468941192,-1.27071454162081,-1.63748684226173,-0.129293405456931,-0.589259815302348,-9.93690357388703e-06,-1.83176819183807,-24.1232735437954,-22.4102532510778,-28.4481007601418,0
-0.300076202098826,-1.15875490388511,-0.477287000718671,-1.27076642603097,-1.63546585960773,-0.129932573146568,-0.590646692204363,-9.94074663566721e-06,-1.83352729918014,-24.122232393314,-22.4111702492117,-28.4479017188686,0
-0.300024805374257,-1.15875742346062,-0.477238057050893,-1.270817756902,-1.6334415867843,-0.130568602513257,-0.592039864870174,-9.94202601933738e-06,-1.83526778722601,-24.1212023561756,-22.4120775693014,-28.4477048496863,0
-0.299973970334021,-1.15875992074814,-0.477189647538931,-1.2708685240851,-1.63141428183598,-0.131201308317312,-0.593439263430204,-9.94074489272929e-06,-1.83698931535237,-24.1201836369341,-22.4129750346703,-28.4475101932023,0
-0.299923706831869,-1.15876239526543,-0.477141781536715,-1.27091871769386,-1.62938420286772,-0.131830506280474,-0.594844816926923,-9.93690754736036e-06,-1.83869155170963,-24.1191764349099,-22.4138624732032,-28.4473177890025,0
-0.299874024458944,-1.15876484654095,-0.47709446814844,-1.27096832810697,-1.62735160795922,-0.132456013222336,-0.596256453265696,-9.93051938892337e-06,-1.84037417331303,-24.1181809441321,-22.4147397173928,-28.4471276756384,0
-0.299824932541189,-1.1587672741139,-0.477047716226137,-1.27101734597081,-1.62531675507962,-0.133077647196503,-0.597674099165679,-9.92158692718612e-06,-1.8420368661279,-24.1171973532838,-22.415606604383,-28.4469398906147,0
-0.299776440136923,-1.15876967753447,-0.477001534367408,-1.27106576220179,-1.62327990200234,-0.133695227626283,-0.599097680110888,-9.91011776532214e-06,-1.84367932514924,-24.1162258456513,-22.4164629760089,-28.4467544703777,0
-0.299728556034587,-1.15877205636383,-0.476955930913318,-1.27111356798861,-1.62124130622025,-0.134308575439745,-0.600527120301509,-9.89612058868101e-06,-1.84530125447568,-24.1152665990764,-22.4173086788343,-28.4465714503038,0
-0.299681288750656,-1.15877441017432,-0.476910913946445,-1.27116075479428,-1.61920122486131,-0.13491751320397,-0.601962342605591,-9.87960515302378e-06,-1.84690236737772,-24.1143197859122,-22.4181435641863,-28.4463908646897,0
-0.299634646527722,-1.15877673854953,-0.47686649128909,-1.27120731435802,-1.61715991460465,-0.135521865258323,-0.603403268511174,-9.86058227223504e-06,-1.84848238636055,-24.1133855729824,-22.4189674881869,-28.4462127467421,0
-0.299588637332733,-1.15877904108437,-0.476822670501637,-1.27125323869696,-1.6151176315972,-0.136121457846562,-0.604849818078995,-9.83906380554136e-06,-1.8500410432212,-24.1124641215437,-22.4197803117814,-28.4460371285696,0
-0.2995432688554,-1.15878131738522,-0.476779458881078,-1.27129852010774,-1.61307463137097,-0.136716119247639,-0.606301909895837,-9.81506264422623e-06,-1.8515780791004,-24.1115555872519,-22.4205819007649,-28.4458640411735,0
-0.299498548506763,-1.15878356706992,-0.476736863459674,-1.27134315116783,-1.61103116876104,-0.137305679905003,-0.607759461028631,-9.78859269791198e-06,-1.85309324452901,-24.1106601201307,-22.421372125805,-28.4456935144407,0
-0.299454483417915,-1.15878578976793,-0.476694891003779,-1.27138712473685,-1.6089874978243,-0.137889972554249,-0.609222386979406,-9.75966888036549e-06,-1.85458629946916,-24.1097778645443,-22.4221508624628,-28.4455255771367,0
-0.29941108043888,-1.15878798512036,-0.476653548012806,-1.27143043395761,-1.606943871759,-0.138468832348962,-0.610690601641174,-9.72830709490211e-06,-1.85605701335017,-24.1089089591728,-22.42291799121,-28.4453602568991,0
-0.299368346137651,-1.15879015278003,-0.476612840718333,-1.27147307225702,-1.60490054282534,-0.139042096984578,-0.612164017254843,-9.69452421936625e-06,-1.85750516509938,-24.1080535369913,-22.4236733974445,-28.4451975802322,0
-0.299326286799369,-1.15879229241154,-0.476572775083364,-1.27151503334692,-1.60285776226682,-0.139609606820123,-0.613642544367253,-9.65833809073749e-06,-1.85893054316793,-24.107211725251,-22.424416971503,-28.445037572502,0
-0.299284908425657,-1.1587944036913,-0.47653335680172,-1.27155631122465,-1.60081578023286,-0.140171204997678,-0.615126091790408,-9.61976748936335e-06,-1.8603329455515,-24.1063836454647,-22.4251486086707,-28.4448802579317,0
-0.299244216734105,-1.15879648630761,-0.476494591297571,-1.27159690017358,-1.59877484570237,-0.140726737559413,-0.616614566562002,-9.57883212284502e-06,-1.86171217980633,-24.1055694133944,-22.4258682091887,-28.4447256595981,0
-0.29920421715788,-1.15879853996066,-0.476456483725101,-1.27163679476342,-1.59673520640851,-0.141276053562059,-0.618107873907317,-9.53555260959711e-06,-1.8630680630604,-24.1047691390421,-22.4265756782598,-28.4445737994288,0
-0.299164914845499,-1.15880056436257,-0.476419038968312,-1.27167598985043,-1.59469710876476,-0.141819005188679,-0.61960591720256,-9.4899504620996e-06,-1.86440042201987,-24.1039829266433,-22.4272709260501,-28.4444246981992,0
-0.299126314660721,-1.15880255923746,-0.47638226164095,-1.27171448057748,-1.59266079779214,-0.142355447857595,-0.62110859793974,-9.44204806985839e-06,-1.86570909297114,-24.103210874664,-22.4279538676903,-28.444278375531,0
-0.299088421182586,-1.15880452432138,-0.476346156086559,-1.27175226237398,-1.59062651704785,-0.142885240328358,-0.622615815693133,-9.39186868210154e-06,-1.86699392177822,-24.1024530757995,-22.4286244232728,-28.444134849891,0
-0.299051238705574,-1.15880645936244,-0.476310726378662,-1.27178933095567,-1.58859450855533,-0.143408244804634,-0.624127468087421,-9.33943639021894e-06,-1.86825476387592,-24.1017096169767,-22.4292825178485,-28.4439941385902,0
-0.299014771239902,-1.15880836412072,-0.476275976321063,-1.27182568232429,-1.58656501273561,-0.143924327033872,-0.625643450767569,-9.2847761099688e-06,-1.86949148425867,-24.1009805793586,-22.4299280814193,-28.4438562577841,0
-0.298979022511944,-1.15881023836833,-0.47624190944826,-1.27186131276712,-1.58453826834036,-0.144433356403675,-0.627163657370499,-9.22791356348167e-06,-1.87070395746521,-24.1002660383517,-22.4305610489305,-28.4437212224725,0
-0.298943995964766,-1.1588120818894,-0.476208529025982,-1.27189621885641,-1.58251451238626,-0.144935206034738,-0.628687979498631,-9.16887526106415e-06,-1.87189206755925,-24.0995660636156,-22.4311813602598,-28.4435890465012,0
-0.298909694758792,-1.15881389448006,-0.476175838051833,-1.27193039744867,-1.58049398009111,-0.145429752870268,-0.630216306695344,-9.10768848281607e-06,-1.87305570810618,-24.0988807190756,-22.4317889602046,-28.4434597425632,0
-0.298876121772573,-1.15881567594846,-0.476143839256048,-1.27196384568386,-1.57847690481144,-0.145916877761788,-0.631748526422404,-9.04438126010899e-06,-1.87419478214587,-24.0982100629369,-22.4323837984677,-28.4433333222012,0
-0.298843279603684,-1.15881742611473,-0.476112535102349,-1.27199656098447,-1.57646351798187,-0.146396465551241,-0.633284524039426,-8.97898235690488e-06,-1.87530920216187,-24.0975541477021,-22.4329658296406,-28.4432097958094,0
-0.298811170569712,-1.15881914481095,-0.476081927788912,-1.27202854105447,-1.57445404905609,-0.146868405149298,-0.634824182785403,-8.91152125095839e-06,-1.87639889004684,-24.0969130201902,-22.4335350131854,-28.4430891726377,0
-0.298779796709371,-1.15882083188117,-0.476052019249429,-1.27205978387816,-1.57244872544958,-0.147332589609818,-0.636367383762351,-8.84202811490953e-06,-1.87746377706454,-24.0962867215581,-22.4340913134144,-28.4429714607943,0
-0.298749159783703,-1.15882248718135,-0.476022811154272,-1.27209028771896,-1.57044777248412,-0.147788916200358,-0.637914005921117,-8.77053379727971e-06,-1.87850380380838,-24.0956752873247,-22.4346346994685,-28.4428566672507,0
-0.298719261277393,-1.15882411057932,-0.475994304911744,-1.27212005111802,-1.56845141333402,-0.148237286468707,-0.63946392604937,-8.69706980339653e-06,-1.87951892015661,-24.0950787473962,-22.4351651452934,-28.4427447978455,0
-0.298690102400172,-1.15882570195478,-0.475966501669432,-1.2721490728928,-1.56645986897421,-0.148677606305347,-0.641017018761825,-8.62166827625273e-06,-1.88050908522431,-24.0944971260942,-22.4356826296146,-28.4426358572901,0
-0.298661684088321,-1.15882726119923,-0.475939402315638,-1.27217735213551,-1.5644733581301,-0.149109786001822,-0.642573156492725,-8.5443619773166e-06,-1.88147426731231,-24.0939304421857,-22.4361871359104,-28.4425298491736,0
-0.298634007006264,-1.15882878821592,-0.475913007480906,-1.27220488821151,-1.56249209722938,-0.149533740304952,-0.644132209490599,-8.46518426731038e-06,-1.88241444385296,-24.0933787089143,-22.4366786523841,-28.4424267759693,0
-0.298607071548253,-1.15883028291983,-0.475887317539623,-1.27223168075755,-1.56051630035558,-0.149949388466853,-0.645694045815329,-8.38416908696441e-06,-1.88332960135306,-24.0928419340347,-22.4371571719332,-28.4423266390406,0
-0.298580877840134,-1.15883174523761,-0.475862332611713,-1.27225772968,-1.55854617920355,-0.150356654290746,-0.647258531337541,-8.30135093776963e-06,-1.88421973533395,-24.0923201198472,-22.4376226921194,-28.4422294386479,0
-0.298555425741204,-1.15883317510751,-0.475838052564398,-1.27228303515293,-1.55658194303689,-0.150755466172501,-0.648825529740336,-8.2167648627249e-06,-1.88508485026877,-24.0918132632356,-22.4380752151347,-28.4421351739558,0
-0.298530714846142,-1.15883457247932,-0.475814477014039,-1.27230759761617,-1.55462379864716,-0.151145757137927,-0.650394902523367,-8.13044642710793e-06,-1.88592495951712,-24.0913213557059,-22.4385147477683,-28.4420438430408,0
-0.298506744487026,-1.15883593731434,-0.475791605328056,-1.27233141777322,-1.55267195031512,-0.151527464875759,-0.651966509009291,-8.0424316992665e-06,-1.88674008525709,-24.0908443834267,-22.4389413013711,-28.4419554428988,0
-0.29848351373542,-1.15883726958528,-0.475769436626909,-1.27235449658917,-1.5507265997738,-0.151900531766369,-0.653540206352568,-7.95275723145016e-06,-1.88753025841486,-24.0903823272718,-22.4393548918186,-28.4418699694542,0
-0.298461021404535,-1.15883856927622,-0.475747969786159,-1.27237683528846,-1.54878794617347,-0.152264904906162,-0.655115849550646,-7.86146004069038e-06,-1.88829551859177,-24.0899351628635,-22.4397555394738,-28.4417874175675,0
-0.298439266051472,-1.15883983638249,-0.475727203438588,-1.27239843535263,-1.54685618604862,-0.15262053612769,-0.656693291457503,-7.7685775897278e-06,-1.88903591398912,-24.089502860618,-22.4401432691478,-28.4417077810454,0
-0.298418245979516,-1.15884107091066,-0.475707135976389,-1.27241929851799,-1.54493151328675,-0.152967382015469,-0.658272382799558,-7.67414776801275e-06,-1.88975150133067,-24.0890853857925,-22.4405181100598,-28.4416310526495,0
-0.298397959240518,-1.15884227287842,-0.475687765553413,-1.27243942677318,-1.5430141190991,-0.153305403917528,-0.659852972193934,-7.57820887276925e-06,-1.8904423457829,-24.0886826985327,-22.4408800957956,-28.4415572241061,0
-0.298378403637327,-1.15884344231451,-0.475669090087489,-1.27245882235674,-1.54110419199327,-0.153634567952695,-0.661434906169071,-7.48079959014962e-06,-1.89110852087318,-24.088294753923,-22.4412292642657,-28.4414862861165,0
-0.298359576726291,-1.15884457925863,-0.475651107262786,-1.27247748775452,-1.53920191774771,-0.153954845013664,-0.663018029187672,-7.38195897646174e-06,-1.89175010840581,-24.0879215020368,-22.4415656576616,-28.4414182283672,0
-0.298341475819823,-1.15884568376137,-0.475633814532251,-1.27249542569716,-1.53730747938813,-0.154266210765842,-0.664602183671962,-7.28172643949405e-06,-1.89236719837604,-24.0875628879893,-22.4418893224112,-28.4413530395403,0
-0.298324097989024,-1.15884675588411,-0.475617209120092,-1.27251263915734,-1.53542105716568,-0.15456864564204,-0.666187210031249,-7.18014171994495e-06,-1.89295988888214,-24.0872188519904,-22.4422003091338,-28.4412907073249,0
-0.298307440066364,-1.15884779569894,-0.475601288024316,-1.27252913134714,-1.53354282853708,-0.154862134833034,-0.66777294669176,-7.0772448729422e-06,-1.89352828603555,-24.0868893293999,-22.4424986725935,-28.441231218428,0
-0.298291498648421,-1.15884880328852,-0.475586048019326,-1.27254490571525,-1.53167296814646,-0.155146668274032,-0.669359230128732,-6.97307624968013e-06,-1.89407250386913,-24.086574250783,-22.442784471652,-28.4411745585862,0
-0.298276270098675,-1.15884977874608,-0.475571485658569,-1.27255996594409,-1.52981164780904,-0.155422240627106,-0.670945894900729,-6.86767647915547e-06,-1.89459266424361,-24.0862735419678,-22.4430577692201,-28.4411207125774,0
-0.298261750550362,-1.1588507221752,-0.475557597277229,-1.27257431594702,-1.52795903649667,-0.155688851259639,-0.672532773686148,-6.76108645003397e-06,-1.89508889675226,-24.0859871241033,-22.4433186322087,-28.441069664233,0
-0.298247935909371,-1.15885163368981,-0.475544378994973,-1.27258795986532,-1.52611530032493,-0.155946504218843,-0.67411969732191,-6.65334729262109e-06,-1.89556133862381,-24.0857149137191,-22.443567131479,-28.4410213964501,0
-0.298234821857204,-1.15885251341403,-0.475531826718755,-1.27260090206525,-1.52428060254219,-0.156195208202402,-0.675706494844261,-6.54450036095525e-06,-1.89601013462364,-24.0854568227855,-22.443803341791,-28.4409758912042,0
-0.298222403853978,-1.15885336148209,-0.475519936145649,-1.27261314713501,-1.52245510352014,-0.156434976525318,-0.677292993531686,-6.43458721502385e-06,-1.89643543695329,-24.0852127587752,-22.4440273417526,-28.440933129562,0
-0.298210677141484,-1.15885417803819,-0.475508702765746,-1.27262469988162,-1.52063896074616,-0.156665827083017,-0.678879018949875,-6.32364960310395e-06,-1.8968374051484,-24.0849826247263,-22.4442392137662,-28.4408930916945,0
-0.298199636746295,-1.15885496323645,-0.475498121865091,-1.27263556532783,-1.51883232881721,-0.156887782310788,-0.680464394998713,-6.21172944422259e-06,-1.89721620597491,-24.0847663193055,-22.444439043976,-28.4408557568905,0
-0.298189277482915,-1.15885571724071,-0.475488188528662,-1.2726457487089,-1.51703535943539,-0.15710086913964,-0.682048943961239,-6.09886881074448e-06,-1.89757201332375,-24.0845637368731,-22.4446269222132,-28.4408211035698,0
-0.298189277482915,-1.15885644017952,-0.475478897639898,-1.27265525546939,-1.51524820140502,-0.157305118948642,-0.683632486554553,-5.98510991108715e-06,-1.8979050081039,-24.0843747675487,-22.4448029419414,-28.4407891092973,0
-0.298189277482915,-1.15885712432385,-0.475470219690402,-1.27266388687481,-1.51347084996544,-0.157500891543898,-0.685214669285718,-5.86958555945073e-06,-1.89821614246209,-24.084198515159,-22.4449674894316,-28.4407594437755,0
-0.298189277482915,-1.15885777056033,-0.475462151310567,-1.27267166730049,-1.51170346081643,-0.157688199513358,-0.68679532466458,-5.75243765198202e-06,-1.8985055435592,-24.0840349299092,-22.4451206395387,-28.4407321095158,0
-0.298189277482915,-1.15885837976688,-0.475454688885997,-1.27267862080226,-1.50994618652792,-0.157867060261498,-0.688374283502561,-5.63380398610754e-06,-1.89877334703477,-24.0838839562047,-22.4452624712768,-28.4407071075487,0
-0.298189277482915,-1.15885895281286,-0.475447828561417,-1.27268477111988,-1.50819917653782,-0.158037495958406,-0.689951374966011,-5.51381835511903e-06,-1.89901969687092,-24.0837455327419,-22.4453930677526,-28.4406844374463,0
-0.298189277482915,-1.1588594905591,-0.475441566244627,-1.27269014168035,-1.50646257715139,-0.158199533485203,-0.691526426631587,-5.39261064031523e-06,-1.89924474525507,-24.0836195926006,-22.4455125160966,-28.4406640973452,0
-0.298189277482915,-1.158859993858,-0.475435897610483,-1.27269475560109,-1.50473653154232,-0.158353204375877,-0.693099264543587,-5.27030690076144e-06,-1.89944865244112,-24.0835060633364,-22.4456209073948,-28.4406460839689,0
-0.298189277482915,-1.15886046355363,-0.475430818104932,-1.27269863569302,-1.50302117975527,-0.158498544755637,-0.694669713273198,-5.14702946072979e-06,-1.89963158660943,-24.0834048670744,-22.4457183366187,-28.4406303926512,0
-0.298189277482915,-1.15886090048179,-0.475426322949064,-1.2727018044635,-1.50131665871003,-0.158635595275867,-0.696237595979616,-5.02289699486765e-06,-1.89979372372535,-24.083315920603,-22.4458049025555,-28.4406170173589,0
-0.298189277482915,-1.15886130547008,-0.475422407143221,-1.2727042841192,-1.49962310220709,-0.158764401045795,-0.697802734472959,-4.89802461116207e-06,-1.89993524739658,-24.0832391354695,-22.4458807077371,-28.4406059507151,0
-0.298189277482915,-1.15886167933797,-0.475419065471124,-1.27270609656887,-1.49794064093468,-0.158885011560956,-0.699364949278943,-4.77252393174599e-06,-1.90005634872911,-24.0831744180751,-22.4459458583679,-28.4405971840223,0
-0.298189277482915,-1.15886202289685,-0.475416292504046,-1.27270726342591,-1.49626940247722,-0.158997480628582,-0.70092405970525,-4.64650317160538e-06,-1.9001572261819,-24.0831216697712,-22.4460004642534,-28.4405907072858,0
-0.298189277482915,-1.15886233695013,-0.475414082605019,-1.27270780601099,-1.49460951132501,-0.15910186628999,-0.702479883909536,-4.52006721523192e-06,-1.90023808542035,-24.083080786957,-22.4460446387263,-28.4405865092371,0
-0.298189277482915,-1.15886262229326,-0.475412429933075,-1.27270774535443,-1.49296108888533,-0.159198230740111,-0.704032238969009,-4.39331769128663e-06,-1.90029913916837,-24.0830516611763,-22.4460784985733,-28.4405845773574,0
-0.298189277482915,-1.15886287971378,-0.475411328447519,-1.27270710219861,-1.49132425349473,-0.159286640244245,-0.705580940951535,-4.26635304531107e-06,-1.9003406070593,-24.0830341792166,-22.4461021639604,-28.4405848979016,0
-0.298189277482915,-1.15886310999142,-0.475410771912245,-1.27270589700018,-1.48969912043247,-0.15936716505217,-0.707125804988195,-4.13926861053767e-06,-1.9003627154855,-24.0830282232079,-22.446115758358,-28.4405874559215,0
-0.298189277482915,-1.15886331389806,-0.47541075390008,-1.27270414993225,-1.48808580193514,-0.159439879309708,-0.70866664534724,-4.01215667685764e-06,-1.90036569744667,-24.0830336707221,-22.4461194084652,-28.4405922352897,0
-0.298189277482915,-1.15886349219786,-0.475411267797166,-1.27270188088645,-1.4864844072124,-0.159504860967875,-0.710203275509371,-3.88510655798191e-06,-1.90034979239696,-24.0830503948741,-22.4461132441329,-28.4405992187242,0
-0.298189277482915,-1.15886364564725,-0.475412306807376,-1.27269910947494,-1.48489504246364,-0.159562191689721,-0.711735508244298,-3.75820465684258e-06,-1.90031524609077,-24.0830782644219,-22.4460973982874,-28.4406083878114,0
-0.298189277482915,-1.15886377499495,-0.475413863956762,-1.27269585503233,-1.48331781089576,-0.159611956754984,-0.71326315568849,-3.63153452928421e-06,-1.90026231042732,-24.0831171438695,-22.4460720068519,-28.440619723031,0
-0.298189277482915,-1.15886388098206,-0.475415932098045,-1.27269213661747,-1.48175281274173,-0.159654244962686,-0.714786029424077,-3.5051769460907e-06,-1.90019124329398,-24.0831668935682,-22.4460372086684,-28.4406332037799,0
-0.298189277482915,-1.15886396434201,-0.475418503915136,-1.27268797301523,-1.48020014528011,-0.15968914853176,-0.716303940558823,-3.37920995338186e-06,-1.90010230840826,-24.0832273698207,-22.4459931454184,-28.4406488083967,0
-0.298189277482915,-1.15886402580065,-0.475421571927683,-1.27268338273814,-1.47865990285537,-0.15971676299988,-0.7178166998071,-3.25370893143792e-06,-1.89999577515869,-24.083298424984,-22.4459399615432,-28.4406665141856,0
-0.298189277482915,-1.15886406607622,-0.475425128495672,-1.27267838402802,-1.47713217689892,-0.159737187120556,-0.71932411757182,-3.12874665197032e-06,-1.89987191844431,-24.0833799075745,-22.4458778041631,-28.4406862974417,0
-0.298189277482915,-1.15886408587942,-0.475429165824043,-1.27267299485747,-1.47561705595091,-0.159750522758669,-0.720826004027242,-3.00439333390684e-06,-1.89973101851295,-24.0834716623728,-22.4458068229968,-28.440708133475,0
-0.298189277482915,-1.15886408591336,-0.475433675967351,-1.27266723293133,-1.47411462568258,-0.159756874784523,-0.722322169202584,-2.88071669770986e-06,-1.89957336079835,-24.0835735305296,-22.4457271702787,-28.4407319966353,0
-0.298189277482915,-1.15886406687359,-0.475438650834463,-1.27266111568805,-1.47262496891931,-0.159756350966575,-0.723812423066397,-2.75778201827648e-06,-1.89939923575587,-24.0836853496723,-22.4456390006772,-28.4407578603371,0
-0.298189277482915,-1.15886402944815,-0.475444082193281,-1.27265466030099,-1.47114816566411,-0.159749061862931,-0.725296575611615,-2.63565217646107e-06,-1.89920893869713,-24.0838069540117,-22.4455424712108,-28.4407856970841,0
-0.298189277482915,-1.15886397431749,-0.475449961675507,-1.27264788367971,-1.46968429312161,-0.159735120711747,-0.726774436941224,-2.51438770924652e-06,-1.89900276962328,-24.0839381744506,-22.445437741165,-28.4408154784949,0
-0.298189277482915,-1.15886390215455,-0.475456280781437,-1.27264080247105,-1.46823342572251,-0.159714643320656,-0.72824581735449,-2.39404685862213e-06,-1.89878103305714,-24.0840788386913,-22.4453249720071,-28.4408471753275,0
-0.298189277482915,-1.15886381362469,-0.475463030884792,-1.27263343306037,-1.46679563514834,-0.159687747955331,-0.729710527433669,-2.27468561918146e-06,-1.89854403787407,-24.0842287713458,-22.4452043273013,-28.4408807575046,0
-0.298189277482915,-1.15886370938571,-0.475470203237581,-1.27262579157247,-1.46537099035655,-0.15965455522731,-0.731168378131156,-2.15635778449345e-06,-1.89829209713165,-24.0843877940445,-22.4450759726231,-28.4409161941392,0
-0.298189277482915,-1.15886359008784,-0.475477788974998,-1.27261789387268,-1.46395955760587,-0.159615187981203,-0.732619180856989,-2.03911499227628e-06,-1.89802552789818,-24.0845557255479,-22.4449400754725,-28.4409534535596,0
-0.298189277482915,-1.15886345637373,-0.475485779120346,-1.27260975556776,-1.46256140048185,-0.159569771181382,-0.734062747566655,-1.92300676840344e-06,-1.89774465107996,-24.0847323818564,-22.4447968051872,-28.4409925033352,0
-0.298189277482915,-1.1588633088784,-0.475494164590005,-1.27260139200678,-1.46117657992252,-0.159518431798301,-0.735498890849145,-1.8080805697917e-06,-1.89744979124746,-24.084917576323,-22.4446463328546,-28.441033310302,0
-0.298189277482915,-1.15886314822925,-0.475502936198422,-1.27259281828191,-1.45980515424421,-0.159461298694522,-0.736927424015173,-1.69438182618212e-06,-1.89714127646035,-24.0851111197654,-22.4444888312238,-28.441075840588,0
-0.298189277482915,-1.15886297504603,-0.475512084663131,-1.27258404922928,-1.45844717916735,-0.159398502510587,-0.738348161185535,-1.58195398087195e-06,-1.89681943809131,-24.0853128205787,-22.4443244746165,-28.4411200596395,0
-0.298199381514108,-1.15886278998886,-0.475521600610749,-1.2725750994296,-1.45710270784229,-0.159330175550844,-0.739760917379509,-1.47083853041155e-06,-1.89648461064892,-24.0855224848492,-22.4441534388377,-28.4411659322465,0
-0.298209834406251,-1.15886258547589,-0.475531449415111,-1.27256576986339,-1.45577163034126,-0.159256793325337,-0.741165328213858,-1.36012251280864e-06,-1.89613792603031,-24.0857391016698,-22.4439762011023,-28.4412131021839,0
-0.298220625671493,-1.15886236196042,-0.475541621114945,-1.27255607183442,-1.45445399227677,-0.159178496228357,-0.742561208136676,-1.24984888471052e-06,-1.89577973749938,-24.0859624588414,-22.4437929446605,-28.4412615272663,0
-0.298231744775869,-1.15886211989851,-0.47555210570496,-1.27254601667349,-1.4531498370095,-0.15909542546288,-0.743948373030632,-1.14005991251661e-06,-1.89541039989264,-24.0861923432542,-22.4436038535879,-28.4413111651451,0
-0.298243181144262,-1.15886185974891,-0.475562893140547,-1.27253561573386,-1.45185920566965,-0.159007722936165,-0.745326640296082,-1.03079716533448e-06,-1.89503026945301,-24.0864285409898,-22.443409112699,-28.4413619733299,0
-0.298254924165406,-1.15886158197275,-0.475573973342502,-1.27252488038669,-1.45058213717793,-0.158915531156085,-0.74669582893382,-9.22101507883873e-07,-1.89463970366268,-24.0866708374225,-22.443208907462,-28.4414139092093,0
-0.298266963197082,-1.15886128703486,-0.475585336201521,-1.27251382201269,-1.44931866826536,-0.158818993131993,-0.748055759624952,-8.36138896402825e-07,-1.89423906110042,-24.086919017358,-22.4430034239395,-28.4414669301049,0
-0.29827928757062,-1.15886097539902,-0.4755969715838,-1.27250245200917,-1.44806883349547,-0.158718252261149,-0.749406254820648,-7.48229473763041e-07,-1.89382870119281,-24.0871728650252,-22.4427928486135,-28.4415209931906,0
-0.298291886596531,-1.15886064753246,-0.475608869334968,-1.27249078177308,-1.44683266528159,-0.158613452239966,-0.750747138815393,-6.58427454775696e-07,-1.89340898412758,-24.0874321642952,-22.4425773683893,-28.4415760556195,0
-0.298304749569409,-1.15886030390403,-0.475621019285214,-1.27247882270064,-1.44561019390667,-0.158504736959865,-0.752078237830786,-5.66787250074908e-07,-1.89298027065419,-24.087696698745,-22.4423571704763,-28.4416320745089,0
-0.298317865773043,-1.15885994498398,-0.475633411254123,-1.27246658618251,-1.44440144754163,-0.158392250408499,-0.75339938009594,-4.7336344132971e-07,-1.89254292191248,-24.0879662517618,-22.4421324422987,-28.4416890069616,0
-0.298331224485543,-1.15885957124377,-0.475646035055531,-1.27245408359905,-1.44320645226318,-0.1582761365722,-0.754710395927265,-3.78210756289202e-07,-1.89209729926078,-24.0882406066478,-22.4419033714076,-28.4417468100871,0
-0.298344814984483,-1.15885918315584,-0.475658880502402,-1.27244132631554,-1.44202523207099,-0.158156539339675,-0.756011117807647,-2.81384043672872e-07,-1.89164376410347,-24.0885195467242,-22.441670145391,-28.4418054410228,0
-0.298358626552063,-1.15885878119343,-0.475671937411707,-1.27242832567732,-1.44085780890415,-0.158033602407037,-0.757301380464956,-1.82938247924135e-07,-1.89118267771795,-24.088802855437,-22.4414329517852,-28.4418648569558,0
-0.298372648480268,-1.15885836583033,-0.475685195609324,-1.272415093005,-1.43970420265698,-0.157907469184229,-0.758581020949869,-8.29283838212421e-08,-1.89071440108131,-24.0890903164613,-22.4411919779847,-28.441925015144,0
-0.298386870076048,-1.15885793754067,-0.475698644934939,-1.27240163958961,-1.43856443119405,-0.157778282702889,-0.759849878712968,1.85904890204537e-08,-1.89023929469661,-24.0893817138073,-22.4409474111526,-28.4419858729373,0
-0.298401280666497,-1.15885749679875,-0.475712275246957,-1.27238797668766,-1.43743851036452,-0.157646185525729,-0.761107795681086,1.21563291757258e-07,-1.88975771841894,-24.0896768319247,-22.4406994381307,-28.4420473877991,0
-0.298415869604039,-1.15885704407875,-0.475726076427418,-1.27237411551637,-1.43632645401563,-0.157511319657466,-0.762354616332866,2.25934952020025e-07,-1.88927003128133,-24.0899754558088,-22.440448245349,-28.4421095173272,0
-0.298430626271609,-1.15885657985458,-0.475740038386911,-1.27236006724871,-1.43522827400545,-0.157373826457354,-0.763590187773526,3.31650429702363e-07,-1.88877659132048,-24.0902773711053,-22.4401940187361,-28.4421722192757,0
-0.298445540087836,-1.15885610459962,-0.475754151069487,-1.27234584300852,-1.43414398021477,-0.15723384655338,-0.764814359808778,4.38654742808817e-07,-1.88827775540271,-24.0905823642153,-22.4399369436288,-28.4422354515753,0
-0.298460600512226,-1.15885561878652,-0.475768404457574,-1.27233145386566,-1.43307358055815,-0.157091519758146,-0.766026985017896,5.46892993365816e-07,-1.8877738790498,-24.0908902224006,-22.4396772046818,-28.4422991723548,0
-0.298475797050321,-1.15885512288695,-0.475782788576877,-1.27231691083106,-1.43201708099415,-0.156946984986498,-0.767227918825903,6.56310393365321e-07,-1.88726531626516,-24.0912007338887,-22.4394149857778,-28.4423633399621,0
-0.29849111925887,-1.15885461737143,-0.475797293501276,-1.27230222485189,-1.43097448553464,-0.156800380174921,-0.768417019574862,7.66852290741011e-07,-1.8867524193603,-24.0915136879764,-22.4391504699379,-28.442427912985,0
-0.298506556750965,-1.15885410270908,-0.475811909357707,-1.27228740680662,-1.42994579625322,-0.156651842202752,-0.769594148594242,8.78464195347398e-07,-1.88623553878163,-24.0918288751351,-22.438883839231,-28.4424928502718,0
-0.298522099201176,-1.15885357936739,-0.475826626331031,-1.27227246750022,-1.42893101329279,-0.156501506815234,-0.770759170270352,9.91091804944917e-07,-1.88571502293786,-24.0921460871137,-22.4386152746854,-28.4425581109522,0
-0.298537736350658,-1.158853047812,-0.475841434668886,-1.27225741765924,-1.42793013487211,-0.156349508548438,-0.771911952114812,1.10468103115119e-06,-1.88519121802789,-24.0924651170424,-22.4383449561987,-28.4426236544577,0
-0.298553458012642,-1.15885250850866,-0.475856324686246,-1.27224226792237,-1.42694315729071,-0.156195980659803,-0.773052364829666,1.19267120572094e-06,-1.88466446790319,-24.0927857595914,-22.4380730624893,-28.4426894405914,0
-0.298569254076318,-1.15885196191669,-0.475871286771019,-1.27222702884923,-1.42597007493599,-0.156041055045927,-0.774180282380992,1.27940413478592e-06,-1.88413511379842,-24.0931078109092,-22.4377997708904,-28.4427554294033,0
-0.298585114513009,-1.15885140849488,-0.475886311388047,-1.27221171090225,-1.42501088028467,-0.155884862184005,-0.775295582057464,1.36485668589858e-06,-1.88360349425845,-24.0934310688841,-22.4375252573768,-28.4428215813518,0
-0.298601029380805,-1.15885084869933,-0.475901389084116,-1.27219632444623,-1.42406556390644,-0.155727531060974,-0.776398144537156,1.44900659897588e-06,-1.88306994493834,-24.0937553331931,-22.4372496964399,-28.4428878572776,0
-0.298616988829521,-1.15885028298318,-0.475916510492665,-1.27218087974361,-1.42313411446578,-0.155569189108131,-0.777487853951045,1.53183249099122e-06,-1.88253479843601,-24.0940804054022,-22.436973261001,-28.4429542184233,0
-0.298632983105628,-1.15884971179642,-0.475931666338468,-1.27216538694978,-1.42221651872294,-0.155409962137755,-0.778564597945495,1.61331386042785e-06,-1.88199838412598,-24.0944060890655,-22.4366961223247,-28.4430206264529,0
-0.298649002557128,-1.15884913558565,-0.475946847442279,-1.27214985610836,-1.4213127615338,-0.155249974281718,-0.779628267743703,1.69343109149927e-06,-1.88146102799469,-24.0947321898237,-22.4364184499335,-28.4430870434709,0
-0.298665037638399,-1.1588485547939,-0.475962044725424,-1.27213429714665,-1.42042282584893,-0.155089347932109,-0.780678758206118,1.77216545810934e-06,-1.88092305247717,-24.0950585155016,-22.4361404115229,-28.4431534320419,0
-0.298681078914978,-1.15884796986036,-0.475977249214356,-1.27211871987097,-1.41954669271155,-0.154928203683876,-0.781715967889804,1.84949912755252e-06,-1.88038477629533,-24.0953848762042,-22.4358621728772,-28.4432197552085,0
-0.298697117068298,-1.15884738122024,-0.475992452045162,-1.27210313396218,-1.41868434125459,-0.154766660279468,-0.782739799106772,1.92541516393703e-06,-1.87984651429802,-24.0957110844125,-22.4355838977863,-28.4432859765103,0
-0.298713142900369,-1.15884678930447,-0.476007644468007,-1.27208754897115,-1.41783574869674,-0.154604834555514,-0.783750157981249,1.99989753132605e-06,-1.87930857730285,-24.096036955077,-22.4353057479637,-28.4433520600022,0
-0.2987291473384,-1.15884619453958,-0.476022817851539,-1.27207197431438,-1.41700089033757,-0.154442841391497,-0.784746954505914,2.07293109657512e-06,-1.87877127194002,-24.0963623057109,-22.4350278829647,-28.4434179702723,0
-0.298745121439355,-1.15884559734742,-0.476037963687221,-1.27205641926956,-1.41617973955169,-0.154280793660456,-0.785730102597072,2.1445016318722e-06,-1.87823490049813,-24.0966869564818,-22.4347504601067,-28.4434836724593,0
-0.29876105639445,-1.15884499814499,-0.476053073593606,-1.27204089297133,-1.41537226778188,-0.154118802181677,-0.786699520148787,2.21459581695557e-06,-1.87769976077222,-24.0970107303015,-22.4344736343897,-28.4435491322701,0
-0.298776943533572,-1.15884439734423,-0.476068139320552,-1.272025404407,-1.4145784445314,-0.153956975675401,-0.787655129085964,2.28320124100364e-06,-1.87716614591409,-24.0973334529153,-22.4341975584184,-28.443614315997,0
-0.298792774329639,-1.15884379535181,-0.476083152753364,-1.27200996241236,-1.41379823735526,-0.153795420719494,-0.788596855416398,2.35030640419297e-06,-1.87663434428499,-24.0976549529886,-22.4339223823255,-28.4436791905341,0
-0.298808540402866,-1.15884319256894,-0.476098105916862,-1.2719945756676,-1.41303161185055,-0.15363424170812,-0.789524629281769,2.41590071890841e-06,-1.87610463931085,-24.0979750621933,-22.4336482536963,-28.4437437233939,0
-0.29882423352497,-1.15884258939116,-0.476112990979383,-1.27197925269327,-1.41227853164592,-0.153473540812354,-0.790438385007617,2.47997451060346e-06,-1.87557730934009,-24.0982936152913,-22.4333753174944,-28.443807882723,0
-0.298839845623283,-1.15884198620817,-0.476127800256698,-1.27196400184632,-1.41153895839008,-0.153313417942755,-0.791338061152275,2.54251901829383e-06,-1.87505262750422,-24.0986104502172,-22.4331037159891,-28.4438716373184,0
-0.298855368784781,-1.15884138340361,-0.476142526215851,-1.27194883131625,-1.4108128517394,-0.153153970713863,-0.792223600554799,2.60352639468098e-06,-1.8745308615812,-24.0989254081589,-22.4328335886841,-28.4439349566421,0
-0.298870795260028,-1.1588407813549,-0.476157161478917,-1.27193374912132,-1.41010016934465,-0.152995294410613,-0.793094950381859,2.66298970589737e-06,-1.87401227386184,-24.0992383336363,-22.4325650722476,-28.4439978108365,0
-0.298886117467023,-1.15884018043303,-0.476171698826674,-1.27191876310481,-1.40940086683682,-0.152837481956638,-0.79395206217364,2.72090293087265e-06,-1.87349712101916,-24.099549074578,-22.4322983004447,-28.4440601707386,0
-0.298901327994958,-1.1588395810024,-0.476186131202176,-1.2719038809315,-1.40871489781207,-0.152680623884443,-0.794794891888748,2.77726096029644e-06,-1.87298565398093,-24.099857482397,-22.4320334040698,-28.4441220078942,0
-0.29891641960788,-1.15883898342063,-0.476200451714248,-1.27188911008408,-1.40804221381586,-0.152524808307434,-0.795623399948103,2.83205959519011e-06,-1.87247811780551,-24.100163412063,-22.4317705108828,-28.4441832945718,0
-0.298931385248242,-1.15883838803838,-0.47621465364088,-1.27187445785977,-1.40738276432618,-0.152370120893765,-0.796437551277885,2.88529554507499e-06,-1.87197475156098,-24.1004667221736,-22.4315097455452,-28.4442440037755,0
-0.298946218040367,-1.1588377951992,-0.476228730432518,-1.27185993136701,-1.40673649673602,-0.152216644841995,-0.797237315351489,2.93696642572087e-06,-1.8714757882077,-24.1007672750233,-22.431251229559,-28.4443041092581,0
-0.298960911293789,-1.15883720523935,-0.476242675715266,-1.27184553752223,-1.40610335633491,-0.152064460858512,-0.798022666230528,2.98707075648994e-06,-1.87098145448452,-24.1010649366699,-22.4309950812071,-28.4443635855334,0
-0.298975458506504,-1.15883661848764,-0.476256483293978,-1.27183128304678,-1.40548328628982,-0.151913647136719,-0.798793582604896,3.03560795725348e-06,-1.87049197079848,-24.1013595769992,-22.4307414154956,-28.4444224078882,0
-0.298989853368095,-1.15883603526528,-0.476270147155243,-1.27181717446389,-1.40487622762509,-0.151764279337927,-0.799550047831892,3.08257834488695e-06,-1.87000755111831,-24.1016510697873,-22.430490344098,-28.4444805523937,0
-0.29900408976275,-1.15883545588571,-0.476283661470275,-1.2718032180958,-1.40428211920177,-0.151616430573963,-0.800292049974419,3.12798312933847e-06,-1.86952840287171,-24.1019392927603,-22.4302419753016,-28.4445379959164,0
-0.299018161772167,-1.15883488065447,-0.476297020597676,-1.271789420061,-1.40370089769605,-0.151470171391423,-0.801019581838284,3.17182440926381e-06,-1.86905472684649,-24.1022241276519,-22.4299964139554,-28.4445947161291,0
-0.299032063678338,-1.15883430986903,-0.476310219086103,-1.27177578627156,-1.40313249757705,-0.151325569757581,-0.801732641008588,3.21410516723159e-06,-1.86858671709571,-24.1025054602589,-22.4297537614204,-28.4446506915202,0
-0.29904578996621,-1.15883374381868,-0.476323251676812,-1.2717623224306,-1.40257685108385,-0.151182691047896,-0.802431229885253,3.2548292644939e-06,-1.86812456084679,-24.1027831804935,-22.4295141155223,-28.4447059014041,0
-0.299059335326232,-1.15883318278439,-0.476336113306089,-1.27174903402984,-1.40203388820183,-0.151041598035096,-0.80311535571766,3.29400143531266e-06,-1.86766843841478,-24.1030571824341,-22.4292775705054,-28.4447603259296,0
-0.299072694656773,-1.15883262703866,-0.476348799107566,-1.27173592634733,-1.40150353663827,-0.150902350879815,-0.803785030638447,3.33162728086352e-06,-1.86721852311971,-24.1033273643725,-22.4290442169896,-28.4448139460887,0
-0.299085863066414,-1.1588320768454,-0.476361304414412,-1.27172300444529,-1.40098572179738,-0.150765007122749,-0.804440271696457,3.36771326268801e-06,-1.86677498120829,-24.1035936288597,-22.4288141419292,-28.4448667437249,0
-0.299098835876116,-1.15883153245984,-0.476373624761409,-1.271710273168,-1.40048036675454,-0.150629621678281,-0.805081100888867,3.40226669571962e-06,-1.86633797177972,-24.1038558827483,-22.4285874285737,-28.4449187015404,0
-0.299111608621259,-1.15883099412837,-0.476385755886906,-1.27169773713994,-1.39998739223002,-0.150496246829584,-0.805707545192502,3.43529574086944e-06,-1.865907646716,-24.1041140372325,-22.4283641564312,-28.4449698031033,0
-0.299124177053545,-1.15883046208847,-0.476397693734642,-1.27168540076395,-1.39950671656199,-0.150364932225131,-0.806319636594347,3.46680939717111e-06,-1.86548415061653,-24.1043680078857,-22.4281444012341,-28.4450200328542,0
-0.299136537142782,-1.15882993656859,-0.476409434455455,-1.27167326821958,-1.39903825567898,-0.1502357248766,-0.806917412121291,3.49681749351423e-06,-1.8650676207371,-24.1046177146952,-22.4279282349065,-28.4450693761119,0
-0.299148685078525,-1.15882941778803,-0.476420974408858,-1.27166134346156,-1.39858192307174,-0.150108669158145,-0.807500913869088,3.52533067992813e-06,-1.86465818693342,-24.1048630820946,-22.4277157255348,-28.4451178190792,0
-0.299160617271586,-1.1588289059569,-0.476432310164491,-1.2716496302184,-1.39813762976446,-0.149983806806984,-0.808070189030574,3.55236041844968e-06,-1.86425597160912,-24.1051040389927,-22.4275069373402,-28.4451653488477,0
-0.299172330355415,-1.15882840127599,-0.476443438503445,-1.27163813199108,-1.39770528428556,-0.1498611769253,-0.80862528992315,3.57791897357168e-06,-1.86386108966819,-24.105340518801,-22.4273019306529,-28.4452119534023,0
-0.29918382118734,-1.15882790393669,-0.476454356419459,-1.27162685205196,-1.39728479263779,-0.149740815983389,-0.809166274015535,3.60201940226906e-06,-1.86347364847209,-24.1055724594568,-22.4271007618901,-28.4452576216249,0
-0.299195086849682,-1.15882741412093,-0.476465061119989,-1.27161579344374,-1.39687605826796,-0.149622757824057,-0.809693203953819,3.62467554362149e-06,-1.86309374780128,-24.1057998034457,-22.4269034835351,-28.4453023432979,0
-0.299206124650718,-1.1588269320011,-0.476475550027147,-1.2716049589786,-1.39647898203601,-0.149507033668214,-0.810206147586824,3.6459020080289e-06,-1.86272147982141,-24.1060224978191,-22.4267101441194,-28.4453461091072,0
-0.299216932125529,-1.15882645774,-0.476485820778512,-1.27159435123746,-1.39609346218371,-0.149393672121632,-0.81070517799079,3.66571416602567e-06,-1.86235692905407,-24.1062404942109,-22.4265207882069,-28.445388910644,0
-0.299227507036697,-1.15882599149076,-0.476495871227813,-1.27158397256936,-1.39571939430279,-0.149282699182857,-0.811190373493395,3.68412813671163e-06,-1.86200017235205,-24.10645374885,-22.4263354563807,-28.4454307404074,0
-0.299237847374875,-1.1588255333968,-0.476505699445484,-1.27157382509103,-1.39535667130269,-0.149174138252211,-0.811661817697144,3.70116077579232e-06,-1.86165127887923,-24.1066622225714,-22.426154185232,-28.4454715918046,0
-0.299247951359221,-1.15882508359178,-0.476515303719087,-1.27156391068649,-1.3950051833778,-0.149068010141893,-0.812119599502113,3.71682966325957e-06,-1.86131031009495,-24.1068658808236,-22.4259770073519,-28.4455114591527,0
-0.299247951359221,-1.15882464215329,-0.476524682551436,-1.2715542310069,-1.39466481797431,-0.148964333087103,-0.812563813128098,3.73115309069454e-06,-1.86097731974301,-24.1070646936738,-22.4258039513247,-28.4455503376782,0
-0.299247951359221,-1.15882421723329,-0.476533859489702,-1.27154499551193,-1.39433561052972,-0.148862805899732,-0.812994723454677,3.74321887876192e-06,-1.86065156905547,-24.1072594375161,-22.4256347442653,-28.4455885378923,0
-0.299247951359221,-1.15882380861645,-0.476542832433053,-1.2715361958599,-1.39401743623557,-0.148763455641106,-0.813412428169602,3.75310661330235e-06,-1.86033312941642,-24.1074500583802,-22.4254694194011,-28.4456260439815,0
-0.299247951359221,-1.15882341608155,-0.476551599513615,-1.27152782366091,-1.39371016755871,-0.148666306570937,-0.813817030480152,3.76089462901374e-06,-1.86002206398977,-24.1076365073864,-22.4253080057506,-28.4456628412116,0
-0.299247951359221,-1.15882303940154,-0.476560159096576,-1.27151987047786,-1.39341367420731,-0.148571380160984,-0.814208639133618,3.76666002668922e-06,-1.85971842771671,-24.1078187407514,-22.4251505281237,-28.4456989159305,0
-0.299247951359221,-1.15882267834368,-0.476568509780163,-1.27151232782754,-1.39312782309644,-0.148478695109724,-0.814587368437174,3.77047868968051e-06,-1.85942226731762,-24.1079967197903,-22.4249970071234,-28.4457342555705,0
-0.299247951359221,-1.15882233266965,-0.476576650395501,-1.27150518718196,-1.39285247831322,-0.148388267358001,-0.814953338277203,3.77242529961377e-06,-1.8591336212983,-24.1081704109172,-22.4248474591509,-28.4457688486507,0
-0.299247951359221,-1.15882200213563,-0.476584580006343,-1.2714984399696,-1.39258750108168,-0.148300110105621,-0.81530667413804,3.77257335138963e-06,-1.8588525199607,-24.1083397856423,-22.4247018964115,-28.4458026847775,0
-0.299247951359221,-1.15882168649247,-0.476592297908678,-1.27149207757688,-1.39233274972716,-0.148214233828847,-0.815647507120194,3.77099516750062e-06,-1.85857898541783,-24.1085048205665,-22.4245603269241,-28.4458357546463,0
-0.299247951359221,-1.15882138548578,-0.476599803630223,-1.27148609134973,-1.39208807964038,-0.148130646298762,-0.815975973958065,3.76776191170752e-06,-1.85831303161297,-24.1086654973739,-22.4244227545323,-28.4458680500406,0
-0.299247951359221,-1.15882109885607,-0.476607096929797,-1.27148047259514,-1.39185334324121,-0.148049352600459,-0.816292217037151,3.76294360209862e-06,-1.85805466434301,-24.108821802821,-22.4242891789172,-28.4458995638329,0
-0.299247951359221,-1.15882082633887,-0.476614177796575,-1.2714752125829,-1.39162838994206,-0.147970355153039,-0.816596384410754,3.75660912356311e-06,-1.8578038812859,-24.1089737287237,-22.424159595613,-28.4459302899826,0
-0.299247951359221,-1.1588205676649,-0.476621046449232,-1.27147030254739,-1.39141306611106,-0.147893653730324,-0.81688862981631,3.74882623973448e-06,-1.85756067203199,-24.1091212719424,-22.4240339960246,-28.4459602235358,0
-0.299247951359221,-1.15882032256014,-0.476627703334987,-1.27146573368942,-1.39120721503485,-0.147819245482287,-0.817169112691265,3.73966160441276e-06,-1.85732501811923,-24.1092644343636,-22.4239123674462,-28.4459893606226,0
-0.299247951359221,-1.15882009074602,-0.476634149128524,-1.27146149717813,-1.39101067688122,-0.147747124957169,-0.817437998188529,3.72918077251006e-06,-1.85709689307219,-24.1094032228802,-22.4237946930834,-28.4460176984551,0
-0.299247951359221,-1.15881987193957,-0.476640384730819,-1.27145758415302,-1.3908232886614,-0.147677284124218,-0.817695457191554,3.71744821053779e-06,-1.85687626244471,-24.1095376493693,-22.4236809520757,-28.4460452353244,0
-0.299247951359221,-1.15881966585352,-0.476646411267869,-1.27145398572596,-1.39064488419218,-0.147609712397019,-0.817941666329042,3.70452730668553e-06,-1.85666308386604,-24.1096677306671,-22.4235711195218,-28.4460719705974,0
-0.299247951359221,-1.15881947219647,-0.47665223008932,-1.27145069298331,-1.39047529405783,-0.147544396657375,-0.818176807989335,3.69048038052003e-06,-1.85645730709041,-24.1097934885426,-22.4234651665059,-28.4460979047132,0
-0.299247951359221,-1.15881929067304,-0.476657842767002,-1.27144769698808,-1.39031434557178,-0.147481321279692,-0.818401070334467,3.67536869232142e-06,-1.85625887404981,-24.1099149496689,-22.4233630601265,-28.4461230391782,0
-0.299247951359221,-1.15881912098402,-0.476663251093381,-1.27144498878205,-1.39016186273814,-0.147420468155824,-0.818614647313941,3.65925245211499e-06,-1.85606771890989,-24.1100321455922,-22.4232647635258,-28.4461473765623,0
-0.299247951359221,-1.1588189628265,-0.476668457079927,-1.2714425593881,-1.39001766621311,-0.14736181672034,-0.818817738678248,3.64219082840232e-06,-1.85588376812873,-24.1101451126997,-22.4231702359213,-28.4461709204932,0
-0.299247951359221,-1.15881881589406,-0.476673462955396,-1.27144039981236,-1.38988157326621,-0.147305343976162,-0.819010549992131,3.62424195664804e-06,-1.85570694051843,-24.1102538921854,-22.4230794326387,-28.4461936756512,0
-0.299247951359221,-1.15881867987686,-0.476678271164049,-1.27143850104658,-1.38975339774137,-0.14725102452053,-0.819193292647652,3.60546294753627e-06,-1.8555371473093,-24.1103585300138,-22.4229923051457,-28.4462156477634,0
-0.299247951359221,-1.15881855446186,-0.476682884363795,-1.27143685407035,-1.38963295001801,-0.147198830571235,-0.819366183877069,3.58590989503885e-06,-1.85537429221638,-24.1104590768826,-22.4229088010876,-28.4462368435975,0
-0.299247951359221,-1.15881843933294,-0.476687305424275,-1.27143544985347,-1.38952003697197,-0.147148731993098,-0.819529446765564,3.56563788432225e-06,-1.85521827150822,-24.1105555881842,-22.4228288643233,-28.4462572709552,0
-0.299247951359221,-1.15881833417102,-0.476691537424885,-1.27143427935825,-1.38941446193642,-0.147100696324609,-0.819683310263833,3.54470099951813e-06,-1.85506897407765,-24.1106481239651,-22.4227524349633,-28.4462769386655,0
-0.299247951359221,-1.15881823865428,-0.47669558365275,-1.2714333335418,-1.38931602466273,-0.147054688804701,-0.819828009200593,3.52315233140809e-06,-1.85492628151436,-24.1107367488847,-22.4226794494075,-28.4462958565776,0
-0.299247951359221,-1.15881815245825,-0.476699447600655,-1.27143260335839,-1.38922452128135,-0.147010672399585,-0.819963784295017,3.50104398503005e-06,-1.85479006817898,-24.1108215321731,-22.4226098403845,-28.4463140355536,0
-0.299247951359221,-1.158818075256,-0.476703132964934,-1.27143207976168,-1.38913974426269,-0.146968607829605,-0.820090882169146,3.47842708725205e-06,-1.85466020127858,-24.1109025475878,-22.4225435369916,-28.4463314874607,0
-0.299247951359221,-1.15881800671825,-0.476706643643326,-1.27143175370705,-1.38906148237801,-0.146928453596042,-0.82020955536029,3.45535179434298e-06,-1.85453654094323,-24.1109798733692,-22.4224804647347,-28.4463482251638,0
-0.299247951359221,-1.15881794651355,-0.476709983732812,-1.27143161615382,-1.3889895206605,-0.14689016600782,-0.820320062333474,3.43186729955948e-06,-1.8544189403034,-24.1110535921967,-22.422420545569,-28.4463642625171,0
-0.299247951359221,-1.15881789430842,-0.476713157527431,-1.27143165806748,-1.38892364036627,-0.146853699208029,-0.820422667493952,3.40802184079679e-06,-1.85430724556793,-24.111123791143,-22.4223636979406,-28.4463796143564,0
-0.299247951359221,-1.15881784976746,-0.476716169516084,-1.27143187042183,-1.38886361893561,-0.146819005200227,-0.820517641199845,3.38386270832073e-06,-1.85420129610241,-24.1111905616291,-22.4223098368266,-28.446394296491,0
-0.299247951359221,-1.15881781255351,-0.47671902438034,-1.27143224420111,-1.38880922995438,-0.146786033874434,-0.820605259774901,3.35943625261554e-06,-1.85410092450746,-24.1112539993785,-22.4222588737772,-28.4464083256949,0
-0.299247951359221,-1.15881778232781,-0.476721726992246,-1.2714327704021,-1.38876024311546,-0.146754733032746,-0.820685805521475,3.33478789237872e-06,-1.85400595669692,-24.1113142043719,-22.4222107169559,-28.446421719699,0
-0.299247951359221,-1.15881775875009,-0.476724282412155,-1.27143344003608,-1.3887164241806,-0.146725048414519,-0.82075956673372,3.30996212268967e-06,-1.85391621197533,-24.1113712808017,-22.4221652711805,-28.4464344971826,0
-0.299247951359221,-1.15881774147873,-0.476726695886568,-1.27143424413074,-1.38867753494236,-0.146696923721013,-0.820826837711054,3.28500252338237e-06,-1.8538315031147,-24.1114253370278,-22.4221224379633,-28.4464466777652,0
-0.299247951359221,-1.15881773017085,-0.476728972846022,-1.2714351737321,-1.38864333318639,-0.146670300639443,-0.820887918771969,3.25995176766404e-06,-1.85375163643002,-24.1114764855326,-22.4220821155503,-28.4464582819984,0
-0.299247951359221,-1.15881772448248,-0.476731118903007,-1.2714362199062,-1.38861357265404,-0.146645118866352,-0.820943116268164,3.23485163098349e-06,-1.85367641185332,-24.1115248428781,-22.42204419896,-28.4464693313575,0
-0.299247951359221,-1.15881772406863,-0.476733139849939,-1.2714373737408,-1.38858800300525,-0.146621316130199,-0.820992742599145,3.20974300021169e-06,-1.85360562300585,-24.1115705296634,-22.4220085800213,-28.4464798482339,0
-0.299247951359221,-1.15881772858342,-0.476735041657199,-1.27143862634692,-1.38856636978195,-0.146598828213102,-0.821037116227248,3.18466588312944e-06,-1.85353905726811,-24.1116136704834,-22.42197514741,-28.4464898559275,0
-0.299247951359221,-1.1588177376802,-0.476736830471234,-1.2714399688603,-1.38854841437173,-0.146577588971631,-0.821076561693203,3.15965941828314e-06,-1.85347649584733,-24.1116543938893,-22.4219437866839,-28.4464993786388,0
-0.299247951359221,-1.1588177510116,-0.476738512612742,-1.27144139244274,-1.3885338739721,-0.146557530356545,-0.82111140963227,3.13476188522305e-06,-1.85341771384196,-24.1116928323504,-22.4219143803164,-28.4465084414619,0
-0.299247951359221,-1.1588177682297,-0.476740094574957,-1.27144288828328,-1.38852248155523,-0.146538582431398,-0.821141996790988,3.11001071514198e-06,-1.85336248030304,-24.1117291222177,-22.4218868077288,-28.4465170703781,0
-0.299247951359221,-1.15881778898602,-0.476741583022025,-1.27144444759925,-1.3885139658332,-0.146520673389885,-0.821168666044627,3.08544250197519e-06,-1.85331055829166,-24.1117634036907,-22.4218609453198,-28.4465252922486,0
-0.299247951359221,-1.1588178129317,-0.476742984787506,-1.27144606163722,-1.38850805122392,-0.146503729571849,-0.821191766415381,3.06109301395735e-06,-1.85326170493252,-24.1117958207846,-22.4218366664939,-28.4465331348093,0
-0.299247951359221,-1.1588178397175,-0.476744306872995,-1.27144772167373,-1.38850445781762,-0.146487675477806,-0.821211653091364,3.03699720569503e-06,-1.85321567146286,-24.1118265213025,-22.4218138416864,-28.446540626665,0
-0.299247951359221,-1.15881786899389,-0.476745556446881,-1.27144941901588,-1.38850290134414,-0.146472433781911,-0.821228687446489,3.01318923075473e-06,-1.85317220327655,-24.1118556568083,-22.4217923383867,-28.4465477972842,0
-0.299247951359221,-1.1588179004111,-0.476746740843266,-1.27145114500179,-1.38850309314087,-0.14645792534322,-0.821243237061282,2.98970245482486e-06,-1.85313103996272,-24.1118833826047,-22.4217720211583,-28.4465546769951,0
-0.299247951359221,-1.15881793361919,-0.476747867561036,-1.27145289100078,-1.38850474012153,-0.146444069215128,-0.821255675744699,2.96656946945915e-06,-1.85309191533873,-24.1119098577128,-22.4217527516557,-28.4465612969818,0
-0.299247951359221,-1.15881796826806,-0.476748944263117,-1.27145464841347,-1.38850754474584,-0.146430782652879,-0.821266383557034,2.94382210644253e-06,-1.85305455747668,-24.1119352448571,-22.4217343886388,-28.446567689281,0
-0.299247951359221,-1.15881800400749,-0.476749978775912,-1.27145640867159,-1.38851120499005,-0.146417981118991,-0.821275746833968,2.92149145280447e-06,-1.85301868872334,-24.1119597104534,-22.4217167879824,-28.4465738867804,0
-0.299247951359221,-1.15881804048717,-0.476750979088955,-1.2714581632376,-1.38851541431848,-0.146405578286483,-0.82128415821185,2.89960786651482e-06,-1.85298402571274,-24.1119834246015,-22.4216998026836,-28.4465799232167,0
-0.299247951359221,-1.15881807735669,-0.476751953354765,-1.27145990360415,-1.38851986165606,-0.146393486039755,-0.821292016654275,2.87820099287845e-06,-1.85295027937117,-24.1120065610822,-22.4216832828637,-28.4465858331757,0
