0.2,-0.2,-0.2,0,0,0,0,0,-0.785398163397448,0.785398163397448,-0.785398163397448,0.785398163397448,0
0.2,-0.199999997472719,-0.199999999586535,-2.77420055584265e-09,-6.73014984065161e-07,3.01910936473069e-08,6.42660903267844e-07,2.89308536494387e-09,-0.785398106517487,0.785398214266806,-0.785398108449362,0.785398216198681,0
0.2,-0.19999999364497,-0.199999998614892,-5.81118276126691e-08,-2.68858508619372e-06,-9.01361301683368e-07,6.56528547482332e-07,-6.36667637821916e-08,-0.785398027550422,0.785398301383292,-0.785398029409428,0.785398303242299,0
0.2,-0.199999978637633,-0.199999995183764,-2.0184004149051e-07,-9.03262991036282e-06,-3.03591396951049e-06,2.19945959941698e-06,-2.10811074693953e-07,-0.78539771061119,0.785398632437715,-0.78539771440706,0.785398636233585,0
0.2,-0.199999949446055,-0.199999987763745,-5.10788079581336e-07,-2.13430861719214e-05,-7.15221525841177e-06,5.19873694302096e-06,-4.70538815947452e-07,-0.785397112124976,0.785399300638674,-0.785397108212059,0.785399296725758,0
0.2,-0.199999901337467,-0.199999973266861,-1.11011018094719e-06,-4.15425495792537e-05,-1.3887716795789e-05,1.01070760749231e-05,-8.13596335809954e-07,-0.785396180543586,0.78540047557121,-0.785396129077883,0.785400424105507,0
0.2,-0.199999829336056,-0.199999946257811,-2.21662956874148e-06,-7.15375044482658e-05,-2.38436589741322e-05,1.73638131910355e-05,-1.09428856199251e-06,-0.785394914543459,0.785402406709884,-0.785394710200051,0.785402202366475,0
0.2,-0.199999728131476,-0.199999897270816,-4.2063665068909e-06,-0.000113213629906352,-3.75817750589321e-05,2.7380476838157e-05,-1.01271893307576e-06,-0.785393401188081,0.785405479436157,-0.785392812390408,0.785404890638485,0
0.2,-0.199999591943365,-0.199999810684194,-7.69698597023303e-06,-0.000168439821767416,-5.56112551841657e-05,4.05315993418296e-05,-6.83859418823618e-08,-0.785391863673417,0.785410286154019,-0.785390439535833,0.785408862016434,0
0.2,-0.199999414223708,-0.199999662875293,-1.36167320007737e-05,-0.00023907264301856,-7.8373928735572e-05,5.71441786706656e-05,2.5632371703617e-06,-0.785390698064718,0.785417690742858,-0.785387647794095,0.785414640472235,0
0.2,-0.19999918742733,-0.199999419529362,-2.33059029597678e-05,-0.000326960951580018,-0.000106228214783494,7.74860804229183e-05,8.11586976484816e-06,-0.785390532297,0.785428919540336,-0.785384563743112,0.785422950986447,0
0.2,-0.199998902747117,-0.199999032623294,-3.86279115637384e-05,-0.000433950386163902,-0.000139432551735096,0.000101753771025702,1.83305162812948e-05,-0.785392292185625,0.785445663510275,-0.785381404467025,0.785434775791675,0
0.2,-0.199998549794015,-0.199998437194827,-6.20841318252872e-05,-0.000561887315841153,-0.000178129181340493,0.000130059860529063,3.55745583918335e-05,-0.785397271289966,0.785470188337311,-0.785378498106628,0.785451415153973,0
0.2,-0.199998116255691,-0.199997547742641,-9.69377553822574e-05,-0.000712621792250828,-0.000222329309048338,0.000162421012522064,6.29608383705453e-05,-0.785407209291084,0.785505457003384,-0.785376306981244,0.785474554693544,0
0.2,-0.199997587512337,-0.199996254375812,-0.000147340122752274,-0.00088800899428408,-0.000271900773681128,0.000198746840262719,0.000104470791690129,-0.785424375507448,0.785555261367586,-0.785375451691322,0.78550633755146,0
0.2,-0.199996946199489,-0.199994418773237,-0.000218455355177551,-0.00108990863208869,-0.000326559414531927,0.000238830439652918,0.000165075758203242,-0.785451655871297,0.78562436098299,-0.785376735382853,0.785549440494546,0
0.2,-0.19999617169713,-0.199991870062694,-0.000316577029510016,-0.00132018179031484,-0.000385865302757606,0.000282341201174335,0.000250850318164639,-0.785492640226233,0.785718625948213,-0.785381166676749,0.78560715239873,0
0.2,-0.199995239513796,-0.199988400776882,-0.000449228772533247,-0.00158068474791111,-0.000449224888497204,0.000328820484713599,0.000369069678099311,-0.785551705373188,0.785845179197084,-0.785389979105109,0.785683452929006,0
0.2,-0.199994120521315,-0.199983763102035,-0.000625238554400415,-0.00187325941937266,-0.000515899892852531,0.000377680626759433,0.000528281089722133,-0.785634087532652,0.786012531920307,-0.785404644092615,0.78578308848027,0
0.2,-0.199992779981031,-0.199977665701554,-0.000854774290122584,-0.00219972022205727,-0.000585023440470213,0.000428207576572671,0.000738337177399719,-0.78574593586823,0.786230703843362,-0.785426873608779,0.78591164158391,0
0.2,-0.199991176286976,-0.199969771467765,-0.0011493263840504,-0.00256183738262186,-0.000655623490949635,0.000479567230396516,0.00101037714212401,-0.785894336577067,0.786511317987464,-0.785458607669707,0.786075589080103,0
0.2,-0.199989259337911,-0.199959696621067,-0.00152162148130096,-0.00296131694301854,-0.00072665310610223,0.000530815261441214,0.00135674050073497,-0.786087295055093,0.7868676575502,-0.785501981013816,0.786282343508922,0
0.200011664361233,-0.199986968515583,-0.199947011611591,-0.00198545146653952,-0.003399777996257,-0.000797026520000159,0.000580909946637188,0.00179079784039862,-0.786333662178808,0.787314671014753,-0.785559262702805,0.78654027153875,0
0.200026184430438,-0.199984225726713,-0.19993126573389,-0.00255627569576168,-0.00387872902112523,-0.000865659094305617,0.000628728575198933,0.00232729316398057,-0.786642306317724,0.787868225486985,-0.785632528877771,0.786858448047033,0
0.200044036133034,-0.199980939762406,-0.199911954671547,-0.00324930835418659,-0.00439954061656566,-0.000931510208847964,0.000673081505362379,0.00298090657152508,-0.787023113538113,0.788546195705371,-0.785723950603446,0.787247032770704,0
0.200065720542911,-0.199976998820383,-0.19988854716258,-0.00407972305584229,-0.00496342087680399,-0.000993624948477294,0.000712729178676935,0.00376625394031781,-0.787486104018425,0.789367668530289,-0.785835425386797,0.787716989898662,0
0.200091751615887,-0.199972265853776,-0.199860497277743,-0.00506205553082269,-0.00557139169947846,-0.00105117288665881,0.000746396738168361,0.00469730180948895,-0.788041014621988,0.790352615541512,-0.785968358596861,0.788279959516385,0
0.20012264075247,-0.199966573337602,-0.199827259766586,-0.00620951881984009,-0.00622426802419667,-0.00110348103141372,0.000772785806441542,0.00578669792214423,-0.78869679077749,0.791521473362598,-0.786123405590907,0.788948088176015,0
0.200158878659415,-0.19995971763849,-0.199788307962225,-0.00753326540013391,-0.00692264117214406,-0.00115005851825123,0.000790582215462991,0.00704505138055461,-0.789461004483751,0.792894645054784,-0.78630018375301,0.789733824324043,0
0.200200915388573,-0.199951453273247,-0.199743153333523,-0.00904164522177209,-0.00766686720309429,-0.00119061117321605,0.000798458764111001,0.00848021051789115,-0.790339227683353,0.79449194756579,-0.786496969448367,0.790649689330805,0
0.200249139827475,-0.199941487428702,-0.199691365390798,-0.0107395202071935,-0.00845706085123332,-0.00122504483180766,0.000795072482678206,0.0100965977700845,-0.791334401921144,0.796332041486157,-0.786710400150269,0.791708039715283,0
0.200303860223144,-0.199929475168346,-0.199632590363291,-0.0126277013849698,-0.00929309517945,-0.00125345721880828,0.000779056370994221,0.0118946661444706,-0.792446253750073,0.798431888131192,-0.786935205565191,0.792920839946311,0
0.200365287460945,-0.199915015751151,-0.199566566948975,-0.0147025719763483,-0.010174606648955,-0.00127611917439573,0.000749006099115635,0.0138705388906559,-0.793670808411482,0.800806283037494,-0.787163992371723,0.794299466997736,0
0.200433522734138,-0.199897650423461,-0.199493137546379,-0.0169559471960083,-0.0111010048889243,-0.00129344694064781,0.000703462656973506,0.0160158815086586,-0.795000050207205,0.803467512647064,-0.787387104475696,0.795854566915556,0
0.200508550906338,-0.199876861917546,-0.199412253730536,-0.0193751999639421,-0.0120714861191031,-0.00130596798543072,0.000640892350033725,0.0183180339977934,-0.796421766293857,0.806425171629992,-0.787592574402468,0.797595979738604,0
0.20059024031936,-0.199852075717422,-0.19932397529658,-0.0219436539708557,-0.0130850489669701,-0.00131428333954104,0.000559665807032311,0.0207604040432933,-0.797919592611953,0.809686162793544,-0.787766172341054,0.799532742522646,0
0.200678349114845,-0.19982266296341,-0.199228462880608,-0.0246412160864106,-0.0141405113539364,-0.00131902959263085,0.000458037755111229,0.0233230930659767,-0.799473259104762,0.813254882098034,-0.787891548885992,0.801673171879264,0
0.200772537435755,-0.199787944696966,-0.19912596486204,-0.0274451940908864,-0.0152365272059758,-0.00132084351399316,0.000334129213705149,0.0259837017506334,-0.801059010018695,0.817133571186635,-0.787950457545181,0.804025018713122,0
0.20087238427481,-0.199747197027833,-0.199016799834822,-0.0303312276477934,-0.0163716019564515,-0.00132033176631983,0.000185913476425707,0.0287182442014173,-0.802650157651808,0.821322802478825,-0.787923035366232,0.806595680193249,0
0.200977407338211,-0.199699656755761,-0.198901336312937,-0.0332742530502393,-0.0175441061185182,-0.00131804744123203,1.12068322849139e-05,0.0315020928837653,-0.804217717231623,0.825822050067639,-0.787788115813032,0.809392448649048,0
0.201087084143864,-0.199644527001414,-0.198779971462811,-0.0362494259531564,-0.0187522865651206,-0.00131447427576789,-0.000192335513531919,0.0343108803387336,-0.805731067875801,0.830630294900523,-0.787523547712936,0.812422774737659,0
0.201200872669114,-0.199580982482598,-0.19865311053974,-0.0392329392130938,-0.0199942755153049,-0.00131001853467912,-0.000427218352074443,0.037121296468572,-0.807158589315645,0.835746614987929,-0.787106497269788,0.815694522942073,0
0.201318230152496,-0.199508174189446,-0.198521148400497,-0.0422026917613683,-0.0212680975387283,-0.00130500778245129,-0.000696100676553757,0.0399117387069409,-0.808468234372512,0.841170719328833,-0.786513715753926,0.819216200710248,0
0.20143862905981,-0.199425233339579,-0.198384454048646,-0.0451387852932572,-0.0225716751190192,-0.00129969521192095,-0.0010017859535626,0.0426627928392184,-0.809628010493392,0.846903395719612,-0.785721762219408,0.822997147445629,0
0.201561569664338,-0.19933127460918,-0.198243358724952,-0.0480238450429441,-0.0239028334403556,-0.00129426789231154,-0.00134720939993958,0.0453575412872319,-0.810606357395478,0.852946855286125,-0.784707177216512,0.82704767510716,0
0.201686589095603,-0.199225398723814,-0.19809814765063,-0.0508431766334026,-0.0252593050780866,-0.0012888572512525,-0.00173542323129251,0.047981710989346,-0.811372419998547,0.859304968444142,-0.783446609039068,0.831379157484663,0
0.201813267035121,-0.199106694547699,-0.197949055210165,-0.0535847817747761,-0.0266387351983849,-0.00128355027433245,-0.00216958075408783,0.0505236834687496,-0.811896225098074,0.86598339668454,-0.78191689806641,0.836004069652877,0
0.201941228461276,-0.198974240833402,-0.197796263141731,-0.0562392613653299,-0.0280386877311536,-0.0012784002246077,-0.00265291999820286,0.0529743952410589,-0.812148776216468,0.872989631445256,-0.780095127118708,0.840935982347496,0
0.202070143969766,-0.198827107791596,-0.197639901184595,-0.0587996360296371,-0.0294566528078293,-0.0012734360740912,-0.00318874737556109,0.0553271580697295,-0.812102083963095,0.880332955333724,-0.777958646622455,0.846189517993085,0
0.202199728236116,-0.198664358620637,-0.197480049598437,-0.0612611124109864,-0.0308900555830136,-0.00126867022540315,-0.00378042164407157,0.0575774268208,-0.81172914962153,0.888024342484716,-0.775485083121111,0.851780275984298,0
0.202329737164362,-0.198485051106125,-0.197316742996853,-0.0636208197992076,-0.0323362664105821,-0.0012641044282155,-0.00443133828514568,0.0597225389555842,-0.811003918305016,0.896076314476302,-0.772652338651973,0.857724734823259,0
0.202459964203588,-0.198288239367777,-0.197149975003792,-0.0658775369647749,-0.0337926122353642,-0.00125973403012674,-0.00514491428423949,0.0617614450521905,-0.809901215597795,0.904502766622837,-0.769438587098359,0.864040138123402,0
0.202590236231289,-0.198072975799448,-0.196979703327423,-0.0680314241850643,-0.0352563889943752,-0.00125555083798288,-0.00592457324016355,0.0636944449445104,-0.808396678727833,0.913318777190385,-0.76582227209513,0.870744370557682,0
0.202720409314458,-0.197838313220606,-0.196805854936169,-0.0700837709223646,-0.0367248747922263,-0.00125154491545059,-0.00677373071280252,0.065522939629023,-0.806466690429898,0.922540409584049,-0.761782109606884,0.877855828761036,0
0.20285036457588,-0.197583307235381,-0.196628331106381,-0.0720367657427024,-0.0381953436140365,-0.00124770562912257,-0.007695779736829,0.0672492053024159,-0.804088321032478,0.932184515146591,-0.757297097024304,0.885393291138418,0
0.202980004320295,-0.197307018778499,-0.196447012184688,-0.073893291964854,-0.0396650793548059,-0.00124402220485993,-0.00869407646597141,0.068876192866005,-0.801239282081567,0.942268542067361,-0.752346529584978,0.893375789570772,0
0.203109248515169,-0.197008516815639,-0.19626176196823,-0.0756567501917759,-0.0411313899670474,-0.00124048399148826,-0.00977192595529476,0.070407353955442,-0.797897893046185,0.952810354115895,-0.746910024127433,0.901822485197143,0
0.203238031674225,-0.196686881158256,-0.196072431652553,-0.0773309072213779,-0.0425916215516543,-0.00123708056668706,-0.0109325681285247,0.0718464929453107,-0.794043061319469,0.963828061502687,-0.740967549611799,0.910752549795017,0
0.203366300157414,-0.196341205348824,-0.195878863331182,-0.0789197697456905,-0.0440431722368591,-0.00123380176891188,-0.012179164008539,0.0731976433246297,-0.789654274785051,0.975339865105171,-0.734499463455174,0.920185053775294,0
0.203494009876875,-0.195970599571007,-0.195680893054738,-0.0804274806053141,-0.0454835057056913,-0.00123063770233105,-0.0135147823101142,0.0744649662210592,-0.784711605596015,0.987363914531852,-0.727486552498031,0.930138861433869,0
0.203621124382762,-0.195574193539829,-0.195478353472911,-0.0818582350561575,-0.0469101642442295,-0.00122757873790561,-0.0149423865054308,0.0756526685573321,-0.779195723445769,0.999918179975753,-0.719910077304973,0.940632533834958,0
0.203747613293494,-0.195151139328823,-0.195271076091614,-0.0832162144306647,-0.0483207811925184,-0.00122461551991848,-0.0164648224764297,0.0767649382577789,-0.773087916435082,1.0130203374748,-0.71175181847821,0.95168423951793,0
0.203873451030532,-0.194700614094079,-0.19505889318207,-0.0845055346575572,-0.0497130926887186,-0.00122173898016809,-0.0180848068658252,0.0778058940090573,-0.766370117604482,1.02668766700214,-0.702994123699842,0.963311673097503,0
0.203998615816671,-0.194221822658706,-0.194841639379611,-0.08573020728235,-0.0510849486059215,-0.00121894035894205,-0.0198049162321272,0.0787795472584763,-0.759024935263687,1.04093696271262,-0.693619954299537,0.97553198174847,0
0.204123088897975,-0.193713999925208,-0.194619153008974,-0.0868941108612859,-0.0524343225907418,-0.00121621123086295,-0.021627577104729,0.0796897743624955,-0.751035685376258,1.05578445464001,-0.683612930252016,0.988361699515773,0
0.204246853952074,-0.193176413087555,-0.19439127717048,-0.0880009708528198,-0.0537593211235433,-0.00121354353361921,-0.0235550570238622,0.0805402970468544,-0.742386424423452,1.07124574114843,-0.672957372632767,1.00181668935775,0
0.204369896648912,-0.192608363619062,-0.194157860618412,-0.0890543463825876,-0.0550581915319063,-0.00121092959784305,-0.0255894566376855,0.0813346695881814,-0.733061981357992,1.08733573147242,-0.661638342692243,1.01591209280667,0
0.20449220433381,-0.192009189016599,-0.19391875845957,-0.0900576224969006,-0.056329328901571,-0.00120836217671787,-0.0277327029153594,0.0820762713622728,-0.723047987453183,1.10406859772148,-0.649641676842769,1.03066228711106,0
0.204613765806499,-0.191378264285978,-0.193673832696612,-0.0910140067388115,-0.0575712818422762,-0.00120583447419261,-0.0299865435210639,0.0827683036194032,-0.712330903046771,1.12145773576742,-0.636954016984353,1.046080849705,0
0.204734571173497,-0.190715003157567,-0.193422952637632,-0.0919265290761506,-0.0587827570794343,-0.00120334017092996,-0.0323525423797927,0.0834137895386796,-0.700898040366206,1.13951573447238,-0.623562835722978,1.06218052982915,0
0.204854611754659,-0.190018859025256,-0.193165995190498,-0.0927980443817542,-0.0599626228561335,-0.00120087344730932,-0.034832076451695,0.0840155767808106,-0.6887375817988,1.15825435274885,-0.609456456155683,1.07897322710573,0
0.204973880027869,-0.189289325605742,-0.192902845057942,-0.0936312368130946,-0.0611099111433076,-0.00119842900298441,-0.0374263337179512,0.0845763419024951,-0.675838593134531,1.17768450396938,-0.594624066009906,1.09646997684476,0
0.20509236959869,-0.188525937318745,-0.192633394847095,-0.0944286255633998,-0.0622238186688506,-0.0011960020726237,-0.0401363123678689,0.0850985961176831,-0.662191031459744,1.19781624726302,-0.579055726029182,1.11468094183246,0
0.20521007518427,-0.187728269392138,-0.192357545105289,-0.0951925715612695,-0.063303706788754,-0.00119358843759791,-0.0429628211642563,0.0855846919933862,-0.647785747516279,1.21865878524833,-0.562742372593147,1.13361541032519,0
0.205326992602994,-0.186895937699089,-0.192075204292275,-0.0959252847831678,-0.0643491002349085,-0.00119118443346913,-0.0459064809523106,0.0860368307529074,-0.632614482462663,1.24022046776065,-0.545675814646538,1.15328179994453,0
0.205443118763236,-0.186028598337115,-0.191786288697689,-0.0966288319152954,-0.0653596847848316,-0.00118878695324598,-0.0489677272663866,0.0864570699296002,-0.616669859082274,1.26250880113447,-0.52784872508959,1.17368766714178,0
0.205558451646218,-0.185125946961494,-0.191490722311429,-0.097305144160487,-0.0663353039082437,-0.00118639344643583,-0.0521468139791615,0.0868473311717941,-0.599945367578294,1.28553046260215,-0.50925462685095,1.19483972187481,0
0.205672990279315,-0.184187717887678,-0.191188436653697,-0.0979560250338932,-0.0672759544539644,-0.00118400191400755,-0.0554438179289846,0.0872094080462624,-0.582435346177419,1.30929131936927,-0.489887873924086,1.21674384711593,0
0.205786734697338,-0.183213682979269,-0.190879370570674,-0.0985831580301331,-0.0681817814480362,-0.00118161089943849,-0.0588586444536175,0.0875449737253774,-0.564134956834484,1.33379645192411,-0.469743627699514,1.23940512278914,0
0.20589968589029,-0.182203650339727,-0.190563470001175,-0.0991881140758575,-0.0690530720802684,-0.00117921947606541,-0.0623910337521645,0.0878555884733793,-0.545040156388888,1.35905018113737,-0.448817828968177,1.26282785371666,0
0.206011845736887,-0.181157462827282,-0.190240687719094,-0.0997723587065924,-0.0698902489614744,-0.00117682723102009,-0.0660405679918028,0.088142706871309,-0.525147663571918,1.38505609870655,-0.427107166006364,1.287015601141,0
0.206123216923823,-0.180074996413536,-0.189910983056024,-0.100337258926476,-0.0706938627376481,-0.00117443424604792,-0.0698066790718826,0.0884076847392351,-0.504454922302251,1.41181710049997,-0.404609039180048,1.31197121737777,0
0.206233802851266,-0.178956158406969,-0.189574321608057,-0.100884089725006,-0.0714645841501013,-0.00117204107555543,-0.0736886569551077,0.0886517857293749,-0.482960061735929,1.43933542235752,-0.381321522526756,1.33769688314835,0
0.206343607525533,-0.177800885563005,-0.189230674930467,-0.101414040236967,-0.0722031956322659,-0.00116964872223823,-0.0776856584737973,0.088876187575326,-0.460661853557433,1.46761267790977,-0.35724332278647,1.36419414713881,0
0.206452635440203,-0.176609142102505,-0.188880020223686,-0.101928219540981,-0.0729105825344966,-0.00116725861066809,-0.0817967165185565,0.0890819879915769,-0.437559667010976,1.49664989798382,-0.332373736360086,1.39146396733293,0
0.206560891447207,-0.175380917660481,-0.18852234001376,-0.102427662099156,-0.0735877240677803,-0.00116487255921081,-0.0860207495171027,0.0892702102242262,-0.413653422176168,1.52644757117413,-0.3067126046749,1.41950675367287,0
0.206668380619577,-0.174116225186538,-0.188157621830219,-0.102913332845544,-0.0742356840558777,-0.00116249275066799,-0.0903565711123758,0.0894418082589046,-0.388943541990593,1.55700568516865,-0.28026026843196,1.44832241161002,0
0.206775108107713,-0.172815098818068,-0.187785857884105,-0.103386131934903,-0.0748556015831808,-0.00116012170200378,-0.0948028999513134,0.0895976716955636,-0.363430903514049,1.58832376843554,-0.253017521200368,1.47791038612186,0
0.206881078991049,-0.171477591746465,-0.187407044748673,-0.103846899165952,-0.0754486816223887,-0.00115776223353293,-0.0993583694988853,0.0897386303023948,-0.337116788915686,1.6204009318934,-0.224985562808989,1.5082697057867,0
0.206986298127044,-0.170103774095801,-0.187021183045114,-0.104296418095054,-0.0760161857222952,-0.00115541743791927,-0.104021537795818,0.0898654582628976,-0.310002836646974,1.65323591020781,-0.196165952967293,1.53939902652813,0
0.207090769999418,-0.168693730832296,-0.186628277135409,-0.104735419857342,-0.0765594228313603,-0.00115309064930539,-0.108790897083122,0.0899788781311888,-0.282090993240283,1.68682710237928,-0.166560565524223,1.57129667466322,0
0.207194498567468,-0.167247559721747,-0.186228334824258,-0.105164586712835,-0.0770797403276313,-0.00115078541289975,-0.113664883221689,0.0900795645112386,-0.253383466146117,1.72117261131205,-0.136171543747985,1.60396068891391,0
0.207297487118267,-0.165765369350738,-0.185821367071819,-0.105584555335184,-0.0775785153198204,-0.00114850545528733,-0.118641884841052,0.0901681474758934,-0.223882677991565,1.75627028207933,-0.105001256980489,1.63738886106825,0
0.207399738123407,-0.164247277226031,-0.185407387718768,-0.105995919860507,-0.0780571462782792,-0.00114625465572955,-0.123720252157548,0.0902452157414503,-0.193591222609435,1.79211773862821,-0.0730522589887125,1.67157877500748,0
0.207501253101854,-0.162693407965007,-0.18498641322504,-0.106399234713285,-0.0785170450481484,-0.00114403701867811,-0.128898305408649,0.0903113196132242,-0.16251182315199,1.82871241869626,-0.0403272483017143,1.70652784384598,0
0.207602032490311,-0.161103891588453,-0.184558462423348,-0.106795017225736,-0.0789596292902013,-0.0011418566476936,-0.134174342857084,0.090366973717069,-0.130647292565885,1.86605160674178,-0.00682903078693781,1.74223334496283,0
0.207702075522379,-0.159478861925353,-0.184123556288435,-0.107183750066271,-0.0793863153880799,-0.00113971772094465,-0.139546648325269,0.0904126595312369,-0.0980004966664477,1.90413246471968,0.0274395153165606,1.77869245273667,0
0.207801380117604,-0.15781845513771,-0.183681717722763,-0.107565883491899,-0.0797985118536448,-0.00113762446840832,-0.145013498227635,0.090448827732299,-0.0645743200102133,1.94295206056579,0.0624754717269635,1.81590226882861,0
0.207899942781347,-0.156122808371758,-0.183232971359195,-0.107941837438516,-0.080197613255234,-0.00113558115089751,-0.150573168075437,0.0904759003681514,-0.0303716347252347,1.98250739428225,0.0982759096662965,1.85385984989072,0
0.207997758516262,-0.154392058540294,-0.182777343381005,-0.108312003462165,-0.0805849946868639,-0.00113359204095911,-0.15622393843553,0.0904942728704108,0.00460472758028267,2.02279542154705,0.134837916516756,1.89256223261058,0
0.208094820745971,-0.152626341239292,-0.182314861359375,-0.108676746543432,-0.0809620067896903,-0.00113166140573268,-0.161964100331287,0.0905043159177841,0.0403520007486881,2.06381307479914,0.172158619514132,1.9320064560337,0
0.208191121251371,-0.150825789800399,-0.181845554108383,-0.109036406766293,-0.0813299713307839,-0.00112979349175451,-0.167791960080321,0.0905063771612767,0.076867505797498,2.10555728177875,0.210235206439947,1.9721895811363,0
0.208286650119847,-0.148990534479457,-0.181369451557294,-0.109391300881817,-0.0816901773381815,-0.00112799251172518,-0.173705843569729,0.0905007828213994,0.114148669427651,2.14802498152877,0.249064943306454,2.01310870764997,0
0.208381395707513,-0.147120701779851,-0.180886584639855,-0.109741723766347,-0.0820438777855718,-0.00112626263322044,-0.179704099975271,0.0904878391668692,0.152193039338254,2.19121313788768,0.288645189059222,2.05476098816671,0
0.208475344614441,-0.14521641390819,-0.180396985200104,-0.110087949782957,-0.0823922868148605,-0.00112460796928044,-0.185785104936147,0.0904678338836486,0.190998296401285,2.23511875052721,0.328973407350335,2.09714363957816,0
0.208568481672718,-0.143277788358685,-0.179900685914131,-0.110430234054237,-0.0827365774800858,-0.00112303257084711,-0.191947263201739,0.0904410373425435,0.230562263777789,2.27973886360841,0.370047175461015,2.14025395192518,0
0.208660789947048,-0.141304937621555,-0.179397720227087,-0.11076881365376,-0.0830778799921238,-0.00112154042094391,-0.198189010770885,0.0904077037730118,0.27088291308209,2.32507057214828,0.411864190475518,2.18408929475485,0
0.208752250747484,-0.139297969009913,-0.17888812230467,-0.111103908722895,-0.0834172804399632,-0.00112013543054324,-0.20450881654787,0.0903680723502596,0.311958367722527,2.37111102620462,0.454422272828276,2.22864712109887,0
0.20884284365379,-0.137256984598777,-0.178371926998192,-0.111435723519037,-0.0837558199613633,-0.00111882143599338,-0.21090518354239,0.0903223682022114,0.353786903566088,2.4178574330005,0.497719367363542,2.27392496920305,0
0.208932546550867,-0.135182081269278,-0.177849169822341,-0.111764447400756,-0.0840944943332751,-0.00111760219792294,-0.217376649643119,0.0902708033424343,0.396366947089742,2.46530705712053,0.541753542060865,2.31992046214941,0
0.209021335674559,-0.133073350850571,-0.177319886944639,-0.112090255754829,-0.0844342539505514,-0.0011164814014873,-0.22392178799644,0.0902135775346613,0.439697071193696,2.51345721891951,0.586522984590987,2.36663130552222,0
0.209109185667148,-0.130930880351668,-0.176784115185592,-0.112413310869621,-0.0847760041600119,-0.00111546265791574,-0.230539207023366,0.0901508790941012,0.483775988861128,2.56230529129032,0.632025996875118,2.41405528327633,0
0.20919606964177,-0.128754752275101,-0.176241892028524,-0.112733762758914,-0.0851206059164675,-0.0011145495070862,-0.237227550108172,0.090082885630383,0.528602544854744,2.6118486949415,0.678260987825769,2.46219025197048,0
0.209281959254978,-0.126545045004255,-0.175693255638063,-0.113051749939791,-0.0854688767265626,-0.00111374542126857,-0.243985494992799,0.0900097647365607,0.574175705644162,2.66208489233673,0.725226464450344,2.51103413353054,0
0.209366824786635,-0.124301833256189,-0.175138244886253,-0.113367400167905,-0.0858215918470202,-0.0011130538095883,-0.250811752910795,0.0899316746282987,0.620494547758402,2.71301138044776,0.772921021498817,2.56058490670735,0
0.209450635226346,-0.122025188591842,-0.174576899385311,-0.113680831133104,-0.0861794857038005,-0.00111247802352817,-0.257705067493967,0.0898487647370367,0.667558244756102,2.76462568247067,0.821343329834992,2.61084059739178,0
0.209533358365611,-0.119715179975735,-0.174009259526057,-0.113992151118086,-0.0865432535004216,-0.00111202136280729,-0.264664213484035,0.0897611762606216,0.715366053001787,2.8169253386507,0.870492123706663,2.66179926794582,0
0.209614960894924,-0.117371874377528,-0.173435366521073,-0.114301459622546,-0.0869135529841108,-0.00111168708228991,-0.271687995279897,0.0896690426746563,0.763917296430605,2.86990789635625,0.920366187084343,2.71345900570251,0
0.209695408505044,-0.11499533740813,-0.172855262451726,-0.114608847955009,-0.0872910063409922,-0.00111147839882256,-0.27877524535032,0.0895724902075395,0.813211350476128,2.92357089953598,0.970964339230755,2.76581791078136,0
0.209774665991709,-0.112585633983449,-0.172268990318221,-0.114914399794345,-0.0876762021921187,-0.00111139849927873,-0.28592482253882,0.0894716382819341,0.863247625326834,2.97791187768506,1.02228541965476,2.81887408335713,0
0.209852697363096,-0.110142829009326,-0.17167659409189,-0.115218191722828,-0.0880696976656688,-0.00111145054786634,-0.293135610287186,0.0893665999252264,0.914025548666415,3.0329283344389,1.07432827259367,2.87262561051164,0
0.209929465949366,-0.107666988081624,-0.171078118769037,-0.115520293732378,-0.0884720205205092,-0.00111163769525203,-0.300406514799794,0.0892574821512865,0.965544548042365,3.08861773590346,1.12709173115758,2.92707055278825,0
0.210004934513688,-0.105158178196003,-0.170473610425626,-0.115820769705546,-0.0888836713017244,-0.00111196308568467,-0.307736463171626,0.0891443863157069,1.0178040329951,3.144977498822,1.18057460125827,2.98220693055883,0
0.210079065364174,-0.102616468462346,-0.169863116272291,-0.116119677872658,-0.0893051255062726,-0.00111242986749788,-0.315124401496316,0.0890274084464932,1.07080337706843,3.2020049786687,1.23477564543422,3.03803271030291,0
0.210151820466217,-0.100041930819382,-0.169246684709073,-0.116417071246419,-0.0897368357456883,-0.0011130411990458,-0.322569292974974,0.0889066395520524,1.12454189980954,3.25969745775019,1.2896935666716,3.09454579088813,0
0.210223161554754,-0.0974346407455051,-0.168624365379452,-0.116712998035205,-0.0901792338856924,-0.00111380026163842,-0.330070116034122,0.088782165908153,1.17901884885491,3.31805213338625,1.34532699231011,3.15174398993105,0
0.210293050506561,-0.0947946802574603,-0.167996209474229,-0.117007502302151,-0.0906327340910731,-0.00111471270646912,-0.337625859417957,0.0886540693304211,1.23423332680814,3.37706606489674,1.40167440695579,3.2096249847491,0
0.21036144934076,-0.0921221376129138,-0.167362269672589,-0.117300624225531,-0.0910977368836742,-0.00111577942255757,-0.345235525500558,0.0885224274208292,1.2901842976001,3.43673618002665,1.4587341588495,3.26818631877725,0
0.210428319763444,-0.0894171030247856,-0.1667225996493,-0.117592399877806,-0.0915746236728911,-0.00111700347714562,-0.352898128357281,0.0883873137898357,1.34687068915747,3.49705935310085,1.51650455515353,3.32742548710479,0
0.210493623693113,-0.0866796730067665,-0.166077254526136,-0.11788286199116,-0.0920637630747678,-0.00111838857561479,-0.36061268972559,0.0882487982825972,1.40429128778028,3.55803232775983,1.57498376484676,3.38733985069335,0
0.210557323367218,-0.083909951020975,-0.165426290917131,-0.118172040279776,-0.0925655134987108,-0.00111993756770159,-0.368378238143068,0.0881069471818662,1.4624447217334,3.61965170632492,1.63416980404327,3.44792662401505,0
0.210619381446758,-0.0811080481070688,-0.164769766971384,-0.118459961746602,-0.093080223850901,-0.00112165484960415,-0.376193806064184,0.0879618233975705,1.52132944528476,3.68191393950392,1.69406052172612,3.50918286306256,0
0.210679761119001,-0.0782740834935862,-0.164107742413499,-0.118746650975622,-0.0936082370800438,-0.00112354252175624,-0.384058430369484,0.0878134866440475,1.58094372317232,3.74481531642227,1.75465358587951,3.57110545371508,0
0.21073842619788,-0.0754081851880045,-0.163440278581283,-0.119032130410081,-0.0941498889397053,-0.00112560665617461,-0.391971147539636,0.0876619936058105,1.64128561558555,3.80835195504173,1.81594647009773,3.63369110052955,0
0.210795341222501,-0.0725104905497582,-0.162767438461108,-0.119316420617898,-0.0947055143851138,-0.00112784703974577,-0.39993099770825,0.0875073980926626,1.70235296356028,3.87251979288921,1.87793644057684,3.69693631587265,0
0.210850471552833,-0.0695811468384286,-0.162089286720147,-0.119599540544085,-0.0952754411945285,-0.00113027417118921,-0.407937014227726,0.0873497511849055,1.76414337497587,3.93731457823444,1.94062054366307,3.76083740954724,0
0.210903783464006,-0.0666203117498337,-0.161405889736818,-0.119881507752318,-0.0958600046611705,-0.00113288092321527,-0.415988237486314,0.087189101369358,1.82665421084797,4.00273186148695,2.00399559367419,3.82539047866073,0
0.210955244236743,-0.0636281539190462,-0.160717315627199,-0.120162338653777,-0.0964595267772746,-0.00113569022462368,-0.424083688206294,0.0870254946667935,1.8898825724252,4.06876698718716,2.06805816146211,3.89059139815025,0
0.211004822248093,-0.0606048534265254,-0.160023634271285,-0.120442048728093,-0.0970743552410721,-0.00113867430460614,-0.432222409339017,0.0868589747514481,1.95382528821512,4.13541508594201,2.13280456290969,3.95643581124743,0
0.2110524870554,-0.0575506022470752,-0.159324917332608,-0.120720652729753,-0.097704800516163,-0.00114189247152287,-0.44040339137312,0.0866895830630484,2.01847890239957,4.20267106738414,2.19823084870733,4.02291912107638,0
0.211098209485702,-0.0544656047463419,-0.158621238282466,-0.120998164892883,-0.0983512473441515,-0.00114525461308856,-0.448625697436628,0.0865173589120432,2.08383966210536,4.27052961227808,2.26433279307277,4.09003648131068,0
0.211141961709618,-0.0513500780462904,-0.157912672409661,-0.121274599113559,-0.0990139655130973,-0.00114892962435043,-0.456888244237191,0.0863423395782031,2.14990350785463,4.33898516696881,2.33110588539919,4.15778278942425,0
0.211183717336227,-0.0482042525710882,-0.157199296848976,-0.121549969147237,-0.0996934416280985,-0.0011526363069748,-0.465190179458188,0.0861645604035592,2.21666605965318,4.40803193459956,2.39854531788173,4.22615267637102,0
0.211223451465372,-0.0450283722331482,-0.156481190570817,-0.12182428875701,-0.100389803335606,-0.00115688066788634,-0.473530220390712,0.085984054879154,2.28412261180565,4.47766387275975,2.46664598118034,4.29514050338507,0
0.211261140809118,-0.041822695207335,-0.155758434432883,-0.122097571926718,-0.101103831486731,-0.00116078737928043,-0.481907810275385,0.0858008547275863,2.35226811348555,4.54787468061555,2.53540244695884,4.36474034714226,0
0.211296763685663,-0.0385874936290656,-0.155031111117171,-0.122369832939261,-0.101835181976127,-0.00116591576950778,-0.490321080735081,0.0856149899789345,2.42109717540075,4.61865780525917,2.60480897445173,4.4349460062082,0
0.211330300233918,-0.0353230551564308,-0.154299305263812,-0.122641086674332,-0.102585528697957,-0.00116952113915503,-0.498770447206695,0.085426489045139,2.49060403127209,4.69000641476618,2.6748594754211,4.50575097061717,0
0.211361732230842,-0.032029681191231,-0.153563103251411,-0.122911348498073,-0.103352999133742,-0.00117649121951408,-0.507252237547964,0.085235378784907,2.56078258035404,4.76191343087989,2.74554755371634,4.57714845751759,0
0.211391043611959,-0.0287076910088373,-0.152822593599893,-0.123180634862618,-0.104142059117981,-0.00117814795374378,-0.515770004427973,0.0850416845737345,2.6316262866237,4.83437145627036,2.81686641290095,4.64913132999311,0
0.211418219731066,-0.0253574153245781,-0.152077866261202,-0.123448962621548,-0.104945923643996,-0.0011899739219676,-0.524314390038229,0.0848454303543446,2.70312833430502,4.9073728901609,2.88880899977621,4.72169222468971,0
0.21144324887237,-0.0219792086990708,-0.151329013888131,-0.123716350627857,-0.105777914788162,-0.00118435989266392,-0.532899017185836,0.0846466387114097,2.77528132616223,4.98090970814564,2.9613677271872,4.79482330712067,0
0.211466119721397,-0.0185734282248448,-0.150576129568191,-0.12398281722743,-0.106615498558347,-0.0012106329076084,-0.541496430446338,0.0844453308943904,2.84807780039735,5.05497384275951,3.03453494992234,4.86851669323452,0
0.211486826083071,-0.0151404725604261,-0.149819310869973,-0.124248385101715,-0.107500237979451,-0.00118068639258423,-0.550152502079148,0.0842415269226251,2.92150928214048,5.12955648931424,3.10830209268628,4.94276367876844,0
0.211505358589436,-0.0116807128662227,-0.149058652603535,-0.124513072910722,-0.10835923818345,-0.00125193262561465,-0.558782053765639,0.0840352455379339,2.99556796054301,5.20464933598783,3.18266119277094,5.01755610375991,0
0.211521719762723,-0.00819461738966875,-0.148294259756081,-0.124776910617422,-0.109324043684113,-0.00114336194898119,-0.567533865659724,0.0838265044172164,3.070243661207,5.2802423482642,3.25760211666505,5.09288389280615,0
0.211535897190199,-0.00468252947567584,-0.147526224392272,-0.125039912339841,-0.110161513572477,-0.00135615141409507,-0.576139253711667,0.0836153199219029,3.14552924062911,5.3563277173243,3.33311751964835,5.16873943830507,0
0.211547911831011,-0.00114506591134997,-0.146754666919174,-0.125302125359569,-0.11128830069366,-0.000997917297368702,-0.585073229261674,0.0834017076530172,3.22141090248303,5.43289278040378,3.40919394515334,5.24510973773348,0
0.211547911831011,0.002417595138156,-0.145979680261333,-0.125563543012032,-0.111965600869085,-0.00165443271955267,-0.593488225133573,0.08318568159107,3.29788541801318,5.50993260526121,3.48582765106983,5.32199037220457,0
0.211547911831011,0.00600443457500353,-0.145201389528909,-0.125823950763307,-0.113504555196077,-0.000515025850591023,-0.602882953866821,0.0829670966126883,3.37492783133513,5.58742908594476,3.56299575617589,5.399361161104,0
0.211547911831011,0.00961583497898699,-0.14441981492326,-0.126083353866042,-0.113590079769147,-0.00254635328077577,-0.610605410877555,0.0827460093204213,3.45254894463988,5.66538699117783,3.64070724320125,5.47722869261647,0
0.211547911831011,0.0132495609353496,-0.143635246172408,-0.126342080118399,-0.116300626318226,0.000996463200220531,-0.621320925787045,0.0825224767444755,3.53069586559833,5.74376462735163,3.71891258237504,5.55554791057493,0
0.211547911831011,0.016907665160582,-0.142847532019582,-0.126599913606956,-0.114487724595491,-0.00522085046957367,-0.626843810508581,0.0822965432552032,3.60942004168144,5.82259638764103,3.79765808819278,5.63435834112969,0
0.211547911831011,0.0205837967279491,-0.142057382408233,-0.126857688608997,-0.120631508074371,0.0055601186431404,-0.641450512873292,0.082068263861363,3.68856836491599,5.90176765727009,3.87680222335489,5.71353379883119,0
0.211547911831011,0.0242837637861472,-0.141264261522331,-0.127114698405341,-0.113091341990518,-0.0130897827375141,-0.64035455829941,0.0818376644653292,3.76828370153463,5.98137940896259,3.95647525264881,5.79318785784841,0
0.211547911831011,0.0279851159213125,-0.140470514733062,-0.127373783551893,-0.129162721389508,0.0187651041708311,-0.666192969834655,0.0816048102459632,3.84802069959873,6.06103205174405,4.03617565216391,5.87287709917887,0
0.211547911831011,0.0316940705831166,-0.139675555000858,-0.127634115722496,-0.105478087547542,-0.034908984201622,-0.646309357332236,0.0813696875049351,3.92793195366341,6.14083413241762,4.11604277069402,5.95272331538701,0
0.211547911831011,0.0353187409281906,-0.138888738493706,-0.127907183524376,-0.14771273458563,0.0521822453704729,-0.701321327935918,0.0811323921460162,4.00577930898674,6.21915841777354,4.19402216595045,6.03091556080983,0
0.211570419339927,0.0388312190837951,-0.138112819090191,-0.128196120999901,-0.0883967515634239,-0.0797973044111284,-0.63889955997985,0.0808927666297934,4.08088200868818,6.29551245505856,4.26948972421747,6.10690473952927,0
0.211632457548845,0.04202866226152,-0.137368215009479,-0.128526674013577,-0.172828635403515,0.0945525122753156,-0.73914225077025,0.0806511197096505,4.14829627840189,6.36630925816901,4.33790966594944,6.17669587062147,0
0.211709154585366,0.0451108420472793,-0.136634717991586,-0.128873671971036,-0.0840994476140729,-0.103944715150438,-0.639802009226665,0.0804072277437072,4.21289384562952,6.43507979646497,4.40375053250592,6.24422310958857,0
0.211797580943292,0.0481012375044601,-0.135909938290297,-0.129234175692115,-0.182250222579923,0.0960552848495624,-0.754279013309952,0.0801610719138345,4.27524755947162,6.5022390029661,4.46753768415019,6.30994887828753,0
0.211857099143849,0.051323729447873,-0.135161476975645,-0.129567832208007,-0.0935013475107975,-0.101579783476762,-0.655839576537799,0.0799128573532466,4.3432622430074,6.57350118273473,4.53651718904237,6.38024623669976,0
0.211923166864218,0.0544954249334623,-0.134417726862695,-0.129909795719682,-0.188692374388672,0.0953997223601058,-0.768096100025188,0.0796623347051009,4.41003400574897,6.64387374397357,4.60435994430361,6.44954780541892,0
0.21196770190959,0.0578388660669208,-0.13365654978993,-0.130231706175284,-0.101176037432513,-0.0989431399870949,-0.671782271648607,0.0794093105043821,4.48099806045762,6.71727809221942,4.67604593553723,6.52223021713981,0
0.212016165929063,0.0611518157336073,-0.132898168012225,-0.130559344453268,-0.193420384610677,0.0924774392220276,-0.781485526468815,0.0791539848822206,4.55121619362499,6.79014856688192,4.74704969596764,6.59431506453926,0
0.21204392233648,0.0646284435350857,-0.132123377027962,-0.130867835372647,-0.108421541094661,-0.0957619583626916,-0.688813518527905,0.0788961930036662,4.62543375923425,6.86590245547298,4.82171720754976,6.66961900715747,0
0.21207616566593,0.068069657526841,-0.131351985826294,-0.131182680797875,-0.197360061660677,0.0891988065591064,-0.79541677736525,0.0786361208025048,4.69878635655787,6.94103350967848,4.89559248621395,6.7442273800224,0
0.212088834295467,0.0716641906175055,-0.130565420898257,-0.131479587186122,-0.115281217248038,-0.0922134133553836,-0.706703341794983,0.0783736100981496,4.77588913069062,7.01885980245611,4.9729006254992,6.82184830764753,0
0.21210631181599,0.0752202859764214,-0.129782665788464,-0.131783228815203,-0.200623957183534,0.0855422538530793,-0.809746966098653,0.0781088301048941,4.85205419322958,7.09600788163741,5.04934900784452,6.89871306702247,0
0.21210631181599,0.0789198865804163,-0.128985905638001,-0.132070079554467,-0.121879527303569,-0.0882669511472295,-0.725349214313461,0.0778416309241175,4.93173313796602,7.17567314064822,5.12901146623724,6.978394812377,0
0.21210631181599,0.0825796585388744,-0.128193211087806,-0.132363860363207,-0.203294140556568,0.0814711327035281,-0.824348879357185,0.0775721796641093,5.01044164348723,7.25463338791697,5.20778321955278,7.05729181185142,0
0.21209280213782,0.0863734072946709,-0.127387631029898,-0.132641864278019,-0.128323754906427,-0.0838839083921722,-0.744674132275903,0.0773002665401338,5.09243377442452,7.33593893851594,5.28955635149659,7.13881636144387,0
0.21209280213782,0.0901272441823054,-0.126586202341042,-0.132926767253421,-0.205430944209272,0.0769415762539926,-0.839110052629814,0.0770260862770053,5.17345459838574,7.41653615998152,5.37043717331623,7.21955358505103,0
0.21206774236516,0.0940055604248515,-0.125773052598462,-0.133197360284603,-0.134708583908592,-0.0790187366914149,-0.764620812889129,0.0767496276794729,5.25753176529113,7.49930473151185,5.45410810811743,7.30272838868555,0
0.212047370059315,0.0978449242080813,-0.124964081479176,-0.133474695773961,-0.207078103285637,0.0719028944862292,-0.853928048459454,0.0764708855799963,5.34066225893666,7.58137960080665,5.53690835596296,7.38513350378035,0
0.212011741545017,0.101799026335921,-0.124144487925274,-0.133738647474666,-0.141120693412833,-0.0736189582996992,-0.785147173873661,0.0761897415630386,5.42661233271419,7.66545193362016,5.62228087277185,7.4697833935625,0
0.211980513251535,0.105715901169238,-0.123329008153403,-0.134009091682094,-0.208266978239707,0.0662975260802063,-0.868706222259747,0.0759063019438318,5.51165927208974,7.74885862442252,5.70682158507412,7.55369631143814,0
0.211935221105789,0.109737246197354,-0.122504076068384,-0.13426739831995,-0.147642080669194,-0.0676273554474324,-0.806220888999437,0.0756204599397752,5.59927716686865,7.83407843553683,5.79370527033252,7.63965033207296,0
0.211893977890394,0.113723562711542,-0.121683146767144,-0.13453188079288,-0.209023002007208,0.0600649838274869,-0.883351326345879,0.0753323069461865,5.68604714671326,7.91866889278202,5.87980667594862,7.72490936354666,0
0.211839990074195,0.117803199120344,-0.120854006609824,-0.134785597647543,-0.15435212673123,-0.0609876301768024,-0.827811793763674,0.0750417481609653,5.77511756943231,8.00487307944107,5.96800192775245,7.81198872112093,0
0.21178968204035,0.12185012029466,-0.120028746497519,-0.13504515394096,-0.209374572374998,0.0531504176135643,-0.897773339062606,0.0747488604225095,5.86339818839583,8.09048612920915,6.05546702700942,7.89841729059556,0
0.211728133701684,0.125977889052098,-0.11919662751482,-0.135295501250639,-0.161326190218188,-0.0536588709121351,-0.849879026217351,0.0744535611374954,5.95367605210432,8.17749080664476,6.14474715975427,7.98641969899481,0
0.211669940291292,0.130074894205884,-0.118368298405975,-0.135551394804496,-0.209369028675191,0.0455261797563115,-0.911891300566289,0.0741559129804207,6.04321344264655,8.26393617108063,6.23334120448594,8.07380840924124,0
0.211602268189949,0.134238415407924,-0.117534619257,-0.135799893688026,-0.168627248153899,-0.0456476042586086,-0.872347634162787,0.0738558456515962,6.13439897942938,8.35151903180576,6.3234297408891,8.16248827034604,0
0.211537752784536,0.138372144219473,-0.116704727894853,-0.136053771899233,-0.209100798562859,0.0372365720807371,-0.925650258340909,0.073553408112086,6.22486939072753,8.43855724599581,6.41285432351003,8.25057231321331,0
0.211465844804306,0.142555693053932,-0.115871195201099,-0.136302395260888,-0.176284470939961,-0.0370699729677607,-0.89506820449748,0.073248542275019,6.31658054242238,8.52643801015867,6.50339980899905,8.339618743582,0
0.211397106102053,0.146708800796681,-0.11504159343402,-0.136556442263717,-0.208756488012614,0.0284790571260762,-0.939057763918982,0.0729412839343881,6.40756224551721,8.61376048743933,6.5932672215521,8.42805551140445,0
0.211323409002537,0.150892512210153,-0.114210266026879,-0.136807723345693,-0.184253907519939,-0.0282492526877405,-0.917758997009543,0.0726315867062285,6.49931509491268,8.70158714248504,6.68382540217647,8.51707683522125,0
0.211253148414241,0.15504320298795,-0.113383180760357,-0.137064727674047,-0.208667625202205,0.019709030115564,-0.952236100944841,0.0723194738962578,6.59027681517998,8.78880823992392,6.77364816132823,8.60543689377566,0
0.211180587023592,0.159203721653241,-0.112556396105605,-0.137321678283841,-0.1923757273563,-0.0198059879481159,-0.939958525702767,0.0720049096625905,6.68150145779351,8.87616855632829,6.86369654560914,8.69397346851266,0
0.211111894676823,0.163327402283103,-0.11173426326636,-0.137584816944227,-0.209324176745204,0.0116855015678971,-0.965454019424918,0.0716879057629089,6.77184291043152,8.96285457451397,6.95292445915215,8.78177302579333,0
0.211043427199373,0.167441259822028,-0.110914316236531,-0.13785047911326,-0.200381848378365,-0.0126059121736531,-0.961069083806459,0.0713684349263497,6.86196637171365,9.04933505137468,7.0419380265893,8.86936339649903,0
0.210979188683423,0.171515027161024,-0.110099361171499,-0.1381227197884,-0.211262107988698,0.00528482029210917,-0.979051467751537,0.0710464988986679,6.9511284724427,9.13508246512141,7.13005878716505,8.95615215039906,0
0.210917105699097,0.175563906018174,-0.109288022296162,-0.138399459769687,-0.208025965720153,-0.00741307210348135,-0.980571748629457,0.0707220765639746,7.03970408978717,9.22035992409637,7.21762800665835,9.04243600722519,0
0.210859349824441,0.179571428365532,-0.108481819846751,-0.138682904382773,-0.214814904536835,0.00103653768212522,-0.993222042595024,0.0703951621642621,7.12728896964408,9.30488023768678,7.30427663338925,9.1278925739416,0
0.21080488108451,0.18354506949037,-0.107680085274765,-0.138972017741948,-0.215282758495334,-0.00441028998972549,-0.998305102053598,0.0700657386017463,7.21406796357671,9.38877219830914,7.39017266037985,9.21266750150599,0
0.210754656610292,0.187477467463983,-0.106883497999225,-0.139267779719015,-0.219936952256522,-0.0012331087721327,-1.00783220416464,0.0697337957250205,7.2998607122874,9.47190704395247,7.47515124392953,9.29661651231034,0
0.210708261116589,0.191371459200579,-0.10609181051561,-0.139569785217721,-0.222399650337128,-0.00310162181880814,-1.01451095654972,0.0693993188889904,7.38473788967136,9.55433306406665,7.55927632594188,9.37979462779613,0
0.210666063214486,0.195224087325344,-0.105305297811354,-0.139878420382762,-0.226311307904715,-0.00221195834500225,-1.02250340797622,0.0690622961071845,7.46862745510501,9.63599809047231,7.64248184117302,9.4621437044043,0
0.210627980655522,0.199035739740621,-0.104523931897296,-0.140193616385426,-0.229725662084389,-0.00273468968543214,-1.0295842665692,0.0687227140720342,7.55153972375661,9.71690800666137,7.72477677150035,9.54367095891763,0
0.210594182782917,0.202804960798178,-0.103747848969013,-0.140515558308036,-0.233611279097854,-0.00259393030116152,-1.03685961709724,0.0683805603495851,7.63343955410463,9.79703680178854,7.80612872054509,9.62434763534808,0
0.210564733931533,0.206531081009645,-0.102977113250858,-0.140844325200396,-0.237521861545637,-0.00274700080615757,-1.04381728201796,0.0680358222907696,7.71431113734686,9.87637213711778,7.886522922407,9.70416035205764,0
0.210539766495869,0.210212944485826,-0.102211830742941,-0.141180064698857,-0.241647629228648,-0.002787929902187,-1.05067178906443,0.0676884875430079,7.79412663345206,9.95489331150626,7.96593368323933,9.78308626171899,0
0.210519402380615,0.213849486470964,-0.101452097596697,-0.141522913707393,-0.245916167163688,-0.00287433619047988,-1.05733670844759,0.0673385438290726,7.87286040553931,10.032581261475,8.04433734230036,9.86110432471393,0
0.210503783159042,0.21743951317276,-0.100698019595933,-0.141873028794396,-0.250354601847894,-0.00295116484968953,-1.0638387145076,0.0669859790392598,7.95048358861583,10.109414755665,8.12170732957453,9.93819101470629,0
0.210493056606883,0.220981800988945,-0.0999497032841646,-0.142230572564005,-0.254956407097256,-0.00303601092486817,-1.07016546668732,0.0666307812069679,8.02696653452774,10.1853721138756,8.1980163924304,10.0143222559729,0
0.210493056606883,0.224475077086373,-0.0992072475173259,-0.142595716117765,-0.259725619040887,-0.00312426928679961,-1.07631624207059,0.0662729385304689,8.10227838249464,10.2604309109751,8.27323620626529,10.0894730872044,0
0.210493056606883,0.227918048974928,-0.098470794413825,-0.142968756849511,-0.26466363265157,-0.00321735154635271,-1.08228692508972,0.0659125051043357,8.17638854045041,10.3345672673857,8.34733819017502,10.1636176176611,0
0.210493056606883,0.231309401497519,-0.0977404400038276,-0.143349761382519,-0.269772582009709,-0.00331527938587277,-1.08807402950511,0.0655494058061171,8.24926405973312,10.4077591341399,8.42029267914586,10.2367305147272,0
0.210503510629036,0.234647809641182,-0.0970162603158386,-0.143738800913873,-0.275054534932072,-0.00341836603921468,-1.09367382617296,0.0651835675822265,8.32087176461985,10.4799844618171,8.49206984923381,10.3087863772032,0
0.210519686132888,0.237931960455023,-0.0962983809041685,-0.144136167481899,-0.280511622499844,-0.00352688868208412,-1.09908254496439,0.0648150387032432,8.39118031925428,10.5512194273967,8.5626406172991,10.3797591293519,0
0.210541755723884,0.241160554668926,-0.0955869032007401,-0.144542046745798,-0.286145938652041,-0.00364115267067322,-1.10429640714213,0.0644438084824092,8.46015788065105,10.6214414940355,8.63197593838149,10.4496234363051,0
0.210569890933922,0.244332319733796,-0.0948819244068287,-0.144956622836647,-0.291959517484976,-0.00376147502586143,-1.10931166693098,0.0640698665229128,8.52777320577531,10.6906286669066,8.70004735006847,10.5183545226135,0
0.210604260787587,0.247446020356661,-0.0941835366432582,-0.145380076882805,-0.2979542922458,-0.00388818793019117,-1.11412464996671,0.0636932027477722,8.59399591101802,10.7587596753817,8.76682720872849,10.5859283776712,0
0.210645030375807,0.250500468844225,-0.0934918261372357,-0.145812585543218,-0.304132057036332,-0.00402163833699309,-1.11873179300881,0.0633138074317232,8.65879672736356,10.8258141513058,8.83228892155674,10.6523219571126,0
0.210692359441359,0.253494535212359,-0.0928068724492907,-0.146254319552957,-0.310494429497783,-0.00416218766687258,-1.12312968267687,0.0629316712350059,8.72214775023508,10.8917728025892,8.89640717349091,10.7175133793334,0
0.210746400983066,0.256427157002723,-0.0921287477448307,-0.146705442287723,-0.31704281477838,-0.00431021133897568,-1.12731509316444,0.0625467852389466,8.78402268259972,10.956617581066,8.95915814768953,10.7814821159762,0
0.210807299887444,0.259297348734965,-0.0914575161158423,-0.147166108356088,-0.323778371023912,-0.00446609812623691,-1.13128502270254,0.0621591409832425,8.84439706959471,11.020331843354,9.02051973797655,10.8442091749721,0
0.210875191598374,0.262104210912174,-0.0907932329588259,-0.147636462229967,-0.330701976676502,-0.00463024931781072,-1.13503672850407,0.0617687305048555,8.90324852266452,11.0829005032746,9.08047175141301,10.9056772745261,0
0.210950200836768,0.264846938489113,-0.0901359444156631,-0.148116636925312,-0.337814199899092,-0.00480307767310862,-1.13856775988411,0.0613755463784247,8.9605569309894,11.1443101742601,9.13899609897081,10.9658710062787,0
0.211032440383348,0.267524828707504,-0.0894856868840767,-0.148606752746133,-0.345115270464073,-0.00498500615371362,-1.14187598922703,0.0609795817581068,9.01630465784818,11.2045493000964,9.19607697216361,11.024776985781,0
0.211122009938321,0.27013728820066,-0.0888424866044325,-0.149106916105655,-0.352605054452827,-0.00517646642174732,-1.14495964045744,0.0605808304207499,9.07047671949834,11.2636082723286,9.25170100344177,11.0823839883852,0
0.211218995072034,0.272683839271181,-0.0882063593290911,-0.149617218438676,-0.360283032108343,-0.00537789709622245,-1.14781731467236,0.060179286810306,9.12306094418169,11.3214795326963,9.30585740818741,11.1386830686906,0
0.211323466280426,0.275164125250483,-0.0875773100799014,-0.150137735219006,-0.368148279164689,-0.00558974176241039,-1.15044801260414,0.059774946083382,9.17404810897655,11.3781576590649,9.35853810625515,11.1936676617863,0
0.211435478158446,0.277577914857473,-0.0869553329984519,-0.150668525095129,-0.376199451945274,-0.00581244673326776,-1.15285115360993,0.0593678041558289,9.22343205241793,11.433639433483,9.40973782119284,11.247333664708,0
0.211555068703382,0.279925105485698,-0.0863404112924944,-0.151209629156061,-0.384434776477272,-0.00604645856643935,-1.15502659092172,0.0589578577502638,9.2712097610913,11.4879238912174,9.45945415554202,11.2996794967667,0
0.211682258758434,0.282205725363249,-0.0857325172805115,-0.151761070337729,-0.392852041813329,-0.00629222134524142,-1.15697462294109,0.0585451044444199,9.31738142876599,11.5410123498869,9.50768764095124,11.3507061377017,0
0.211817051604789,0.284419934547445,-0.0851316125348721,-0.152322852978134,-0.401448597685618,-0.00655017373713011,-1.15869600042273,0.0581295427202163,9.3619504870612,11.5929084181337,9.55444176222946,11.4004171429654,0
0.211959432708099,0.286568024735901,-0.0845376481222557,-0.152894962527143,-0.410221356543666,-0.00682074584844067,-1.16019192945846,0.0577111720134436,9.40492360711465,11.6436179836208,9.599722954905,11.4488186358305,0
0.21210936962257,0.288650417896604,-0.083950564938371,-0.153477365414118,-0.419166799948931,-0.00710435589938836,-1.16146407024685,0.057289992763962,9.44631067223615,11.6931491805106,9.64354057632424,11.4959192764225,0
0.212266812053069,0.290667663741146,-0.0833702941322298,-0.154070009073708,-0.428280989218675,-0.00740140674843095,-1.16251453170885,0.0568660064663098,9.48612472205585,11.7415123369552,9.68590685080677,11.5417302082043,0
0.212431692072779,0.292620436086496,-0.0827967576136273,-0.154672822127284,-0.43755958013222,-0.00771228229976759,-1.16334586208571,0.0564392157206317,9.52438186920006,11.7887199035004,9.72683678984944,11.5862649828511,0
0.212603924491078,0.294509528170919,-0.0822298686360172,-0.155285714714605,-0.446997841437656,-0.00803734383201034,-1.16396103572722,0.0560096242838372,9.56110119002723,11.8347863636467,9.76634808882587,11.629539464848,0
0.212783407363643,0.296335847008082,-0.0816695324456895,-0.155908578967634,-0.456590676828494,-0.00837692628958306,-1.16436343634513,0.0555772371209127,9.59630459141468,11.8797281281275,9.80446100204227,11.6715717174999,0
0.212970022634335,0.298100406879323,-0.0811156469871202,-0.156541289615945,-0.466332650000945,-0.00873133458127134,-1.16455683706424,0.0551420604563151,9.63001665598611,11.9235634147331,9.84119819837018,11.712381872349,0
0.213163636896287,0.299804322077154,-0.080568103653649,-0.157183704711057,-0.47621801235463,-0.00910083993217336,-1.16454537765231,0.0547041018253922,9.66226446849938,11.9663121157186,9.87658459997194,11.751991984246,0
0.213364102257927,0.301448799022723,-0.0800267880721581,-0.157835666455291,-0.486240732864569,-0.00948567633634359,-1.16433353934564,0.0542633701257757,9.69307742636193,12.0079956549974,9.91064720685475,11.7904258745046,0
0.213571257298313,0.303035127886223,-0.0794915809103009,-0.158497002119442,-0.496394529630407,-0.00988603715729507,-1.16392611771213,0.0538198756687149,9.72248703740567,12.0486368374082,9.94341491013212,11.8277089646817,0
0.213784928095385,0.304564673841834,-0.0789623586949643,-0.159167525032737,-0.506672902600852,-0.0103020719225798,-1.16332819400491,0.0533736302303178,9.7505267081282,12.0882596923777,9.9749182969335,11.8638681035724,0
0.214004929310298,0.306038868088021,-0.0784389946310749,-0.159847035628168,-0.517069166975944,-0.0107338833565568,-1.16254510545932,0.0529246471026846,9.77723152560014,12.1268893142741,10.0051894498893,11.898931389985,0
0.214231065311089,0.30745919876006,-0.0779213594105034,-0.160535322526337,-0.527576486806767,-0.0111815246925853,-1.16158241497424,0.0524729411449219,9.80263803615152,12.1645517016583,10.0342617440324,11.9329279937774,0
0.214463131319378,0.30882720185486,-0.0774093220016887,-0.161232163641454,-0.538187908339716,-0.0116449973021038,-1.1604458805974,0.0520185288340343,9.82678402379417,12.2012735975137,10.0621696438095,11.9658879774984,0
0.214700914564624,0.310144452279047,-0.0769027504116144,-0.161937327293933,-0.548896392688812,-0.0121242486735853,-1.15914142520381,0.0515614283156944,9.84970829112216,12.2370823323603,10.088948502692,11.9978421207905,0
0.21494419543155,0.311412555120277,-0.0764015124129053,-0.162650573315153,-0.559694847462945,-0.0126191707692819,-1.15767510671981,0.0511016594548976,9.87145044517074,12.2720056719598,10.114634367636,12.0288217494946,0
0.215192748587725,0.312633137229441,-0.075905476229985,-0.163371654131348,-0.570576157023286,-0.0131295987821825,-1.1560530892039,0.0506392438865074,9.89205069041847,12.3060716710934,10.1392637903628,12.0588585711491,0
0.21544634407976,0.313807839188289,-0.0754145111794747,-0.164100315815072,-0.581533211097404,-0.0136553103098042,-1.15428161505054,0.0501742050656971,9.91154963080051,12.3393085346591,10.162873647142,12.0879845183177,0
0.215704748388237,0.314938307723547,-0.0749284882611989,-0.164836299094364,-0.592558931529151,-0.0141960249554549,-1.15236697853754,0.0497065683182933,9.92998808227428,12.3717444870966,10.1855009684585,12.1162316009124,0
0.2159677254331,0.316026188615249,-0.0744472806973156,-0.165579340311379,-0.603646296995275,-0.0147514043616605,-1.15031550089195,0.0492363608910198,9.94740689715384,12.4034076509105,10.2071827796442,12.1436317684201,0
0.21623503752293,0.317073120134134,-0.0739707644181717,-0.166329172323946,-0.614788365569752,-0.0153210526745959,-1.14813350700544,0.0487636120016363,9.96384680111437,12.4343259348385,10.2279559532715,12.1702167826814,0
0.216506446243071,0.318080727030871,-0.0734988184944495,-0.167085525345102,-0.625978295063647,-0.0159045174327183,-1.14582730388861,0.0482883528889609,9.97934824347189,12.4645269319986,10.2478570738292,12.1960181016413,0
0.216781713279124,0.319050615088796,-0.0730313255160513,-0.167848127717193,-0.63720936111126,-0.0165012908675651,-1.14340316091605,0.0478106168627532,9.99395126107049,12.4940378281596,10.2669223149596,12.2210667742705,0
0.217060601173664,0.319984366241951,-0.0725681719189067,-0.168616706618506,-0.648474973011555,-0.0171108115998158,-1.14086729187974,0.0473304393534291,10.0076953558645,12.5228853201067,10.2851873293071,12.245393346664,0
0.21734287401531,0.320883534251569,-0.0721092482615182,-0.169390988701675,-0.659768687367132,-0.0177324667093671,-1.13822583883919,0.0468478579615661,10.020619386069,12.5510955439293,10.3026871508394,12.2690277791588,0
0.21762829806034,0.321749640926835,-0.0716544494535681,-0.170170700664197,-0.671084219591211,-0.0183655941543371,-1.13548485773154,0.0463629125071484,10.0327614705698,12.5786940129314,10.3194561093333,12.2919993741679,0
0.217916642288001,0.322584172869712,-0.0712036749392967,-0.170955569752337,-0.682415453376248,-0.0190094855107524,-1.13265030568412,0.0458756450784859,10.0441589061317,12.6057055647667,10.3355277565857,12.3143367143127,0
0.218207678891433,0.323388578718835,-0.0707568288386519,-0.171745324200508,-0.693756448235892,-0.0196633890019115,-1.12972802995576,0.0453861000807389,10.0548480968235,12.6321543173195,10.3509348037963,12.3360676103467,0
0.218501183706761,0.324164266863842,-0.0703138200493924,-0.172539693608847,-0.70510144524583,-0.0203265127844904,-1.12672375842077,0.0448943242839542,10.0648644949861,12.6580636327954,10.3657090694916,12.3572190582899,0
0.218796936583393,0.324912603598954,-0.0698745623134349,-0.173338409262191,-0.716444871118443,-0.0209980284569011,-1.12364309150053,0.0444003668705218,10.0742425530026,12.683456089445,10.3798814372978,12.3778172051498,0
0.219094721698941,0.325634911682974,-0.0694389742507562,-0.174141204394066,-0.727781340752018,-0.0216770747545167,-1.12049149544211,0.043904279481938,10.0830156850863,12.7083534603201,10.3934818228335,12.397887322573,0
0.219394327822413,0.326332469272083,-0.0690069793641349,-0.174947814399524,-0.739105658397814,-0.0223627613960421,-1.11727429684049,0.0434061162647574,10.0912162382791,12.7327766984531,10.4065391489751,12.4174537877571,0
0.219695548529496,0.327006509191723,-0.0685785060179266,-0.175757977000824,-0.750412817588007,-0.0230541730453265,-1.11399667830037,0.0429059339155982,10.0988754718481,12.7567459278506,10.4190813287432,12.4365400709555,0
0.219998182373779,0.327658218514286,-0.0681534873939437,-0.176571432370053,-0.761697999964982,-0.0237503733535486,-1.11066367513491,0.0424037917250626,10.1060235442766,12.7802804397071,10.4311352550685,12.4551687289152,0
0.220302033017792,0.328288738410344,-0.0677318614273538,-0.177387923212715,-0.772956573148054,-0.0244504090475794,-1.10728017300174,0.0418997516204165,10.1126895070647,12.803398693263,10.4427267967174,12.4733614036103,0
0.220606909327642,0.328899164242403,-0.0673135707253349,-0.178207194816323,-0.784184087767775,-0.0251533140316753,-1.10385090638055,0.0413938782068678,10.1189013045871,12.8261183207569,10.4538807996838,12.4911388256603,0
0.220912625434912,0.329490545871803,-0.0668985624710273,-0.179028995067848,-0.795376273791007,-0.0258581134712086,-1.10038045780159,0.0408862388072709,10.1246857792916,12.8484561359542,10.4646210933903,12.5085208218556,0
0.22121900076935,0.330063888151129,-0.0664867883151286,-0.179853074443786,-0.806529036252104,-0.02656382782898,-1.09687325773999,0.0403769035000793,10.1300686815617,12.8704281457663,10.4749705010819,12.5255263262461,0
0.221525860065684,0.33062015157643,-0.0660782042572703,-0.180679185976379,-0.817638450497347,-0.0272694768267376,-1.09333358509657,0.0398659451553566,10.1350746836153,12.8920495645098,10.4849508538338,12.5421733942913,0
0.22183303334769,0.331160253075503,-0.0656727705191104,-0.181507085199362,-0.828700757041177,-0.0279740833066794,-1.08976556819197,0.0393534394686499,10.1397273968549,12.9133348303942,10.494583007645,12.5584792196041,0
0.222140355892461,0.331685066910468,-0.0652704514108864,-0.182336530076391,-0.839712356124052,-0.0286766769700185,-1.0861731862071,0.0388394649925269,10.144049392136,12.9342976238567,10.5038868631254,12.5744601528672,0
0.222447668177557,0.332195425674878,-0.0648712151929783,-0.183167280915071,-0.850669802053332,-0.0293762979720804,-1.08256027100868,0.0383241031655652,10.1480622224626,12.9549508874064,10.5128813873368,12.5901317225322,0
0.222754815813568,0.332692121367434,-0.0644750339338493,-0.183999100269332,-0.861569797400233,-0.0300720003558244,-1.07893050930441,0.0378074383385803,10.1517864476711,12.9753068466672,10.5215846373817,12.6055086569566,0
0.223061649464333,0.333175906526304,-0.0640818833655747,-0.184831752832636,-0.872409187117767,-0.0307628553080266,-1.0752874450781,0.037289557797876,10.155241660702,12.9953770323455,10.5300137853829,12.6206049076646,0
0.223368024756913,0.333647495409709,-0.0636917427379957,-0.185665005324336,-0.883184952637082,-0.0314479542248103,-1.07163448225977,0.0367705517852915,10.1584465151056,13.01517230288,10.5381851445294,12.6354336734562,0
0.223673802183175,0.334107565210113,-0.0633045946724069,-0.186498626371282,-0.893894205992316,-0.032126411575484,-1.06797488759083,0.0362505135148212,10.1614187534657,13.0347028675568,10.5461141959047,12.6500074251178,0
0.223978846994677,0.334556757290892,-0.0629204250155409,-0.187332386386586,-0.904534184017415,-0.0327973675559034,-1.06431179364884,0.0357295391855765,10.1641752364623,13.0539783099041,10.5538156158456,12.6643379305208,0
0.224283029092359,0.334995678435701,-0.062539222694503,-0.188166057447292,-0.915102242652071,-0.0334599905247835,-1.06064820200029,0.035207727990859,10.1667319723293,13.0730076112017,10.5613033036119,12.6784362799191,0
0.224586222912369,0.335424902102141,-0.0621609795731923,-0.188999413172502,-0.925595851388202,-0.0341134792183064,-1.05698698645366,0.0346851821231137,10.1691041464953,13.0917991739663,10.5685904091759,12.6923129112857,0
0.224888307309221,0.335844969672435,-0.061785690310657,-0.189832228603383,-0.936012587883143,-0.0347570647404268,-1.05333089638812,0.0341620067745285,10.1713061512229,13.1103608452918,10.5756893609683,12.7059776355465,0
0.22518916543731,0.336256391694915,-0.061413352221737,-0.190664280086329,-0.946350132760978,-0.0353900123280141,-1.04968256013657,0.0336383101330475,10.1733516150899,13.1286999399442,10.582611893438,12.7194396615961,0
0.225488684631713,0.336659649111104,-0.0610439651402772,-0.191495345160386,-0.956606264619013,-0.0360116228915815,-1.04604448840397,0.0331142033735679,10.1752534321781,13.1468232631256,10.5893690743092,12.7327076209945,0
0.225786756289045,0.337055194463999,-0.0606775312851244,-0.192325202449991,-0.96677885525267,-0.036621234333994,-1.04241907770461,0.0325898006440907,10.1770237908589,13.1647371328388,10.5959713314351,12.7457895922626,0
0.226083275749072,0.337443453083979,-0.0603140551290633,-0.193153631563886,-0.976865865108502,-0.0372182226507897,-1.0388086138039,0.0320652190466002,10.1786742020799,13.1824474017958,10.602428479166,12.7586931247096,0
0.226378142177659,0.337824824249397,-0.0599535432707971,-0.19398041300104,-0.986865338971997,-0.037802002817076,-1.03521527515223,0.0315405786124517,10.1802155270787,13.199959478824,10.6087497441651,12.7714252617376,0
0.226671258451549,0.338199682319556,-0.0595960043100308,-0.194805328064261,-0.996775401894256,-0.038372029467064,-1.03164113629981,0.0310160022720457,10.1816580044614,13.2172783497382,10.6149437906193,12.7839925635804,0
0.226962531045389,0.338568377838277,-0.0592414487256865,-0.195628158782129,-1.00659425535902,-0.0389277973731956,-1.0280881712833,0.0304916158185861,10.1830112765971,13.2344085976509,10.6210187448025,12.7964011294455,0
0.227251869921367,0.338931238606734,-0.0588898887572391,-0.196448687839786,-1.01632017368976,-0.0394688417327379,-1.02455825697582,0.029967547865713,10.1842844152931,13.2513544227034,10.6269822189617,12.8086566190348,0
0.227539188421721,0.339288570724627,-0.0585413382891418,-0.197266698519061,-1.02595150069457,-0.0399947382703901,-1.02105317639326,0.0294439297988158,10.1854859467236,13.2681196612074,10.6328413345032,12.8207642734278,0
0.227824403164376,0.339640659599127,-0.0581958127382862,-0.198081974648328,-1.03548664654518,-0.040505103166015,-1.01757462195076,0.0289208957198465,10.1866238755935,13.2847078041909,10.6386027444645,12.8327289353198,0
0.228107433941869,0.3399877709213,-0.0578533289444248,-0.198894300562449,-1.04492408488515,-0.0409995928171464,-1.01412419866407,0.0283985823854499,10.1877057085285,13.3011220153485,10.6442726552663,12.8445550686108,0
0.228388203623715,0.340330151609983,-0.0575139050634712,-0.199703461073095,-1.05426235016118,-0.0414779034462225,-1.01070342729102,0.0278771291382546,10.1887384766863,13.3173651483994,10.6498568477403,12.8562467773454,0
0.228666638062308,0.340668030723298,-0.0571775604635827,-0.20050924144968,-1.06350003517073,-0.0419397705628434,-1.00731374740931,0.0273566778311715,10.1897287575904,13.3334397638596,10.6553606974384,12.8678078240116,0
0.228942666002427,0.34100162033816,-0.0568443156239201,-0.201311427411109,-1.07263578881822,-0.0423849682914602,-1.00395652042702,0.0268373727445644,10.1906826961943,13.3493481452395,10.6607891942296,12.8792416472042,0
0.229216218994377,0.341331116398288,-0.0565141920359767,-0.202109805128486,-1.08166831407186,-0.0428133085750406,-1.00063303252308,0.0263193604961722,10.191606025184,13.3650923146773,10.666146961194,12.8905513786673,0
0.229487231310801,0.341656699531349,-0.0561872121073669,-0.202904161238899,-1.0905963661124,-0.0432246402653002,-0.997344497515057,0.0258027899436776,10.1925040845327,13.3806740480234,10.67143827283,12.9017398597261,0
0.22975563986713,0.341978535835937,-0.0558633990679586,-0.203694282870341,-1.09941875066502,-0.0436188481099795,-0.994092059652116,0.0252878120798391,10.193381840324,13.3960948893904,10.6766670725871,12.9128096571274,0
0.230021384145664,0.342296777639214,-0.0555427768782376,-0.204479957677812,-1.1081343225054,-0.0439958516475793,-0.990876796331439,0.0247745799201136,10.1942439028602,13.4113561651845,10.6818369897437,12.923763078301,0
0.230284406123234,0.342611564226022,-0.0552253701397954,-0.205260973890599,-1.11674198413068,-0.0443556040197975,-0.98769972073653,0.0242632483827291,10.195094544075,13.4264589976367,10.6869513556475,12.9346021860642,0
0.230544650202393,0.342923022540394,-0.0549112040078295,-0.206037120370696,-1.12524068458626,-0.044698090711687,-0.984561784396148,0.0237539741611744,10.1959377142718,13.4414043178495,10.6920132193381,12.9453288127832,0
0.230802063146083,0.343231267860346,-0.0546003041055541,-0.206808186682297,-1.13362941843937,-0.045023328229306,-0.981463879662893,0.0232469155891073,10.1967770582073,13.4561928783782,10.6970253625713,12.9559445740142,0
0.231056594015678,0.343536404446899,-0.0542926964404212,-0.207573963172265,-1.14190722489027,-0.0453313627243001,-0.978406842110665,0.0227422324976977,10.1976159305433,13.4708252653636,10.701990314267,12.9664508816398,0
0.23130819411235,0.343838526168252,-0.0539884073220582,-0.208334241061443,-1.15007318701226,-0.0456222685746058,-0.97539145285039,0.0222400860654521,10.1984574106876,13.4853019102331,10.7069103643995,12.9768489565212,0
0.231556816921656,0.344137717100034,-0.0536874632818325,-0.209088812546655,-1.15812643111196,-0.0458961469300336,-0.972418440763602,0.0217406386605828,10.1993043170466,13.4996231009894,10.7117875773515,12.9871398406845,0
0.231802418061261,0.344434052102553,-0.0533898909939622,-0.209837470913187,-1.16606612620118,-0.0461531242311251,-0.969488484653711,0.021244053676025,10.2001592207109,13.5137889931007,10.7166238047525,12.9973244090591,0
0.232044955231692,0.344727597375924,-0.0530957171980974,-0.210580010657553,-1.17389148357244,-0.0463933507093688,-0.966602215314829,0.0207504953572145,10.2010244585949,13.5277996200115,10.7214206978203,13.0074033807861,0
0.232284388170041,0.345018410993966,-0.0528049686233025,-0.211316227620266,-1.18160175646998,-0.0466169988763087,-0.963760217518275,0.0202601286227826,10.2019021460523,13.5416549032872,10.7261797192257,13.0173773301138,0
0.23252067860651,0.345306543417699,-0.0525176719133753,-0.212045919128364,-1.18919623984888,-0.0468242620087913,-0.960963031916989,0.0197731188783367,10.2027941889872,13.5553546624093,10.7309021544992,13.0272466968974,0
0.232753790223694,0.34559203798925,-0.0522338535534537,-0.212768884147355,-1.19667427021465,-0.0470153526371056,-0.95821115686824,0.0192896318235411,10.2037022954803,13.5688986242351,10.7355891229972,13.0370117967183,0
0.232983688618514,0.345874931406964,-0.0519535397978543,-0.213484923442275,-1.20403522553666,-0.0471905010423631,-0.955505050175085,0.0188098332527207,10.2046279869501,13.5822864321344,10.7402415884461,13.0466728306384,0
0.23321034126669,0.346155254182447,-0.0516767565991067,-0.214193839747461,-1.21127852522832,-0.0473499537690207,-0.952845130747275,0.0183338888492593,10.2055726088662,13.5955176548177,10.7448603690801,13.0562298946039,0
0.233433717489661,0.346433031080256,-0.0514035295381489,-0.21489543794467,-1.21840363018792,-0.04749397215806,-0.950231780182323,0.0178619639740783,10.2065373410334,13.6085917948668,10.749446147388,13.0656829885122,0
0.233653788423851,0.346708281540908,-0.0511338837556503,-0.215589525249126,-1.22541004289395,-0.047622830905864,-0.947665344267579,0.0173942234485117,10.2075232074616,13.6215082969797,10.7539994794862,13.0750320249551,0
0.23387052699219,0.346981020087833,-0.0508678438844491,-0.216275911403029,-1.2322973075491,-0.0477368166534635,-0.945146134404361,0.0169308313319357,10.2085310858391,13.6342665559398,10.7585208041295,13.0842768376495,0
0.234083907877793,0.34725125671887,-0.050605433983081,-0.216954408876075,-1.23906501026761,-0.0478362266103848,-0.942674428955153,0.0164719506945149,10.2095617166228,13.6468659243196,10.7630104513745,13.0934171895679,0
0.2342939074997,0.347518997282859,-0.0503466774703951,-0.21762483307249,-1.24571277930088,-0.0479213672169516,-0.940250474515092,0.0160177433854761,10.210615711759,13.6593057199277,10.7674686509079,13.1024527807787,0
0.234500503990601,0.347784243841856,-0.050091597061251,-0.218287002544039,-1.25224028529627,-0.0479925528484854,-0.937874487109064,0.0155683697973373,10.2116935630503,13.6715852330074,10.7718955400517,13.111383256006,0
0.23470367717644,0.348046995019435,-0.0498402147032993,-0.218940739208494,-1.2586472415849,-0.0480501045645027,-0.935546653315699,0.0151239886265407,10.2127956501777,13.6837037331947,10.7762911714548,13.1202082119176,0
0.23490340855783,0.348307246335545,-0.0495925515148532,-0.219585868572978,-1.26493340449392,-0.0480943489056167,-0.933267131319827,0.0146847566309765,10.2139222483922,13.6956604762416,10.7806555204834,13.1289272041503,0
0.235099681293189,0.348564990528325,-0.0493486277238611,-0.220222219961611,-1.27109857367944,-0.0481256167405134,-0.931036051894855,0.0142508283848888,10.2150735358844,13.7074547105122,10.7849884923172,13.1375397540794,0
0.235292480183513,0.348820217863256,-0.0491084626079984,-0.220849626746852,-1.27714259247635,-0.0481442421650452,-0.928853519316746,0.013822356031694,10.2162496008442,13.7190856832567,10.7892899287623,13.1460453553386,0
0.235481791658722,0.349072916429997,-0.0488720744358967,-0.221467926583917,-1.28306534826159,-0.0481505614551609,-0.926719612211253,0.0133994890352493,10.2174504482176,13.7305526466676,10.7935596147864,13.1544434800987,0
0.235667603765488,0.349323072427237,-0.0486394804095356,-0.222076961647648,-1.28886677282771,-0.0481449120750741,-0.924634384336178,0.012982373930133,10.2186760061707,13.7418548637231,10.7977972847861,13.1627335851077,0
0.235849906156493,0.349570670435826,-0.0484106966078234,-0.222676578871169,-1.29454684276361,-0.0481276317418076,-0.92259786530047,0.012571154071515,10.2199261322682,13.7529916138221,10.8020026285904,13.1709151174999,0
0.23602869008103,0.349815693680489,-0.0481857379313972,-0.223266630185686,-1.30010557983994,-0.0480990575469594,-0.920610061222019,0.0121659693852025,10.2212006193733,13.7639621982135,10.806175297209,13.1789875203777,0
0.23620394837689,0.350058124280311,-0.0479646180486743,-0.223846972760765,-1.30554305139644,-0.0480595251363204,-0.918670955326034,0.0117669561184653,10.2224992012755,13.7747659452218,10.8103149083283,13.1869502381689,0
0.236375675463482,0.350297943488262,-0.0477473493431898,-0.224417469244402,-1.310859370729,-0.0480093679476401,-0.916780508486003,0.0113742465922541,10.2238215580537,13.7854022152745,10.8144210515629,13.1948027217653,0
0.236543867336097,0.350535131919911,-0.0475339428622571,-0.224977988002223,-1.3160546974742,-0.0479489165067684,-0.914938659709148,0.0109879689554222,10.225167321178,13.7958704057299,10.8184932934643,13.2025444334436,0
0.236708521561294,0.350769669771534,-0.0473244082669881,-0.225528403355123,-1.32112923798964,-0.0478784977820191,-0.91314532656843,0.0106082469415797,10.2265360783562,13.80616995551,10.8225311822931,13.2101748515731,0
0.236869637273323,0.351001537027759,-0.0471187537837131,-0.226068595814688,-1.32608324572791,-0.0477984345965536,-0.911400405583092,0.010235199629197,10.227927378131,13.8163003495378,10.8265342525576,13.2176934751112,0
0.237027215171552,0.351230713658892,-0.0469169861568379,-0.2265984523157,-1.33091702160297,-0.0477090450982957,-0.909703772549818,0.00986894120558353,10.2293407342287,13.8262611229821,10.8305020293213,13.2250998278895,0
0.237181257518838,0.351457179808055,-0.0467191106031772,-0.22711786644509,-1.33563091434734,-0.0476106422868459,-0.908055282826457,0.00950958073535127,10.230775629667,13.83605186531,10.8344340322841,13.2323934626929,0
0.237331768140794,0.351680915968253,-0.046525130767807,-0.227626738666658,-1.34022532085867,-0.0475035335965494,-0.906454771570497,0.00915722193398456,10.2322315206231,13.8456722241473,10.8383297796382,13.2395739651322,0
0.237478752425918,0.351901903149461,-0.046335048681468,-0.228124976540938,-1.34470068653495,-0.0473880205349432,-0.904902053934147,0.00881196294710011,10.2337078400653,13.855121908949,10.8421887917024,13.2466409573119,0
0.237622217326526,0.352120123035847,-0.0461488647195641,-0.228612494939565,-1.3490575055968,-0.0472643983754713,-0.903396925218223,0.00847389613599976,10.2352040011524,13.8644006944797,10.8460105943363,13.2535941012959,0
0.237762171360458,0.352335558133209,-0.0459665775627873,-0.229089216253549,-1.3532963213965,-0.0471329559034244,-0.901939160986716,0.008143107870073,10.2367194004035,13.8735084241038,10.8497947221374,13.26043310237,0
0.237898624613518,0.352548191906711,-0.0457881841594043,-0.229555070594864,-1.35741772671263,-0.0469939752138714,-0.900528517144058,0.00781967832660422,10.2382534206388,13.8824450128875,10.8535407214223,13.2671577121041,0
0.238031588742603,0.352758008908998,-0.0456136796892415,-0.230009995990777,-1.36142236402982,-0.0468477315602477,-0.89916472997709,0.00750368129852151,10.2398054336972,13.8912104505117,10.8572481529942,13.2737677312147,0
0.238161076979505,0.352964994898773,-0.0454430575293919,-0.230453938570405,-1.36531092580305,-0.0466944932522745,-0.897847516163584,0.0071951840105796,10.24137480293,13.8998048039971,10.8609165946989,13.2802630122281,0
0.238287104135328,0.353169136949911,-0.0452763092216748,-0.230886852742974,-1.36908415470613,-0.0465345216017119,-0.896576572749238,0.00689424694446104,10.2429608854759,13.9082282202417,10.8645456437708,13.2866434619468,0
0.238409686605513,0.353370423551184,-0.0451134244418758,-0.231308701367302,-1.37274284386389,-0.046368070914466,-0.895351577095015,0.00660092367324689,10.2445630343171,13.9164809283716,10.8681349189708,13.2929090437179,0
0.238528842375426,0.353568844696681,-0.0449543909707832,-0.231719455912085,-1.37628783706799,-0.0461953885274936,-0.894172186796562,0.00631526070566311,10.2461806001201,13.9245632419054,10.8716840625177,13.2990597795078,0
0.238644591026492,0.353764391967012,-0.0447991946670406,-0.232119096606561,-1.37972002897618,-0.0460167148888819,-0.893038039577521,0.00603729734048643,10.2478129328647,13.9324755607338,10.8751927418164,13.3050957517821,0
0.238756953742841,0.353957058601372,-0.0446478194418352,-0.232507612581186,-1.38304036529473,-0.0458322836794534,-0.891948753158477,0.00576706553146598,10.2494593832609,13.9402183729144,10.8786606509828,13.3110171051924,0
0.238865953318451,0.354146839560575,-0.0445002472354227,-0.232885001998017,-1.38624984294455,-0.0456423219742786,-0.890903925103037,0.00550458976303778,10.2511193039588,13.9477922562843,10.8820875121696,13.3168240480735,0
0.23897161416475,0.354333731581138,-0.0443564579955063,-0.233251272170487,-1.38934951021044,-0.0454470504423065,-0.889903132642881,0.00524988693713109,10.2527920505531,13.9551978798903,10.8854730766934,13.32251685375,0
0.23907396231868,0.354517733220552,-0.0442164296574649,-0.233606439672352,-1.39234046687426,-0.0452466835824517,-0.888945932483161,0.0050029662712623,10.2544769823854,13.9624360052398,10.8888171259683,13.3280958616568,0
0.239173025451169,0.354698844893828,-0.0440801381264301,-0.233950530435606,-1.39522386433187,-0.0450414299943776,-0.888031860589772,0.00476382920810566,10.2561734631462,13.9695074873732,10.8921194722453,13.3335614782741,0
0.239268832876031,0.354877068901472,-0.0439475572612088,-0.234283579837217,-1.39800090569433,-0.04483149268219,-0.887160431960042,0.00453246933667734,10.2578808612818,13.9764132757609,10.8953799591629,13.3389141778799,0
0.239361415559236,0.355052409449008,-0.0438186588600376,-0.234605632774566,-1.40067284587369,-0.0446170693892688,-0.886331140378128,0.00430887232522149,10.2595985502078,13.9831544150265,10.8985984621113,13.344154503123,0
0.239450806128563,0.355224872658209,-0.0436934126481555,-0.234916743729552,-1.40324099165382,-0.0443983529624799,-0.885543458156492,0.00409301586583452,10.2613259083332,13.9897320454988,10.9017748884132,13.3492830654188,0
0.239537038883608,0.355394466570198,-0.0435717862671718,-0.235216976821338,-1.40570670174684,-0.044175531743914,-0.884796835864753,0.00388486963082835,10.2630623189,13.9961474035967,10.9049091773249,13.3543005451718,0
0.239620149806122,0.355561201140581,-0.0434537452662081,-0.235506405847783,-1.40807138683568,-0.043948789988388,-0.884090702047128,0.0036843952407838,10.264807169641,14.002401822049,10.9080012998624,13.3592076918276,0
0.239700176570683,0.35572508822682,-0.0433392530947848,-0.235785114315637,-1.41033650960331,-0.0437183083048556,-0.883424462929701,0.00349154624419422,10.2665598522607,14.0084967299537,10.911051258455,13.3640053237594,0
0.239777158555671,0.355886141568028,-0.0432282710974135,-0.236053195459634,-1.4125035847495,-0.0434842641199093,-0.88279750211859,0.00330626810855477,10.2683197617448,14.0144336526796,10.9140590864326,13.3686943279918,0
0.239851136854542,0.356044376757409,-0.0431207585098587,-0.236310752250678,-1.41457417899569,-0.0432468321615563,-0.882209180290122,0.00312849822270357,10.2700862955023,14.020214211616,10.9170248473508,13.3732756597675,0
0.239922154287375,0.356199811207579,-0.043016672457029,-0.236557897393309,-1.41654991107879,-0.0430061849613991,-0.881658834874142,0.0029581659101904,10.2718588523458,14.0258401237735,10.9199486341581,13.3777503419612,0
0.239990255412694,0.356352464108996,-0.0429159679524433,-0.236794753312752,-1.4184324517347,-0.0427624933733913,-0.881145779731363,0.00279519245338183,10.2736368313157,14.0313132012419,10.9228305682121,13.3821194643455,0
0.240055486539538,0.356502356381773,-0.0428185978992184,-0.237021452131851,-1.42022352367256,-0.0425159271073164,-0.880669304825747,0.00263949112797787,10.2754196303545,14.03663535051,10.9256707981492,13.3863841827153,0
0.240117895739771,0.356649510621149,-0.0427245130925296,-0.237238135638224,-1.42192490154033,-0.0422666552751103,-0.880228675892965,0.00249096724759302,10.2772066448371,14.041808571653,10.9284694986145,13.3905457178756,0
0.240177532860623,0.356793951036888,-0.0426336622234684,-0.237444955242064,-1.42353841188301,-0.0420148469482007,-0.879823134105645,0.00234951821796736,10.2789972659634,14.0468349573934,10.9312268688578,13.394605354499,0
0.24023444953743,0.356935703386945,-0.0425459918842452,-0.237642071924982,-1.4250659330941,-0.0417606717239417,-0.879451895736503,0.00221503360039418,10.2807908790215,14.0517166920419,10.9339431312031,13.3985644398603,0
0.240288699206586,0.357074794905686,-0.0424614465746514,-0.237829656180408,-1.42650939536168,-0.0415043002993517,-0.879114151819962,0.0020873951838506,10.2825868615275,14.0564560503247,10.9366185293986,13.4024243824536,0
0.240340337118669,0.357211254227024,-0.0423799687097228,-0.238007887945992,-1.42787078060964,-0.0412459050502027,-0.878809067813348,0.00196647706534919,10.2843845812495,14.0610553961039,10.9392533268533,13.4061866505001,0
0.240389420351734,0.357345111302815,-0.042301498628507,-0.238176956528604,-1.42915212243568,-0.0409856606136431,-0.878535783258214,0.00185214573792747,10.2861833941256,14.0655171809992,10.9418478047707,13.4098527703541,0
0.240436007824767,0.357476397316878,-0.0422259746038682,-0.238337060522456,-1.43035550604658,-0.0407237444724878,-0.87829341144273,0.00174426018571801,10.287982642082,14.0698439429174,10.9444022601846,13.4134243248148,0
0.240480160311266,0.357605144595036,-0.0421533328532299,-0.238488407720957,-1.43148306819228,-0.0404603375392864,-0.878081039065836,0.00164267198547744,10.2897816507611,14.074038304499,10.946917003908,13.416902951352,0
0.240521940452945,0.357731386511571,-0.0420835075501768,-0.238631215022921,-1.43253699709941,-0.0401956247383484,-0.877897725903928,0.00154722541394734,10.2915797271696,14.0781029714882,10.9493923584027,13.4202903402551,0
0.24056141277354,0.357855157392508,-0.0420164308368121,-0.238765708333763,-1.43351953240567,-0.0399297955838724,-0.877742504480804,0.0014577575603808,10.293376157254,14.0820407310377,10.9518286555788,13.4235882327129,0
0.240598643692695,0.357976492416175,-0.0419520328367779,-0.238892122462356,-1.43443296509597,-0.039663044752355,-0.877614379741574,0.00137409844355477,10.295170203415,14.0858544499545,10.9542262345346,13.426798418835,0
0.240633701539915,0.358095427511466,-0.0418902416688379,-0.239010701014228,-1.43527963744144,-0.0393955726475141,-0.877512328731244,0.00129607113256494,10.296961101971,14.089547072898,10.9565854392455,13.4299227356235,0
0.240666656568558,0.358211999254295,-0.0418309834609192,-0.23912169628179,-1.43606194294217,-0.0391275859558916,-0.877435300278725,0.00122349187069319,10.2987480605797,14.0931216205387,10.9589066162133,13.4329630649051,0
0.240697580969849,0.358326244762708,-0.0417741823645028,-0.239225369132324,-1.43678232627509,-0.038859298191455,-0.877382214686856,0.00115617020159839,10.3005302556312,14.0965811876883,10.9611901120858,13.4359213312338,0
0.240726548886892,0.358438201591159,-0.0417197605692596,-0.239321988894435,-1.43744328324748,-0.038590930227449,-0.877351963429228,0.00109390909710014,10.3023068296222,14.0999289414111,10.9634362712583,13.438799499775,0
0.240753636428651,0.358547907624456,-0.0416676383178158,-0.239411833243713,-1.4380473607574,-0.0383227108138566,-0.877343408854421,0.00103650508578733,10.3040768885234,14.1031681191266,10.965645433468,13.4415995741821,0
0.240778921683885,0.358655400971915,-0.0416177339205279,-0.239495188088354,-1.43859715676189,-0.0380548770788488,-0.877355383898291,0.000983748381680338,10.3058394991528,14.1063020267161,10.9678179313928,13.4443235944762,0
0.240802484734991,0.358760719862263,-0.0415699637701643,-0.239572347455457,-1.43909532025364,-0.0377876750126395,-0.87738669180509,0.000935423012194447,10.307593686567,14.1093340366413,10.969954088267,13.4469736349414,0
0.240824407671755,0.358863902539856,-0.0415242423563559,-0.239643613378785,-1.43954455124718,-0.0375213599322893,-0.877436105857885,0.000891306944589801,10.3093384314833,14.1122675860902,10.9720542155266,13.4495518020469,0
0.240844774604946,0.358964987162791,-0.0414804822797049,-0.239709295788721,-1.43994760077513,-0.0372561969259693,-0.877502369119075,0.00085117221015573,10.3110726677464,14.1151061751587,10.9741186104962,13.4520602324089,0
0.240863671679749,0.359064011703505,-0.0414385942654238,-0.23976971240518,-1.44030727089531,-0.036992461275348,-0.877584194181556,0.000814785025323233,10.3127952798533,14.117853365082,10.9761475541315,13.4545010908038,0
0.240881187088992,0.359161013852479,-0.0413984871763758,-0.239825188634236,-1.44062641470936,-0.0367304388548023,-0.877680262931163,0.000781905908917832,10.3145051005495,14.1205127765279,10.9781413088301,13.4568765682473,0
0.240897411086128,0.359256030925673,-0.0413600680253877,-0.239876057469209,-1.44090793639331,-0.0364704265062203,-0.877789226321049,0.000752289794772348,10.3162009085131,14.1230880879642,10.9801001163263,13.459188880151,0
0.240912435997944,0.359349099776336,-0.0413232419867065,-0.239922659396981,-1.44115479124071,-0.0362127323882926,-0.877909704158523,0.000725686138892601,10.3178814261397,14.1255830341134,10.9820241956812,13.4614402645719,0
0.240926356236953,0.359440256711867,-0.0412879124064585,-0.239965342310282,-1.44136998571862,-0.0359576762992008,-0.878040284905055,0.000701839020399734,10.3195453174443,14.1280014045089,10.9839137413866,13.4636329805666,0
0.240939268313429,0.359529537416385,-0.0412539808119841,-0.240004461426692,-1.44155657753688,-0.0357055899717619,-0.878179525489926,0.000680487235448833,10.3211911860968,14.130347042165,10.9857689215946,13.4657693066672,0
0.24095127084704,0.359616976879738,-0.0412213469199001,-0.240040379215123,-1.44171767573086,-0.0354568173401333,-0.878325951138192,0.000661364383333214,10.3228175736049,14.1326238423758,10.9875898764897,13.467851539491,0
0.240962464578051,0.359702609333634,-0.041189908642753,-0.240073465330514,-1.4418564407579,-0.0352117147772505,-0.878478055213474,0.00064419894398746,10.3244229576645,14.1348357516572,10.9893767168204,13.4698819925014,0
0.240972952378019,0.35978646819565,-0.0411595620941182,-0.240104096557491,-1.44197608460755,-0.0349706513022809,-0.878634299076217,0.000628714346091245,10.3260057506907,14.1369867668465,10.9911295226039,13.4718629949332,0
0.240972952378019,0.35986858616701,-0.041130201997948,-0.240132656763738,-1.44207987092565,-0.0347340087573968,-0.878793111957944,0.000614629024985367,10.3275642985499,14.1390809343738,10.9928483420233,13.4737968909005,0
0.240972952378019,0.359948987763627,-0.0411016933353607,-0.240159318338042,-1.44217110435198,-0.0345022035975174,-0.878952880168594,0.000601659558880615,10.3290959954188,14.1411232171111,10.99453284397,13.4756863685598,0
0.240972952378019,0.360027704182552,-0.0410739286580274,-0.240184494995169,-1.44225315323451,-0.0342756418069095,-0.879111969313565,0.000589514360001803,10.3305991110952,14.1431177005414,10.9961830339845,13.4775337776522,0
0.240972952378019,0.360104765593403,-0.0410467983743536,-0.240208604765555,-1.44232943786742,-0.0340547428589467,-0.87926871242841,0.000577896898913294,10.3320718351501,14.1450685299016,10.9977988794012,13.4793414856504,0
0.240972952378019,0.360180202120373,-0.0410202079623011,-0.240232001873324,-1.44240285896064,-0.0338398329193464,-0.879421717542985,0.00056655584470236,10.3335127193033,14.1469793349976,10.9993804478422,13.4811116064587,0
0.240972952378019,0.360254045273872,-0.0409941303198454,-0.240254770899866,-1.4424741230009,-0.0336308238812313,-0.879570739571264,0.000555437056719178,10.3349219799194,14.1488514602142,11.0009282921524,13.4828451479811,0
0.240972952378019,0.360326320355566,-0.0409685556986965,-0.240276929682839,-1.44254359905247,-0.0334275365880623,-0.879715593878017,0.000544536144845746,10.3363000804653,14.15068557459,11.0024429370152,13.4845427180401,0
0.240972952378019,0.360397050445441,-0.0409434745902341,-0.240298495987595,-1.44261170700996,-0.0332298006090871,-0.879856036219425,0.000533848800229741,10.3376474288154,14.1524823095065,11.003924856932,13.4862048813899,0
0.240972952378019,0.360466258046101,-0.0409188776707532,-0.240319487121158,-1.44267885870565,-0.0330374518428841,-0.879991823971089,0.000523370799573937,10.3389644213559,14.154242282367,11.0053745141855,13.4878321895374,0
0.240972952378019,0.360533965098022,-0.0408947557977021,-0.240339919943041,-1.44274545806068,-0.0328503322428338,-0.880122716253738,0.000513098003448035,10.340251443316,14.1559660969268,11.0067923591691,13.4894251810738,0
0.240972952378019,0.360600192994798,-0.0408711000059903,-0.240359810875731,-1.44281190123009,-0.0326682895553849,-0.880248474052181,0.000503026354634292,10.3415088690992,14.1576543436223,11.0081788307179,13.4909843820037,0
0.240972952378019,0.360664962598368,-0.0408479015043632,-0.240379175914851,-1.44287857674212,-0.0324911770704307,-0.880368860327836,0.000493151876506347,10.3427370626176,14.1593075998962,11.0095343564392,13.4925103060746,0
0.240972952378019,0.360728294254218,-0.0408251516718454,-0.240398030639023,-1.44294586563205,-0.0323188533831505,-0.880483640125199,0.000483470671440432,10.3439363776251,14.1609264305207,11.0108593530429,13.4940034551029,0
0.240972952378019,0.360790207806546,-0.0408028420542498,-0.240416390219421,-1.44301414157097,-0.0321511821667092,-0.880592580672527,0.000473978919258369,10.3451071580531,14.1625113879181,11.0121542266717,13.4954643192995,0
0.240972952378019,0.360850722613373,-0.0407809643607518,-0.240434269429048,-1.44308377098954,-0.0319880319552438,-0.880695451477083,0.000464672875701608,10.3462497383445,14.1640630124783,11.0134193732299,13.4968933775929,0
0.240972952378019,0.360909857561594,-0.040759510460528,-0.240451682651735,-1.4431551131973,-0.0318292759365979,-0.880792024415182,0.000455548870935752,10.3473644437892,14.1655818328729,11.014655178712,13.4982910979501,0
0.240972952378019,0.36096763108196,-0.0407384723794591,-0.240468643890878,-1.44322852049747,-0.0316747917542959,-0.880882073817318,0.000446603308084772,10.348451590858,14.1670683663666,11.0158620195297,13.4996579376949,0
0.240972952378019,0.361024061163983,-0.0407178422968939,-0.240485166777915,-1.44330433829774,-0.03152446131828,-0.880965376548626,0.000437832661794417,10.3495114875366,14.1685231191257,11.0170402628375,13.5009943438248,0
0.240972952378019,0.361079165370747,-0.0406976125424761,-0.240501264580564,-1.44338290521701,-0.0313781706239579,-0.881041712084899,0.000429233476824158,10.3505444336578,14.1699465865227,11.0181902668565,13.5023007533241,0
0.240972952378019,0.361132960853623,-0.0406777755930312,-0.240516950210824,-1.44346455318856,-0.0312358095791361,-0.88111086258439,0.000420802366667046,10.3515507212339,14.171339253438,11.0193123811968,13.5035775934751,0
0.240972952378019,0.361185464366885,-0.0406583240695133,-0.240532236232748,-1.44354960755958,-0.0310972718384387,-0.881172612955606,0.000412536012196946,10.3525306347857,14.1727015945577,11.0204069471774,13.504825282166,0
0.240972952378019,0.361236692282202,-0.0406392507340106,-0.240547134870001,-1.44363838718746,-0.0309624546448318,-0.881226750921291,0.000404431160342506,10.3534844516715,14.1740340746684,11.021474298144,13.5060442281959,0
0.240972952378019,0.361286660603013,-0.0406205484868088,-0.240561658013203,-1.44373120453287,-0.0308312586778992,-0.881273067078771,0.000396484622787385,10.354412442413,14.1753371489481,11.0225147597843,13.5072348315768,0
0.240972952378019,0.361335384978778,-0.0406022103635123,-0.24057581722708,-1.44382836574982,-0.030703587908528,-0.881311354956859,0.000388693274696105,10.3553148710198,14.1766112632537,11.0235286504408,13.5083974838327,0
0.240972952378019,0.361382880719085,-0.0405842295322206,-0.240589623757407,-1.44393017077299,-0.0305793494596932,-0.881341411069459,0.00038105405346507,10.3561919953109,14.177856854404,11.0245162814208,13.5095325682941,0
0.240972952378019,0.361429162807618,-0.0405665992907607,-0.240603088537781,-1.44403691340219,-0.0304584534730335,-0.881363034966038,0.00037356395749816,10.3570440672339,14.1790743504602,11.0254779573031,13.510640460391,0
0.240972952378019,0.361474245915977,-0.0405493130639739,-0.240616222196204,-1.44414888138446,-0.0303408129809402,-0.881376029279119,0.000366220045006476,10.3578713331812,14.1802641710016,11.0264139762424,13.5117215279404,0
0.240972952378019,0.361518144417339,-0.040532364401056,-0.240629035061495,-1.44426635649354,-0.0302263437838905,-0.881380199768908,0.000359019432831619,10.3586740343037,14.1814267273973,11.0273246302692,13.5127761314318,0
0.240972952378019,0.361560872399963,-0.040515746972951,-0.24064153716954,-1.44438961460723,-0.0301149643327692,-0.881375355365221,0.000351959295292091,10.3594524068205,14.182562423075,11.0282102055876,13.5138046243078,0
0.240972952378019,0.361602443680517,-0.040499454569796,-0.240653738269381,-1.44451892578242,-0.0300065956159452,-0.881361308206797,0.000345036863052379,10.3602066823258,14.1836716537844,11.0290709828687,13.5148073532415,0
0.240972952378019,0.361642871817246,-0.0404834810984181,-0.240665647829151,-1.44465455432808,-0.0299011610508729,-0.881337873678145,0.000338249422014129,10.3609370880924,14.1847548078578,11.0299072375405,13.5157846584097,0
0.240972952378019,0.361682170122947,-0.0404678205798811,-0.240677275041866,-1.44479675887634,-0.0297985863800051,-0.881304870444011,0.00033159431222905,10.3616438473705,14.1858122664659,11.030719240074,13.5167368737625,0
0.240972952378019,0.361720351677774,-0.0404524671470824,-0.240688628831069,-1.44494579245161,-0.0296987995708196,-0.88126212048159,0.000325068926833097,10.3623271796842,14.1868444038696,11.0315072562655,13.5176643272883,0
0.240972952378019,0.361757429341846,-0.0404374150423982,-0.240699717856347,-1.44510190253796,-0.029601730719764,-0.881209449110556,0.000318670711001454,10.3629873011224,14.1878515876675,11.0322715475147,13.5185673412752,0
0.240972952378019,0.361793415767661,-0.0404226586153776,-0.240710550518709,-1.44526533114484,-0.0295073119599413,-0.881146685021028,0.000312397160923894,10.3636244246266,14.1888341790399,11.0330123710987,13.5194462325678,0
0.240972952378019,0.361828323412321,-0.0404081923204832,-0.240721134965847,-1.44543631487111,-0.0294154773723643,-0.881073660299547,0.000306245822800131,10.3642387602737,14.1897925329875,11.0337299804412,13.52030131282,0
0.240972952378019,0.361862164549546,-0.0403940107148786,-0.24073147909727,-1.44561508496761,-0.0293261629006181,-0.88099021045314,0.000300214291854758,10.3648305155552,14.1907269985665,11.0344246253786,13.5211328887432,0
0.240972952378019,0.361894951281488,-0.0403801084562623,-0.240741590569328,-1.44580186739828,-0.0292393062687776,-0.880896174431564,0.000294300211371302,10.3653998956507,14.1916379191197,11.03509655242,13.5219412623503,0
0.240972952378019,0.361926695550332,-0.040366480300746,-0.240751476800122,-1.44599688289984,-0.0291548469024366,-0.880791394647796,0.000288501271745076,10.3659471036974,14.1925256325021,11.0357460050037,13.5227267311957,0
0.240972952378019,0.361957409149684,-0.0403531211007777,-0.240761144974306,-1.44620034704021,-0.0290727258527089,-0.880675716996838,0.000282815209554438,10.3664723410549,14.1933904713034,11.0363732237488,13.5234895886095,0
0.240972952378019,0.361987103735744,-0.0403400258031085,-0.240770602047794,-1.44641247027566,-0.0289928857230756,-0.880548990872907,0.000277239806650033,10.3669758075647,14.1942327630657,11.0369784467018,13.5242301239286,0
0.240972952378019,0.362015790838257,-0.0403271894468021,-0.24077985475236,-1.44663345800676,-0.0289152705989541,-0.880411069185071,0.00027177288926172,10.3674577018045,14.1950528304962,11.0375619095783,13.5249486227224,0
0.240972952378019,0.362043481871238,-0.0403146071612873,-0.240788909600151,-1.44686351063323,-0.0288398259798731,-0.880261808371383,0.000266412327122769,10.3679182213378,14.1958509916766,11.0381238460004,13.525645367014,0
0.240972952378019,0.362070188143479,-0.0403022741644513,-0.240797772888105,-1.44710282360768,-0.0287664987141443,-0.880101068411588,0.000261156032610991,10.3683575629582,14.1966275602671,11.0386644877285,13.5263206354968,0
0.240972952378019,0.362095920868816,-0.0402901857607746,-0.240806450702285,-1.44735158748835,-0.0286952369359257,-0.879928712838433,0.000256001959906506,10.3687759229279,14.1973828457066,11.0391840648879,13.5269747037466,0
0.240972952378019,0.362120691176171,-0.0402783373395059,-0.240814948922126,-1.44760998799081,-0.0286259900045813,-0.879744608747644,0.000250948104165747,10.3691734972112,14.1981171534081,11.0396828061911,13.5276078444281,0
0.240972952378019,0.362144510119358,-0.0402667243728767,-0.240823273224612,-1.44787820603885,-0.0285587084462389,-0.879548626806619,0.000245992500711406,10.3695504817023,14.1988307849497,11.040160939154,13.528220327498,0
0.240972952378019,0.362167388686656,-0.0402553424143549,-0.240831429088359,-1.44815641781434,-0.0284933438974642,-0.879340641261867,0.000241133224237996,10.3699070724479,14.1995240382612,11.0406186903072,13.5288124204019,0
0.240972952378019,0.362189337810132,-0.0402441870969364,-0.240839421797645,-1.44844479480637,-0.0284298490509621,-0.879120529945257,0.000236368388032736,10.3702434658632,14.2001972078064,11.0410562854023,13.5293843882672,0
0.240972952378019,0.36221036837474,-0.0402332541314751,-0.240847256446349,-1.4487435038595,-0.0283681776032306,-0.878888174279096,0.000231696143211408,10.3705598589431,14.2008505847602,11.0414739496124,13.5299364940909,0
0.240972952378019,0.362230491227162,-0.0402225393050493,-0.240854937941839,-1.44905270722124,-0.0283082842040894,-0.878643459280091,0.000227114677968923,10.3708564494673,14.2014844571825,11.0418719077272,13.5304689989225,0
0.240972952378019,0.362249717184416,-0.0402120384793649,-0.240862471008786,-1.44937256258889,-0.0282501244080156,-0.878386273562218,0.000222622216844295,10.3711334361994,14.2020991101861,11.0422503843432,13.5309821620423,0
0.240972952378019,0.362268057042213,-0.040201747589194,-0.240869860192915,-1.44970322315554,-0.0281936546272153,-0.878116509338544,0.000218217019999727,10.3713910190802,14.2026948261015,11.0426096040477,13.531476241134,0
0.240972952378019,0.36228552158307,-0.0401916626408497,-0.240877109864701,-1.45004483765552,-0.0281388320863753,-0.877834062422024,0.000213897382513543,10.3716293994149,14.2032718846362,11.0429497915978,13.5319514924533,0
0.240972952378019,0.362302121584173,-0.040181779710694,-0.240884224223001,-1.45039755040914,-0.0280856147790246,-0.877538832225307,0.000209661633686671,10.3718487800544,14.2038305630301,11.0432711720936,13.5324081709909,0
0.240972952378019,0.36231786782499,-0.040172094943681,-0.240891207298636,-1.45076150136683,-0.0280339614254613,-0.877230721759588,0.000205508136362418,10.3720493655707,14.2043711362063,11.0435739711458,13.5328465306311,0
0.240972952378019,0.362332771094638,-0.040162604551933,-0.24089806295792,-1.45113682615271,-0.0279838314321796,-0.876909637632515,0.000201435286259293,10.372231362426,14.2048938769172,11.0438584150383,13.5332668243048,0
0.240972952378019,0.362346842198999,-0.0401533048133495,-0.24090479490613,-1.4515236561076,-0.0279351848527572,-0.8765754900452,0.000197441511316593,10.3723949791355,14.2053990558866,11.044124730884,13.5336693041382,0
0.240972952378019,0.362360091967581,-0.0401441920702485,-0.240911406690934,-1.45192211833147,-0.0278879823501477,-0.876228192788338,0.00019352527105251,10.3725404264245,14.2058869419473,11.0443731467759,13.5340542215959,0
0.240972952378019,0.36237253126013,-0.0401352627280392,-0.240917901705773,-1.45233233572536,-0.0278421851603362,-0.87586766323747,0.00018968505593452,10.3726679173789,14.2063578021736,11.0446038919328,13.5344218276197,0
0.240972952378019,0.362384170972992,-0.0401265132539264,-0.240924283193186,-1.45275442703288,-0.027797755057317,-0.875493822347413,0.00018591938676182,10.3727776675898,14.2068119020103,11.044817196838,13.5347723727622,0
0.240972952378019,0.362395022045223,-0.0401179401756449,-0.240930554248108,-1.45318850688116,-0.027754654319351,-0.875106594645857,0.000182226814059536,10.3728698952917,14.207249505397,11.0450132933737,13.5351061073149,0
0.240972952378019,0.36240509546444,-0.0401095400802242,-0.240936717821109,-1.45363468582133,-0.0277128456964662,-0.874705908226186,0.00017860591748453,10.3729448214943,14.2076708748877,11.0451924149494,13.5354232814326,0
0.240972952378019,0.362414402272431,-0.0401013096127828,-0.240942776721606,-1.45409307036867,-0.0276722923791668,-0.874291694739506,0.000175055305242554,10.3730026701086,14.2080762717666,11.0453547966238,13.5357241452514,0
0.240972952378019,0.362422953570509,-0.0400932454753509,-0.240948733621022,-1.45456376304218,-0.0276329579683157,-0.873863889385918,0.000171573613516497,10.3730436680664,14.2084659561589,11.0455006752221,13.5360089490033,0
0.240972952378019,0.36243076052461,-0.0400853444257221,-0.240954591055921,-1.45504686240385,-0.0275948064461615,-0.873422430905041,0.000168159505905581,10.3730680454333,14.2088401871384,11.0456302894473,13.5362779431243,0
0.240972952378019,0.362437834370148,-0.0400776032763326,-0.240960351431095,-1.45554246309753,-0.0275578021484785,-0.872967261565822,0.000164811672875237,10.3730760355158,14.2091992228293,11.0457438799856,13.5365313783595,0
0.240972952378019,0.36244418641662,-0.0400700188931678,-0.240966017022622,-1.45605065588733,-0.0275219097377931,-0.872498327155611,0.00016152883121747,10.3730678749623,14.2095433205054,11.0458416896061,13.5367695058615,0
0.240972952378019,0.362449828051953,-0.0400625881946955,-0.240971589980888,-1.45657152769574,-0.0274870941776716,-0.872015576968559,0.000158309723521527,10.3730438038574,14.2098727366835,11.0459239632558,13.5369925772851,0
0.240972952378019,0.362454770746615,-0.0400553081508263,-0.240977072333573,-1.45710516164136,-0.0274533207080433,-0.871518963793317,0.000155153117654646,10.3730040658105,14.210187727214,11.0459909481473,13.5372008448771,0
0.240972952378019,0.362459026057472,-0.040048175781898,-0.240982465988609,-1.45765163707622,-0.0274205548215383,-0.871008443900065,0.000152057806252717,10.3729489080375,14.2104885473665,11.046042893843,13.537394561561,0
0.240972952378019,0.362462605631398,-0.0400411881576877,-0.240987772737105,-1.45821102962288,-0.0273887622408181,-0.870483977026888,0.000149022606220633,10.3728785814373,14.2107754519113,11.0460800523317,13.5375739810169,0
0.240972952378019,0.362465521208647,-0.0400343423964461,-0.240992994256237,-1.45878341121106,-0.0273579088968782,-0.869945526365493,0.000146046358242197,10.3727933406611,14.2110486951976,11.0461026781014,13.5377393577573,0
0.240972952378019,0.362467784625977,-0.0400276356639583,-0.240998132112121,-1.45936885011404,-0.0273279609083074,-0.869393058546298,0.000143127926299345,10.3726934441764,14.2113085312264,11.0461110282053,13.5378909471974,0
0.240972952378019,0.36246940781953,-0.0400210651726272,-0.24100318776264,-1.45996741098471,-0.0272988845614837,-0.868826543622884,0.000140266197200547,10.3725791543243,14.2115552137202,11.0461053623232,13.5380290057214,0
0.240972952378019,0.362470402827482,-0.0400146281805802,-0.241008162560258,-1.46057915489128,-0.0272706462916926,-0.868245955055839,0.000137460080118199,10.3724507373714,14.2117889961891,11.0460859428166,13.5381537907438,0
0.240972952378019,0.362470781792445,-0.0400083219907997,-0.241013057754797,-1.46120413935272,-0.0272432126651534,-0.867651269695986,0.00013470850613484,10.3723084635547,14.2120101319917,11.0460530347798,13.5382655607666,0
0.240972952378019,0.362470556963633,-0.0400021439502746,-0.241017874496191,-1.4618424183739,-0.0272165503619391,-0.867042467767017,0.000132010427798024,10.3721526071216,14.2122188743934,11.0460069060839,13.5383645754311,0
0.240972952378019,0.362469740698806,-0.0399960914491749,-0.241022613837216,-1.46249404248037,-0.027190626159777,-0.86641953284753,0.000129364818683688,10.3719834463632,14.2124154766199,11.0459478274169,13.5384510955663,0
0.240972952378019,0.362468345465965,-0.0399901619200473,-0.24102727673619,-1.46315905875292,-0.0271654069187221,-0.865782451852491,0.00012677067296785,10.3718012636421,14.2126001919075,11.0458760723176,13.5385253832319,0
0.240972952378019,0.362466383844827,-0.0399843528370315,-0.241031864059647,-1.46383751086181,-0.0271408595666867,-0.865131215014115,0.000124227005006488,10.3716063454137,14.2127732735492,11.0457919172052,13.5385877017578,0
0.240972952378019,0.362463868528072,-0.0399786617150975,-0.241036376584995,-1.46452943910069,-0.0271169510858222,-0.864465815862179,0.000121732848923446,10.3713989822431,14.2129349749376,11.0456956414025,13.5386383157782,0
0.240972952378019,0.362460812322363,-0.0399730861093027,-0.241040815003135,-1.46523488042029,-0.0270936484997412,-0.863786251203777,0.000119287258206219,10.3711794688145,14.2130855496036,11.0455875271555,13.5386774912626,0
0.240972952378019,0.36245722814914,-0.0399676236140691,-0.241045179921073,-1.46595386846176,-0.0270709188615708,-0.863092521102517,0.000116889305309458,10.3709481039362,14.2132252512515,11.0454678596463,13.5387054955414,0
0.240972952378019,0.362453129045199,-0.0399622718624789,-0.241049471864492,-1.46668643358977,-0.0270487292428353,-0.862384628857175,0.000114538081266068,10.3707051905394,14.2133543337909,11.0453369270023,13.538722597328,0
0.240972952378019,0.362448528163052,-0.0399570285255896,-0.241053691280315,-1.4674326029253,-0.0270270467231523,-0.861662580979803,0.000112232695305761,10.3704510356718,14.2134730513652,11.0451950203,13.538729066737,0
0.240972952378019,0.362443438771069,-0.0399518913117675,-0.241057838539232,-1.46819240037816,-0.0270058383807456,-0.860926387173302,0.000109972274480906,10.3701859504854,14.2135816583757,11.0450424335638,13.5387251752974,0
0.240972952378019,0.362437874253411,-0.0399468579660383,-0.241061913938214,-1.4689658466792,-0.0269850712837631,-0.860176060308466,0.000107755963299547,10.3699102502188,14.2136804095032,11.0448794637597,13.5387111959623,0
0.240972952378019,0.362431848109756,-0.0399419262694562,-0.241065917703,-1.46975295941229,-0.026964712482396,-0.859411616400503,0.000105582923365485,10.3696242541744,14.2137695597258,11.0447064107853,13.5386874031149,0
0.240972952378019,0.362425373954813,-0.0399370940384896,-0.241069849990558,-1.47055375304593,-0.026944729001796,-0.858633074585032,0.000103452333025262,10.3693282856906,14.2138493643338,11.0445235774539,13.5386540725704,0
0.240972952378019,0.362418465517635,-0.0399323591244239,-0.241073710891531,-1.47136823896468,-0.0269250878357848,-0.857840457093571,0.000101363387021924,10.3690226721078,14.2139200789404,11.0443312694747,13.5386114815735,0
0.240972952378019,0.362411136640738,-0.0399277194127796,-0.241077500432656,-1.47219642550018,-0.0269057559413526,-0.857033789228519,9.93152961554584e-05,10.3687077447305,14.2139819594904,11.0441297954282,13.5385599087928,0
0.240972952378019,0.362403401279016,-0.039923172822748,-0.24108121857916,-1.47303831796199,-0.0268867002339404,-0.856213099337626,9.73072869497823e-05,10.3683838387834,14.2140352622651,11.0439194667372,13.5384996343113,0
0.240972952378019,0.362395273498465,-0.0399187173066407,-0.241084865237136,-1.47389391866805,-0.0268678875835068,-0.855378418787972,9.53386013261272e-05,10.368051293363,14.2140802438838,11.0437005976335,13.5384309396132,0
0.240972952378019,0.362386767474716,-0.0399143508493556,-0.241088440255892,-1.47476322697495,-0.0268492848113703,-0.854529781939453,9.34084962827537e-05,10.3677104513841,14.2141171613029,11.0434735051199,13.5383541075671,0
0.240972952378019,0.362377897491389,-0.0399100714678566,-0.241091943430288,-1.47564623930777,-0.0268308586878289,-0.853667226117776,9.15162435808545e-05,10.367361659522,14.2141462718118,11.0432385089284,13.5382694224054,0
0.240972952378019,0.36236867793825,-0.0399058772106685,-0.241095374503038,-1.47654294918976,-0.0268125759305512,-0.852790791586972,8.96611294365323e-05,10.3670052681489,14.2141678330259,11.0429959314741,13.5381771697008,0
0.240972952378019,0.362359123309203,-0.0399017661573856,-0.241098733166997,-1.47745334727162,-0.0267944032037378,-0.851900521521436,8.78424542187516e-05,10.3666416312673,14.2141821028764,11.0427460978047,13.5380776363389,0
0.240972952378019,0.362349248200096,-0.0398977364181939,-0.241102019067426,-1.47837742136051,-0.0267763071180485,-0.850996461977483,8.6059532153161e-05,10.3662711064369,14.2141893395978,11.0424893355465,13.5379711104882,0
0.240972952378019,0.362339067306359,-0.0398937861334064,-0.241105231804229,-1.47931515644881,-0.0267582542312937,-0.850078661864453,8.43116910316712e-05,10.365894054699,14.2141898017124,11.042225974846,13.5378578815655,0
0.240972952378019,0.362328595420476,-0.0398899134730122,-0.241108370934173,-1.48026653474247,-0.0267402110498858,-0.849147172915342,8.25982719276858e-05,10.3655108404953,14.2141837480123,11.041956348308,13.5377382401996,0
0.240972952378019,0.362317847429283,-0.039886116636237,-0.241111435973083,-1.48123153568913,-0.0267221440310482,-0.848202049656981,8.09186289168925e-05,10.3651218315827,14.2141714375384,11.04168079093,13.5376124781911,0
0.240972952378019,0.362306838311119,-0.0398823938511171,-0.241114426398012,-1.4822101360059,-0.0267040195857792,-0.847243349379765,7.92721288035088e-05,10.3647273989445,14.2141531295573,11.0413996400323,13.5374808884694,0
0.240972952378019,0.362295583132806,-0.039878743374084,-0.241117341649391,-1.48320230970685,-0.026685804082563,-0.846271132106934,7.76581508518889e-05,10.3643279166966,14.2141290835356,11.0411132351857,13.5373437650465,0
0.240972952378019,0.362284097046489,-0.039875163489562,-0.241120181133155,-1.48420802813015,-0.0266674638518313,-0.845285460563423,7.60760865233908e-05,10.3639237619906,14.2140995591114,11.0408219181341,13.5372014029679,0
0.240972952378019,0.362272395286313,-0.0398716525095758,-0.241122944222845,-1.48522725996492,-0.0266489651911634,-0.84428640014427,7.45253392184171e-05,10.3635153149129,14.214064816064,11.0405260327154,13.5370540982615,0
0.240972952378019,0.362260493164968,-0.03986820877337,-0.241125630261684,-1.48625997127775,-0.0266302743712255,-0.843274018882606,7.30053240235361e-05,10.3631029583792,14.214025114281,11.0402259247778,13.5369021478825,0
0.240972952378019,0.362248406070084,-0.0398648306470386,-0.241128238564637,-1.48730612553888,-0.0266113576424416,-0.842248387417219,7.15154674635921e-05,10.3626870780269,14.2139807137232,11.0399219420936,13.5367458496566,0
0.240972952378019,0.362236149460491,-0.0398615165231652,-0.241130768420438,-1.48836568364813,-0.0265921812423921,-0.841209578959711,7.00552072587176e-05,10.3622680621025,14.2139318743871,11.0396144342695,13.5365855022201,0
0.240972952378019,0.362223738862351,-0.039858264820473,-0.241133219093596,-1.48943860396041,-0.0265727114039309,-0.840157669261247,6.86239920861575e-05,10.3618463013462,14.2138788562658,11.039303752654,13.5364214049579,0
0.240972952378019,0.362211189865149,-0.0398550739834848,-0.24113558982638,-1.49052484231097,-0.0265529143640197,-0.839092736578907,6.72212813468295e-05,10.3614221888734,14.2138219193075,11.0389902502422,13.5362538579387,0
0.240972952378019,0.362198518117577,-0.0398519424821917,-0.241137879840774,-1.49162435204032,-0.0265327563732666,-0.838014861641653,6.58465449365267e-05,10.3609961200526,14.2137613233722,11.0386742815769,13.5360831618478,0
0.240972952378019,0.362185739323277,-0.0398488688117321,-0.241140088340412,-1.4927370840188,-0.0265122037061654,-0.836924127615902,6.44992630216976e-05,10.3605684923801,14.2136973281861,11.0383562026479,13.5359096179183,0
0.240972952378019,0.362172869236486,-0.0398458514920784,-0.241142214512484,-1.49386298667083,-0.0264912226720245,-0.835820620070742,6.31789258196957e-05,10.3601397053521,14.2136301932947,11.0380363707877,13.5357335278591,0
0.240972952378019,0.362159923657552,-0.0398428890677332,-0.241144257529618,-1.49500200599886,-0.0264697796265787,-0.834704426942773,6.18850333834522e-05,10.3597101603336,14.2135601780139,11.037715144566,13.5355551937816,0
0.240972952378019,0.362146918428359,-0.0398399801074329,-0.24114621655174,-1.49615408560699,-0.0264478409842696,-0.833575638500596,6.06170953904721e-05,10.3592802604247,14.2134875413793,11.0373928836799,13.535374918124,0
0.240972952378019,0.362133869427629,-0.0398371232038602,-0.241148090727899,-1.49731916672421,-0.0264253732311902,-0.832434347308959,5.93746309360868e-05,10.3588504103237,14.2134125420935,11.0370699488434,13.5351930035737,0
0.240972952378019,0.362120792566142,-0.0398343169733639,-0.241149879198078,-1.49849718822743,-0.0264023429386769,-0.831280648192569,5.81571683308893e-05,10.3584210161886,14.2133354384729,11.0367467016737,13.5350097529877,0
0.240972952378019,0.362107703781848,-0.039831560055686,-0.24115158109497,-1.49968808666406,-0.0263787167775376,-0.830114638199571,5.69642449022766e-05,10.3579924854952,14.2132564883917,11.0364235045756,13.5348254693113,0
0.240972952378019,0.362094619034893,-0.0398288511136966,-0.241153195545729,-1.50089179627439,-0.0263544615329052,-0.828936416564728,5.57954068000321e-05,10.3575652268933,14.2131759492255,11.0361007206236,13.5346404554952,0
0.240972952378019,0.362081554302556,-0.0398261888331358,-0.241154721673699,-1.50210824901356,-0.0263295441196985,-0.827746084672285,5.4650208805871e-05,10.3571396500608,14.2130940777924,11.0357787134424,13.5344550144108,0
0.240972952378019,0.362068525574105,-0.0398235719223614,-0.241156158600108,-1.5033373745733,-0.02630393159868,-0.826543746018554,5.35282141468865e-05,10.3567161655549,14.2130111302941,11.0354578470854,13.5342694487636,0
0.240972952378019,0.362055548845571,-0.0398209991121046,-0.241157505445745,-1.50457910040329,-0.0262775911930894,-0.825329506174211,5.24289943128258e-05,10.3562951846624,14.2129273622545,11.0351384859109,13.5340840610059,0
0.240972952378019,0.362042640114448,-0.0398184691552309,-0.241158761332598,-1.50583335173226,-0.0262504903058399,-0.824103472746338,5.13521288771268e-05,10.3558771192473,14.2128430284577,11.0348209944575,13.5338991532475,0
0.240972952378019,0.362029815374329,-0.0398159808265075,-0.241159925385474,-1.5071000515888,-0.0262225965372576,-0.822865755340206,5.02972053216604e-05,10.3554623815966,14.212758382885,11.0345057373168,13.5337150271649,0
0.240972952378019,0.362017090609461,-0.0398135329223764,-0.241160996733586,-1.50837912082184,-0.0261938777033451,-0.821616465520825,4.92638188650987e-05,10.3550513842651,14.2126736786506,11.034193079006,13.5335319839097,0
0.240972952378019,0.362004481789257,-0.0398111242607334,-0.241161974512116,-1.50967047812083,-0.0261643018545495,-0.820355716774264,4.82515722948655e-05,10.3546445399174,14.2125891679358,11.0338833838375,13.5333503240158,0
0.240972952378019,0.361992004862732,-0.0398087536807122,-0.241162857863743,-1.51097404003573,-0.0261338372950139,-0.819083624468769,4.72600758025809e-05,10.3542422611701,14.2125051019235,11.0335770157885,13.533170347305,0
0.240972952378019,0.361979675752897,-0.039806420042474,-0.241163645940147,-1.51228972099662,-0.0261024526022907,-0.817800305815685,4.62889468229737e-05,10.3538449604308,14.2124217307301,11.0332743383688,13.5329923527922,0
0.240972952378019,0.361967510351098,-0.0398041222270017,-0.241164337903488,-1.51361743333308,-0.026070116647491,-0.816505879830193,4.53378098761671e-05,10.3534530497374,14.2123393033385,11.0329757144871,13.5328166385888,0
0.240972952378019,0.361955524511313,-0.0398018591358998,-0.241164932927847,-1.51495708729334,-0.0260367986158513,-0.815200467291899,4.44062964133037e-05,10.3530669405952,14.2122580675285,11.0326815063172,13.5326435018064,0
0.240972952378019,0.3619437340444,-0.0397996296911974,-0.241165430200645,-1.51630859106315,-0.0260024680276873,-0.813884190705261,4.34940446654352e-05,10.3526870438134,14.2121782698078,11.0323920751627,13.5324732384585,0
0.240972952378019,0.361932154712317,-0.0397974328351575,-0.241165828924032,-1.51767185078439,-0.0259670947597098,-0.812557174259903,4.26006994956392e-05,10.352313769341,14.2121001553419,11.0321077813206,13.5323061433623,0
0.240972952378019,0.361920802222301,-0.0397952675300891,-0.241166128316242,-1.51904677057351,-0.0259306490666781,-0.811219543790808,4.17259122542859e-05,10.351947526101,14.2120239678829,11.0318289839446,13.5321425100394,0
0.240972952378019,0.361909692221023,-0.0397931327581637,-0.241166327612922,-1.52043325253966,-0.02589310160336,-0.80987142673842,4.08693406374105e-05,10.3515887218246,14.2119499496989,11.0315560409078,13.5319826306158,0
0.240972952378019,0.361898840288711,-0.0397910275212364,-0.241166426068434,-1.52183119680273,-0.0258544234467685,-0.808512952108678,4.00306485481471e-05,10.3512377628847,14.2118783415017,11.0312893086643,13.531826795722,0
0.240972952378019,0.361888261933256,-0.03978895084067,-0.241166422957119,-1.52324050151102,-0.0258145861186496,-0.807144250432988,3.92095059611486e-05,10.3508950541283,14.2118093823751,11.0310291421111,13.5316752943923,0
0.240972952378019,0.3618779725843,-0.0397869017571626,-0.241166317574538,-1.52466106285893,-0.025773561608184,-0.805765453728156,3.84055887899577e-05,10.3505609987096,14.2117433097022,11.0307758944485,13.5315284139633,0
0.240972952378019,0.36186798758731,-0.0397848793305793,-0.241166109238681,-1.52609277510427,-0.0257313223948754,-0.804376695456318,3.76185787572724e-05,10.3502359979214,14.2116803590927,11.0305299170415,13.5313864399727,0
0.240972952378019,0.361858322197635,-0.0397828826397862,-0.241165797291145,-1.52753553058556,-0.0256878414715904,-0.802978110484859,3.6848163268055e-05,10.3499204510279,14.2116207643097,11.0302915592799,13.5312496560577,0
0.240972952378019,0.361848991574572,-0.0397809107824885,-0.241165381098279,-1.5289892197391,-0.0256430923677161,-0.801569835046364,3.60940352854378e-05,10.3496147550957,14.2115647571967,11.030061168439,13.5311183438534,0
0.240972952378019,0.361840010775411,-0.039778962875071,-0.241164860052302,-1.53045373111595,-0.0255970491724018,-0.800152006698611,3.53558932093718e-05,10.349319304826,14.211512567604,11.0298390895397,13.5309927828903,0
0.240972952378019,0.361831394749495,-0.0397770380524409,-0.241164233572394,-1.53192895139874,-0.0255496865578483,-0.798724764284636,3.46334407579709e-05,10.3490344923866,14.2114644233155,11.0296256652091,13.530873250493,0
0.240972952378019,0.361823158332281,-0.0397751354678743,-0.241163501105743,-1.5334147654184,-0.0255009798026095,-0.797288247892871,3.39263868515132e-05,10.3487607072442,14.2114205499752,11.0294212355413,13.5307600216781,0
0.240972952378019,0.361815316239403,-0.0397732542928646,-0.241162662128577,-1.53491105617083,-0.0254509048148692,-0.79584259881741,3.32344454990407e-05,10.3484983359962,14.2113811710135,11.0292261379575,13.5306533690523,0
0.240972952378019,0.36180788306076,-0.0397713937169734,-0.241161716147154,-1.53641770483345,-0.0253994381556552,-0.79438795951839,3.25573356875151e-05,10.3482477622041,14.2113465075743,11.0290407070676,13.5305535627108,0
0.240972952378019,0.361800873254605,-0.0397695529476832,-0.241160662698725,-1.53793459078168,-0.0253465570619534,-0.792924473582531,3.1894781273492e-05,10.3480093662267,14.2113167784412,11.0288652745316,13.5304608701362,0
0.240972952378019,0.361794301141667,-0.0397677312102534,-0.241159501352468,-1.53946159160546,-0.0252922394696829,-0.791452285683855,3.12465108772627e-05,10.3477835250537,14.2112921999649,11.0287001689214,13.5303755560973,0
0.240972952378019,0.361788180899283,-0.039765927747577,-0.241158231710386,-1.54099858312562,-0.0252364640364933,-0.789971541544594,3.06122577794136e-05,10.3475706121407,14.2112729859905,11.0285457155831,13.5302978825481,0
0.240972952378019,0.361782526555561,-0.03976414182004,-0.241156853408178,-1.54254543941037,-0.0251792101643543,-0.7884823878963,2.99917598197572e-05,10.3473709972438,14.2112593477843,11.0284022365002,13.5302281085279,0
0.240972952378019,0.361777351983471,-0.0397623727053856,-0.241155366116103,-1.54410203279203,-0.0251204580220796,-0.786984972440696,2.93847592982528e-05,10.3471850462538,14.2112514939606,11.028270050155,13.5301664900594,0
0.240972952378019,0.361772670895186,-0.0397606196985728,-0.241153769539756,-1.54566823388316,-0.0250601885671197,-0.785479443811919,2.87910028790251e-05,10.3470131210356,14.2112496304116,11.0281494713957,13.5301132800516,0
0.240972952378019,0.361768496836349,-0.0397588821116409,-0.241152063420847,-1.54724391159303,-0.0249983835672498,-0.783965951538433,2.82102414961961e-05,10.3468555792672,14.2112539602358,11.0280408113018,13.5300687282012,0
0.240972952378019,0.361764843180369,-0.0397571592735747,-0.241150247537945,-1.54882893314419,-0.024935025621881,-0.782444646005274,2.76422302619432e-05,10.3467127742784,14.211264683667,11.0279443770507,13.5300330808947,0
0.240972952378019,0.361761723122771,-0.0397554505301717,-0.24114832170719,-1.55042316408917,-0.0248700981829519,-0.780915678416612,2.7086728376724e-05,10.3465850548914,14.2112819980042,11.0278604717846,13.530006581111,0
0.240972952378019,0.36175914967558,-0.0397537552439099,-0.241146285782977,-1.55202646832714,-0.0248035855753629,-0.779379200758678,2.6543499041643e-05,10.3464727652629,14.2113060975416,11.0277893944793,13.5299894683251,0
0.240972952378019,0.361757135661768,-0.0397520727938172,-0.241144139658606,-1.55363870812086,-0.0247354730169107,-0.777835365763059,2.60123093729188e-05,10.3463762447267,14.2113371734992,11.0277314398134,13.5299819784124,0
0.240972952378019,0.361755693709738,-0.0397504025753417,-0.241141883266904,-1.55525974411358,-0.0246657466376849,-0.776284326870401,2.54929303184072e-05,10.3462958276388,14.2113754139545,11.0276868980394,13.5299843435539,0
0.240972952378019,0.361754836247873,-0.039748744000223,-0.241139516580812,-1.5568894353463,-0.0245943934988859,-0.774726238194522,2.49851365761475e-05,10.3462318432235,14.2114210037748,11.0276560548555,13.5299967921428,0
0.240972952378019,0.361754575499139,-0.0397470964963639,-0.241137039613946,-1.55852763927498,-0.0245214016110241,-0.773161254486974,2.44887065149018e-05,10.3461846154209,14.2114741245494,11.0276391912792,13.5300195486912,0
0.240972952378019,0.361754923475754,-0.0397454595077036,-0.241134452421122,-1.56017421178811,-0.0244467599514645,-0.771589531102061,2.40034220966313e-05,10.3461544627368,14.2115349545238,11.0276365835218,13.5300528337388,0
0.240972952378019,0.36175589197391,-0.039743832494091,-0.241131755098851,-1.56182900722442,-0.0243704584812739,-0.770011223962345,2.35290688009017e-05,10.3461416980933,14.2116036685342,11.0276485028655,13.530096863762,0
0.240972952378019,0.361757492568574,-0.0397422149311592,-0.24112894778581,-1.5634918783908,-0.0242924881613379,-0.768426489524651,2.30654355511535e-05,10.346146628683,14.2116804379423,11.0276752155402,13.5301518510851,0
0.240972952378019,0.361759736608352,-0.0397406063101996,-0.24112603066327,-1.56516267658048,-0.0242128409677067,-0.766835484746592,2.26123146428233e-05,10.3461695558229,14.2117654305722,11.0277169826041,13.530218003791,0
0.240972952378019,0.361762635210426,-0.0397390061380373,-0.241123003955506,-1.5668412515915,-0.024131509906137,-0.76523836705364,2.21695016732741e-05,10.3462107748123,14.2118588106473,11.0277740598242,13.5302955256354,0
0.240972952378019,0.361766199255564,-0.0397374139369065,-0.241119867930168,-1.56852745174539,-0.0240484890257916,-0.76363529430675,2.17367954734981e-05,10.3462705747914,14.2119607387282,11.0278466975593,13.5303846159602,0
0.240972952378019,0.361770439383214,-0.0397358292443263,-0.241116622898623,-1.57022112390619,-0.0239637734320661,-0.762026424770564,2.13139980415629e-05,10.3463492386031,14.2120713716523,11.0279351406453,13.5304854696101,0
0.240972952378019,0.361775365986671,-0.0397342516129765,-0.241113269216273,-1.57192211349979,-0.0238773592985064,-0.760411917082207,2.09009144777699e-05,10.346447042656,14.2121908624739,11.0280396282812,13.5305982768488,0
0.240972952378019,0.361780989208332,-0.039732680610574,-0.241109807282834,-1.57363026453355,-0.0237892438777873,-0.75879193022069,2.04973529214875e-05,10.3465642567907,14.2123193604055,11.028160393918,13.5307232232782,0
0.240972952378019,0.361787318935031,-0.0397311158197486,-0.241106237542589,-1.5753454196163,-0.023699425511722,-0.757166623476946,2.01031244896251e-05,10.3467011441475,14.2124570107602,11.0282976651492,13.5308604897586,0
0.240972952378019,0.361794364793471,-0.0397295568379195,-0.241102560484615,-1.57706741997864,-0.0236079036402701,-0.75553615642449,1.97180432167295e-05,10.3468579610374,14.2126039548956,11.0284516636035,13.5310102523295,0
0.240972952378019,0.361802136145733,-0.0397280032771714,-0.241098776642971,-1.57879610549373,-0.0235146788095207,-0.75390068889075,1.93419259966604e-05,10.3470349568149,14.2127603301581,11.0286226048394,13.5311726821336,0
0.240972952378019,0.361810642084891,-0.0397264547641306,-0.241094886596868,-1.58053131469829,-0.0234197526786224,-0.752260380929043,1.89745925258135e-05,10.3472323737538,14.2129262698297,11.0288106982419,13.5313479453415,0
0.240972952378019,0.361819891430711,-0.0397249109398408,-0.241090890970797,-1.58227288481415,-0.0233231280256332,-0.750615392791249,1.86158652478717e-05,10.3474504469253,14.2131019030745,11.029016146922,13.5315362030778,0
0.240972952378019,0.361829892725457,-0.0397233714596388,-0.241086790434643,-1.58402065177014,-0.0232248087522728,-0.748965884901154,1.82655693000465e-05,10.3476894040792,14.213287354888,11.0292391476176,13.5317376113497,0
0.240972952378019,0.361840654229787,-0.0397218359930299,-0.241082585703751,-1.58577445022437,-0.0231247998875514,-0.7473120178285,1.79235324607811e-05,10.3479494655274,14.2134827460468,11.0294798905974,13.5319523209768,0
0.240972952378019,0.36185218391876,-0.039720304223563,-0.241078277538983,-1.58753411358701,-0.023023107590258,-0.74565395226374,1.75895850988908e-05,10.3482308440304,14.2136881930597,11.0297385595671,13.532180477523,0
0.240972952378019,0.361864489477936,-0.0397187758487049,-0.241073866746731,-1.58929947404349,-0.0229197391502897,-0.743991848993501,1.72635601241043e-05,10.3485337446866,14.2139038081208,11.0300153315775,13.5324222212299,0
0.240972952378019,0.361877578299596,-0.039717250579715,-0.24106935417891,-1.59107036257811,-0.0228147029888075,-0.742325868876771,1.6945292938988e-05,10.3488583648248,14.2141296990632,11.0303103769355,13.5326776869525,0
0.240972952378019,0.361891457479054,-0.0397157281415187,-0.241064740732921,-1.59284660899815,-0.0227080086572053,-0.740656172821807,1.66346213922145e-05,10.3492048938991,14.214365969315,11.0306238591176,13.5329470040965,0
0.240972952378019,0.361906133811096,-0.0397142082725805,-0.241060027351581,-1.59462804195846,-0.0225996668348781,-0.738982921763772,1.63313857331602e-05,10.3495735133874,14.2146127178559,11.030955934686,13.5332302965573,0
0.240972952378019,0.361921613786514,-0.0397126907247765,-0.241055215023035,-1.59641448898645,-0.0224896893257846,-0.737306276643102,1.60354285677916e-05,10.3499643966928,14.2148700391763,11.0313067532071,13.533527682662,0
0.240972952378019,0.361937903588768,-0.0397111752632666,-0.241050304780631,-1.59820577650766,-0.022378089053793,-0.735626398384607,1.57465948158228e-05,10.3503777090478,14.2151380232367,11.0316764571726,13.5338392751119,0
0.240972952378019,0.361955009090757,-0.0397096616663653,-0.241045297702772,-1.60000172987175,-0.022264880056807,-0.733943447877297,1.54647316691203e-05,10.3508136074222,14.2154167554302,11.0320651819237,13.5341651809287,0
0.240972952378019,0.361972935851706,-0.0397081497254124,-0.241040194912743,-1.60180217337897,-0.0221500774796692,-0.732257585954947,1.51896885513166e-05,10.351272240434,14.2157063165447,11.0324730555776,13.5345055014012,0
0.240972952378019,0.36199168911418,-0.0397066392446426,-0.241034997578504,-1.60360693030717,-0.0220336975658416,-0.730568973377384,1.49213170786229e-05,10.3517537482635,14.2160067827289,11.0329001989572,13.5348603320352,0
0.240972952378019,0.362011273801212,-0.0397051300410543,-0.241029706912463,-1.60541582293929,-0.0219157576478636,-0.728877770812503,1.46594710217974e-05,10.3522582625706,14.2163182254578,11.033346725523,13.5352297625053,0
0.240972952378019,0.362031694513559,-0.0397036219442775,-0.241024324171223,-1.60722867259128,-0.0217962761365941,-0.727184138818994,1.44040062692675e-05,10.3527859064161,14.2166407115013,11.0338127413088,13.5356138766087,0
0.240972952378019,0.362052955527074,-0.0397021147964411,-0.241018850655294,-1.60904529964064,-0.0216752725092417,-0.725488237829788,1.41547807913571e-05,10.353336794186,14.2169743028941,11.034298344859,13.5360127522212,0
0.240972952378019,0.36207506079022,-0.0397006084520387,-0.241013287708791,-1.61086552355534,-0.0215527672961939,-0.72379022813621,1.39116546056152e-05,10.3539110315189,14.2173190569071,11.0348036271705,13.5364264612555,0
0.240972952378019,0.362098013921695,-0.0396991027777939,-0.241007636719098,-1.61268916292326,-0.0214287820666539,-0.722090269872812,1.36744897432019e-05,10.3545087152374,14.2176750260205,11.0353286716358,13.5368550696221,0
0.240972952378019,0.362121818208197,-0.0396975976525245,-0.241001899116511,-1.6145160354822,-0.0213033394131016,-0.720388523002916,1.34431502163325e-05,10.3551299332833,14.2180422578991,11.0358735539906,13.5372986371918,0
0.240972952378019,0.362146476602315,-0.0396960929670052,-0.24099607637385,-1.61634595815024,-0.0211764629345915,-0.718685147304801,1.3217501986728e-05,10.3557747646554,14.2184207953689,11.0364383422633,13.5377572177611,0
0.240972952378019,0.362171991720554,-0.0396945886238299,-0.240990170006057,-1.61817874705673,-0.0210481772189059,-0.716980302358576,1.29974129350767e-05,10.3564432793522,14.2188106763959,11.0370230967284,13.5382308590197,0
0.240972952378019,0.362198365841494,-0.0396930845372722,-0.240984181569756,-1.62001421757359,-0.0209185078235867,-0.715274147533677,1.27827528314624e-05,10.3571355383172,14.219211934066,11.0376278698627,13.5387196025205,0
0.240972952378019,0.362225600904082,-0.0396915806331453,-0.240978112662803,-1.62185218434725,-0.0207874812558631,-0.713566841977013,1.25733933067484e-05,10.3578515933883,14.2196245965677,11.0382527063045,13.5392234836515,0
0.240972952378019,0.362253698506061,-0.0396900768486603,-0.240971964923797,-1.62369246133092,-0.0206551249515042,-0.711858544601707,1.23692078248931e-05,10.3585914872511,14.220048687176,11.0388976428159,13.5397425316113,0
0.240972952378019,0.36228265990254,-0.0396885731322833,-0.240965740031581,-1.62553486181739,-0.02052146725262,-0.710149414076448,1.21700716561704e-05,10.3593552533958,14.2204842242383,11.0395627082489,13.5402767693852,0
0.240972952378019,0.362312486004694,-0.0396870694435918,-0.240959439704712,-1.62737919847223,-0.0203865373844423,-0.708439608815407,1.1975861851282e-05,10.3601429160779,14.2209312211619,11.0402479235139,13.540826213726,0
0.240972952378019,0.362343177378613,-0.0396855657531288,-0.240953065700909,-1.62922528336745,-0.0202503654311135,-0.706729286968713,1.17864572163288e-05,10.3609544902826,14.2213896864045,11.0409533015522,13.5413908751349,0
0.240972952378019,0.362374734244285,-0.0396840620422568,-0.240946619816479,-1.63107292801556,-0.0201129823105183,-0.705018606413464,1.16017382886325e-05,10.3617899816933,14.2218596234647,11.041678847311,13.541970757847,0
0.240972952378019,0.362407156474725,-0.0396825583030094,-0.240940103885723,-1.63292194340408,-0.0199744197481919,-0.703307724745249,1.14215873133754e-05,10.3626493866638,14.2223410308767,11.0424245577227,13.5425658598179,0
0.240972952378019,0.362440443595247,-0.0396810545379422,-0.240933519780315,-1.63477214003036,-0.0198347102503406,-0.701596799270154,1.12458882210476e-05,10.3635326921949,14.2228339022047,11.0431904216862,13.5431761727135,0
0.240972952378019,0.362474594782873,-0.0396795507599818,-0.240926869408664,-1.63662332793693,-0.0196938870760144,-0.699885986997236,1.10745266056706e-05,10.3644398759139,14.2233382260411,11.0439764200529,13.5438016819021,0
0.240972952378019,0.362509608865896,-0.0396780469922742,-0.240920154715249,-1.63847531674704,-0.0195519842084694,-0.698175444631431,1.09073897037828e-05,10.365370906059,14.2238539860054,11.0447825256151,13.5444423664493,0
0.240972952378019,0.362545484323582,-0.0396765432680309,-0.240913377679944,-1.64032791570074,-0.0194090363257643,-0.696465328566878,1.07443663741764e-05,10.3663257414674,14.2243811607459,11.0456087030982,13.5450981991151,0
0.240972952378019,0.362582219286019,-0.0396750396303741,-0.240906540317305,-1.64218093369111,-0.0192650787706308,-0.694755794880625,1.05853470783393e-05,10.3673043315673,14.2249197239429,11.0464549091562,13.545769146354,0
0.240972952378019,0.362619811534116,-0.0396735361321801,-0.240899644675854,-1.644034179301,-0.0191201475196626,-0.693046999326685,1.04302238616154e-05,10.3683066163742,14.2254696443139,11.0473210923707,13.5464551683174,0
0.240972952378019,0.362658258499746,-0.0396720328359217,-0.240892692837334,-1.64588746083992,-0.018974279151872,-0.691339097330436,1.02788903350358e-05,10.3693325264905,14.2260308856213,11.0482071932528,13.547156218859,0
0.240972952378019,0.362697557266034,-0.0396705298135085,-0.240885686915943,-1.64774058638132,-0.0188275108166555,-0.689632243983297,1.01312416578219e-05,10.3703819831105,14.2266034066813,11.0491131442497,13.5478722455421,0
0.240972952378019,0.362737704567807,-0.039669027146126,-0.240878629057554,-1.64959336380008,-0.0186798802012198,-0.687926594037696,9.98717452052911e-06,10.3714548980276,14.2271871613758,11.0500388697531,13.5486031896504,0
0.240972952378019,0.362778696791935,-0.0396675249240807,-0.240871521438972,-1.65144560081125,-0.0185314254978487,-0.686222301900997,9.84658712796938e-06,10.3725511736413,14.2277820986619,11.0509842861068,13.5493489861965,0
0.240972952378019,0.362820529976137,-0.0396660232466939,-0.240864366267572,-1.65329710501564,-0.0183821853730593,-0.684519521620667,9.70937917674819e-06,10.3736707029208,14.22838816256,11.0519493015781,13.5501095639027,0
0.240972952378019,0.36286319981439,-0.0396645222219995,-0.240857165779374,-1.65514768392034,-0.018232198927386,-0.682818406903749,9.57545185660553e-06,10.3748133695471,14.2290052922357,11.0529338164816,13.5508848453012,0
0.240972952378019,0.362906701655627,-0.0396630219666481,-0.240849922238755,-1.6569971449863,-0.01808150566445,-0.681119111100192,9.4447078272696e-06,10.3759790478752,14.2296334219861,11.0539377231488,13.5516747467125,0
0.240962750841143,0.362951030512569,-0.0396615228318503,-0.240842637937581,-1.65884529566693,-0.0179301454564262,-0.67942178719869,9.3170512045497e-06,10.3771676029622,14.2302724812609,11.0549609059538,13.5524791782694,0
0.240952362263979,0.362996173645313,-0.0396599967617704,-0.240835089208097,-1.66069193847977,-0.0177781699185444,-0.677726581562713,9.19574518997346e-06,10.3783779894632,14.2309232785054,11.0560028881512,13.5532983798174,0
0.240941788053082,0.363042125377966,-0.0396584438731364,-0.24082727941138,-1.66253688109971,-0.017625619315276,-0.676033646560989,9.08061680302859e-06,10.3796100528112,14.2315857352523,11.0570635379752,13.5541322500883,0
0.240931029692561,0.36308887969626,-0.0396568642946965,-0.24081921193926,-1.66437993131226,-0.0174725341708891,-0.674343134191348,8.97149593568676e-06,10.3808636293749,14.2322597681436,11.0581427158526,13.5549806816659,0
0.240920088743606,0.363136430249378,-0.0396552581671721,-0.240810890215001,-1.66622089705257,-0.0173189552344876,-0.672655196076577,8.86821528775417e-06,10.3821385465089,14.2329452889555,11.0592402744457,13.5558435610188,0
0.240908966843978,0.363184770351934,-0.0396536256432054,-0.240802317693929,-1.66805958644446,-0.0171649234450287,-0.670969983460217,8.77061030445833e-06,10.3834346226077,14.2336422046257,11.0603560586978,13.5567207685355,0
0.240897665707467,0.363233892986099,-0.0396519668873041,-0.240793497863987,-1.66989580783961,-0.0170104798963689,-0.669287647202278,8.67851911622188e-06,10.3847516671636,14.2343504172818,11.061489905883,13.5576121785625,0
0.240886187123316,0.363283790803875,-0.0396502820757789,-0.240784434246228,-1.67172936985665,-0.0168556658023901,-0.66760833777484,8.59178248055343e-06,10.3860894808297,14.2350698242732,11.0626416456586,13.5585176594443,0
0.240874532955606,0.363334456129522,-0.039648571396676,-0.24077513039525,-1.67356008142041,-0.016700522462254,-0.665932205257503,8.51024372601247e-06,10.3874478554853,14.2358003182038,11.0638111001218,13.5594370735673,0
0.240862705142608,0.36338588096213,-0.0396468350497065,-0.240765589899567,-1.67538775180106,-0.0165450912258386,-0.664259399332666,8.43374869818716e-06,10.3888265743065,14.236541786968,11.0649980838692,13.5603702774053,0
0.240850705696107,0.363438056978341,-0.0396450732461685,-0.240755816381914,-1.6772121906533,-0.0163894134594024,-0.662590069280595,8.36214570763446e-06,10.3902254118404,14.2372941137879,11.0662024040598,13.5613171215685,0
0.240838536700678,0.363490975535215,-0.0396432862088649,-0.240745813499502,-1.67903320805544,-0.0162335305115258,-0.660924363974258,8.2952854797349e-06,10.391644134083,14.2380571772532,11.0674238604818,13.5622774508544,0
0.240826200312942,0.363544627673248,-0.0396414741720177,-0.240735584944207,-1.68085061454846,-0.0160774836793773,-0.659262431873881,8.23302110640312e-06,10.3930824985614,14.2388308513627,11.0686622456222,13.563251104302,0
0.240813698760781,0.363599004119534,-0.0396396373811745,-0.240725134442703,-1.68266422117505,-0.0159213141753511,-0.657604421021228,8.17520799961856e-06,10.3945402544201,14.2396150055688,11.0699173447405,13.5642379152483,0
0.24080103434252,0.36365409529107,-0.0396377760931127,-0.240714465756536,-1.68447383951844,-0.0157650630941207,-0.65595047903354,8.12170384670217e-06,10.3960171425102,14.2404095048226,11.0711889359451,13.5652377113877,0
0.240788209426074,0.363709891298209,-0.0396358905757364,-0.240703582682144,-1.68627928174123,-0.015608771380153,-0.654300753097132,8.07236856733057e-06,10.3975128954839,14.2412142096229,11.0724767902734,13.5662503148335,0
0.240775226448069,0.36376638194826,-0.0396339811079699,-0.24069248905082,-1.68808036062403,-0.0154524797957258,-0.652655389960609,8.02706427219147e-06,10.3990272378922,14.2420289760656,11.073780671775,13.5672755421829,0
0.240762087912919,0.363823556749224,-0.039632047979646,-0.240681188728616,-1.68987688960396,-0.0152962288894906,-0.651014535927684,7.98565522328001e-06,10.4005598862858,14.2428536558965,11.0751003375988,13.5683132045835,0
0.240748796391879,0.363881404913678,-0.0396300914913887,-0.240669685616203,-1.69166868281308,-0.0151400589656188,-0.649378336849557,7.9480077957588e-06,10.4021105493211,14.243688096565,11.0764355380825,13.5693631078036,0
0.240735354522066,0.363939915362798,-0.0396281119544918,-0.240657983648666,-1.6934555551165,-0.0149840100535729,-0.647746938116854,7.9139904413579e-06,10.4036789278688,14.2445321412809,11.0777860168459,13.5704250523038,0
0.240721765005439,0.363999076730524,-0.0396261096907914,-0.240646086795257,-1.69523732215046,-0.0148281218785366,-0.64612048465108,7.88347365325086e-06,10.4052647151274,14.2453856290724,11.0791515108875,13.5714988333122,0
0.240708030607755,0.364058877367863,-0.0396240850325356,-0.240633999059084,-1.69701380036009,-0.0146724338325413,-0.644499120895583,7.85632993238338e-06,10.4068675967392,14.2462483948466,11.0805317506843,13.5725842409015,0
0.240694154157494,0.364119305347328,-0.0396220383222474,-0.240621724476766,-1.69878480703707,-0.0145169849463204,-0.642882990805989,7.83243375520614e-06,10.4084872509111,14.2471202694518,11.081926460294,13.5736810600689,0
0.240680138544749,0.36418034846752,-0.0396199699125836,-0.24060926711802,-1.70055016035698,-0.0143618138619259,-0.641272237840109,7.81166154275263e-06,10.4101233485382,14.248001079742,11.0833353574619,13.5747890708183,0
0.240665986720084,0.364241994257838,-0.0396178801661905,-0.240596631085213,-1.70230967941644,-0.0142069588061335,-0.639667004947283,7.79389163105845e-06,10.4117755533318,14.2488906486427,11.0847581537293,13.5759080482452,0
0.240651701693371,0.364304229983325,-0.0396157694555506,-0.24058382051286,-1.70406318427006,-0.0140524575646685,-0.638067434557144,7.77900424284118e-06,10.4134435219501,14.2497887952198,11.0861945545462,13.5770377626237,0
0.240637286532585,0.364367042649653,-0.0396136381628308,-0.240570839567072,-1.7058104959671,-0.0138983474572753,-0.636473668567797,7.76688146043386e-06,10.4151269041332,14.2506953347491,11.0876442593861,13.5781779794963,0
0.240622744362576,0.364430419008228,-0.0396114866797196,-0.240557692444965,-1.70755143658784,-0.013744665313656,-0.634885848333388,7.75740719991131e-06,10.4168253428416,14.2516100787889,11.0891069618648,13.5793284597657,0
0.240608078363815,0.364494345561436,-0.0396093154072655,-0.240544383374014,-1.70928582927971,-0.0135914474503009,-0.633304114651046,7.75046718638888e-06,10.418538474397,14.2525328352536,11.0905823498614,13.5804889597892,0
0.240593291771102,0.364558808568005,-0.0396071247557062,-0.240530916611372,-1.71101349829322,-0.0134387296482296,-0.631728607747193,7.74594893043689e-06,10.4202659286285,14.2534634084897,11.0920701056426,13.5816592314757,0
0.240578387872256,0.364623794048503,-0.0396049151442961,-0.240517296443136,-1.71273426901744,-0.0132865471316631,-0.630159467263209,7.74374170559788e-06,10.42200732902,14.2544015993536,11.0935699059896,13.582839022384,0
0.240563370006769,0.364689287790955,-0.0396026870011297,-0.240503527183577,-1.7144479680154,-0.0131349345476407,-0.62859683224043,7.74373652695001e-06,10.4237622928628,14.2553472052906,11.0950814223287,13.5840280758247,0
0.24054824156444,0.364755275356586,-0.0396004407629579,-0.240489613174327,-1.71615442305899,-0.0129839259465984,-0.627040841104489,7.74582613068557e-06,10.42553043141,14.2563000204166,11.0966043208635,13.5852261309632,0
0.240533005983975,0.364821742085678,-0.0395981768750028,-0.240475558783516,-1.71785346316376,-0.0128335547639191,-0.625491631648966,7.74990495468876e-06,10.4273113500352,14.257259835601,11.0981382627106,13.5864329229257,0
0.240517666751567,0.364888673103553,-0.0395958957907669,-0.240461368404884,-1.71954491862327,-0.012683853802466,-0.623949341018374,7.75586912004828e-06,10.4291046483934,14.2582264385515,11.0996829040382,13.5876481829068,0
0.240502227399447,0.364956053326669,-0.0395935979718392,-0.240447046456838,-1.72122862104323,-0.0125348552161067,-0.62241410569043,7.76361641349575e-06,10.4309099205861,14.2591996139006,11.101237896207,13.5888716382797,0
0.240486691504412,0.36502386746883,-0.039591283887696,-0.240432597381483,-1.72290440337532,-0.0123865904942348,-0.620886061457657,7.77304627072681e-06,10.4327267553282,14.2601791432937,11.1028028859138,13.5901030127081,0
0.240471062686324,0.365092100047508,-0.039588954015498,-0.240418025643607,-1.72457209995067,-0.0122390904472934,-0.61936534340827,7.78405976057019e-06,10.4345547361188,14.261164805479,11.1043775153375,13.5913420262603,0
0.240455344606592,0.36516073539028,-0.0395866088398839,-0.240403335729632,-1.72623154651312,-0.0120923851933021,-0.617852085906366,7.79655956998405e-06,10.4363934414147,14.2621563763989,11.1059614222883,13.5925883955253,0
0.240439540966625,0.365229757641363,-0.0395842488527608,-0.240388532146531,-1.72788258025207,-0.0119465041453886,-0.616346422571417,7.81044998983722e-06,10.4382424448065,14.2631536292832,11.1075542403586,13.5938418337312,0
0.240423655506263,0.365299150768265,-0.0395818745530882,-0.240373619420706,-1.72952503983513,-0.011801476000324,-0.614848486257055,7.82563690144434e-06,10.440101315198,14.2641563347437,11.1091555990768,13.5951020508649,0
0.240407692002187,0.365368898568531,-0.039579486446661,-0.240358602096837,-1.73115876544043,-0.0116573287280573,-0.613358409029159,7.84202776384845e-06,10.4419696169874,14.26516426087,11.1107651240633,13.5963687537941,0
0.240391654266309,0.365438984676596,-0.039577085045888,-0.240343484736696,-1.73278359878862,-0.0115140895622457,-0.611876322143242,7.85953160177689e-06,10.4438469102524,14.2661771733276,11.1123824371888,13.5976416463912,0
0.240375546144138,0.365509392570728,-0.0395746708695668,-0.240328271917922,-1.73439938317463,-0.011371784991772,-0.610402356021144,7.87805899429006e-06,10.445732750937,14.2671948354568,11.114007156735,13.5989204296588,0
0.240359371513126,0.365580105580076,-0.0395722444426545,-0.24031296823278,-1.73600596349906,-0.0112304407532437,-0.608936640227029,7.8975220640623e-06,10.447626691041,14.2682170083732,11.1156388975573,13.6002048018568,0
0.240343134280995,0.365651106891802,-0.039569806296036,-0.240297578286875,-1.73760318629941,-0.0110900818244603,-0.607479303442703,7.91783446728103e-06,10.4495282788121,14.2692434510695,11.1172772712497,13.601494458632,0
0.240326838384047,0.365722379558309,-0.0395673569662884,-0.240282106697841,-1.7391908997809,-0.0109507324188405,-0.606030473442244,7.93891138412971e-06,10.4514370589406,14.2702739205193,11.1189218863118,13.6027890931481,0
0.240310487785452,0.365793906504555,-0.0395648969954432,-0.240266558094011,-1.74076895384713,-0.0108124159807936,-0.604590277065967,7.96066950983746e-06,10.4533525727554,14.2713081717809,11.1205723483179,13.6040883962185,0
0.240294086473521,0.365865670535448,-0.0395624269307434,-0.240250937113042,-1.74233720013041,-0.0106751551820227,-0.603158840193719,7.98302704625862e-06,10.4552743584239,14.2723459581038,11.1222282600877,13.60539205644,0
0.240277638459959,0.365937654343328,-0.0395599473244,-0.24023524840053,-1.74389549202183,-0.0105389719187424,-0.60173628771752,8.00590369396362e-06,10.4572019511523,14.2733870310352,11.1238892218594,13.6066997603281,0
0.240261147778108,0.366009840515525,-0.0395574587333437,-0.240219496608592,-1.74544368470116,-0.0104038873097947,-0.600322743513561,8.02922064481354e-06,10.459134883389,14.274431140529,11.125554831464,13.608011192454,0
0.240244618481167,0.366082211541992,-0.0395549617189743,-0.24020368639442,-1.7469816351664,-0.0102699216956434,-0.59891833041356,8.05290057499403e-06,10.46107268503,14.2754780350545,11.1272246845019,13.6093260355826,0
0.240228054640401,0.366154749823014,-0.0395524568469077,-0.240187822418821,-1.74850920226317,-0.0101370946382299,-0.597523170175507,8.076867638482e-06,10.4630148836256,14.2765274617076,11.1288983745209,13.6106439708122,0
0.240211460343336,0.366227437676982,-0.0395499446867205,-0.240171909344726,-1.75002624671382,-0.0100054249216661,-0.596137383453784,8.10104746092973e-06,10.4649610045895,14.2775791663216,11.1305754931956,13.6119646777155,0
0.24019483969194,0.366300257348235,-0.0395474258116914,-0.240155951835682,-1.75153263114639,-0.00987493055374689,-0.594761089768699,8.12536713392576e-06,10.4669105714094,14.2786328935807,11.1322556305087,13.6132878344815,0
0.240178196800793,0.366373191014973,-0.039544900798539,-0.240139954554321,-1.75302822012333,-0.00974562876825505,-0.593394407475426,8.14975520963715e-06,10.4688631058592,14.279688387133,11.1339383749335,13.6146131180587,0
0.240161535795242,0.366446220797215,-0.0395423702271611,-0.24012392216081,-1.75451288016996,-0.00961753602803885,-0.592037453732384,8.1741416957777e-06,10.4708181282127,14.2807453897051,11.1356233136181,13.6159402042998,0
0.240144860809546,0.36651932876483,-0.0395398346803674,-0.240107859311286,-1.75598647980284,-0.00949066802883563,-0.590690344469053,8.19845805090764e-06,10.4727751574594,14.2818036432179,11.1373100325703,13.617268768107,0
0.240128175985013,0.36659249694561,-0.0395372947436128,-0.240091770656263,-1.75744888955792,-0.00936503970381694,-0.589353194353255,8.22263718003302e-06,10.4747337115206,14.2828628889022,11.1389981168444,13.6185984835784,0
0.240111485468127,0.366665707333395,-0.0395347510047282,-0.240075660839039,-1.75889998201849,-0.00924066522882966,-0.588026116757911,8.24661343047728e-06,10.4766933074679,14.2839228674164,11.1406871507285,13.6199290241558,0
0.240094793408665,0.366738941896256,-0.0395322040536484,-0.240059534494069,-1.76033963184303,-0.00911755802830608,-0.586709223727288,8.27032258801716e-06,10.4786534617423,14.2849833189637,11.1423767179337,13.6212600627723,0
0.240078103957803,0.366812182584702,-0.0395296544821395,-0.240043396245337,-1.76176771579283,-0.00899573078181676,-0.58540262594276,8.29370187325323e-06,10.4806136903741,14.286043983411,11.1440664017831,13.622591272002,0
0.240061421266223,0.366885411339944,-0.0395271028835237,-0.240027250704709,-1.76318411275957,-0.00887519543123827,-0.584106432688094,8.31668993819958e-06,10.4825735092049,14.2871046004078,11.1457557854031,13.6239223242097,0
0.240044749482209,0.366958610102187,-0.0395245498524034,-0.240011102470269,-1.76458870379268,-0.00875596318850753,-0.582820751814277,8.3392268630757e-06,10.4845324341096,14.2881649095058,11.1474444519142,13.6252528917012,0
0.240028092749733,0.367031760818955,-0.0395219959843837,-0.239994956124658,-1.76598137212664,-0.00863804454393647,-0.581545689703909,8.36125415327054e-06,10.4864899812193,14.2892246502794,11.1491319846238,13.6265826468749,0
0.240011455206549,0.367104845453449,-0.0395194418757925,-0.239978816233381,-1.76736200320812,-0.00852144927505725,-0.580281351235185,8.38271473647775e-06,10.4884456671454,14.2902835624462,11.1508179672183,13.6279112623733,0
0.239994840982269,0.367177845992924,-0.0395168881234005,-0.239962687343125,-1.76873048472309,-0.00840618645596834,-0.579027839745456,8.40355295997443e-06,10.4903990092039,14.291341385988,11.1525019839569,13.6292384112351,0
0.239978254196447,0.367250744457097,-0.03951433532414,-0.239946573980053,-1.77008670662375,-0.00829226446715609,-0.577785256994426,8.42371458801484e-06,10.4923495256408,14.292397861273,11.1541836198657,13.6305637670481,0
0.239961698956653,0.367323522906564,-0.0395117840748226,-0.239930480648101,-1.77143056115549,-0.00817969100576051,-0.576553703126981,8.4431467993504e-06,10.4942967358568,14.2934527291766,11.1558624609313,13.6318870041021,0
0.239945179356553,0.367396163451235,-0.0395092349718569,-0.239914411827262,-1.77276194288367,-0.00806847309625672,-0.575333276635671,8.46179818482545e-06,10.4962401606337,14.2945057312047,11.1575380942962,13.6332077975423,0
0.239928699473984,0.367468648258783,-0.0395066886109627,-0.239898371971867,-1.77408074872038,-0.00795861710152553,-0.574124074322866,8.47961874506196e-06,10.4981793223604,14.295556609615,11.1592101084528,13.6345258235226,0
0.23991226336903,0.367540959563091,-0.0395041455868883,-0.23988236550886,-1.77538687795124,-0.00785012873428124,-0.572926191262612,8.49655988820166e-06,10.5001137452586,14.2966051075401,11.1608780934391,13.6358407593597,0
0.239895875082102,0.367613079672714,-0.0395016064931258,-0.239866396836071,-1.77668023226196,-0.00774301306883113,-0.571739720762197,8.51257442768452e-06,10.5020429556094,14.2976509691101,11.1625416410334,13.6371522836861,0
0.239879538632016,0.367684990979327,-0.0394990719216242,-0.239850470320486,-1.77796071576508,-0.00763727455313783,-0.570564754323446,8.52761658006893e-06,10.5039664819792,14.2986939395749,11.1642003449491,13.638460076605,0
0.239863258014078,0.367756675966178,-0.0394965424625055,-0.239834590296516,-1.77922823502654,-0.00753291702115599,-0.569401381603776,8.54164196285763e-06,10.5058838554455,14.2997337654271,11.1658538010299,13.6397638198427,0
0.239847037198173,0.367828117216527,-0.0394940187037796,-0.239818761064263,-1.78048269909229,-0.00742994370541482,-0.568249690377011,8.55460759232746e-06,10.5077946098231,14.3007701945247,11.1675016074444,13.6410631969034,0
0.239830880126855,0.367899297422075,-0.0394915012310576,-0.23980298688779,-1.78172401951489,-0.00732835724982331,-0.567109766493998,8.56647188134608e-06,10.5096982818885,14.3018029762133,11.16914336488,13.6423578932218,0
0.239814790713445,0.367970199391374,-0.0394889906272673,-0.23978727199339,-1.78295211038011,-0.00722815972266537,-0.565981693843024,8.57719463715896e-06,10.5115944116055,14.3028318614485,11.1707786767376,13.6436475963165,0
0.239798772840141,0.368040806058219,-0.039486487472369,-0.239771620567857,-1.78416688833349,-0.00712935262976397,-0.564865554310067,8.58673705913853e-06,10.5134825423489,14.3038566029178,11.1724071493242,13.6449319959425,0
0.239782830356124,0.368111100490011,-0.0394839923430694,-0.239756036756765,-1.78536827260704,-0.00703193692778521,-0.563761427738884,8.59506173647512e-06,10.5153622211279,14.3048769551627,11.1740283920465,13.6462107842441,0
0.239766967075683,0.368181065896099,-0.0394815058125395,-0.239740524662745,-1.78655618504578,-0.00693591303765682,-0.562669391890974,8.60213264581141e-06,10.5172329988091,14.3058926746998,11.1756420176027,13.6474836559062,0
0.239751186776342,0.368250685636081,-0.0394790284501311,-0.239725088343771,-1.78773055013449,-0.00684128085807936,-0.561589522405421,8.60791514877917e-06,10.519094430338,14.3069035201416,11.1772476421739,13.6487503083058,0
0.239735493197006,0.368319943228074,-0.039476560821093,-0.239709731811457,-1.78889129502435,-0.00674803977910084,-0.560521892758633,8.61237598947165e-06,10.5209460749599,14.3079092523176,11.1788448856149,13.6500104416626,0
0.239719890036104,0.368388822356941,-0.039474103486292,-0.23969445902935,-1.79003834955971,-0.0066561886957361,-0.559466574224007,8.61548329179657e-06,10.5227874964393,14.3089096343936,11.1804333716439,13.651263759189,0
0.239704380949763,0.368457306882473,-0.0394716570019316,-0.239679273911242,-1.79117164630486,-0.00656572602160462,-0.558423635831532,8.61720655671863e-06,10.5246182632783,14.3099044319916,11.1820127280306,13.6525099672393,0
0.239688969549972,0.368525380847528,-0.0394692219192722,-0.239664180319487,-1.79229112057089,-0.0064766497025642,-0.557393144327333,8.61751665938569e-06,10.5264379489338,14.3108934133083,11.1835825867843,13.6537487754578,0
0.239673659402781,0.368593028486107,-0.0394667987843545,-0.239649182063331,-1.79339671044255,-0.00638895723032174,-0.556375164133206,8.61638584611215e-06,10.5282461320329,14.3118763492329,11.1851425843395,13.6549798969264,0
0.239658454026502,0.368660234231384,-0.0394643881377242,-0.239634282897245,-1.79448835680523,-0.00630264565599627,-0.555369757306123,8.61378773122347e-06,10.5300423965871,14.3128530134649,11.1866923617414,13.6562030483107,0
0.23964335688993,0.368726982723668,-0.0394619905141553,-0.239619486519286,-1.79556600337194,-0.00621771160361584,-0.554376983497754,8.60969729375418e-06,10.5318263322044,14.3138231826301,11.188231564829,13.6574179500056,0
0.239628371410574,0.368793258818307,-0.0394596064423796,-0.239604796569453,-1.79662959671044,-0.00613415128352857,-0.553396899914,8.60409087396497e-06,10.5335975343002,14.3147866363961,11.1897598444173,13.658624326279,0
0.239613500952916,0.368859047593516,-0.0394572364448141,-0.239590216628074,-1.79767908627034,-0.00605196050570746,-0.552429561274569,8.5969461697032e-06,10.535355604306,14.3157431575872,11.1912768564779,13.6598219054153,0
0.23959874882668,0.36892433435814,-0.0394548810372938,-0.239575750214194,-1.79871442441036,-0.00597113469293207,-0.551475019772604,8.58824223258331e-06,10.537100149876,14.3166925322978,11.1927822623173,13.6610104198565,0
0.239584118285119,0.368989104659335,-0.0394525407288034,-0.23956140078399,-1.79973556642561,-0.00589166889382882,-0.550533325034369,8.57795946396338e-06,10.5388307850918,14.317634550005,11.1942757287542,13.6621896063427,0
0.239569612523327,0.369053344290174,-0.0394502160212138,-0.239547171729194,-1.8,-0.00581355779575215,-0.549604524079029,8.56607961074487e-06,10.5405471306655,14.3185690036799,11.1957569282946,13.6633592060508,0
0.239555275099483,0.369116865639973,-0.0394479125687964,-0.239533107689179,-1.8,-0.00574264717092778,-0.54868568964569,8.5519523189564e-06,10.5422441472649,14.3194932021436,11.1972215277075,13.664515821701,0
0.239541120323292,0.369179606603274,-0.0394456323194445,-0.23951922338526,-1.8,-0.00568083923005871,-0.547775888571496,8.53540100184955e-06,10.5439201691628,14.3204062510905,11.1986680932334,13.6656583270199,0
0.23952714757989,0.369241569156726,-0.0394433753229939,-0.239505518276119,-1.8,-0.0056279338940848,-0.546875251205338,8.51648670490272e-06,10.5455752529567,14.3213081739848,11.2000966715027,13.6667867554388,0
0.239513356306717,0.369302755066704,-0.0394411416329842,-0.239491991871697,-1.8,-0.00558373459071541,-0.545983903435822,8.49526842948261e-06,10.5472094495182,14.3221989913836,11.2015073042675,13.6679011366343,0
0.23949974599017,0.369363165903221,-0.0394389313063246,-0.239478643729813,-1.8,-0.00554804816781998,-0.545101966697802,8.47180322493341e-06,10.548822804369,14.3230787211331,11.2029000287238,13.6690014967783,0
0.239486316162302,0.369422803053688,-0.0394367444029591,-0.239465473452826,-1.8,-0.00552068481128604,-0.544229557976864,8.44614627759919e-06,10.5504153580532,14.3239473785627,11.2042748778299,13.670087858786,0
0.239473066397554,0.369481667736549,-0.0394345809855344,-0.239452480684342,-1.8,-0.0055014579670311,-0.543366789811905,8.41835099688729e-06,10.5519871465055,14.3248049766773,11.205631880622,13.6711602425608,0
0.239459996309528,0.36953976101477,-0.0394324411190662,-0.239439665105949,-1.8,-0.0054901842668755,-0.542513770295978,8.38846909849209e-06,10.5535382014157,14.3256515263479,11.2069710625264,13.6722186652372,0
0.239447105547793,0.369597083809192,-0.0394303248706085,-0.239427026433998,-1.8,-0.00548668345799686,-0.541670603075502,8.35655068488708e-06,10.5550685505898,14.3264870364998,11.2082924456681,13.6732631414215,0
0.239434393794735,0.369653636911746,-0.0394282323089221,-0.239414564416424,-1.8,-0.00549077833570558,-0.540837387347994,8.32264432317939e-06,10.5565782183063,14.3273115143001,11.2095960491772,13.6742936834293,0
0.239421860762433,0.369709420998527,-0.039426163504145,-0.239402278829599,-1.8,-0.00550229467929374,-0.540014217858433,8.28679712044322e-06,10.5580672256699,14.3281249653422,11.2108818894908,13.6753103015214,0
0.239409506189585,0.369764436642734,-0.0394241185274656,-0.23939016947523,-1.8,-0.00552106119072627,-0.53920118489436,8.24905479660503e-06,10.5595355909599,14.3289273938293,11.2121499806526,13.6763130041367,0
0.239397329838464,0.369818684327465,-0.0394220974507936,-0.23937823617729,-1.8,-0.00554690943595481,-0.538398374279834,8.20946175499003e-06,10.5609833299764,14.3297188027552,11.2134003346088,13.6773017981229,0
0.239385331491909,0.369872164458377,-0.0394201003464348,-0.239366478778993,-1.8,-0.0055796737886501,-0.537605867368332,8.16806115060771e-06,10.5624104563813,14.3304991940846,11.2146329615011,13.6782766889649,0
0.239373510950355,0.3699248773762,-0.0394181272867666,-0.239354897139799,-1.8,-0.00561919137616003,-0.536823741034702,8.12489495624746e-06,10.5638169820359,14.3312685689298,11.2158478699558,13.6792376810099,0
0.239361868028905,0.36997682336912,-0.0394161783439163,-0.239343491132464,-1.8,-0.00566530202751185,-0.536052067666224,8.08000402649614e-06,10.565202917335,14.3320269277268,11.2170450673703,13.6801847776915,0
0.239350402554427,0.37002800268501,-0.0394142535894386,-0.239332260640123,-1.8,-0.0057178482232907,-0.535290915152905,8.03342815971523e-06,10.5665682715366,14.3327742704091,11.2182245601962,13.6811179817496,0
0.239339114362701,0.370078415543529,-0.0394123530939966,-0.239321205553417,-1.8,-0.0057766750472348,-0.534540346877048,7.9852061580762e-06,10.567913053088,14.3335105965796,11.2193863542185,13.6820372954491,0
0.239328003295591,0.370128062148067,-0.0394104769270448,-0.239310325767648,-1.8,-0.00584163013940016,-0.533800421702175,7.93537588571296e-06,10.5692372699477,14.3342359056801,11.2205304548325,13.6829427207954,0
0.239317069198266,0.37017694269756,-0.0394086251565119,-0.239299621179981,-1.8,-0.00591256365075625,-0.533071193961388,7.88397432505456e-06,10.5705409299038,14.3349501971598,11.2216568673161,13.6838342597476,0
0.239306311916441,0.370225057398152,-0.0394067978484886,-0.239289091686681,-1.8,-0.00598932819908416,-0.532352713445207,7.83103763141459e-06,10.5718240408881,14.3356534706413,11.2227655971003,13.6847119144291,0
0.239295731293676,0.370272406474715,-0.0394049950669151,-0.239278737180382,-1.8,-0.00607177882605791,-0.531645025388946,7.776601185882e-06,10.5730866112863,14.3363457260843,11.2238566500347,13.6855756873359,0
0.23928532716869,0.370318990182221,-0.039403216873273,-0.239268557547404,-1.8,-0.00615977295539751,-0.530948170459701,7.72069964658355e-06,10.5743286502444,14.3370269639479,11.224930032651,13.6864255815413,0
0.239275099372733,0.370364808816976,-0.0394014633262769,-0.2392585526651,-1.8,-0.00625317035199023,-0.530262184742963,7.66336699836625e-06,10.5755501679712,14.3376971853507,11.2259857524222,13.6872616008997,0
0.239265047726976,0.370409862727694,-0.0393997344815698,-0.239248722399242,-1.8,-0.00635183308188713,-0.52958709972894,7.60463660096137e-06,10.5767511760359,14.3383563922289,11.2270238180189,13.6880837502459,0
0.239265047726976,0.37045415231802,-0.0393980301727267,-0.239239066601449,-1.8,-0.00645562547308419,-0.528922942298595,7.54454123566811e-06,10.5779316876631,14.339004587492,11.2280442395617,13.6888920355934,0
0.239265047726976,0.370497685119486,-0.0393963783156294,-0.239229800724225,-1.8,-0.00656441010462304,-0.528269738014897,7.48357865249907e-06,10.5790926012369,14.3396409003773,11.2290473727113,13.689686128903,0
0.239265047726976,0.370540461447484,-0.0393947780205527,-0.23922091575867,-1.8,-0.00667805574640729,-0.527627504427331,7.42192188752376e-06,10.5802339035689,14.3402653658527,11.2300332191876,13.690466050234,0
0.239265047726976,0.370582481717691,-0.0393932284070765,-0.239212402896568,-1.8,-0.00679643331158176,-0.526996254436043,7.3597222580581e-06,10.5813555844704,14.3408780198956,11.2310017831018,13.6912318212643,0
0.239265047726976,0.370623746456307,-0.0393917286037813,-0.239204253522214,-1.8,-0.00691941582056796,-0.526375996276778,7.29711097115817e-06,10.5824576370274,14.3414788996402,11.2319530711926,13.6919834654751,0
0.239265047726976,0.370664256310155,-0.0393902777479471,-0.239196459204517,-1.8,-0.00704687836548424,-0.525766733505731,7.23420064943932e-06,10.5835400578715,14.3420680435224,11.2328870930598,13.6927210083341,0
0.239265047726976,0.370704012056617,-0.0393888749852547,-0.239189011689373,-1.8,-0.00717869807490705,-0.525168464984346,7.17108677803991e-06,10.5846028474467,14.3426454914222,11.2338038613942,13.6934444774748,0
0.239265047726976,0.370743014613431,-0.0393875194694912,-0.239181902892288,-1.8,-0.00731475407892851,-0.524581184864071,7.10784907637312e-06,10.5856460102725,14.3432112848049,11.2347033922034,13.694153902874,0
0.239265047726976,0.370781265048327,-0.0393862103622587,-0.239175124891247,-1.8,-0.00745492747447497,-0.524004882571096,7.04455279811953e-06,10.5866695552024,14.3437654668593,11.2355857050354,13.6948493170263,0
0.239265047726976,0.370818764588518,-0.0393849468326869,-0.239168669919836,-1.8,-0.00759910129085347,-0.523439542791082,6.98124996275e-06,10.5876734956787,14.344308082634,11.236450823197,13.6955307551157,0
0.239265047726976,0.370855514630034,-0.03938372805715,-0.239162530360588,-1.8,-0.00774716045549944,-0.522885145453901,6.91798052167922e-06,10.5886578499828,14.3448391791718,11.2372987739703,13.6961982551844,0
0.239265047726976,0.370891516746898,-0.0393825532189883,-0.239156698738559,-1.8,-0.00789899175989871,-0.522341665718383,6.85477346204048e-06,10.5896226414818,14.3453588056413,11.238129588824,13.6968518582992,0
0.239265047726976,0.370926772700152,-0.0393814215082339,-0.239151167715127,-1.8,-0.00805448382566831,-0.521809073957105,6.79164785086328e-06,10.5905678988704,14.3458670134669,11.2389433036226,13.6974916087147,0
0.239265047726976,0.370961284446724,-0.0393803321213412,-0.239145930082,-1.8,-0.00821352707077561,-0.521287335741194,6.72861382236096e-06,10.591493656409,14.346363856456,11.2397399588311,13.6981175540338,0
0.239265047726976,0.370995054148139,-0.0393792842609231,-0.239140978755438,-1.8,-0.00837601367588495,-0.520776411825184,6.66567351085024e-06,10.5923999541575,14.3468493909241,11.2405195997161,13.6987297453656,0
0.239265047726976,0.371028084179067,-0.0393782771354911,-0.239136306770672,-1.8,-0.0085418375508231,-0.520276258131908,6.60282193172981e-06,10.5932868382047,14.3473236758182,11.2412822765434,13.6993282374796,0
0.239265047726976,0.371060377135722,-0.0393773099592016,-0.239131907276521,-1.8,-0.00871089430115515,-0.519786825737432,6.54004781281394e-06,10.5941543608939,14.3477867728368,11.2420280447724,13.6999130889583,0
0.239265047726976,0.371091935844092,-0.0393763819516071,-0.239127773530198,-1.8,-0.00888308119486924,-0.519308060856044,6.47733437820624e-06,10.5950025810433,14.3482387465483,11.2427569652456,13.700484362346,0
0.239265047726976,0.371122763368013,-0.0393754923374128,-0.239123898892305,-1.8,-0.00905829712916926,-0.518839904825276,6.41466008679842e-06,10.5958315641634,14.3486796645072,11.243469104376,13.7010421242946,0
0.239265047726976,0.371152863017084,-0.0393746403462391,-0.239120276821999,-1.8,-0.00923644259737677,-0.518382294090981,6.35199932736649e-06,10.5966413826692,14.3491095973676,11.2441645343294,13.7015864457074,0
0.239265047726976,0.371182238354418,-0.0393738252123888,-0.239116900872346,-1.8,-0.00941741965594812,-0.517935160192435,6.2893230721522e-06,10.5974321160881,14.3495286189944,11.2448433332036,13.7021174018789,0
0.239265047726976,0.371210893204236,-0.0393730461746213,-0.239113764685828,-1.8,-0.00960113189161263,-0.517498429747493,6.22659949072156e-06,10.5982038512642,14.3499368065723,11.2455055852041,13.7026350726324,0
0.239265047726976,0.37123883165929,-0.0393723024759311,-0.239110861990033,-1.8,-0.00978748438864196,-0.517072024437759,6.16379452581224e-06,10.5989566825574,14.3503342407124,11.2461513808154,13.7031395424544,0
0.239265047726976,0.371266058088135,-0.039371593363333,-0.239108186593486,-1.8,-0.00997638369626153,-0.516655860993792,6.10087243278969e-06,10.5996907120388,14.3507210055564,11.2467808169694,13.7036309006258,0
0.239265047726976,0.371292577142231,-0.0393709180876528,-0.239105732381657,-1.8,-0.0101677377962181,-0.516249851180326,6.03779628426839e-06,10.6004060496815,14.3510971888784,11.2473939972091,13.7041092413509,0
0.239265047726976,0.371318393762884,-0.0393702759033234,-0.239103493313098,-1.8,-0.0103614560705154,-0.51585390178149,5.97452844138327e-06,10.6011028135471,14.3514628821845,11.2479910318492,13.7045746638825,0
0.239265047726976,0.371343513188028,-0.0393696660681875,-0.239101463415747,-1.8,-0.010557449269341,-0.515467914586043,5.91103099311439e-06,10.6017811299678,14.35181818081,11.2485720381329,13.705027272645,0
0.239265047726976,0.371367940958842,-0.039369087843305,-0.239099636783363,-1.8,-0.0107556294791967,-0.515091786372592,5.84726616501218e-06,10.6024411337244,14.3521631840137,11.2491371403848,13.7054671773533,0
0.239265047726976,0.371391682926201,-0.039368540492767,-0.239098007572103,-1.8,-0.0109559100912559,-0.514725408894788,5.78319669862405e-06,10.6030829682194,14.352497995071,11.2496864701599,13.7058944931305,0
0.239265047726976,0.37141474525697,-0.0393680232835155,-0.239096569997237,-1.8,-0.011158205769968,-0.51436866886649,5.71878620284124e-06,10.6037067856467,14.3528227213633,11.2502201663894,13.7063093406206,0
0.239265047726976,0.371437134440137,-0.0393675354851682,-0.239095318329989,-1.8,-0.0113624324219343,-0.514021447946891,5.65399947834793e-06,10.6043127471561,14.353137474466,11.2507383755221,13.7067118461001,0
0.239265047726976,0.371458857292778,-0.0393670763698494,-0.239094246894513,-1.8,-0.0115685071650773,-0.513683622725582,5.5888028163026e-06,10.6049010230138,14.353442370234,11.2512412516622,13.7071021415856,0
0.239265047726976,0.371479920965868,-0.0393666452120269,-0.239093350064984,-1.8,-0.0117763482981308,-0.513355064707551,5.52316427233139e-06,10.6054717927587,14.3537375288842,11.2517289567042,13.7074803649387,0
0.239265047726976,0.371500332949929,-0.0393662412883536,-0.23909262226282,-1.8,-0.0119858752704745,-0.513035640298094,5.45705391687182e-06,10.6060252453543,14.3540230750766,11.2522016604629,13.7078466599681,0
0.239265047726976,0.371520101080515,-0.039365863877515,-0.23909205795401,-1.8,-0.012197008652344,-0.512725210787631,5.39044406286122e-06,10.6065615793365,14.3542991379926,11.2526595408005,13.7082011765286,0
0.239265047726976,0.371539233543545,-0.0393655122600828,-0.239091651646567,-1.8,-0.0124096701054408,-0.512423632336415,5.32330947172814e-06,10.6070810029569,14.3545658514108,11.25310278375,13.7085440706177,0
0.239265047726976,0.371557738880476,-0.0393651857183725,-0.239091397888079,-1.8,-0.0126237823539728,-0.5121307559591,5.25562753861134e-06,10.607583734322,14.3548233537811,11.2535315836344,13.7088755044687,0
0.239265047726976,0.371575625993315,-0.0393648835363077,-0.239091291263382,-1.8,-0.0128392691561568,-0.511846427509178,5.18737845768576e-06,10.6080700015283,14.3550717882959,11.2539461431829,13.7091956466413,0
0.239265047726976,0.371592904149483,-0.0393646049992886,-0.239091326392321,-1.8,-0.0130560552762093,-0.511570487663251,5.11854536846305e-06,10.608540042793,14.3553113029596,11.2543466736432,13.7095046721095,0
0.239265047726976,0.371609582986516,-0.0393643493940658,-0.239091497927626,-1.8,-0.0132740664568629,-0.511302771905131,5.04911448388423e-06,10.6089941065812,14.3555420506556,11.2547333948906,13.7098027623463,0
0.239265047726976,0.371625672516626,-0.0393641160086197,-0.239091800552877,-1.8,-0.0134932293924322,-0.511043110509733,4.97907520101204e-06,10.609432451728,14.3557641892108,11.2551065355329,13.710090105406,0
0.239265047726976,0.371641183131099,-0.0393639041320442,-0.239092228980567,-1.8,-0.0137134717024696,-0.510791328526782,4.90842019509551e-06,10.6098553475574,14.3559778814587,11.2554663330125,13.7103668960037,0
0.239265047726976,0.371656125604548,-0.0393637130544351,-0.239092777950257,-1.8,-0.0139347219060372,-0.510547245764273,4.83714549775661e-06,10.6102630739969,14.3561832952996,11.2558130337047,13.7106333355919,0
0.239265047726976,0.371670511099026,-0.0393635420667837,-0.239093442226821,-1.8,-0.0141569093966311,-0.51031067677169,4.76525056003459e-06,10.6106559216883,14.3563806037591,11.2561468930127,13.7108896324347,0
0.239265047726976,0.37168435116798,-0.0393633904608749,-0.239094216598771,-1.8,-0.0143799644177903,-0.510081430822961,4.69273830100151e-06,10.6110341920943,14.3565699850442,11.2564681754593,13.7111360016793,0
0.239265047726976,0.371697657760078,-0.0393632575291889,-0.239095095876676,-1.8,-0.0146038180394241,-0.509859311899139,4.61961514263165e-06,10.6113981976016,14.3567516225979,11.2567771547751,13.7113726654244,0
0.239265047726976,0.371710443222881,-0.0393631425648085,-0.239096074891653,-1.8,-0.0148284021348917,-0.509644118670774,4.54589103161609e-06,10.6117482616199,14.3569257051509,11.2570741139837,13.7115998527872,0
0.239265047726976,0.371722720306386,-0.0393630448613295,-0.239097148493938,-1.8,-0.0150536493588678,-0.509435644479968,4.471579448772e-06,10.6120847186778,14.3570924267723,11.2573593454835,13.7118177999666,0
0.239265047726976,0.371734502166433,-0.0393629637127757,-0.239098311551533,-1.8,-0.0152794931260265,-0.509233677322092,4.39669740671364e-06,10.6124079145143,14.3572519869176,11.2576331511268,13.7120267503051,0
0.239265047726976,0.371745802367978,-0.039362898413518,-0.239099558948923,-1.8,-0.0155058675905812,-0.509037999827153,4.32126543639819e-06,10.6127182061673,14.3574045904752,11.2578958422951,13.7122269543474,0
0.239265047726976,0.371756634888236,-0.0393628482581964,-0.239100885585868,-1.8,-0.0157327076267088,-0.508848389240773,4.24530756319191e-06,10.6130159620582,14.3575504478109,11.2581477399722,13.712418669897,0
0.239265047726976,0.371767014119697,-0.0393628125416463,-0.239102286376255,-1.8,-0.0159599488098977,-0.508664617404788,4.16885127306901e-06,10.6133015620739,14.3576897748106,11.2583891748136,13.7126021620709,0
0.239265047726976,0.371776954873027,-0.0393627905588285,-0.239103756247019,-1.8,-0.0161875273992468,-0.508486450737423,4.09192746954592e-06,10.6135753976444,14.3578227929214,11.2586204872142,13.7127777033515,0
0.239265047726976,0.371786472379842,-0.0393627816047614,-0.239105290137121,-1.8,-0.0164153803207539,-0.508313650213035,4.01457042195935e-06,10.6138378718179,14.3579497291908,11.2588420273719,13.7129455736369,0
0.239265047726976,0.371795582295367,-0.0393627849744578,-0.239106882996596,-1.8,-0.0166434451516231,-0.508145971341416,3.93681770567462e-06,10.6140893993328,14.3580708163045,11.2590541553493,13.7131060602881,0
0.239265047726976,0.371804300700991,-0.0393627999628635,-0.239108529785639,-1.8,-0.0168716601056239,-0.50798316414661,3.8587101348225e-06,10.6143304066868,14.3581862926221,11.259257241133,13.7132594581759,0
0.239265047726976,0.371812644106707,-0.0393628258647991,-0.239110225473765,-1.8,-0.0170999640195335,-0.50782497314525,3.7802916881452e-06,10.6145613322021,14.358296402212,11.2594516646901,13.7134060697241,0
0.239265047726976,0.371820629453454,-0.0393628619749048,-0.239111965039006,-1.8,-0.0173282963406944,-0.507671137324386,3.70160942852946e-06,10.6147826260896,14.3584013948845,11.259637816022,13.7135462049521,0
0.239265047726976,0.371828274115362,-0.0393629075875874,-0.23911374346716,-1.8,-0.0175565971157166,-0.507521390118787,3.62271341681437e-06,10.6149947505087,14.358501526223,11.2598160952168,13.7136801815149,0
0.239265047726976,0.371835595901897,-0.0393629619969693,-0.239115555751092,-1.8,-0.0177848069803535,-0.507375459387696,3.54365662043946e-06,10.6151981796259,14.3585970576151,11.2599869124986,13.7138083247424,0
0.239265047726976,0.371842613059929,-0.03936302449684,-0.23911739689007,-1.8,-0.0180128671505814,-0.507233067391025,3.46449481751607e-06,10.6153933996701,14.358688256281,11.2601506882756,13.7139309676756,0
0.239265047726976,0.371849344275706,-0.03936309438061,-0.239119261889147,-1.8,-0.0182407194149099,-0.507093930764969,3.38528649689517e-06,10.6155809089865,14.3587753953022,11.2603078531856,13.7140484511032,0
0.239265047726976,0.371855808676758,-0.0393631709412651,-0.23912114575858,-1.8,-0.0184683061279488,-0.506957760497028,3.30609275480135e-06,10.6157612180875,14.3588587536477,11.2604588481402,13.714161123595,0
0.239265047726976,0.371862025833728,-0.039363253471324,-0.239123043513286,-1.8,-0.0186955702052573,-0.506824261900401,3.22697718861418e-06,10.6159348497025,14.3589386162002,11.2606041243673,13.7142693415355,0
0.239265047726976,0.371868015762135,-0.0393633412627958,-0.239124950172327,-1.8,-0.0189224551195015,-0.506693134587766,3.14800578837228e-06,10.6161023388255,14.3590152737809,11.2607441434513,13.7143734691552,0
0.239265047726976,0.371873798868435,-0.0393634336088126,-0.239126860771607,-1.8,-0.0191489047602638,-0.506564071575037,3.06924664607649e-06,10.6162642312664,14.3590890223755,11.2608793760881,13.7144738775538,0
0.239265047726976,0.371879395836481,-0.0393635298070234,-0.2391287703904,-1.8,-0.0193748631583363,-0.506436757451185,2.99076947389502e-06,10.6164210806012,14.3591601615057,11.2610102994624,13.7145709426445,0
0.239265047726976,0.371884828033678,-0.0393636291473021,-0.239130674054215,-1.8,-0.0196002754959744,-0.506310874673321,2.91264681425191e-06,10.6165734590788,14.359229000059,11.2611374066275,13.7146650525103,0
0.239265047726976,0.371890117278679,-0.0393637309188666,-0.239132566791044,-1.8,-0.0198250875090873,-0.506186099884148,2.83495315599218e-06,10.6167219513847,14.3592958529515,11.2612612011413,13.7147566031949,0
0.239265047726976,0.371895285842926,-0.0393638344102414,-0.239134443630978,-1.8,-0.0200492454902752,-0.506062103882353,2.75776482319451e-06,10.6168671546827,14.3593610411498,11.2613821971017,13.7148459987309,0
0.239265047726976,0.37190035294601,-0.039363939014661,-0.239136300435955,-1.8,-0.0202727053724274,-0.505938607815584,2.68114858461071e-06,10.6170095844875,14.3594248413863,11.2615008382029,13.7149335876709,1
0.239265047726976,0.37190532409741,-0.0393640445486538,-0.239138136404779,-1.8,-0.0204954602931139,-0.505815553509605,2.60512713260568e-06,10.6171493883564,14.3594873333039,11.2616172515592,13.7150194701011,1
0.239265047726976,0.371910201311792,-0.0393641509371189,-0.239139951580288,-1.8,-0.0207175127268932,-0.505692938419983,2.52971145655912e-06,10.6172866200629,14.35954854629,11.2617314835891,13.7151036827638,1
0.239265047726976,0.371914986561632,-0.0393642581075293,-0.239141746013118,-1.8,-0.0209388650899055,-0.505570760055575,2.45491185479774e-06,10.6174213322789,14.3596085090821,11.2618435797456,13.7151862616155,1
0.239265047726976,0.371919681778096,-0.03936436598986,-0.239143519761353,-1.8,-0.021159519742404,-0.505449015976819,2.38073795578447e-06,10.6175535765975,14.3596672497817,11.2619535845359,13.7152672418434,1
0.239265047726976,0.371924288851896,-0.0393644745165177,-0.239145272890176,-1.8,-0.0213794789911964,-0.50532770379407,2.30719873885082e-06,10.6176834035546,14.3597247958686,11.2620615415411,13.7153466578821,1
0.239265047726976,0.371928809634127,-0.0393645836222727,-0.239147005471539,-1.8,-0.0215987450919986,-0.505206821165993,2.23430255447219e-06,10.6178108626504,14.3597811742138,11.2621674934353,13.715424543429,1
0.239265047726976,0.371933245937095,-0.0393646932441922,-0.239148717583842,-1.8,-0.0218173202517034,-0.505086365798009,2.16205714408985e-06,10.6179360023708,14.3598364110932,11.2622714820039,13.7155009314601,1
0.239265047726976,0.371937599535115,-0.0393648033215751,-0.239150409311615,-1.8,-0.0220352066305685,-0.50496633544078,2.0904696594936e-06,10.6180588702076,14.3598905322005,11.2623735481626,13.7155758542456,1
0.239265047726976,0.371941872165308,-0.0393649137958894,-0.239152080745226,-1.8,-0.0222524063443238,-0.504846727888748,2.01954668176889e-06,10.6181795126792,14.3599435626597,11.2624737319749,13.715649343364,1
0.239265047726976,0.371946065528366,-0.03936502461071,-0.239153731980586,-1.8,-0.0224689214662035,-0.504727540978722,1.9492942398024e-06,10.61829797535,14.3599955270375,11.2625720726698,13.7157214297178,1
0.239265047726976,0.371950181289313,-0.0393651357116588,-0.239155363118867,-1.8,-0.0226847540289028,-0.504608772588497,1.87971782837545e-06,10.6184143028499,14.3600464493557,11.2626686086589,13.7157921435467,1
0.239265047726976,0.371954221078244,-0.0393652470463465,-0.239156974266232,-1.8,-0.0228999060264645,-0.504490420635529,1.81082242583253e-06,10.6185285388936,14.3600963531028,11.2627633775538,13.7158615144427,1
0.239265047726976,0.371958186491053,-0.0393653585643153,-0.239158565533576,-1.8,-0.0231143794160944,-0.504372483075647,1.74261251133217e-06,10.6186407262988,14.3601452612458,11.2628564161818,13.7159295713628,1
0.239265047726976,0.37196207909014,-0.0393654702169835,-0.239160137036269,-1.8,-0.0233281761199109,-0.504254957901799,1.67509208170178e-06,10.6187509070047,14.3601931962414,11.2629477606028,13.7159963426434,1
0.239265047726976,0.37196590040511,-0.0393655819575917,-0.23916168889391,-1.8,-0.0235412980266294,-0.50413784314285,1.60826466788719e-06,10.6188591220901,14.3602401800473,11.2630374461249,13.7160618560125,1
0.239265047726976,0.371969651933452,-0.0393656937411494,-0.239163221230099,-1.8,-0.0237537469931839,-0.504021136862403,1.5421333510054e-06,10.6189654117903,14.3602862341329,11.2631255073198,13.7161261386034,1
0.239265047726976,0.371973335141212,-0.0393658055243847,-0.239164734172201,-1.8,-0.0239655248462873,-0.503904837157672,1.47670077801767e-06,10.619069815515,14.3603313794901,11.2632119780382,13.7161892169669,1
0.239265047726976,0.371976951463639,-0.0393659172656936,-0.239166227851132,-1.8,-0.024176633383934,-0.503788942158376,1.41196917701722e-06,10.6191723718645,14.3603756366438,11.2632968914247,13.7162511170836,1
0.239265047726976,0.37198050230583,-0.0393660289250914,-0.239167702401143,-1.8,-0.0243870743768451,-0.503673450025679,1.34794037214016e-06,10.6192731186467,14.3604190256617,11.2633802799322,13.7163118643762,1
0.239265047726976,0.371983989043359,-0.0393661404641658,-0.239169157959619,-1.8,-0.0245968495698583,-0.503558358951158,1.28461579811302e-06,10.6193720928927,14.3604615661648,11.2634621753365,13.716371483721,1
0.239265047726976,0.371987413022885,-0.0393662518460302,-0.239170594666879,-1.8,-0.0248059606832655,-0.503443667155805,1.22199651443643e-06,10.6194693308732,14.3605032773367,11.2635426087499,13.71642999946,1
0.239265047726976,0.371990775562758,-0.0393663630352789,-0.239172012665988,-1.8,-0.025014409414098,-0.50332937288906,1.16008321921246e-06,10.6195648681136,14.3605441779334,11.2636216106353,13.7164874354117,1
0.239265047726976,0.371994077953609,-0.0393664739979435,-0.239173412102573,-1.8,-0.0252221974373631,-0.503215474427877,1.09887626262078e-06,10.6196587394092,14.3605842862929,11.2636992108195,13.7165438148826,1
0.239265047726976,0.371997321458921,-0.0393665847014501,-0.239174793124646,-1.8,-0.0254293264072318,-0.503101970075814,1.0383756600556e-06,10.6197509788404,14.3606236203435,11.2637754385063,13.7165991606777,1
0.239265047726976,0.3720005073156,-0.0393666951145778,-0.239176155882433,-1.8,-0.02563579795818,-0.502988858162162,9.78581104926262e-07,10.6198416197869,14.3606621976138,11.2638503222893,13.7166534951114,1
0.239265047726976,0.372003636736226,-0.0393668051624953,-0.239177501035664,-1.8,-0.0258416137020032,-0.502876137043647,9.43635845913272e-07,10.6199306939133,14.3607000367872,11.2639238898908,13.7167068408098,1
0.239265047726976,0.372006710904323,-0.0393669148651119,-0.239178828185691,-1.8,-0.0260467752415042,-0.502763805095683,9.07937963974561e-07,10.6200182343516,14.3607371529462,11.2639961690173,13.7167592182805,1
0.239265047726976,0.372009730980338,-0.0393670241949154,-0.239180137490163,-1.8,-0.0262512841584675,-0.502651860719772,8.71503542944001e-07,10.6201042724618,14.3607735624744,11.2640671865065,13.7168106484297,1
0.239265047726976,0.372012698100289,-0.0393671331255932,-0.239181429108275,-1.8,-0.0264551420191137,-0.502540302339904,8.34348364484069e-07,10.6201888389591,14.3608092813886,11.2641369686347,13.716861151713,1
0.239265047726976,0.372015613376263,-0.0393672416319967,-0.239182703200624,-1.8,-0.0266583503750304,-0.50242912840182,7.96487912551962e-07,10.6202719639266,14.3608443253477,11.2642055411289,13.7169107481454,1
0.239265047726976,0.372018477896923,-0.0393673496901057,-0.239183959929084,-1.8,-0.0268609107640661,-0.502318337372285,7.57937377837414e-07,10.6203536768285,14.3608787096597,11.2642729291778,13.7169594573104,1
0.239265047726976,0.372021292727994,-0.0393674572769937,-0.239185199456665,-1.8,-0.0270628247111855,-0.502207927738394,7.18711662174754e-07,10.6204340065223,14.3609124492901,11.2643391574433,13.7170072983692,1
0.239265047726976,0.372024058912737,-0.0393675643707947,-0.239186421947399,-1.8,-0.0272640937292916,-0.502097898006893,6.7882538291999e-07,10.6205129812719,14.3609455588688,11.264404250071,13.7170542900697,1
0.239265047726976,0.372026777472423,-0.0393676709506703,-0.239187627566212,-1.8,-0.0274647193200115,-0.50198824670353,6.38292877302348e-07,10.6205906287589,14.3609780526978,11.2644682307014,13.7171004507554,1
0.239265047726976,0.372029449406788,-0.0393677769967784,-0.239188816478817,-1.8,-0.0276647029744504,-0.50187897237242,5.9712820674078e-07,10.6206669760951,14.3610099447584,11.2645311224797,13.7171457983738,1
0.239265047726976,0.372032075694481,-0.0393678824902416,-0.239189988851597,-1.8,-0.027864046173913,-0.501770073575435,5.5534516112591e-07,10.6207420498337,14.3610412487182,11.2645929480669,13.7171903504851,1
0.239265047726976,0.372034657293508,-0.039367987413118,-0.239191144851504,-1.8,-0.028062750390594,-0.501661548891614,5.12957263073737e-07,10.6208158759811,14.3610719779378,11.2646537296489,13.71723412427,1
0.239265047726976,0.372037195141657,-0.0393680917483711,-0.239192284645955,-1.8,-0.0282608170882393,-0.501553396916591,4.69977772133877e-07,10.6208884800077,14.3611021454776,11.2647134889473,13.7172771365381,1
0.239265047726976,0.372039690156925,-0.0393681954798417,-0.239193408402734,-1.8,-0.0284582477227771,-0.501445616262039,4.26419688970672e-07,10.6209598868592,14.3611317641049,11.2647722472282,13.7173194037359,1
0.239265047726976,0.372042143237928,-0.0393682985922204,-0.239194516289901,-1.8,-0.0286550437429229,-0.50133820555514,3.82295759504157e-07,10.6210301209668,14.3611608462994,11.2648300253121,13.7173609419542,1
0.239265047726976,0.372044555264303,-0.0393684010710203,-0.239195608475699,-1.8,-0.0288512065907555,-0.501231163438068,3.37618479008716e-07,10.6210992062584,14.3611894042604,11.2648868435831,13.7174017669358,1
0.239265047726976,0.372046927097111,-0.0393685029025507,-0.239196685128473,-1.8,-0.0290467377022688,-0.501124488567486,2.92400096180162e-07,10.6211671661682,14.3612174499125,11.2649427219977,13.717441894083,1
0.239265047726976,0.372049259579218,-0.039368604073892,-0.239197746416582,-1.8,-0.0292416385078978,-0.501018179614067,2.46652617157607e-07,10.6212340236472,14.3612449949116,11.2649976800941,13.7174813384649,1
0.239265047726976,0.372051553535679,-0.0393687045728705,-0.239198792508325,-1.8,-0.0294359104330198,-0.500912235262024,2.00387809509974e-07,10.6212998011732,14.3612720506512,11.2650517370003,13.7175201148241,1
0.239265047726976,0.372053809774107,-0.0393688043880345,-0.239199823571861,-1.8,-0.0296295548984332,-0.500806654208663,1.53617206175802e-07,10.6213645207598,14.3612986282678,11.2651049114432,13.7175582375843,1
0.239265047726976,0.372056029085039,-0.0393689035086306,-0.239200839775142,-1.8,-0.0298225733208133,-0.500701435163945,1.06352109368714e-07,10.6214282039666,14.3613247386466,11.2651572217567,13.7175957208566,1
0.239265047726976,0.372058212242294,-0.039369001924581,-0.23920184128584,-1.8,-0.0300149671131457,-0.500596576850065,5.86035944392749e-08,10.6214908719083,14.3613503924273,11.2652086858895,13.7176325784461,1
0.239265047726976,0.372060360003318,-0.0393690996264611,-0.239202828271285,-1.8,-0.03020673768514,-0.500492078001047,1.03825136902459e-08,10.6215525452634,14.3613756000092,11.2652593214137,13.7176688238589,1
0.239265047726976,0.372062473109531,-0.0393691966054783,-0.239203800898397,-1.8,-0.0303978864436221,-0.50038793736235,-3.83004998437057e-08,10.6216132442837,14.3614003715567,11.2653091455322,13.7177044703083,1
0.239265047726976,0.372064552286657,-0.0393692928534503,-0.239204759333632,-1.8,-0.0305884147929071,-0.50028415369049,-8.7435028663779e-08,10.6216729888026,14.3614247170044,11.2653581750865,13.7177395307205,1
0.239265047726976,0.372066598245058,-0.0393693883627855,-0.239205703742919,-1.8,-0.0307783241351538,-0.500180725752671,-1.37010867115571e-07,10.6217317982438,14.3614486460622,11.2654064265643,13.7177740177417,1
0.239265047726976,0.372068611680049,-0.0393694831264623,-0.239206634291609,-1.8,-0.0309676158707006,-0.500077652326435,-1.87018017741818e-07,10.6217896916298,14.3614721682201,11.2654539161066,13.7178079437433,1
0.239265047726976,0.372070593272218,-0.0393695771380106,-0.239207551144423,-1.8,-0.0311562913983839,-0.499974932199321,-2.37446687677285e-07,10.6218466875899,14.3614952927533,11.2655006595152,13.7178413208281,1
0.239265047726976,0.372072543687729,-0.0393696703914922,-0.239208454465401,-1.8,-0.0313443521158399,-0.499872564168532,-2.88287285088219e-07,10.6219028043683,14.3615180287269,11.2655466722594,13.7178741608358,1
0.239265047726976,0.372074463578629,-0.0393697628814833,-0.239209344417856,-1.8,-0.0315317994197893,-0.499770547040619,-3.39530415656316e-07,10.6219580598321,14.3615403850003,11.2655919694834,13.7179064753491,1
0.239265047726976,0.372076353583138,-0.0393698546030561,-0.23921022116433,-1.8,-0.0317186347063072,-0.499668879631177,-3.91166879104964e-07,10.622012471479,14.3615623702321,11.2656365660124,13.7179382756987,1
0.239265047726976,0.372078214325943,-0.0393699455517621,-0.239211084866549,-1.8,-0.0319048593710776,-0.499567560764543,-4.43187665769933e-07,10.6220660564446,14.3615839928841,11.26568047636,13.7179695729687,1
0.239265047726976,0.372080046418479,-0.039370035723615,-0.239211935685386,-1.8,-0.0320904748096326,-0.499466589273517,-4.95583953214522e-07,10.6221188315101,14.3616052612262,11.265723714734,13.7180003780023,1
0.239265047726976,0.372081850459205,-0.0393701251150744,-0.23921277378082,-1.8,-0.0322754824175788,-0.499365963999084,-5.48347102887316e-07,10.6221708131096,14.3616261833402,11.2657662950431,13.7180307014067,1
0.239265047726976,0.372083627033879,-0.0393702137230302,-0.239213599311904,-1.8,-0.032459883590809,-0.499265683790147,-6.01468656825791e-07,10.6222220173369,14.3616467671241,11.2658082309031,13.7180605535579,1
0.239265047726976,0.372085376715823,-0.0393703015447871,-0.239214412436725,-1.8,-0.0326436797257014,-0.499165747503274,-6.54940334402129e-07,10.6222724599527,14.3616670202962,11.2658495356429,13.718089944606,1
0.239265047726976,0.37208710006618,-0.0393703885780494,-0.239215213312377,-1.8,-0.0328268722193067,-0.499066154002452,-7.08754029113506e-07,10.6223221563915,14.3616869503992,11.2658902223107,13.7181188844801,1
0.239265047726976,0.372088797634176,-0.0393704748209071,-0.239216002094929,-1.8,-0.0330094624695221,-0.498966902158843,-7.62901805417939e-07,10.622371121768,14.3617065648037,11.2659303036793,13.7181473828924,1
0.239265047726976,0.372090469957363,-0.0393705602718211,-0.239216778939395,-1.8,-0.0331914518752546,-0.498867990850563,-8.17375895609477e-07,10.6224193708838,14.3617258707125,11.2659697922525,13.7181754493438,1
0.239265047726976,0.372092117561867,-0.0393706449296099,-0.23921754399971,-1.8,-0.0333728418365726,-0.498769418962458,-8.72168696740635e-07,10.6224669182339,14.3617448751641,11.2660087002704,13.7182030931276,1
0.239265047726976,0.372093740962627,-0.0393707287934363,-0.239218297428701,-1.8,-0.0335536337548473,-0.498671185385889,-9.27272767586329e-07,10.622513778013,14.361763585036,11.2660470397148,13.7182303233343,1
0.239265047726976,0.372095340663631,-0.039370811862794,-0.239219039378066,-1.8,-0.033733829032883,-0.498573289018533,-9.82680825653863e-07,10.6225599641213,14.3617820070491,11.2660848223146,13.7182571488559,1
0.239265047726976,0.372096917158142,-0.0393708941374959,-0.239219769998353,-1.8,-0.0339134290750385,-0.498475728764179,-1.03838574423053e-06,10.6226054901712,14.3618001477704,11.2661220595512,13.7182835783904,1
0.239265047726976,0.372098470930413,-0.0393709755763751,-0.239220489906091,-1.8,-0.0340924352827614,-0.498378503535171,-1.06871742992608e-06,10.6226503685448,14.361818015037,11.2661587624099,13.7183096211719,1
0.239265047726976,0.372100002451428,-0.0393710562207732,-0.239221198782213,-1.8,-0.0342708490684625,-0.498281612244309,-1.09858172868148e-06,10.622694613234,14.3618356137106,11.2661949421434,13.7183352848012,1
0.239265047726976,0.372101512183615,-0.0393711360714196,-0.239221896773395,-1.8,-0.0344486718417978,-0.498185053812621,-1.12798345925376e-06,10.622738237022,14.3618529499167,11.2662306095211,13.7183605774177,1
0.239265047726976,0.37210300057955,-0.0393712151293148,-0.239222584025098,-1.8,-0.0346259050143693,-0.498088827166534,-1.15692746709788e-06,10.622781252427,14.3618700296401,11.2662657750848,13.7183855069824,1
0.239265047726976,0.372104468082164,-0.0393712933957196,-0.239223260681554,-1.8,-0.0348025499998017,-0.49799293123771,-1.18541862095002e-06,10.6228236717071,14.3618868587286,11.2663004491536,13.7184100812821,1
0.239265047726976,0.372105915124949,-0.0393713708721443,-0.239223926885753,-1.8,-0.0349786082138117,-0.497897364962894,-1.21346180953644e-06,10.622865506866,14.3619034428956,11.2663346418285,13.7184343079332,1
0.239265047726976,0.372107342132152,-0.0393714475603393,-0.239224582779426,-1.8,-0.0351540810742693,-0.49780212728376,-1.24106193840805e-06,10.6229067696581,14.3619197877236,11.2663683629967,13.7184581943851,1
0.239265047726976,0.372108749518972,-0.0393715234622843,-0.23922522850304,-1.8,-0.0353289700012526,-0.497707217146771,-1.2682239268918e-06,10.6229474715937,14.3619358986665,11.2664016223362,13.718481747924,1
0.239265047726976,0.372110137691752,-0.0393715985801793,-0.239225864195778,-1.8,-0.0355032764170954,-0.497612633503035,-1.29495270516032e-06,10.6229876239438,14.3619517810531,11.2664344293205,13.7185049756764,1
0.239265047726976,0.37211150704816,-0.0393716729164351,-0.239226489995536,-1.8,-0.0356770017464284,-0.497518375308175,-1.3212532114078e-06,10.6230272377453,14.3619674400894,11.2664667932223,13.7185278846124,1
0.239265047726976,0.372112857977373,-0.0393717464736644,-0.239227106038912,-1.8,-0.0358501474162143,-0.497424441522204,-1.34713038914133e-06,10.6230663238056,14.3619828808614,11.266498723118,13.7185504815491,1
0.239265047726976,0.37211419086026,-0.0393718192546728,-0.239227712461199,-1.8,-0.0360227148557761,-0.497330831109396,-1.37258918457874e-06,10.6231048927074,14.3619981083383,11.2665302278918,13.718572773154,1
0.239265047726976,0.372115506069551,-0.0393718912624506,-0.239228309396374,-1.8,-0.036194705496821,-0.497237543038173,-1.39763454414503e-06,10.6231429548134,14.3620131273744,11.2665613162398,13.7185947659481,1
0.239265047726976,0.372116803970011,-0.0393719625001646,-0.239228896977098,-1.8,-0.0363661207734576,-0.497144576280991,-1.42227141207302e-06,10.6231805202706,14.3620279427119,11.2665919966735,13.7186164663091,1
0.239265047726976,0.372118084918608,-0.0393720329711497,-0.239229475334707,-1.8,-0.0365369621222084,-0.497051929814233,-1.44650472810176e-06,10.6232175990149,14.3620425589839,11.2666222775243,13.7186378804745,1
0.239265047726976,0.372119349264676,-0.0393721026789018,-0.239230044599207,-1.8,-0.0367072309820177,-0.496959602618101,-1.47033942526812e-06,10.6232542007755,14.362056980716,11.2666521669468,13.7186590145447,1
0.239265047726976,0.372120597350075,-0.0393721716270695,-0.239230604899275,-1.8,-0.0368769287942536,-0.496867593676522,-1.49378042779159e-06,10.6232903350788,14.3620712123293,11.2666816729225,13.7186798744858,1
0.239265047726976,0.372121829509351,-0.0393722398194478,-0.239231156362252,-1.8,-0.0370460570027066,-0.496775901977049,-1.5168326490504e-06,10.6233260112532,14.3620852581427,11.2667108032637,13.7187004661323,1
0.239265047726976,0.372123046069887,-0.0393723072599703,-0.23923169911414,-1.8,-0.0372146170535832,-0.496684526510772,-1.53950098964065e-06,10.6233612384326,14.3620991223748,11.2667395656169,13.7187207951906,1
0.239265047726976,0.372124247352059,-0.0393723739527026,-0.239232233279607,-1.8,-0.0373826103954958,-0.496593466272229,-1.56179033552194e-06,10.6233960255605,14.3621128091467,11.2667679674661,13.7187408672411,1
0.239265047726976,0.372125433669375,-0.0393724399018359,-0.23923275898198,-1.8,-0.037550038479448,-0.496502720259323,-1.58370555624859e-06,10.6234303813941,14.3621263224835,11.2667960161365,13.7187606877413,1
0.239265047726976,0.372126605328628,-0.0393725051116803,-0.239233276343246,-1.8,-0.0377169027588171,-0.496412287473244,-1.60525150327343e-06,10.6234643145082,14.3621396663174,11.2668237187975,13.7187802620281,1
0.239265047726976,0.372127762630036,-0.0393725695866589,-0.239233785484057,-1.8,-0.037883204689332,-0.496322166918389,-1.62643300833385e-06,10.6234978332988,14.3621528444886,11.2668510824665,13.718799595321,1
0.239265047726976,0.372128905867376,-0.0393726333313014,-0.239234286523726,-1.8,-0.0380489457290488,-0.496232357602293,-1.64725488191167e-06,10.6235309459865,14.3621658607486,11.2668781140113,13.7188186927239,1
0.239265047726976,0.372130035328124,-0.0393726963502388,-0.239234779580231,-1.8,-0.0382141273383221,-0.496142858535557,-1.66772191176455e-06,10.6235636606207,14.3621787187612,11.2669048201538,13.7188375592281,1
0.239265047726976,0.372131151293589,-0.0393727586481973,-0.239235264770217,-1.8,-0.0383787509797743,-0.49605366873178,-1.6878388615296e-06,10.6235959850828,14.3621914221051,11.2669312074731,13.7188561997148,1
0.239265047726976,0.372132254039039,-0.0393728202299931,-0.239235742209,-1.8,-0.0385428181182612,-0.4959647872075,-1.70761046939421e-06,10.6236279270896,14.3622039742753,11.266957282408,13.7188746189569,1
0.239265047726976,0.372133343833832,-0.039372881100527,-0.239236212010569,-1.8,-0.0387063302208352,-0.495876212982129,-1.7270414468324e-06,10.6236594941969,14.3622163786855,11.2669830512606,13.7188928216219,1
0.239265047726976,0.37213442094154,-0.0393729412647797,-0.23923667428759,-1.8,-0.0388692887567061,-0.495787945077899,-1.74613647740704e-06,10.6236906938026,14.3622286386697,11.2670085201983,13.7189108122741,1
0.239265047726976,0.37213548562007,-0.0393730007278063,-0.23923712915141,-1.8,-0.0390316951971995,-0.495699982519804,-1.76490021563307e-06,10.6237215331502,14.362240757484,11.2670336952577,13.7189285953765,1
0.239265047726976,0.372136538121785,-0.0393730594947316,-0.239237576712062,-1.8,-0.039193551015712,-0.495612324335549,-1.78333728590433e-06,10.6237520193318,14.3622527383081,11.2670585823464,13.7189461752934,1
0.239265047726976,0.37213757869362,-0.0393731175707462,-0.239238017078272,-1.8,-0.0393548576876659,-0.495524969555501,-1.80145228146987e-06,10.6237821592911,14.3622645842475,11.2670831872463,13.7189635562924,1
0.239265047726976,0.3721386075772,-0.0393731749611011,-0.239238450357459,-1.8,-0.0395156166904599,-0.49543791721264,-1.81924976347842e-06,10.623811959827,14.362276298335,11.2671075156158,13.7189807425462,1
0.239265047726976,0.372139625008947,-0.0393732316711038,-0.239238876655748,-1.8,-0.03967582950342,-0.495351166342516,-1.83673426006871e-06,10.623841427596,14.362287883532,11.2671315729928,13.7189977381352,1
0.239265047726976,0.372140631220194,-0.0393732877061144,-0.239239296077971,-1.8,-0.0398354976077468,-0.495264715983202,-1.85391026551624e-06,10.6238705691152,14.3622993427308,11.267155364797,13.7190145470491,1
0.239265047726976,0.372141626437293,-0.039373343071541,-0.239239708727676,-1.8,-0.039994622486462,-0.495178565175262,-1.8707822394326e-06,10.6238993907658,14.3623106787555,11.2671788963324,13.7190311731888,1
0.239265047726976,0.372142610881718,-0.0393733977728364,-0.239240114707131,-1.8,-0.0401532056243535,-0.495092712961703,-1.88735460600982e-06,10.623927898795,14.3623218943637,11.2672021727899,13.7190476203689,1
0.239265047726976,0.372143584770168,-0.0393734518154938,-0.239240514117335,-1.8,-0.0403112485079186,-0.495007158387944,-1.90363175331862e-06,10.6239560993195,14.3623329922485,11.2672251992492,13.7190638923188,1
0.239265047726976,0.372144548314672,-0.0393735052050437,-0.239240907058024,-1.8,-0.0404687526253059,-0.494921900501783,-1.91961803264639e-06,10.6239839983278,14.3623439750392,11.2672479806818,13.7190799926852,1
0.239265047726976,0.372145501722684,-0.0393735579470498,-0.239241293627676,-1.8,-0.0406257194662565,-0.494836938353357,-1.93531775788646e-06,10.624011601683,14.3623548453033,11.267270521953,13.7190959250335,1
0.239265047726976,0.372146445197182,-0.0393736100471062,-0.239241673923524,-1.8,-0.0407821505220431,-0.494752270995122,-1.95073520496598e-06,10.6240389151254,14.3623656055478,11.2672928278236,13.7191116928496,1
0.239265047726976,0.372147378936762,-0.0393736615108338,-0.23924204804156,-1.8,-0.040938047285409,-0.494667897481814,-1.96587461131651e-06,10.6240659442749,14.3623762582203,11.2673149029532,13.719127299542,1
0.239265047726976,0.372148303135732,-0.0393737123438772,-0.239242416076544,-1.8,-0.0410934112505056,-0.494583816870428,-1.98074017538723e-06,10.6240926946337,14.3623868057106,11.2673367519013,13.719142748443,1
0.239265047726976,0.372149217984201,-0.0393737625519019,-0.239242778122015,-1.8,-0.041248243912829,-0.494500028220191,-1.99533605619409e-06,10.6241191715885,14.362397250352,11.2673583791299,13.7191580428106,1
0.239265047726976,0.372150123668171,-0.0393738121405909,-0.239243134270296,-1.8,-0.0414025467691563,-0.494416530592534,-2.00966637290885e-06,10.6241453804131,14.3624075944226,11.2673797890056,13.7191731858301,1
0.239265047726976,0.37215102036962,-0.0393738611156422,-0.239243484612509,-1.8,-0.0415563213174801,-0.494333323051077,-2.02373520448331e-06,10.6241713262706,14.3624178401464,11.2674009858013,13.7191881806157,1
0.239265047726976,0.372151908266593,-0.0393739094827664,-0.239243829238576,-1.8,-0.0417095690569438,-0.494250404661599,-2.03754658930722e-06,10.6241970142158,14.3624279896946,11.2674219736986,13.7192030302119,1
0.239265047726976,0.37215278753328,-0.0393739572476832,-0.239244168237237,-1.8,-0.0418622914877753,-0.494167774492025,-2.05110452490326e-06,10.6242224491974,14.362438045187,11.2674427567891,13.7192177375953,1
0.239265047726976,0.372153658340102,-0.0393740044161198,-0.239244501696051,-1.8,-0.0420144901112202,-0.494085431612404,-2.06441296765271e-06,10.62424763606,14.3624480086928,11.2674633390771,13.7192323056757,1
0.239265047726976,0.372154520853789,-0.0393740509938078,-0.239244829701414,-1.8,-0.0421661664294752,-0.494003375094892,-2.07747583255192e-06,10.6242725795467,14.3624578822321,11.2674837244808,13.7192467372981,1
0.239265047726976,0.372155375237458,-0.0393740969864815,-0.239245152338561,-1.8,-0.0423173219456207,-0.493921604013735,-2.09029699299958e-06,10.6242972843008,14.3624676677768,11.2675039168342,13.7192610352435,1
0.239265047726976,0.372156221650694,-0.0393741423998748,-0.239245469691582,-1.8,-0.0424679581635528,-0.493840117445259,-2.10288028061238e-06,10.624321754868,14.3624773672519,11.2675239198894,13.7192752022306,1
0.239265047726976,0.372157060249617,-0.03937418723972,-0.239245781843429,-1.8,-0.0426180765879158,-0.493758914467849,-2.11522948506996e-06,10.6243459956985,14.3624869825363,11.2675437373175,13.7192892409173,1
0.239265047726976,0.372157891186966,-0.0393742315117449,-0.239246088875925,-1.8,-0.042767678724034,-0.49367799416194,-2.12734835398559e-06,10.6243700111489,14.3624965154641,11.2675633727111,13.7193031539019,1
0.239265047726976,0.372158714612163,-0.0393742752216715,-0.239246390869778,-1.8,-0.0429167660778431,-0.493597355610007,-2.13924059280423e-06,10.624393805484,14.3625059678255,11.2675828295855,13.719316943724,1
0.239265047726976,0.372159530671386,-0.0393743183752135,-0.239246687904587,-1.8,-0.0430653401558222,-0.493516997896549,-2.15090986472398e-06,10.6244173828791,14.3625153413678,11.2676021113802,13.7193306128667,1
0.239265047726976,0.372160339507639,-0.0393743609780748,-0.239246980058855,-1.8,-0.0432134024649252,-0.493436920108084,-2.16235979064004e-06,10.6244407474215,14.3625246377965,11.2676212214612,13.7193441637569,1
0.239265047726976,0.372161141260821,-0.0393744030359476,-0.23924726741,-1.8,-0.0433609545125127,-0.493357121333138,-2.17359394911592e-06,10.6244639031125,14.3625338587761,11.2676401631217,13.719357598767,1
0.239265047726976,0.372161936067787,-0.0393744445545109,-0.239247550034362,-1.8,-0.0435079978062829,-0.493277600662235,-2.18461587637327e-06,10.6244868538691,14.3625430059313,11.2676589395842,13.7193709202162,1
0.239265047726976,0.37216272406242,-0.0393744855394284,-0.239247828007217,-1.8,-0.0436545338542042,-0.493198357187894,-2.19542906630443e-06,10.6245096035257,14.3625520808475,11.2676775540019,13.7193841303714,1
0.239265047726976,0.372163505375687,-0.0393745259963477,-0.239248101402787,-1.8,-0.0438005641644466,-0.493119390004618,-2.20603697050324e-06,10.6245321558361,14.3625610850721,11.2676960094599,13.7193972314483,1
0.239265047726976,0.372164280135708,-0.039374565930898,-0.239248370294248,-1.8,-0.0439460902453136,-0.49304069820889,-2.216442998317e-06,10.6245545144749,14.3625700201151,11.2677143089771,13.7194102256129,1
0.239265047726976,0.372165048467813,-0.0393746053486893,-0.239248634753744,-1.8,-0.0440911136051748,-0.492962280899169,-2.2266505169173e-06,10.624576683039,14.3625788874502,11.2677324555072,13.719423114982,1
0.239265047726976,0.372165810494601,-0.0393746442553108,-0.239248894852394,-1.8,-0.0442356357523982,-0.492884137175883,-2.23666285138658e-06,10.6245986650498,14.3625876885153,11.2677504519402,13.719435901625,1
0.239265047726976,0.372166566336001,-0.0393746826563294,-0.239249150660307,-1.8,-0.0443796581952826,-0.492806266141427,-2.24648328482735e-06,10.6246204639542,14.3625964247139,11.2677683011037,13.7194485875644,1
0.239265047726976,0.372167316109327,-0.0393747205572888,-0.239249402246591,-1.8,-0.0445231824419912,-0.492728666900159,-2.25611505847734e-06,10.6246420831264,14.3626050974152,11.2677860057646,13.719461174777,1
0.239265047726976,0.372168059929336,-0.0393747579637081,-0.23924964967936,-1.8,-0.0446662100004849,-0.492651338558397,-2.26556137185047e-06,10.6246635258693,14.3626137079554,11.2678035686298,13.719473665195,1
0.239265047726976,0.372168797908281,-0.0393747948810807,-0.23924989302575,-1.8,-0.0448087423784557,-0.492574280224419,-2.27482538288843e-06,10.6246847954163,14.3626222576381,11.2678209923478,13.7194860607067,1
0.239265047726976,0.372169530155963,-0.0393748313148734,-0.239250132351927,-1.8,-0.044950781083261,-0.492497491008456,-2.28391020812669e-06,10.6247058949322,14.3626307477355,11.26783827951,13.7194983631577,1
0.239265047726976,0.372170256779789,-0.0393748672705251,-0.239250367723099,-1.8,-0.0450923276218584,-0.492420970022699,-2.29281892287126e-06,10.6247268275152,14.3626391794887,11.2678554326518,13.7195105743521,1
0.239265047726976,0.372170977884817,-0.0393749027534458,-0.239250599203525,-1.8,-0.0452333835007405,-0.49234471638129,-2.30155456139276e-06,10.6247475961979,14.3626475541086,11.2678724542538,13.7195226960527,1
0.239265047726976,0.372171693573811,-0.039374937769016,-0.239250826856526,-1.8,-0.0453739502258703,-0.492268729200327,-2.31012011713366e-06,10.6247682039487,14.3626558727766,11.2678893467428,13.7195347299826,1
0.239265047726976,0.372172403947287,-0.0393749723225856,-0.239251050744498,-1.8,-0.0455140293026174,-0.492193007597862,-2.3185185429196e-06,10.6247886536734,14.3626641366454,11.2679061124932,13.7195466778256,1
0.239265047726976,0.372173109103564,-0.0393750064194731,-0.239251270928918,-1.8,-0.0456536222356944,-0.492117550693903,-2.32675275119018e-06,10.6248089482163,14.3626723468393,11.2679227538283,13.7195585412274,1
0.239265047726976,0.372173809138808,-0.0393750400649646,-0.239251487470361,-1.8,-0.0457927305290938,-0.492042357610414,-2.33482561423633e-06,10.6248290903615,14.3626805044553,11.2679392730206,13.7195703217962,1
0.239265047726976,0.372174504147081,-0.0393750732643134,-0.239251700428503,-1.8,-0.0459313556860259,-0.491967427471315,-2.34273996444406e-06,10.6248490828341,14.3626886105635,11.2679556722938,13.7195820211038,1
0.239265047726976,0.372175194220385,-0.0393751060227392,-0.239251909862138,-1.8,-0.0460694992088563,-0.491892759402485,-2.35049859455907e-06,10.6248689283017,14.3626966662076,11.2679719538233,13.7195936406861,1
0.239265047726976,0.372175879448707,-0.039375138345427,-0.239252115829185,-1.8,-0.0462071625990452,-0.491818352531766,-2.35810425794711e-06,10.6248886293753,14.362704672406,11.2679881197372,13.7196051820441,1
0.239265047726976,0.37217655992006,-0.0393751702375274,-0.239252318386699,-1.8,-0.0463443473570866,-0.49174420598896,-2.3655596688688e-06,10.6249081886105,14.3627126301518,11.2680041721178,13.7196166466446,1
0.239265047726976,0.372177235720528,-0.0393752017041548,-0.239252517590883,-1.8,-0.0464810549824479,-0.491670318905836,-2.37286750276461e-06,10.6249276085089,14.3627205404138,11.2680201130019,13.7196280359208,1
0.239265047726976,0.372177906934308,-0.0393752327503878,-0.239252713497094,-1.8,-0.046617286973511,-0.49159669041613,-2.38003039654358e-06,10.6249468915191,14.3627284041368,11.2680359443824,13.7196393512735,1
0.239265047726976,0.372178573643747,-0.0393752633812684,-0.23925290615986,-1.8,-0.0467530448275128,-0.49152331965555,-2.38705094887822e-06,10.6249660400377,14.3627362222424,11.2680516682087,13.7196505940714,1
0.239265047726976,0.372179235929386,-0.0393752936018013,-0.239253095632884,-1.8,-0.0468883300404878,-0.491450205761775,-2.39393172051055e-06,10.6249850564105,14.3627439956293,11.2680672863881,13.7196617656518,1
0.239265047726976,0.372179893869996,-0.0393753234169536,-0.239253281969057,-1.8,-0.0470231441072098,-0.491377347874465,-2.40067523456127e-06,10.6250039429336,14.3627517251743,11.2680828007862,13.7196728673217,1
0.239265047726976,0.372180547542617,-0.0393753528316544,-0.239253465220469,-1.8,-0.0471574885211358,-0.491304745135259,-2.40728397684384e-06,10.6250227018543,14.3627594117321,11.2680982132284,13.7196839003579,1
0.239265047726976,0.372181197022595,-0.0393753818507945,-0.239253645438418,-1.8,-0.0472913647743492,-0.491232396687779,-2.41376039618621e-06,10.6250413353723,14.3627670561363,11.2681135255003,13.7196948660084,1
0.239265047726976,0.372181842383622,-0.0393754104792256,-0.239253822673417,-1.8,-0.0474247743575049,-0.491160301677637,-2.42010690475578e-06,10.6250598456405,14.3627746592001,11.2681287393485,13.7197057654921,1
0.239265047726976,0.372182483697766,-0.0393754387217605,-0.239253996975209,-1.8,-0.0475577187597741,-0.491088459252437,-2.42632587838957e-06,10.6250782347662,14.362782221716,11.2681438564818,13.7197166000005,1
0.239265047726976,0.372183121035508,-0.0393754665831726,-0.239254168392776,-1.8,-0.0476901994687906,-0.491016868561779,-2.43241965693081e-06,10.6250965048119,14.3627897444572,11.2681588785718,13.7197273706973,1
0.239265047726976,0.37218375446578,-0.0393754940681954,-0.239254336974344,-1.8,-0.0478222179705969,-0.490945528757262,-2.43839054456505e-06,10.6251146577963,14.3627972281774,11.2681738072537,13.71973807872,1
0.239265047726976,0.372184384055995,-0.0393755211815225,-0.239254502767399,-1.8,-0.0479537757495921,-0.490874438992491,-2.44424081016364e-06,10.6251326956952,14.3628046736114,11.2681886441271,13.7197487251795,1
0.239265047726976,0.372185009872078,-0.0393755479278072,-0.239254665818693,-1.8,-0.0480848742884798,-0.490803598423079,-2.44997268762638e-06,10.6251506204423,14.3628120814759,11.2682033907568,13.7197593111615,1
0.239265047726976,0.372185631978503,-0.0393755743116627,-0.239254826174253,-1.8,-0.0482155150682166,-0.490733006206653,-2.45558837623362e-06,10.6251684339304,14.3628194524695,11.2682180486733,13.7197698377266,1
0.239265047726976,0.372186250438321,-0.0393756003376611,-0.239254983879394,-1.8,-0.0483456995679618,-0.490662661502858,-2.46109004099571e-06,10.6251861380118,14.3628267872732,11.268232619374,13.719780305911,1
0.239265047726976,0.372186865313194,-0.0393756260103341,-0.239255138978725,-1.8,-0.048475429265028,-0.490592563473361,-2.46647981300538e-06,10.6252037344997,14.3628340865511,11.2682471043236,13.7197907167273,1
0.239265047726976,0.37218747666342,-0.0393756513341724,-0.23925529151616,-1.8,-0.0486047056348313,-0.490522711281857,-2.47175978979232e-06,10.6252212251685,14.3628413509506,11.2682615049548,13.7198010711643,1
0.239265047726976,0.372188084547967,-0.0393756763136255,-0.239255441534927,-1.8,-0.0487335301508437,-0.490453104094072,-2.47693203568455e-06,10.6252386117548,14.3628485811026,11.268275822669,13.7198113701885,1
0.239265047726976,0.372188689024501,-0.0393757009531019,-0.239255589077578,-1.8,-0.0488619042845452,-0.490383741077767,-2.48199858216318e-06,10.6252558959585,14.3628557776222,11.2682900588371,13.7198216147437,1
0.239265047726976,0.372189290149414,-0.039375725256969,-0.239255734185996,-1.8,-0.048989829505377,-0.490314621402748,-2.48696142822459e-06,10.6252730794431,14.3628629411091,11.2683042148,13.7198318057523,1
0.239265047726976,0.372189887977849,-0.0393757492295526,-0.239255876901405,-1.8,-0.0491173072806955,-0.490245744240862,-2.49182254074079e-06,10.6252901638367,14.3628700721477,11.2683182918694,13.7198419441151,1
0.239265047726976,0.372190482563732,-0.0393757728751375,-0.239256017264382,-1.8,-0.0492443390757268,-0.49017710876601,-2.4965838548231e-06,10.6253071507327,14.3628771713077,11.2683322913283,13.7198520307122,1
0.239265047726976,0.372191073959795,-0.039375796197967,-0.239256155314859,-1.8,-0.0493709263535222,-0.490108714154147,-2.50124727418477e-06,10.6253240416908,14.3628842391442,11.2683462144316,13.7198620664033,1
0.239265047726976,0.372191662217604,-0.0393758192022429,-0.23925629109214,-1.8,-0.0494970705749144,-0.490040559583289,-2.50581467150305e-06,10.625340838237,14.3628912761983,11.268360062407,13.7198720520284,1
0.239265047726976,0.372192247387581,-0.0393758418921259,-0.239256424634904,-1.8,-0.0496227731984739,-0.489972644233515,-2.51028788878324e-06,10.6253575418653,14.3628982829975,11.268373836455,13.7198819884078,1
0.239265047726976,0.372192829519035,-0.0393758642717351,-0.239256555981214,-1.8,-0.0497480356804671,-0.489904967286975,-2.51466873772221e-06,10.6253741540375,14.3629052600555,11.2683875377501,13.719891876343,1
0.239265047726976,0.37219340866018,-0.0393758863451486,-0.239256685168528,-1.8,-0.0498728594748145,-0.489837527927891,-2.51895900007553e-06,10.6253906761844,14.3629122078733,11.2684011674411,13.7199017166167,1
0.239265047726976,0.372193984858161,-0.0393759081164028,-0.239256812233708,-1.8,-0.0499972460330495,-0.489770325342566,-2.5231604280158e-06,10.6254071097062,14.3629191269389,11.2684147266515,13.7199115099936,1
0.239265047726976,0.372194558159079,-0.0393759295894934,-0.239256937213024,-1.8,-0.0501211968042782,-0.489703358719384,-2.52727474449833e-06,10.6254234559733,14.3629260177278,11.2684282164804,13.7199212572207,1
0.239265047726976,0.372195128608014,-0.0393759507683746,-0.239257060142166,-1.8,-0.0502447132351404,-0.489636627248817,-2.53130364362294e-06,10.6254397163267,14.3629328807034,11.2684416380027,13.7199309590275,1
0.239265047726976,0.372195696249042,-0.0393759716569597,-0.239257181056251,-1.8,-0.0503677967697699,-0.48957013012343,-2.53524879099435e-06,10.6254558920792,14.3629397163172,11.2684549922697,13.7199406161267,1
0.239265047726976,0.372196261125266,-0.039375992259121,-0.239257299989832,-1.8,-0.0504904488497572,-0.489503866537885,-2.53911182408519e-06,10.6254719845151,14.362946525009,11.2684682803098,13.7199502292143,1
0.239265047726976,0.372196823278827,-0.0393760125786902,-0.239257416976905,-1.8,-0.0506126709141121,-0.489437835688943,-2.54289435259364e-06,10.6254879948916,14.3629533072074,11.2684815031289,13.7199597989701,1
0.239265047726976,0.372197382750933,-0.0393760326194579,-0.239257532050917,-1.8,-0.0507344643992263,-0.489372036775472,-2.5465979588028e-06,10.625503924439,14.36296006333,11.2684946617108,13.7199693260582,1
0.239265047726976,0.372197939581878,-0.0393760523851744,-0.239257645244775,-1.8,-0.0508558307388386,-0.489306468998447,-2.55022419793746e-06,10.6255197743613,14.3629667937834,11.2685077570175,13.7199788111272,1
0.239265047726976,0.372198493811057,-0.0393760718795497,-0.239257756590851,-1.8,-0.0509767713639986,-0.489241131560959,-2.55377459851785e-06,10.6255355458368,14.3629734989639,11.2685207899903,13.7199882548104,1
0.239265047726976,0.372199045476992,-0.0393760911062531,-0.239257866120994,-1.8,-0.0510972877030329,-0.489176023668215,-2.55725066271586e-06,10.6255512400187,14.3629801792575,11.2685337615496,13.7199976577266,1
0.239265047726976,0.372199594617348,-0.0393761100689141,-0.239257973866534,-1.8,-0.0512173811815108,-0.489111144527545,-2.56065386670989e-06,10.6255668580355,14.3629868350401,11.2685466725957,13.72000702048,1
0.239265047726976,0.372200141268953,-0.0393761287711222,-0.239258079858292,-1.8,-0.0513370532222115,-0.489046493348403,-2.56398566102881e-06,10.6255824009916,14.362993466678,11.268559524009,13.7200163436607,1
0.239265047726976,0.372200685467814,-0.0393761472164271,-0.239258184126583,-1.8,-0.0514563052450913,-0.488982069342372,-2.56724747090761e-06,10.6255978699679,14.3630000745278,11.2685723166508,13.720025627845,1
0.239265047726976,0.372201227249139,-0.0393761654083389,-0.239258286701231,-1.8,-0.0515751386672521,-0.488917871723171,-2.57044069662806e-06,10.6256132660222,14.3630066589369,11.2685850513633,13.7200348735959,1
0.239265047726976,0.372201766647352,-0.0393761833503284,-0.239258387611568,-1.8,-0.0516935549029102,-0.488853899706652,-2.57356671386851e-06,10.6256285901896,14.3630132202436,11.2685977289704,13.7200440814629,1
0.239265047726976,0.372202303696109,-0.0393762010458271,-0.239258486886448,-1.8,-0.0518115553633657,-0.488790152510809,-2.57662687404407e-06,10.6256438434832,14.3630197587774,11.2686103502776,13.720053251983,1
0.239265047726976,0.372202838428319,-0.0393762184982276,-0.239258584554249,-1.8,-0.0519291414569727,-0.48872662935578,-2.579622504646e-06,10.6256590268944,14.3630262748592,11.2686229160732,13.7200623856805,1
0.239265047726976,0.372203370876156,-0.0393762357108837,-0.239258680642884,-1.8,-0.0520463145891106,-0.48866332946385,-2.58255490958193e-06,10.6256741413935,14.3630327688013,11.2686354271276,13.7200714830672,1
0.239265047726976,0.37220390107108,-0.0393762526871107,-0.239258775179805,-1.8,-0.0521630761621553,-0.488600252059453,-2.58542536951075e-06,10.6256891879299,14.3630392409081,11.2686478841947,13.7200805446433,1
0.239265047726976,0.372204429043847,-0.0393762694301856,-0.239258868192011,-1.8,-0.0522794275754511,-0.488537396369178,-2.58823514217507e-06,10.6257041674328,14.3630456914758,11.2686602880118,13.7200895708969,1
0.239265047726976,0.37220495482453,-0.0393762859433472,-0.239258959706054,-1.8,-0.052395370225284,-0.488474761621769,-2.59098546273251e-06,10.6257190808117,14.3630521207928,11.2686726392997,13.7200985623049,1
0.239265047726976,0.372205478442532,-0.0393763022297966,-0.239259049748049,-1.8,-0.0525109055048552,-0.488412347048131,-2.59367754408599e-06,10.6257339289565,14.36305852914,11.2686849387637,13.7201075193329,1
0.239265047726976,0.372205999926599,-0.0393763182926972,-0.239259138343674,-1.8,-0.0526260348042546,-0.48835015188133,-2.59631257720233e-06,10.6257487127381,14.3630649167907,11.2686971870934,13.7201164424355,1
0.239265047726976,0.372206519304837,-0.0393763341351751,-0.239259225518185,-1.8,-0.0527407595104359,-0.488288175356599,-2.59889173144472e-06,10.6257634330089,14.3630712840112,11.2687093849633,13.7201253320568,1
0.239265047726976,0.372207036604725,-0.0393763497603194,-0.239259311296415,-1.8,-0.0528550810071921,-0.488226416711337,-2.60141615488671e-06,10.625778090603,14.3630776310605,11.2687215330331,13.7201341886304,1
0.239265047726976,0.372207551853131,-0.0393763651711822,-0.239259395702784,-1.8,-0.0529690006751309,-0.488164875185113,-2.60388697462866e-06,10.6257926863366,14.3630839581909,11.268733631948,13.7201430125796,1
0.239265047726976,0.372208065076322,-0.0393763803707791,-0.239259478761306,-1.8,-0.0530825198916517,-0.488103550019671,-2.60630529711704e-06,10.6258072210088,14.3630902656479,11.268745682339,13.7201518043178,1
0.239265047726976,0.37220857629998,-0.0393763953620893,-0.239259560495592,-1.8,-0.0531956400309225,-0.488042440458926,-2.60867220845317e-06,10.6258216954013,14.3630965536706,11.2687576848231,13.7201605642488,1
0.239265047726976,0.372209085549215,-0.0393764101480561,-0.239259640928858,-1.8,-0.0533083624638575,-0.487981545748974,-2.61098877470073e-06,10.6258361102792,14.3631028224914,11.2687696400041,13.7201692927666,1
0.239265047726976,0.372209592848575,-0.0393764247315869,-0.239259720083932,-1.8,-0.0534206885580958,-0.487920865138089,-2.61325604219581e-06,10.6258504663913,14.3631090723369,11.2687815484721,13.7201779902562,1
0.239265047726976,0.372210098222063,-0.0393764391155536,-0.23925979798326,-1.8,-0.0535326196779798,-0.487860397876725,-2.61547503784601e-06,10.6258647644705,14.3631153034274,11.2687934108045,13.7201866570935,1
0.239265047726976,0.372210601693146,-0.039376453302793,-0.239259874648909,-1.8,-0.0536441571845351,-0.487800143217521,-2.61764676943157e-06,10.6258790052339,14.3631215159773,11.2688052275659,13.7201952936454,1
0.239265047726976,0.372211103284766,-0.0393764672961069,-0.239259950102574,-1.8,-0.05375530243545,-0.487740100415299,-2.61977222590288e-06,10.6258931893835,14.3631277101953,11.2688169993086,13.7202039002702,1
0.239265047726976,0.372211603019355,-0.0393764810982623,-0.239260024365588,-1.8,-0.0538660567850566,-0.487680268727068,-2.62185237767512e-06,10.625907317606,14.3631338862844,11.2688287265726,13.7202124773178,1
0.239265047726976,0.372212100918844,-0.039376494711992,-0.23926009745892,-1.8,-0.0539764215843116,-0.487620647412027,-2.62388817691549e-06,10.6259213905737,14.3631400444423,11.2688404098862,13.7202210251299,1
0.239265047726976,0.372212597004677,-0.0393765081399946,-0.239260169403188,-1.8,-0.0540863981807781,-0.487561235731561,-2.62588055783595e-06,10.6259354089446,14.3631461848613,11.268852049766,13.7202295440399,1
0.239265047726976,0.372213091297818,-0.0393765213849349,-0.239260240218659,-1.8,-0.0541959879186075,-0.487502032949249,-2.62783043697378e-06,10.6259493733626,14.3631523077284,11.2688636467174,13.7202380343737,1
0.239265047726976,0.372213583818763,-0.0393765344494443,-0.239260309925258,-1.8,-0.0543051921385227,-0.487443038330859,-2.62973871347725e-06,10.6259632844579,14.3631584132256,11.2688752012344,13.7202464964492,1
0.239265047726976,0.372214074587554,-0.0393765473361208,-0.23926037854257,-1.8,-0.0544140121778011,-0.487384251144353,-2.63160626937965e-06,10.6259771428471,14.3631645015301,11.2688867138004,13.7202549305768,1
0.239265047726976,0.372214563623784,-0.0393765600475296,-0.239260446089851,-1.8,-0.0545224493702583,-0.487325670659889,-2.63343396987721e-06,10.6259909491339,14.3631705728141,11.2688981848882,13.7202633370599,1
0.239265047726976,0.37221505094661,-0.0393765725862031,-0.239260512586026,-1.8,-0.0546305050462326,-0.487267296149816,-2.63522266360232e-06,10.6260047039091,14.3631766272453,11.2689096149601,13.7202717161944,1
0.239265047726976,0.372215536574764,-0.0393765849546417,-0.239260578049699,-1.8,-0.0547381805325695,-0.487209126888682,-2.63697318289057e-06,10.626018407751,14.3631826649866,11.2689210044683,13.7202800682693,1
0.239265047726976,0.372216020526559,-0.0393765971553133,-0.239260642499158,-1.8,-0.0548454771526072,-0.487151162153229,-2.6386863440487e-06,10.6260320612253,14.3631886861967,11.2689323538552,13.7202883935668,1
0.239265047726976,0.3722165028199,-0.0393766091906544,-0.239260705952376,-1.8,-0.0549523962261626,-0.487093401222396,-2.64036294761587e-06,10.6260456648859,14.3631946910298,11.2689436635534,13.7202966923625,1
0.239265047726976,0.372216983472296,-0.0393766210630698,-0.239260768427021,-1.8,-0.0550589390695168,-0.487035843377319,-2.64200377862319e-06,10.6260592192751,14.3632006796361,11.2689549339859,13.7203049649253,1
0.239265047726976,0.372217462500864,-0.0393766327749333,-0.239260829940458,-1.8,-0.0551651069954028,-0.486978487901333,-2.64360960685309e-06,10.6260727249232,14.3632066521614,11.2689661655666,13.7203132115181,1
0.239265047726976,0.372217939922343,-0.0393766443285878,-0.239260890509754,-1.8,-0.0552709013129918,-0.486921334079969,-2.64518118709106e-06,10.6260861823498,14.3632126087478,11.2689773587005,13.7203214323972,1
0.239265047726976,0.372218415753096,-0.0393766557263455,-0.239260950151684,-1.8,-0.0553763233278815,-0.486864381200955,-2.64671925937312e-06,10.6260995920631,14.3632185495332,11.2689885137833,13.7203296278131,1
0.239265047726976,0.372218890009127,-0.0393766669704886,-0.239261008882734,-1.8,-0.0554813743420841,-0.486807628554218,-2.6482245492389e-06,10.6261129545606,14.363224474652,11.2689996312024,13.7203377980102,1
0.239265047726976,0.372219362706082,-0.039376678063269,-0.239261066719107,-1.8,-0.0555860556540147,-0.486751075431882,-2.64969776797223e-06,10.6261262703293,14.3632303842347,11.2690107113366,13.7203459432274,1
0.239265047726976,0.372219833859259,-0.0393766890069092,-0.239261123676727,-1.8,-0.0556903685584804,-0.486694721128268,-2.65113961284278e-06,10.6261395398459,14.3632362784082,11.2690217545565,13.7203540636977,1
0.239265047726976,0.37222030348362,-0.0393766998036023,-0.239261179771243,-1.8,-0.0557943143466699,-0.486638564939894,-2.65255076734336e-06,10.626152763577,14.3632421572962,11.2690327612245,13.7203621596487,1
0.239265047726976,0.372220771593792,-0.039376710455512,-0.239261235018033,-1.8,-0.0558978943061431,-0.486582606165475,-2.65393190142704e-06,10.6261659419793,14.3632480210185,11.2690437316951,13.7203702313027,1
0.239265047726976,0.37222123820408,-0.0393767209647737,-0.239261289432212,-1.8,-0.0560011097208218,-0.486526844105921,-2.65528367173608e-06,10.6261790754999,14.3632538696921,11.2690546663153,13.7203782788767,1
0.239265047726976,0.372221703328471,-0.0393767313334939,-0.239261343028631,-1.8,-0.0561039618709801,-0.486471278064338,-2.65660672183309e-06,10.6261921645764,14.3632597034303,11.2690655654242,13.7203863025825,1
0.239265047726976,0.372222166980643,-0.0393767415637512,-0.239261395821884,-1.8,-0.0562064520332356,-0.486415907346026,-2.65790168242476e-06,10.6262052096372,14.3632655223436,11.2690764293538,13.7203943026271,1
0.239265047726976,0.372222629173973,-0.039376751657596,-0.239261447826313,-1.8,-0.0563085814805412,-0.486360731258478,-2.65916917158729e-06,10.6262182111017,14.3632713265393,11.2690872584286,13.7204022792124,1
0.239265047726976,0.37222308992154,-0.0393767616170514,-0.239261499056011,-1.8,-0.0564103514821769,-0.486305749111382,-2.66040979498204e-06,10.6262311693805,14.3632771161217,11.2690980529664,13.7204102325358,1
0.239265047726976,0.372223549236136,-0.0393767714441129,-0.239261549524825,-1.8,-0.056511763303742,-0.486250960216615,-2.66162414607672e-06,10.6262440848754,14.3632828911922,11.2691088132777,13.7204181627899,1
0.239265047726976,0.372224007130272,-0.0393767811407493,-0.239261599246361,-1.8,-0.0566128182071482,-0.486196363888245,-2.66281280635598e-06,10.6262569579799,14.3632886518495,11.2691195396667,13.7204260701627,1
0.239265047726976,0.37222446361618,-0.0393767907089024,-0.239261648233989,-1.8,-0.0567135174506121,-0.486141959442531,-2.6639763455338e-06,10.6262697890792,14.3632943981894,11.2691302324306,13.720433954838,1
0.239265047726976,0.372224918705826,-0.0393768001504877,-0.239261696500845,-1.8,-0.0568138622886495,-0.486087746197917,-2.66511532175889e-06,10.6262825785505,14.3633001303052,11.2691408918605,13.7204418169952,1
0.239265047726976,0.372225372410911,-0.0393768094673944,-0.239261744059837,-1.8,-0.0569138539720687,-0.486033723475036,-2.6662302818238e-06,10.6262953267628,14.3633058482874,11.2691515182409,13.7204496568094,1
0.239265047726976,0.372225824742882,-0.039376818661486,-0.239261790923645,-1.8,-0.0570134937479648,-0.485979890596705,-2.66732176136153e-06,10.6263080340779,14.3633115522241,11.2691621118503,13.7204574744516,1
0.239265047726976,0.372226275712931,-0.0393768277346003,-0.23926183710473,-1.8,-0.0571127828597144,-0.485926246887923,-2.66839028505071e-06,10.6263207008494,14.3633172422009,11.2691726729614,13.720465270089,1
0.239265047726976,0.372226725332007,-0.0393768366885499,-0.239261882615332,-1.8,-0.0572117225469705,-0.485872791675873,-2.66943636680463e-06,10.6263333274241,14.3633229183011,11.2691832018406,13.7204730438846,1
0.239265047726976,0.372227173610819,-0.0393768455251223,-0.239261927467479,-1.8,-0.0573103140456578,-0.485819524289915,-2.67046050997206e-06,10.6263459141413,14.3633285806055,11.2691936987489,13.7204807959979,1
0.239265047726976,0.372227620559843,-0.0393768542460803,-0.239261971672985,-1.8,-0.0574085585879682,-0.485766444061589,-2.67146320752266e-06,10.6263584613331,14.3633342291929,11.2692041639416,13.7204885265845,1
0.239265047726976,0.372228066189326,-0.0393768628531622,-0.239262015243458,-1.8,-0.0575064574023571,-0.485713550324611,-2.67244494223723e-06,10.626370969325,14.3633398641396,11.2692145976685,13.7204962357962,1
0.239265047726976,0.37222851050929,-0.0393768713480823,-0.239262058190303,-1.8,-0.0576040117135391,-0.485660842414868,-2.6734061868911e-06,10.6263834384356,14.36334548552,11.2692250001739,13.7205039237818,1
0.239265047726976,0.372228953529541,-0.0393768797325308,-0.239262100524723,-1.8,-0.0577012227424851,-0.485608319670422,-2.67434740443755e-06,10.6263958689768,14.3633510934063,11.2692353716972,13.720511590686,1
0.239265047726976,0.372229395259671,-0.0393768880081743,-0.239262142257721,-1.8,-0.0577980917064192,-0.485555981431503,-2.67526904818866e-06,10.6264082612542,14.3633566878687,11.2692457124724,13.7205192366506,1
0.239265047726976,0.372229835709065,-0.0393768961766562,-0.239262183400111,-1.8,-0.0578946198188155,-0.485503827040507,-2.67617156198806e-06,10.6264206155671,14.3633622689755,11.2692560227287,13.720526861814,1
0.239265047726976,0.372230274886905,-0.0393769042395967,-0.239262223962512,-1.8,-0.0579908082893962,-0.485451855841996,-2.67705538038949e-06,10.6264329322084,14.363367836793,11.2692663026902,13.7205344663112,1
0.239265047726976,0.372230712802173,-0.0393769121985932,-0.239262263955357,-1.8,-0.0580866583241292,-0.485400067182695,-2.67792092882429e-06,10.6264452114652,14.3633733913858,11.2692765525766,13.7205420502744,1
0.239265047726976,0.372231149463658,-0.0393769200552206,-0.239262303388893,-1.8,-0.058182171125226,-0.485348460411486,-2.67876862377633e-06,10.6264574536186,14.3633789328164,11.2692867726025,13.7205496138325,1
0.239265047726976,0.37223158487996,-0.0393769278110316,-0.239262342273187,-1.8,-0.0582773478911405,-0.485297034879411,-2.67959887294124e-06,10.6264696589439,14.3633844611459,11.2692969629783,13.7205571571116,1
0.239265047726976,0.372232019059495,-0.0393769354675566,-0.239262380618126,-1.8,-0.0583721898165677,-0.485245789939663,-2.68041207539324e-06,10.626481827711,14.3633899764335,11.2693071239097,13.7205646802348,1
0.239265047726976,0.372232452010498,-0.0393769430263047,-0.239262418433423,-1.8,-0.0584666980924425,-0.48519472494759,-2.68120862174935e-06,10.626493960184,14.3633954787368,11.2693172555984,13.7205721833224,1
0.239265047726976,0.372232883741028,-0.0393769504887631,-0.239262455728618,-1.8,-0.0585608739059388,-0.485143839260686,-2.68198889432239e-06,10.6265060566216,14.3634009681118,11.2693273582414,13.720579666492,1
0.239265047726976,0.372233314258971,-0.039376957856398,-0.23926249251308,-1.8,-0.0586547184404698,-0.485093132238591,-2.68275326728167e-06,10.6265181172775,14.3634064446129,11.269337432032,13.7205871298584,1
0.239265047726976,0.372233743572046,-0.0393769651306547,-0.239262528796012,-1.8,-0.0587482328756868,-0.485042603243089,-2.68350210680395e-06,10.6265301424001,14.363411908293,11.2693474771593,13.7205945735339,1
0.239265047726976,0.372234171687809,-0.0393769723129575,-0.239262564586453,-1.8,-0.0588414183874801,-0.484992251638103,-2.68423577122564e-06,10.6265421322328,14.3634173592037,11.2693574938082,13.7206019976283,1
0.239265047726976,0.372234598613654,-0.0393769794047106,-0.239262599893282,-1.8,-0.0589342761479789,-0.484942076789692,-2.68495461119274e-06,10.6265540870139,14.3634227973949,11.2693674821601,13.7206094022487,1
0.239265047726976,0.372235024356821,-0.0393769864072976,-0.239262634725217,-1.8,-0.059026807325552,-0.484892078066048,-2.68565896980583e-06,10.6265660069771,14.3634282229153,11.2693774423925,13.7206167875,1
0.239265047726976,0.372235448924396,-0.0393769933220826,-0.239262669090821,-1.8,-0.0591190130848086,-0.484842254837492,-2.68634918276448e-06,10.6265778923515,14.3634336358122,11.2693873746792,13.7206241534846,1
0.239265047726976,0.372235872323315,-0.0393770001504096,-0.239262702998506,-1.8,-0.0592108945865993,-0.484792606476475,-2.68702557851e-06,10.6265897433613,14.3634390361317,11.2693972791903,13.7206315003027,1
0.239265047726976,0.372236294560372,-0.0393770068936033,-0.23926273645653,-1.8,-0.0593024529880175,-0.484743132357568,-2.68768847836335e-06,10.6266015602264,14.3634444239184,11.2694071560927,13.7206388280521,1
0.239265047726976,0.372236715642217,-0.0393770135529691,-0.239262769473006,-1.8,-0.059393689442401,-0.484693831857461,-2.68833819666412e-06,10.6266133431624,14.3634497992159,11.2694170055496,13.7206461368287,1
0.239265047726976,0.372237135575361,-0.0393770201297935,-0.239262802055898,-1.8,-0.0594846050993334,-0.484644704354963,-2.68897504090419e-06,10.6266250923803,14.3634551620666,11.269426827721,13.720653426726,1
0.239265047726976,0.372237554366182,-0.0393770266253443,-0.23926283421303,-1.8,-0.0595752011046466,-0.484595749230994,-2.68959931185976e-06,10.6266368080873,14.3634605125116,11.2694366227634,13.7206606978354,1
0.239265047726976,0.372237972020923,-0.0393770330408707,-0.239262865952084,-1.8,-0.0596654786004226,-0.484546965868582,-2.69021130372352e-06,10.6266484904861,14.3634658505909,11.2694463908305,13.7206679502466,1
0.239265047726976,0.372238388545703,-0.0393770393776036,-0.239262897280604,-1.8,-0.059755438724996,-0.484498353652862,-2.69081130423379e-06,10.6266601397759,14.3634711763437,11.2694561320725,13.7206751840471,1
0.239265047726976,0.37223880394651,-0.0393770456367559,-0.239262928205998,-1.8,-0.0598450826129569,-0.484449911971067,-2.69139959479675e-06,10.6266717561515,14.3634764898078,11.2694658466368,13.7206823993225,1
0.239265047726976,0.372239218229213,-0.0393770518195228,-0.23926295873554,-1.8,-0.0599344113951533,-0.48440164021253,-2.69197645061595e-06,10.6266833398041,14.3634817910201,11.2694755346678,13.7206895961564,1
0.239265047726976,0.372239631399561,-0.0393770579270817,-0.239262988876375,-1.8,-0.0600234261986945,-0.484353537768678,-2.69254214080956e-06,10.6266948909213,14.3634870800165,11.2694851963069,13.720696774631,1
0.239265047726976,0.372240043463186,-0.0393770639605928,-0.239263018635516,-1.8,-0.0601121281469541,-0.484305604033026,-2.69309692853267e-06,10.6267064096868,14.3634923568322,11.2694948316928,13.7207039348262,1
0.239265047726976,0.372240454425606,-0.0393770699211992,-0.239263048019851,-1.8,-0.0602005183595734,-0.484257838401174,-2.69364107109468e-06,10.6267178962809,14.363497621501,11.2695044409614,13.7207110768207,1
0.239265047726976,0.372240864292227,-0.0393770758100269,-0.239263077036143,-1.8,-0.0602885979524654,-0.484210240270805,-2.69417482007436e-06,10.6267293508804,14.3635028740563,11.2695140242457,13.720718200691,1
0.239265047726976,0.372241273068348,-0.0393770816281855,-0.239263105691031,-1.8,-0.060376368037818,-0.484162809041679,-2.69469842143724e-06,10.6267407736586,14.3635081145302,11.2695235816765,13.7207253065124,1
0.239265047726976,0.372241680759162,-0.0393770873767678,-0.239263133991036,-1.8,-0.0604638297240986,-0.484115544115628,-2.69521211564317e-06,10.6267521647857,14.3635133429542,11.2695331133816,13.7207323943584,1
0.239265047726976,0.37224208736976,-0.0393770930568506,-0.239263161942561,-1.8,-0.0605509841160579,-0.484068444896555,-2.6957161377585e-06,10.6267635244283,14.3635185593591,11.2695426194865,13.7207394643009,1
0.239265047726976,0.372242492905129,-0.0393770986694945,-0.239263189551889,-1.8,-0.060637832314734,-0.484021510790426,-2.69621071756366e-06,10.6267748527502,14.3635237637745,11.2695521001143,13.7207465164104,1
0.239265047726976,0.372242897370162,-0.0393771042157444,-0.239263216825193,-1.8,-0.0607243754174577,-0.483974741205268,-2.69669607965962e-06,10.6267861499119,14.3635289562298,11.2695615553857,13.720753550756,1
0.239265047726976,0.372243300769654,-0.0393771096966294,-0.239263243768532,-1.8,-0.0608106145178562,-0.483928135551163,-2.69717244357333e-06,10.6267974160709,14.3635341367531,11.2695709854189,13.7207605674051,1
0.239265047726976,0.372243703108307,-0.0393771151131635,-0.239263270387853,-1.8,-0.0608965507058589,-0.483881693240246,-2.69764002385649e-06,10.6268086513818,14.3635393053722,11.26958039033,13.7207675664241,1
0.239265047726976,0.372244104390732,-0.0393771204663451,-0.239263296688998,-1.8,-0.0609821850677014,-0.483835413686699,-2.69809903019195e-06,10.6268198559963,14.3635444621141,11.2695897702328,13.7207745478776,1
0.239265047726976,0.372244504621452,-0.0393771257571578,-0.2392633226777,-1.8,-0.0610675186859317,-0.483789296306746,-2.69854966748842e-06,10.6268310300633,14.363549607005,11.269599125239,13.7207815118293,1
0.239265047726976,0.372244903804902,-0.0393771309865705,-0.239263348359588,-1.8,-0.0611525526394144,-0.483743340518649,-2.69899213597883e-06,10.6268421737288,14.3635547400706,11.2696084554581,13.7207884583413,1
0.239265047726976,0.372245301945433,-0.0393771361555372,-0.239263373740188,-1.8,-0.0612372880033372,-0.483697545742705,-2.6994266313169e-06,10.6268532871363,14.363559861336,11.2696177609977,13.7207953874746,1
0.239265047726976,0.372245699047316,-0.0393771412649978,-0.239263398824925,-1.8,-0.0613217258492159,-0.483651911401238,-2.69985334466966e-06,10.6268643704267,14.3635649708256,11.2696270419632,13.7208022992891,1
0.239265047726976,0.372246095114739,-0.0393771463158777,-0.239263423619125,-1.8,-0.0614058672448999,-0.483606436918597,-2.70027246280935e-06,10.6268754237381,14.3635700685632,11.2696362984582,13.7208091938432,1
0.239265047726976,0.372246490151813,-0.0393771513090884,-0.239263448128017,-1.8,-0.0614897132545789,-0.483561121721151,-2.70068416820436e-06,10.6268864472064,14.3635751545723,11.2696455305843,13.7208160711944,1
0.239265047726976,0.372246884162572,-0.0393771562455277,-0.239263472356732,-1.8,-0.0615732649387883,-0.483515965237284,-2.70108863910935e-06,10.6268974409647,14.3635802288755,11.2696547384412,13.7208229313991,1
0.239265047726976,0.372247277150976,-0.0393771611260795,-0.239263496310309,-1.8,-0.0616565233544155,-0.483470966897389,-2.70148604965073e-06,10.6269084051441,14.3635852914952,11.2696639221269,13.7208297745124,1
0.239265047726976,0.372247669120914,-0.0393771659516145,-0.239263519993694,-1.8,-0.0617394895547061,-0.483426126133865,-2.70187656991187e-06,10.6269193398731,14.3635903424531,11.2696730817375,13.7208366005887,1
0.239265047726976,0.372248060076203,-0.0393771707229898,-0.23926354341174,-1.8,-0.0618221645892704,-0.483381442381111,-2.70226036601935e-06,10.6269302452781,14.3635953817704,11.2696822173676,13.7208434096809,1
0.239265047726976,0.372248450020591,-0.0393771754410497,-0.239263566569214,-1.8,-0.0619045495040901,-0.483336915075522,-2.70263760022508e-06,10.626941121483,14.363600409468,11.2696913291097,13.7208502018414,1
0.239265047726976,0.372248838957759,-0.0393771801066255,-0.239263589470793,-1.8,-0.0619866453415247,-0.483292543655484,-2.70300843098486e-06,10.62695196861,14.3636054255662,11.269700417055,13.7208569771212,1
0.239265047726976,0.372249226891323,-0.0393771847205357,-0.239263612121069,-1.8,-0.062068453140318,-0.483248327561368,-2.70337301303974e-06,10.6269627867787,14.3636104300851,11.2697094812931,13.7208637355706,1
0.239265047726976,0.372249613824836,-0.0393771892835863,-0.239263634524547,-1.8,-0.0621499739356059,-0.483204266235526,-2.70373149749622e-06,10.6269735761069,14.363615423044,11.2697185219119,13.720870477239,1
0.239265047726976,0.372249999761788,-0.0393771937965709,-0.239263656685653,-1.8,-0.0622312087589224,-0.483160359122286,-2.70408403189718e-06,10.6269843367103,14.3636204044621,11.2697275389977,13.7208772021748,1
0.239265047726976,0.372250384705609,-0.0393771982602708,-0.239263678608726,-1.8,-0.0623121586382071,-0.483116605667945,-2.70443076030367e-06,10.6269950687028,14.3636253743582,11.2697365326355,13.7208839104255,1
0.239265047726976,0.37225076865967,-0.0393772026754554,-0.239263700298029,-1.8,-0.0623928245978128,-0.483073005320769,-2.70477182336357e-06,10.6270057721962,14.3636303327506,11.2697455029088,13.720890602038,1
0.239265047726976,0.372251151627284,-0.0393772070428822,-0.239263721757745,-1.8,-0.062473207658512,-0.483029557530981,-2.70510735838811e-06,10.6270164473004,14.3636352796574,11.2697544498997,13.7208972770581,1
0.239265047726976,0.37225153361171,-0.0393772113632968,-0.239263742991978,-1.8,-0.062553308837505,-0.482986261750763,-2.70543749941914e-06,10.6270270941236,14.3636402150962,11.2697633736887,13.720903935531,1
0.239265047726976,0.37225191461615,-0.0393772156374335,-0.239263764004757,-1.8,-0.0626331291484271,-0.482943117434244,-2.70576237730215e-06,10.6270377127721,14.3636451390843,11.2697722743554,13.720910577501,1
0.239265047726976,0.372252294643755,-0.0393772198660151,-0.239263784800037,-1.8,-0.0627126696013562,-0.4829001240375,-2.7060821197521e-06,10.6270483033506,14.3636500516389,11.2697811519776,13.7209172030118,1
0.239265047726976,0.372252673697624,-0.0393772240497533,-0.239263805381698,-1.8,-0.0627919312028209,-0.482857281018547,-2.70639685142204e-06,10.6270588659619,14.3636549527766,11.2697900066323,13.7209238121062,1
0.239265047726976,0.372253051780805,-0.0393772281893484,-0.239263825753549,-1.8,-0.0628709149558074,-0.482814587837335,-2.7067066939693e-06,10.6270694007074,14.3636598425138,11.2697988383949,13.7209304048264,1
0.239265047726976,0.372253428896297,-0.0393772322854901,-0.239263845919328,-1.8,-0.0629496218597685,-0.482772043955745,-2.70701176611786e-06,10.6270799076867,14.3636647208669,11.2698076473396,13.720936981214,1
0.239265047726976,0.372253805047054,-0.0393772363388573,-0.239263865882703,-1.8,-0.0630280529106308,-0.482729648837579,-2.70731218372591e-06,10.6270903869978,14.3636695878516,11.2698164335398,13.7209435413097,1
0.239265047726976,0.372254180235979,-0.0393772403501183,-0.239263885647273,-1.8,-0.0631062091008028,-0.482687401948563,-2.70760805984272e-06,10.6271008387373,14.3636744434837,11.2698251970673,13.7209500851538,1
0.239265047726976,0.372254554465934,-0.0393772443199308,-0.239263905216571,-1.8,-0.0631840914191835,-0.482645302756332,-2.70789950477288e-06,10.6271112630002,14.3636792877785,11.2698339379929,13.7209566127858,1
0.239265047726976,0.372254927739735,-0.0393772482489424,-0.239263924594064,-1.8,-0.0632617008511701,-0.482603350730432,-2.70818662613662e-06,10.6271216598801,14.3636841207513,11.2698426563866,13.7209631242447,1
0.239265047726976,0.372255300060155,-0.0393772521377904,-0.239263943783154,-1.8,-0.0633390383786664,-0.482561545342312,-2.70846952892786e-06,10.627132029469,14.3636889424169,11.269851352317,13.7209696195689,1
0.239265047726976,0.372255671429927,-0.0393772559871022,-0.239263962787179,-1.8,-0.0634161049800917,-0.482519886065317,-2.70874831556935e-06,10.6271423718578,14.3636937527903,11.2698600258518,13.7209760987962,1
0.239265047726976,0.372256041851742,-0.0393772597974952,-0.239263981609416,-1.8,-0.0634929016303884,-0.482478372374687,-2.70902308597188e-06,10.6271526871357,14.3636985518858,11.2698686770577,13.7209825619639,1
0.239265047726976,0.372256411328252,-0.0393772635695772,-0.239264000253078,-1.8,-0.0635694293010309,-0.482437003747547,-2.70929393759019e-06,10.6271629753909,14.363703339718,11.2698773060003,13.7209890091087,1
0.239265047726976,0.372256779862072,-0.0393772673039464,-0.23926401872132,-1.8,-0.0636456889600343,-0.482395779662903,-2.70956096547262e-06,10.6271732367102,14.363708116301,11.2698859127444,13.7209954402667,1
0.239265047726976,0.372257147455776,-0.0393772710011915,-0.239264037017236,-1.8,-0.063721681571963,-0.482354699601639,-2.70982426231923e-06,10.6271834711789,14.3637128816488,11.2698944973539,13.7210018554738,1
0.239265047726976,0.372257514111907,-0.0393772746618919,-0.239264055143865,-1.8,-0.063797408097939,-0.482313763046509,-2.71008391853318e-06,10.6271936788814,14.3637176357752,11.2699030598916,13.721008254765,1
0.239265047726976,0.372257879832967,-0.0393772782866179,-0.239264073104186,-1.8,-0.0638728694956513,-0.482272969482133,-2.71034002226752e-06,10.6272038599007,14.363722378694,11.2699116004195,13.7210146381753,1
0.239265047726976,0.372258244621429,-0.0393772818759307,-0.239264090901122,-1.8,-0.0639480667193641,-0.482232318394987,-2.71059265948087e-06,10.6272140143187,14.3637271104188,11.2699201189988,13.7210210057387,1
0.239265047726976,0.372258608479729,-0.0393772854303826,-0.239264108537543,-1.8,-0.0640230007199262,-0.482191809273407,-2.71084191398489e-06,10.6272241422163,14.3637318309629,11.2699286156899,13.7210273574893,1
0.239265047726976,0.372258971410271,-0.0393772889505172,-0.239264126016263,-1.8,-0.0640976724447797,-0.482151441607575,-2.7110878674889e-06,10.627234243673,14.3637365403397,11.2699370905523,13.7210336934604,1
0.239265047726976,0.37225933341543,-0.0393772924368693,-0.239264143340045,-1.8,-0.0641720828379687,-0.482111214889514,-2.71133059965186e-06,10.6272443187674,14.3637412385623,11.2699455436446,13.7210400136851,1
0.239265047726976,0.372259694497547,-0.0393772958899652,-0.239264160511597,-1.8,-0.0642462328401491,-0.48207112861309,-2.71157018812545e-06,10.6272543675771,14.3637459256437,11.2699539750249,13.7210463181959,1
0.239265047726976,0.372260054658934,-0.039377299310323,-0.239264177533578,-1.8,-0.064320123388597,-0.482031182273996,-2.71180670860217e-06,10.6272643901785,14.363750601597,11.2699623847504,13.721052607025,1
0.239265047726976,0.372260413901876,-0.0393773026984524,-0.239264194408596,-1.8,-0.0643937554172181,-0.481991375369756,-2.71204023485517e-06,10.627274386647,14.3637552664349,11.2699707728776,13.7210588802044,1
0.239265047726976,0.372260772228629,-0.0393773060548548,-0.239264211139211,-1.8,-0.0644671298565568,-0.481951707399713,-2.71227083878721e-06,10.6272843570573,14.3637599201702,11.2699791394621,13.7210651377654,1
0.239265047726976,0.372261129641419,-0.0393773093800238,-0.239264227727933,-1.8,-0.0645402476338056,-0.481912177865025,-2.71249859046947e-06,10.6272943014828,14.3637645628157,11.2699874845592,13.7210713797393,1
0.239265047726976,0.372261486142449,-0.039377312674445,-0.239264244177224,-1.8,-0.0646131096728145,-0.481872786268663,-2.71272355818427e-06,10.6273042199962,14.3637691943838,11.2699958082232,13.7210776061568,1
0.239265047726976,0.372261841733894,-0.0393773159385961,-0.239264260489502,-1.8,-0.0646857168940997,-0.4818335321154,-2.71294580846762e-06,10.6273141126692,14.363773814887,11.2700041105079,13.7210838170483,1
0.239265047726976,0.372262196417906,-0.0393773191729474,-0.239264276667135,-1.8,-0.0647580702148537,-0.481794414911809,-2.7131654061468e-06,10.6273239795726,14.3637784243379,11.2700123914664,13.7210900124441,1
0.239265047726976,0.372262550196609,-0.0393773223779613,-0.23926429271245,-1.8,-0.0648301705489542,-0.481755434166255,-2.7133824143815e-06,10.6273338207764,14.3637830227488,11.2700206511513,13.721096192374,1
0.239265047726976,0.372262903072106,-0.039377325554093,-0.239264308627727,-1.8,-0.064902018806974,-0.481716589388893,-2.71359689469928e-06,10.6273436363498,14.363787610132,11.2700288896144,13.7211023568674,1
0.239265047726976,0.372263255046478,-0.0393773287017902,-0.239264324415205,-1.8,-0.0649736158961898,-0.481677880091659,-2.71380890703959e-06,10.6273534263611,14.3637921864997,11.270037106907,13.7211085059538,1
0.239265047726976,0.372263606121781,-0.0393773318214935,-0.239264340077078,-1.8,-0.0650449627205924,-0.481639305788265,-2.71401850978363e-06,10.6273631908779,14.3637967518642,11.27004530308,13.7211146396621,1
0.239265047726976,0.37226395630005,-0.0393773349136362,-0.2392643556155,-1.8,-0.0651160601808958,-0.481600865994196,-2.71422575979472e-06,10.6273729299668,14.3638013062377,11.2700534781836,13.721120758021,1
0.239265047726976,0.372264305583301,-0.0393773379786448,-0.239264371032583,-1.8,-0.065186909174547,-0.481562560226701,-2.71443071245212e-06,10.627382643694,14.3638058496323,11.2700616322674,13.7211268610589,1
0.239265047726976,0.372264653973527,-0.0393773410169388,-0.239264386330399,-1.8,-0.0652575105957354,-0.481524388004787,-2.71463342168668e-06,10.6273923321247,14.3638103820601,11.2700697653806,13.7211329488042,1
0.239265047726976,0.372265001472703,-0.0393773440289308,-0.23926440151098,-1.8,-0.0653278653354028,-0.48148634884922,-2.71483394001361e-06,10.6274019953234,14.3638149035331,11.2700778775718,13.7211390212848,1
0.239265047726976,0.372265348082784,-0.0393773470150268,-0.23926441657632,-1.8,-0.0653979742812526,-0.48144844228251,-2.71503231856689e-06,10.6274116333541,14.3638194140634,11.2700859688892,13.7211450785284,1
0.239265047726976,0.372265693805706,-0.0393773499756261,-0.239264431528375,-1.8,-0.0654678383177597,-0.481410667828912,-2.71522860713109e-06,10.62742124628,14.3638239136631,11.2700940393805,13.7211511205626,1
0.239265047726976,0.372266038643388,-0.0393773529111217,-0.239264446369061,-1.8,-0.0655374583261804,-0.481373025014417,-2.71542285417291e-06,10.6274308341635,14.3638284023441,11.2701020890929,13.7211571474148,1
0.239265047726976,0.37226638259773,-0.0393773558219,-0.239264461100261,-1.8,-0.0656068351845617,-0.48133551336675,-2.71561510687305e-06,10.6274403970667,14.3638328801185,11.2701101180733,13.721163159112,1
0.239265047726976,0.372266725670617,-0.0393773587083411,-0.23926447572382,-1.8,-0.0656759697677515,-0.481298132415361,-2.71580541115671e-06,10.6274499350507,14.3638373469982,11.2701181263678,13.7211691556812,1
0.239265047726976,0.372267067863916,-0.039377361570819,-0.239264490241547,-1.8,-0.0657448629474081,-0.481260881691419,-2.71599381172528e-06,10.6274594481763,14.3638418029952,11.2701261140225,13.7211751371491,1
0.239265047726976,0.372267409179477,-0.0393773644097015,-0.239264504655217,-1.8,-0.06581351559201,-0.481223760727809,-2.71618035208134e-06,10.6274689365036,14.3638462481216,11.2701340810828,13.7211811035423,1
0.239265047726976,0.372267749619138,-0.0393773672253504,-0.239264518966571,-1.8,-0.0658819285668659,-0.481186769059126,-2.71636507456014e-06,10.6274784000919,14.3638506823892,11.2701420275939,13.7211870548872,1
0.239265047726976,0.372268089184719,-0.0393773700181216,-0.239264533177316,-1.8,-0.0659501027341244,-0.481149906221667,-2.716548020359e-06,10.6274878390004,14.3638551058101,11.2701499536004,13.7211929912101,1
0.239265047726976,0.372268427878027,-0.0393773727883652,-0.239264547289128,-1.8,-0.0660180389527838,-0.481113171753429,-2.71672922956165e-06,10.6274972532873,14.3638595183962,11.2701578591467,13.7211989125368,1
0.239265047726976,0.372268765700854,-0.0393773755364253,-0.239264561303647,-1.8,-0.066085738078702,-0.481076565194098,-2.71690874116562e-06,10.6275066430106,14.3638639201597,11.2701657442769,13.7212048188935,1
0.239265047726976,0.372269102654979,-0.0393773782626406,-0.239264575222485,-1.8,-0.0661532009646067,-0.481040086085051,-2.71708659311149e-06,10.6275160082277,14.3638683111124,11.2701736090344,13.7212107103057,1
0.239265047726976,0.372269438742167,-0.0393773809673442,-0.239264589047221,-1.8,-0.0662204284601045,-0.481003733969342,-2.71726282230428e-06,10.6275253489954,14.3638726912664,11.2701814534626,13.7212165867993,1
0.239265047726976,0.372269773964171,-0.0393773836508636,-0.239264602779404,-1.8,-0.0662874214116919,-0.480967508391704,-2.71743746464351e-06,10.62753466537,14.3638770606339,11.2701892776044,13.7212224483995,1
0.239265047726976,0.372270108322731,-0.0393773863135209,-0.239264616420553,-1.8,-0.066354180662764,-0.480931408898537,-2.71761055504276e-06,10.6275439574075,14.3638814192268,11.2701970815024,13.7212282951319,1
0.239265047726976,0.372270441819577,-0.039377388955633,-0.239264629972158,-1.8,-0.0664207070536255,-0.480895435037907,-2.71778212745868e-06,10.6275532251633,14.3638857670573,11.270204865199,13.7212341270216,1
0.239265047726976,0.372270774456425,-0.0393773915775114,-0.23926464343568,-1.8,-0.0664870014215,-0.480859586359538,-2.71795221491116e-06,10.6275624686924,14.3638901041374,11.2702126287362,13.7212399440938,1
0.239265047726976,0.37227110623498,-0.0393773941794626,-0.23926465681255,-1.8,-0.06655306460054,-0.480823862414807,-2.71812084950612e-06,10.6275716880494,14.3638944304795,11.2702203721556,13.7212457463734,1
0.239265047726976,0.372271437156938,-0.0393773967617879,-0.239264670104174,-1.8,-0.0666188974218371,-0.480788262756739,-2.7182880624601e-06,10.6275808832885,14.3638987460956,11.2702280954987,13.7212515338853,1
0.239265047726976,0.372271767223984,-0.0393773993247836,-0.239264683311929,-1.8,-0.0666845007134318,-0.48075278694,-2.71845388412239e-06,10.6275900544632,14.3639030509979,11.2702357988067,13.7212573066544,1
0.239265047726976,0.37227209643779,-0.0393774018687413,-0.239264696437166,-1.8,-0.0667498753003233,-0.480717434520893,-2.71861834399557e-06,10.627599201627,14.3639073451987,11.2702434821204,13.7212630647053,1
0.239265047726976,0.372272424800023,-0.0393774043939473,-0.23926470948121,-1.8,-0.0668150220044799,-0.480682205057351,-2.71878147075657e-06,10.6276083248328,14.3639116287104,11.2702511454805,13.7212688080627,1
0.239265047726976,0.372272752312337,-0.0393774069006837,-0.239264722445358,-1.8,-0.0668799416448485,-0.480647098108933,-2.71894329227716e-06,10.6276174241331,14.3639159015452,11.2702587889273,13.7212745367511,1
0.239265047726976,0.372273078976377,-0.0393774093892274,-0.239264735330884,-1.8,-0.0669446350373647,-0.480612113236816,-2.71910383564609e-06,10.6276264995802,14.3639201637156,11.270266412501,13.7212802507948,1
0.239265047726976,0.372273404793783,-0.0393774118598509,-0.239264748139038,-1.8,-0.067009102994963,-0.480577250003793,-2.71926312718617e-06,10.6276355512259,14.3639244152338,11.2702740162414,13.7212859502183,1
0.239265047726976,0.372273729766181,-0.0393774143128223,-0.239264760871043,-1.8,-0.0670733463275864,-0.480542507974265,-2.71942119247611e-06,10.6276445791216,14.3639286561125,11.2702816001883,13.7212916350459,1
0.239265047726976,0.372274053895193,-0.0393774167484049,-0.239264773528099,-1.8,-0.0671373658421968,-0.480507886714233,-2.7195780563664e-06,10.6276535833186,14.363932886364,11.270289164381,13.7212973053016,1
0.239265047726976,0.372274377182431,-0.0393774191668579,-0.239264786111384,-1.8,-0.0672011623427846,-0.480473385791299,-2.71973374300075e-06,10.6276625638677,14.363937106001,11.2702967088589,13.7213029610098,1
0.239265047726976,0.3722746996295,-0.0393774215684358,-0.239264798622051,-1.8,-0.0672647366303787,-0.480439004774655,-2.71988827583283e-06,10.6276715208194,14.363941315036,11.2703042336609,13.7213086021945,1
0.239265047726976,0.372275021237998,-0.0393774239533893,-0.239264811061233,-1.8,-0.0673280895030567,-0.480404743235079,-2.72004167764388e-06,10.6276804542238,14.3639455134817,11.2703117388259,13.7213142288796,1
0.239265047726976,0.372275342009515,-0.0393774263219644,-0.239264823430037,-1.8,-0.0673912217559548,-0.480370600744931,-2.72019397055932e-06,10.627689364131,14.3639497013508,11.2703192243926,13.7213198410892,1
0.239265047726976,0.372275661945636,-0.0393774286744034,-0.239264835729551,-1.8,-0.0674541341812775,-0.480336576878145,-2.72034517606849e-06,10.6276982505904,14.363953878656,11.2703266903993,13.7213254388471,1
0.239265047726976,0.372275981047936,-0.0393774310109443,-0.239264847960842,-1.8,-0.0675168275683079,-0.480302671210223,-2.7204953150377e-06,10.6277071136515,14.3639580454101,11.2703341368844,13.7213310221773,1
0.239265047726976,0.372276299317987,-0.039377433331821,-0.239264860124956,-1.8,-0.0675793027034172,-0.480268883318236,-2.72064440772644e-06,10.6277159533634,14.363962201626,11.2703415638859,13.7213365911035,1
0.239265047726976,0.372276616757354,-0.0393774356372637,-0.239264872222915,-1.8,-0.0676415603700754,-0.480235212780809,-2.72079247380665e-06,10.6277247697747,14.3639663473166,11.2703489714418,13.7213421456495,1
0.239265047726976,0.372276933367595,-0.0393774379274986,-0.239264884255726,-1.8,-0.0677036013488604,-0.480201659178122,-2.72093953237453e-06,10.6277335629341,14.3639704824949,11.2703563595899,13.7213476858391,1
0.239265047726976,0.372277249150263,-0.0393774402027481,-0.239264896224374,-1.8,-0.0677654264174684,-0.480168222091903,-2.72108560196811e-06,10.6277423328899,14.3639746071738,11.2703637283677,13.7213532116959,1
0.239265047726976,0.372277564106907,-0.0393774424632308,-0.239264908129822,-1.8,-0.0678270363507238,-0.480134901105421,-2.72123070057861e-06,10.62775107969,14.3639787213664,11.2703710778128,13.7213587232437,1
0.239265047726976,0.372277878239068,-0.0393774447091616,-0.239264919973019,-1.8,-0.0678884319205888,-0.480101695803484,-2.72137484566927e-06,10.6277598033824,14.363982825086,11.2703784079624,13.721364220506,1
0.239265047726976,0.372278191548284,-0.0393774469407519,-0.239264931754892,-1.8,-0.0679496138961739,-0.480068605772428,-2.72151805418693e-06,10.6277685040146,14.3639869183456,11.2703857188538,13.7213697035064,1
0.239265047726976,0.372278504036088,-0.0393774491582093,-0.23926494347635,-1.8,-0.0680105830437472,-0.480035630600118,-2.72166034257329e-06,10.6277771816339,14.3639910011586,11.2703930105239,13.7213751722686,1
0.239265047726976,0.372278815704007,-0.039377451361738,-0.239264955138284,-1.8,-0.0680713401267445,-0.480002769875938,-2.72180172678568e-06,10.6277858362876,14.3639950735382,11.2704002830098,13.7213806268161,1
0.239265047726976,0.372279126553566,-0.0393774535515388,-0.23926496674157,-1.8,-0.0681318859057793,-0.479970023190787,-2.72194222230013e-06,10.6277944680226,14.3639991354978,11.2704075363481,13.7213860671724,1
0.239265047726976,0.372279436586283,-0.039377455727809,-0.239264978287063,-1.8,-0.0681922211386524,-0.479937390137073,-2.72208184413285e-06,10.6278030768856,14.3640031870509,11.2704147705755,13.721391493361,1
0.239265047726976,0.372279745803674,-0.0393774578907425,-0.239264989775604,-1.8,-0.0682523465803621,-0.479904870308711,-2.72222060684754e-06,10.6278116629232,14.3640072282109,11.2704219857287,13.7213969054055,1
0.239265047726976,0.37228005420725,-0.03937746004053,-0.239265001208015,-1.8,-0.0683122629831137,-0.479872463301111,-2.72235852457053e-06,10.6278202261817,14.3640112589915,11.2704291818439,13.7214023033292,1
0.239265047726976,0.372280361798519,-0.0393774621773589,-0.239265012585103,-1.8,-0.0683719710963296,-0.479840168711178,-2.72249561100034e-06,10.6278287667074,14.3640152794061,11.2704363589576,13.7214076871558,1
0.239265047726976,0.372280668578985,-0.0393774643014134,-0.23926502390766,-1.8,-0.0684314716666588,-0.479807986137307,-2.72263187942215e-06,10.6278372845461,14.3640192894685,11.270443517106,13.7214130569086,1
0.239265047726976,0.372280974550147,-0.0393774664128746,-0.239265035176459,-1.8,-0.0684907654379871,-0.479775915179373,-2.72276734271522e-06,10.6278457797438,14.3640232891925,11.2704506563252,13.7214184126111,1
0.239265047726976,0.372281279713504,-0.0393774685119204,-0.239265046392262,-1.8,-0.0685498531514466,-0.47974395543873,-2.72290201336732e-06,10.6278542523462,14.3640272785918,11.2704577766512,13.7214237542868,1
0.239265047726976,0.37228158407055,-0.0393774705987259,-0.239265057555812,-1.8,-0.0686087355454254,-0.479712106518202,-2.72303590348448e-06,10.6278627023986,14.3640312576803,11.27046487812,13.721429081959,1
0.239265047726976,0.372281887622775,-0.0393774726734628,-0.23926506866784,-1.8,-0.0686674133555777,-0.479680368022083,-2.72316902480168e-06,10.6278711299466,14.364035226472,11.2704719607673,13.7214343956513,1
0.239265047726976,0.372282190371669,-0.0393774747363002,-0.23926507972906,-1.8,-0.0687258873148331,-0.479648739556125,-2.72330138869233e-06,10.6278795350352,14.3640391849808,11.270479024629,13.721439695387,1
0.239265047726976,0.372282492318716,-0.0393774767874043,-0.239265090740175,-1.8,-0.0687841581534069,-0.479617220727539,-2.72343300617925e-06,10.6278879177095,14.3640431332208,11.2704860697408,13.7214449811896,1
0.239265047726976,0.372282793465399,-0.0393774788269381,-0.239265101701871,-1.8,-0.0688422265988092,-0.479585811144985,-2.72356388794551e-06,10.6278962780145,14.3640470712061,11.2704930961381,13.7214502530825,1
0.239265047726976,0.3722830938132,-0.0393774808550623,-0.239265112614821,-1.8,-0.0689000933758549,-0.479554510418568,-2.723694044341e-06,10.6279046159948,14.364050998951,11.2705001038567,13.7214555110892,1
0.239265047726976,0.372283393363595,-0.0393774828719344,-0.239265123479686,-1.8,-0.0689577592066734,-0.479523318159836,-2.72382348539372e-06,10.6279129316953,14.3640549164696,11.2705070929318,13.721460755233,1
0.239265047726976,0.372283692118062,-0.0393774848777094,-0.239265134297112,-1.8,-0.0690152248107182,-0.479492233981769,-2.72395222082076e-06,10.6279212251602,14.3640588237762,11.2705140633989,13.7214659855376,1
0.239265047726976,0.372283990078073,-0.0393774868725397,-0.239265145067734,-1.8,-0.0690724909047765,-0.47946125749878,-2.72408026003181e-06,10.6279294964342,14.3640627208854,11.2705210152933,13.7214712020262,1
0.239265047726976,0.372284287245101,-0.0393774888565748,-0.239265155792172,-1.8,-0.0691295582029787,-0.479430388326702,-2.72420761214425e-06,10.6279377455613,14.3640666078114,11.2705279486503,13.7214764047224,1
0.239265047726976,0.372284583620616,-0.039377490829962,-0.239265166471036,-1.8,-0.0691864274168085,-0.479399626082793,-2.72433428598842e-06,10.6279459725859,14.3640704845687,11.2705348635049,13.7214815936497,1
0.239265047726976,0.372284879206084,-0.0393774927928457,-0.239265177104922,-1.8,-0.0692430992551117,-0.47936897038572,-2.72446029011381e-06,10.6279541775518,14.3640743511721,11.2705417598925,13.7214867688314,1
0.239265047726976,0.372285174002974,-0.0393774947453679,-0.239265187694416,-1.8,-0.0692995744241058,-0.479338420855562,-2.72458563280285e-06,10.6279623605031,14.364078207636,11.270548637848,13.7214919302912,1
0.239265047726976,0.372285464290064,-0.0393774967990671,-0.239265199122636,-1.8,-0.0693558795434567,-0.479308024073835,-2.72472297653467e-06,10.6279704214861,14.3640820005818,11.2705554114231,13.7214970106448,1
0.239265047726976,0.37228573154568,-0.0393774995064159,-0.239265215761401,-1.8,-0.0694121438209034,-0.479278013224749,-2.7249348869964e-06,10.6279778629341,14.3640854644196,11.2705616528094,13.7215016745443,1
0.239265047726976,0.372285953728968,-0.0393775035154968,-0.23926524271735,-1.8,-0.0694685184148651,-0.479248665635207,-2.72529385874508e-06,10.6279840925106,14.3640882834205,11.2705668528543,13.7215055230769,1
0.239265047726976,0.372286109012197,-0.0393775094566375,-0.239265284930434,-1.8,-0.0695251499464842,-0.47922025570279,-2.72586928604353e-06,10.6279885233244,14.3640901453058,11.2705705072557,13.7215081613745,1
0.239265047726976,0.37228617578319,-0.0393775179426487,-0.239265347177185,-1.8,-0.06958218054348,-0.479193054896764,-2.72672753471069e-06,10.6279905740016,14.3640907412711,11.2705721166203,13.7215091986523,1
0.239265047726976,0.37228613264764,-0.0393775295690598,-0.239265434073924,-1.8,-0.0696397478869356,-0.479167331757603,-2.72793201184993e-06,10.6279896687562,14.3640897660091,11.2705711865191,13.7215082482462,1
0.239265047726976,0.37228595843135,-0.0393775449143531,-0.239265550079927,-1.8,-0.0696979852607507,-0.479143351895151,-2.72954323275816e-06,10.6279852374572,14.3640869177313,11.2705672275404,13.7215049276481,1
0.239265047726976,0.372285632182385,-0.0393775645401948,-0.239265699500522,-1.8,-0.0697570216035032,-0.479121377985582,-2.73161888442923e-06,10.627976715694,14.3640818981884,11.2705597553423,13.7214988585401,1
0.239265047726976,0.372285133173158,-0.0393775889916642,-0.239265886490139,-1.8,-0.0698169815624699,-0.479101669767244,-2.73421388510514e-06,10.6279635448393,14.3640744126902,11.2705482907018,13.7214896668277,1
0.239265047726976,0.372284440902457,-0.0393776187974802,-0.239266115055292,-1.8,-0.0698779855495669,-0.47908448403554,-2.73738043944487e-06,10.6279451721112,14.3640641701249,11.2705323595641,13.721476982672,1
0.239265047726976,0.372283535097421,-0.039377654470225,-0.239266389057503,-1.8,-0.0699401497989849,-0.479070074636942,-2.74116808891197e-06,10.6279210506323,14.3640508829775,11.2705114930895,13.7214604405204,1
0.239265047726976,0.372282395715477,-0.0393776965065652,-0.239266712216169,-1.8,-0.0700035864262914,-0.479058692462258,-2.74562375705837e-06,10.6278906394898,14.364034267348,11.2704852277003,13.7214396791375,1
0.239265047726976,0.372281002946236,-0.03937774538747,-0.239267088111357,-1.8,-0.070068403488796,-0.479050585439251,-2.75079178945282e-06,10.6278534037921,14.3640140429687,11.270453105126,13.7214143416349,1
0.239265047726976,0.372279337213374,-0.0393778015784262,-0.23926752018655,-1.8,-0.0701347050469717,-0.479045998524724,-2.7567139880274e-06,10.6278088147269,14.3639899332225,11.2704146724487,13.7213840755007,1
0.239265047726976,0.372277379176476,-0.0393778655296511,-0.239268011751313,-1.8,-0.0702025912267405,-0.479045173696156,-2.76342963970264e-06,10.6277563496167,14.3639616651594,11.2703694821472,13.7213485326289,1
0.239265047726976,0.372275109732881,-0.0393779376763014,-0.239268565983912,-1.8,-0.0702721582824391,-0.479048349942989,-2.77097553916418e-06,10.6276954919752,14.3639289695141,11.2703170921413,13.721307369348,1
0.239265047726976,0.372272510019506,-0.0393780184386797,-0.239269185933858,-1.8,-0.0703434986602883,-0.479055763257658,-2.77938600573789e-06,10.6276257315626,14.3638915807232,11.2702570658356,13.7212602464502,1
0.239265047726976,0.372269561414672,-0.0393781082224377,-0.239269874524395,-1.8,-0.0704167010621969,-0.479067646626442,-2.78869289431542e-06,10.6275465644413,14.3638492369422,11.2701889721634,13.7212068292201,1
0.239265047726976,0.372266245539931,-0.0393782074187764,-0.239270634554922,-1.8,-0.0704918505097435,-0.479084230020223,-2.79892560036964e-06,10.6274574930307,14.3638016800633,11.2701123856302,13.7211467874637,1
0.239265047726976,0.372262544261887,-0.039378316404643,-0.239271468703352,-1.8,-0.0705690284081804,-0.479105740385225,-2.81011105907063e-06,10.6273580261627,14.3637486557321,11.2700268863577,13.7210797955372,1
0.239265047726976,0.372258439694038,-0.0393784355429253,-0.239272379528412,-1.8,-0.070648312610321,-0.479132401633821,-2.8222737386019e-06,10.6272476791374,14.3636899133663,11.2699320601276,13.7210055323762,1
0.239265047726976,0.372253914198616,-0.0393785651826422,-0.239273369471883,-1.8,-0.070729777480167,-0.479164434635447,-2.83543562776805e-06,10.6271259737784,14.363625206173,11.269827498426,13.7209236815254,1
0.239265047726976,0.372248950388451,-0.0393787056591318,-0.239274440860772,-1.8,-0.0708134939561543,-0.479202057207731,-2.84961621802456e-06,10.6269924384886,14.3635542911668,11.2697127984876,13.7208339311679,1
0.239265047726976,0.372243531128839,-0.0393788572942361,-0.239275595909435,-1.8,-0.0708995296138899,-0.479245484107864,-2.86483248008681e-06,10.6268466083071,14.3634769291892,11.2695875633406,13.7207359741556,1
0.239265047726976,0.37223763953944,-0.039379020396483,-0.239276836721633,-1.8,-0.0709879487282652,-0.479294927024288,-2.88109883528668e-06,10.626688024965,14.3633928849263,11.2694514018521,13.7206295080392,1
0.239265047726976,0.372231258996181,-0.0393791952612649,-0.239278165292536,-1.8,-0.0710788123348389,-0.479350594568762,-2.89842712187642e-06,10.6265162369434,14.3633019269291,11.2693039287733,13.7205142350992,1
0.239265047726976,0.372224373133188,-0.0393793821710149,-0.23927958351067,-1.79998928979752,-0.0711721782903875,-0.479412692268845,-2.91682655648077e-06,10.62633079953,14.3632038276324,11.2691447647858,13.7203898623767,1
0.239265047726976,0.372216966486588,-0.0393795813760927,-0.23928109300864,-1.79996574355473,-0.0712681792451814,-0.479481380744858,-2.93630256994727e-06,10.6261312921176,14.3630983725836,11.2689735513723,13.7202561133288,1
0.239265047726976,0.372209024044408,-0.0393797931088066,-0.239282695275392,-1.7999291578963,-0.0713669595749651,-0.479556809521861,-2.95685827048873e-06,10.6259173061261,14.3629853539679,11.2687899404244,13.7201127196696,1
0.239265047726976,0.372200531143799,-0.0393800175868039,-0.23928439168374,-1.79987933303496,-0.0714686613476319,-0.479639124575957,-2.9784947681483e-06,10.6256884422504,14.3628645691235,11.2685935918704,13.7199594195035,1
0.239265047726976,0.372191473476723,-0.0393802550131494,-0.239286183491686,-1.79981607279885,-0.0715734243389889,-0.479728468347903,-3.00121123209546e-06,10.6254443106188,14.3627358206141,11.2683841738082,13.7197959574247,1
0.239265047726976,0.372181837095487,-0.0393805055764076,-0.239288071843736,-1.7997391846569,-0.0716813860491628,-0.479824979756485,-3.02500494820102e-06,10.6251845309478,14.3625989163003,11.2681613626351,13.719622084613,1
0.239265047726976,0.372171608418138,-0.0393807694507284,-0.239290057772219,-1.79964847974257,-0.0717926817195366,-0.479928794211731,-3.04987137676041e-06,10.6249087326936,14.3624536694078,11.2679248431735,13.7194375589279,1
0.239265047726976,0.372160774233704,-0.0393810467959356,-0.239292142198616,-1.79954377287581,-0.0719074443501135,-0.480040043628023,-3.07580421024013e-06,10.624616555198,14.3622998985947,11.2676743087939,13.7192421449989,1
0.239265047726976,0.372149321707283,-0.0393813377576193,-0.239294325934888,-1.79942488258356,-0.0720258047171979,-0.480158856437162,-3.10279543095313e-06,10.624307647832,14.3621374280155,11.2674094615335,13.719035614314,1
0.239265047726976,0.372137238384972,-0.0393816424672315,-0.239296609684816,-1.79929163111863,-0.0721478913912948,-0.480285357601457,-3.1308353685437e-06,10.6239816701338,14.3619660873838,11.2671300122123,13.7188177453053,1
0.239265047726976,0.372124512198643,-0.0393819610421856,-0.23929899404534,-1.79914384447723,-0.0722738307551195,-0.480419668626886,-3.15991275721688e-06,10.6236382919428,14.361785712032,11.266835680544,13.7185883234308,1
0.239265047726976,0.372111131470554,-0.0393822935859592,-0.23930147950791,-1.79898135241505,-0.0724037470216254,-0.480561907576395,-3.19001479260684e-06,10.62327719353,14.3615961429696,11.266526195245,13.7183471412547,1
0.239265047726976,0.372097084917787,-0.0393826401882012,-0.239304066459842,-1.79880398846213,-0.0725377622519439,-0.480712189083381,-3.22112718823203e-06,10.6228980657227,14.3613972269381,11.2662012941376,13.7180939985232,1
0.239265047726976,0.372082361656535,-0.0393830009248418,-0.239306755185681,-1.79861158993648,-0.072675996373145,-0.480870624365432,-3.25323423146129e-06,10.6225006100254,14.3611888164645,11.2658607242511,13.7178287022387,1
0.239265047726976,0.372066951206196,-0.0393833758582067,-0.239309545868575,-1.7984039979565,-0.0728185671957229,-0.481037321238359,-3.28631883892477e-06,10.622084538736,14.3609707699118,11.2655042419177,13.7175510667301,1
0.239265047726976,0.372050843493313,-0.0393837650371358,-0.239312438591654,-1.79818105745243,-0.0729655904307164,-0.481212384130587,-3.32036261134361e-06,10.6216495750572,14.3607429515273,11.2651316128647,13.7172609137198,1
0.239265047726976,0.372034028855325,-0.0393841684971043,-0.239315433339419,-1.79794261717663,-0.073117179706371,-0.481395914097951,-3.35534588769751e-06,10.621195453203,14.3605052314884,11.2647426123031,13.7169580723883,1
0.239265047726976,0.372016498044139,-0.0393845862603493,-0.239318529999145,-1.79768852971306,-0.0732734465842587,-0.481588008838943,-3.39124779871572e-06,10.6207219185005,14.3602574859454,11.264337025011,13.7166423794349,1
0.239265047726976,0.371998242229526,-0.0393850183359992,-0.239321728362282,-1.79741865148573,-0.0734345005747701,-0.481788762710479,-3.42804631964439e-06,10.6202287274868,14.359999597063,11.2639146454144,13.7163136791354,1
0.239265047726976,0.371979253002327,-0.0393854647202075,-0.239325028125885,-1.79713284276639,-0.0736004491518932,-0.481998266744203,-3.46571832225918e-06,10.6197156480004,14.3597314530575,11.2634752776616,13.7159718233964,1
0.239265047726976,0.371959522377472,-0.0393859253962906,-0.239328428894032,-1.79683096768144,-0.0737713977672038,-0.482216608663401,-3.50423962610108e-06,10.6191824592686,14.3594529482327,11.2630187356952,13.7156166718062,1
0.239265047726976,0.371939042796813,-0.0393864003348696,-0.239331930179275,-1.7965128942181,-0.0739474498629856,-0.482443872900556,-3.54358504890771e-06,10.6186289519885,14.3591639830127,11.2625448433187,13.7152480916825,1
0.239265047726976,0.371917807131758,-0.0393868894940156,-0.239335531404084,-1.79617849422991,-0.0741287068844063,-0.482680140615595,-3.5837284562239e-06,10.6180549284037,14.3588644639714,11.2620534342586,13.7148659581165,1
0.239265047726976,0.371895808685716,-0.0393873928194,-0.239339231902316,-1.79582764344168,-0.0743152682906803,-0.482925489714858,-3.62464281017806e-06,10.6174602023752,14.3585543038608,11.2615443522227,13.7144701540133,1
0.239265047726976,0.371873041196345,-0.0393879102444476,-0.239343030920686,-1.79546022145377,-0.0745072315651431,-0.483179994870847,-3.66630021740389e-06,10.6168445994473,14.3582334216348,11.261017450953,13.7140605701292,1
0.239265047726976,0.371849498837598,-0.0393884416904946,-0.239346927620256,-1.79507611174598,-0.0747046922241769,-0.483443727542773,-3.70867197610963e-06,10.6162079569082,14.3579017424713,11.2604725942745,13.713637105105,1
0.239265047726976,0.371825176221574,-0.03938898706695,-0.239350921077937,-1.79467520168091,-0.0749077438249161,-0.48371675599796,-3.75172862227649e-06,10.6155501238444,14.3575591977912,11.2599096561395,13.7131996654961,1
0.239265047726976,0.371800068400159,-0.0393895462714613,-0.239355010287995,-1.79425738250691,-0.07511647797168,-0.483999145334117,-3.7954399749923e-06,10.6148709611907,14.3572057252746,11.2593285206666,13.7127481657987,1
0.239265047726976,0.371774170866467,-0.0393901191900838,-0.239359194163582,-1.79382254936069,-0.0753309843210687,-0.484290957502534,-3.83977518090915e-06,10.6141703417739,14.356841268874,11.2587290821756,13.7122825284724,1
0.239265047726976,0.37174747955608,-0.039390705697454,-0.239363471538267,-1.79337060126958,-0.0755513505856664,-0.484592251332218,-3.88470275782527e-06,10.6134481503513,14.3564657788249,11.2581112452171,13.7118026839592,1
0.239265047726976,0.371719990848069,-0.039391305656967,-0.239367841167592,-1.79290144115354,-0.0757776625363075,-0.484903082555004,-3.9301906374069e-06,10.6127042836429,14.3560792116533,11.2574749245978,13.7113085706985,1
0.239265047726976,0.371691701565818,-0.0393919189209572,-0.23937230173063,-1.79241497582685,-0.0760100040028471,-0.485223503831674,-3.97620620703224e-06,10.6119386503593,14.3556815301803,11.2568200454008,13.7108001351388,1
0.239265047726976,0.371662608977629,-0.0393925453308833,-0.239376851831565,-1.79191111599971,-0.0762484568733966,-0.485553564779096,-4.02271635077507e-06,10.6111511712221,14.3552727035239,11.2561465430005,13.7102773317454,1
0.239265047726976,0.371632710797121,-0.0393931847175166,-0.239381490001277,-1.79138977627955,-0.07649310109198,-0.485893311998427,-4.06968748953529e-06,10.6103417789802,14.3548527070977,11.2554543630737,13.7097401230042,1
0.239265047726976,0.371602005183415,-0.0393938369011335,-0.239386214698948,-1.7908508751723,-0.076744014654571,-0.486242789104382,-4.11708562031286e-06,10.6095104184193,14.3544215226066,11.2547434616043,13.7091884794217,1
0.239265047726976,0.371570490741107,-0.0393945016917109,-0.239391024313673,-1.79029433508349,-0.0770012736034763,-0.486602036755604,-4.16487635464592e-06,10.6086570463661,14.3539791380402,11.2540138048848,13.7086223795215,1
0.239265047726976,0.371538166520022,-0.0393951788891259,-0.23939591716609,-1.78972008231933,-0.0772649520200319,-0.486971092686143,-4.21302495621327e-06,10.6077816316862,14.353525547662,11.2532653695113,13.7080418098369,1
0.239265047726976,0.371505032014759,-0.0393958682833581,-0.239400891510023,-1.78912804708771,-0.0775351220155832,-0.48734999173807,-4.26149637761575e-06,10.6068841552767,14.3530607519968,11.2524981423744,13.7074467648992,1
0.239265047726976,0.37147108716402,-0.0393965696546966,-0.23940594553413,-1.7885181634992,-0.0778118537207241,-0.487738765895225,-4.31025529634587e-06,10.6059646100528,14.3525847578144,11.2517121206447,13.7068372472225,1
0.239265047726976,0.371436332349719,-0.0393972827739489,-0.239411077363574,-1.78789036956808,-0.0780952152727744,-0.48813744431813,-4.35926614995482e-06,10.6050230009282,14.3520975781105,11.2509073117537,13.706213267285,1
0.239265047726976,0.371400768395877,-0.039398007402654,-0.239416285061699,-1.78724460721336,-0.0783852728014731,-0.488546053380059,-4.40849317043436e-06,10.6040593447897,14.3515992320849,11.2500837333692,13.7055748435055,1
0.239265047726976,0.371364396567302,-0.0393987432932987,-0.239421566631722,-1.78658082225989,-0.0786820904128809,-0.488964616704283,-4.45790041781931e-06,10.6030736704667,14.3510897451163,11.2492414133658,13.7049220022172,1
0.239265047726976,0.37132721856805,-0.0393994901895361,-0.239426920018434,-1.78589896443953,-0.078985730171472,-0.489393155202491,-4.50745181302807e-06,10.6020660186932,14.3505691487341,11.2483803897909,13.7042547776363,1
0.239265047726976,0.371289236539674,-0.0394002478264086,-0.239432343109921,-1.78519898739242,-0.0792962520804159,-0.489831687114385,-4.55711116994922e-06,10.6010364420656,14.3500374805877,11.2475007108251,13.7035732118282,1
0.239265047726976,0.371250453059247,-0.0394010159305721,-0.239437833739281,-1.78448084866838,-0.0796137140600444,-0.490280228048466,-4.60684222679645e-06,10.5999850049935,14.3494947844124,11.2466024347374,13.7028773546685,1
0.239265047726976,0.371210871137181,-0.0394017942205247,-0.23944338968637,-1.78374450972839,-0.0799381719245019,-0.490738791023983,-4.65660867672888e-06,10.598911783645,14.3489411099922,11.2456856298362,13.702167263801,1
0.239265047726976,0.371170494214821,-0.0394025824068369,-0.239449008679549,-1.7829899359462,-0.0802696793565898,-0.491207386514068,-4.70637419776971e-06,10.5978168658861,14.3483765131202,11.2447503744146,13.7014430045917,1
0.239275096564703,0.371129326165838,-0.0394033803992306,-0.239454688397442,-1.78221709661018,-0.0806082878808111,-0.491686022490027,-4.75610248202447e-06,10.5967003512139,14.3478010555556,11.2437967566908,13.7007046500787,1
0.239285310853507,0.371087378246005,-0.0394042161982858,-0.23946064879489,-1.78142598653957,-0.0809539975791307,-0.492174731963217,-4.80870505313781e-06,10.5955632317196,14.3472139282564,11.242825216194,13.6999519437821,1
0.239295689744394,0.371044655155609,-0.0394050894729298,-0.23946688609976,-1.78061658310949,-0.0813068551026058,-0.492673518259691,-4.86408681432412e-06,10.5944056283758,14.3466152060128,11.241835860134,13.6991849742546,1
0.239306232287462,0.371001162013503,-0.0394059998829119,-0.239473396510087,-1.77978886762374,-0.0816669048339569,-0.493182382354089,-4.92215328792243e-06,10.5932276734773,14.3460049695076,11.2408288054074,13.6984038375775,1
0.239316937432832,0.370956904353562,-0.0394069470787808,-0.239480176193249,-1.77894282531701,-0.0820341888541024,-0.493701322918181,-4.98281063086781e-06,10.5920295105435,14.3453833052689,11.2398041785143,13.6976086372981,1
0.239327804031633,0.370911888120938,-0.0394079307018718,-0.239487221285241,-1.77807844535724,-0.0824087469070366,-0.494230336370484,-5.04596564912478e-06,10.5908112942152,14.3447503056198,11.2387621154718,13.6967994843632,1
0.239338830837025,0.370866119668095,-0.039408950384303,-0.239494527890023,-1.77719572084816,-0.0827906163630721,-0.494769416926944,-5.11152581118163e-06,10.5895731901464,14.3441060686249,11.237702761722,13.6959764970494,1
0.239350016505266,0.370819605750648,-0.0394100057489797,-0.239502092078967,-1.77629464883192,-0.0831798321805105,-0.495318556652645,-5.17939926070996e-06,10.5883153748899,14.3434506980334,11.2366262720348,13.6951398008884,1
0.239361359596825,0.370772353522992,-0.0394110964096102,-0.239509909890374,-1.7753752302919,-0.0835764268657644,-0.495877745514526,-5.24949482847173e-06,10.5870380357778,14.3427843032193,11.2355328104069,13.6942895285901,1
0.239372858577537,0.37072437053373,-0.0394122219707292,-0.239517977329089,-1.77443747015565,-0.083980430431998,-0.496446971435061,-5.32172204354844e-06,10.5857413707971,14.3421069991188,11.2344225499557,13.6934258199602,1
0.239384511819796,0.370675664720901,-0.039413382027732,-0.239526290366188,-1.7734813772979,-0.0843918703563308,-0.497026220346894,-5.39599114398935e-06,10.5844255884595,14.3414189061647,11.2332956728084,13.6925488218158,1
0.2393963176038,0.370626244407009,-0.0394145761669143,-0.239534844938743,-1.77250696454371,-0.0848107715356705,-0.49761547624836,-5.47221308692418e-06,10.583090907666,14.3407201502172,11.2321523699872,13.691658687896,1
0.239408274118828,0.370576118293849,-0.0394158039655248,-0.23954363694968,-1.77151424867169,-0.0852371562412369,-0.498214721259883,-5.55029955822204e-06,10.5817375575661,14.3400108624926,11.2309928412888,13.6907555787699,1
0.239420379464639,0.370525295456824,-0.0394170649918329,-0.239552662267778,-1.77050325041508,-0.0856710440743235,-0.498823935680951,-5.63016298287938e-06,10.5803657774038,14.3392911794837,11.2298172951534,13.6898396617342,1
0.239432631652824,0.370473785339439,-0.0394183588051961,-0.239561916727658,-1.76947399446539,-0.0861124519180646,-0.499443098048124,-5.71171653373274e-06,10.5789758163682,14.3385612428835,11.2286259485367,13.688911110715,1
0.239445028608143,0.370421597747848,-0.0394196849561274,-0.2395713961298,-1.76842650947779,-0.0865613938862578,-0.500072185193934,-5.79487413905734e-06,10.5775679334451,14.3378211995088,11.227419026784,13.6879701061698,1
0.23945756816997,0.370368742844921,-0.0394210429863813,-0.23958109624069,-1.7673608280745,-0.0870178812733986,-0.500711172306286,-5.87955049096028e-06,10.5761423972565,14.3370712012171,11.2261967634925,13.6870168349812,1
0.239470248093777,0.37031523114412,-0.039422432429045,-0.239591012793047,-1.76627698684807,-0.0874819225038015,-0.501360032988476,-5.96566105357474e-06,10.5746994858952,14.3363114048209,11.2249594003697,13.6860514903464,1
0.23948306605266,0.370261073503201,-0.0394238528086415,-0.239601141486124,-1.76517502636471,-0.0879535230798986,-0.502018739319778,-6.05312207109799e-06,10.5732394867534,14.3355419719992,11.2237071870878,13.6850742716649,1
0.239496019638899,0.370206281117734,-0.0394253036412377,-0.239611477986072,-1.76405499116741,-0.0884326855298162,-0.502687261916549,-6.14185057570221e-06,10.5717626963485,14.3347630692058,11.2224403811334,13.6840853844209,1
0.23950910636556,0.370150865514444,-0.0394267844345626,-0.239622017926376,-1.76291692977908,-0.0889194093543316,-0.503365569993778,-6.23176439535908e-06,10.5702694201421,14.3339748675763,11.221159247654,13.6830850400644,1
0.239522323668133,0.370094838544383,-0.0394282946881321,-0.239632756908361,-1.76176089470539,-0.0894136909733144,-0.504053631427015,-6.32278216159944e-06,10.5687599723565,14.3331775428309,11.2198640592995,13.6820734558879,1
0.239535668906205,0.370038212375934,-0.03942983389338,-0.239643690501756,-1.76058694243751,-0.0899155236717684,-0.50475141281463,-6.41482331724299e-06,10.5672346757848,14.332371275176,11.2185550960608,13.6810508549,1
0.239549139365173,0.369980999487644,-0.0394314015338004,-0.239654814245331,-1.7593951334546,-0.090424897545586,-0.505458879540312,-6.50780812411563e-06,10.5656938615983,14.3315562492028,11.2172326451038,13.6800174656972,1
0.239562732257986,0.369923212660901,-0.039432997085093,-0.239666123647594,-1.75818553222596,-0.0909417994471383,-0.506175995835751,-6.60165767077649e-06,10.5641378691481,14.3307326537833,11.2158970006003,13.6789735223311,1
0.239576444726931,0.369864864972449,-0.0394346200153193,-0.239677614187542,-1.75695820721295,-0.0914662129308255,-0.506902724843421,-6.69629388027572e-06,10.5625670457637,14.3299006819646,11.2145484635546,13.6779192641736,1
0.239590273845439,0.369805969786748,-0.0394362697850626,-0.239689281315485,-1.75571323087047,-0.0919981181987123,-0.507639028679393,-6.79163951795189e-06,10.560981746547,14.3290605308601,11.2131873416274,13.6768549357797,1
0.239604216619938,0.36974654074819,-0.0394379458475971,-0.239701120453919,-1.75445067964806,-0.0925374920463879,-0.508384868496094,-6.88761819929179e-06,10.559382334162,14.3282124015395,11.2118139489553,13.6757807867462,1
0.239618269991727,0.369686591773158,-0.0394396476490639,-0.23971312699846,-1.75317063399054,-0.0930843078091798,-0.509140204544936,-6.98415439785885e-06,10.5577691786211,14.3273564989153,11.2104286059676,13.6746970715688,1
0.239632430838887,0.369626137041958,-0.0394413746286508,-0.239725296318828,-1.75187317833808,-0.0936385353088672,-0.50990499623873,-7.08117345329369e-06,10.5561426570677,14.3264930316288,11.2090316391998,13.6736040494967,1
0.239646695978222,0.369565190990597,-0.0394431262187822,-0.239737623759893,-1.7505584011258,-0.0942001408010322,-0.510679202213797,-7.17860157940994e-06,10.5545031535546,14.3256222119325,11.2076233811033,13.6725019843838,1
0.239661062167223,0.369503768302446,-0.0394449018453129,-0.239750104642769,-1.74922639478266,-0.0947690869232035,-0.511462780391698,-7.27636587237107e-06,10.5528510588195,14.3247442555718,11.2062041698531,13.6713911445383,1
0.239675526106069,0.369441883899762,-0.0394467009277283,-0.239762734265956,-1.7478772557297,-0.0953453326439269,-0.512255688040484,-7.37439431896441e-06,10.5511867700567,14.3238593816642,11.2047743491515,13.6702718025693,1
0.239690084439648,0.369379552935092,-0.0394485228793507,-0.239775507906534,-1.74651108437754,-0.0959288332129355,-0.513057881835385,-7.47261580496897e-06,10.5495106906855,14.3229678125766,11.20333426803,13.6691442352322,1
0.239704733759606,0.369316790782561,-0.0394503671075513,-0.239788420821406,-1.74512798512313,-0.0965195401125571,-0.513869317918842,-7.57096012362204e-06,10.5478232301161,14.3220697738016,11.2018842806472,13.6680087232705,1
0.239719470606421,0.369253613029047,-0.0394522330139686,-0.239801468248583,-1.74372806634558,-0.0971174010105232,-0.514689951959788,-7.66935798417603e-06,10.5461248035114,14.3211654938308,11.2004247460856,13.6668655512566,1
0.239734291471504,0.369190035465245,-0.0394541199947297,-0.239814645408516,-1.74231144040112,-0.0977223597143366,-0.515519739212092,-7.76774102054387e-06,10.5444158315472,14.3202552040283,11.1989560281449,13.6657150074306,1
0.239749192799313,0.369126074076634,-0.0394560274406798,-0.239827947505467,-1.74087822361707,-0.09833435612736,-0.516358634572059,-7.86604180003511e-06,10.5426967401687,14.319339138501,11.197478495133,13.6645573835368,1
0.239764170989499,0.369061745034348,-0.0394579547376147,-0.239841369728923,-1.7394285362848,-0.0989533262067827,-0.517206592634909,-7.96419383217295e-06,10.5409679603451,14.3184175339687,11.1959925196555,13.6633929746583,1
0.239779222399067,0.368997064685954,-0.0394599012665187,-0.239854907255049,-1.73796250265153,-0.0995792019236322,-0.518063567750116,-8.06213157757698e-06,10.5392299278211,14.3174906296322,11.1944984784024,13.6622220790509,1
0.239794343344554,0.368932049546146,-0.0394618664038058,-0.239868555248176,-1.73648025091108,-0.100211911224989,-0.518929514075535,-8.15979045691633e-06,10.5374830828671,14.3165586670405,11.1929967519331,13.6610449979745,1
0.239809530104225,0.368866716287363,-0.0394638495215687,-0.239882308862328,-1.73498191319329,-0.100851377998574,-0.519804385630203,-8.25710685992272e-06,10.5357278700265,14.3156218899569,11.1914877244599,13.6598620355235,1
0.239824778920292,0.368801081730334,-0.0394658499878268,-0.239896163242775,-1.73346762555221,-0.101497522039858,-0.52068813634573,-8.35401815444088e-06,10.5339647378616,14.3146805442234,11.1899717836291,13.6586734984559,1
0.239840086001135,0.36873516283456,-0.039467867166783,-0.239910113527626,-1.73193752795292,-0.102150259021877,-0.521580720116173,-8.45046269551789e-06,10.5321941386971,14.3137348776253,11.1884493203014,13.6574796960209,1
0.239855447523547,0.368668976688727,-0.0394699004190809,-0.239924154849447,-1.73039176425698,-0.102809500467885,-0.522482090846312,-8.54637983451318e-06,10.530416528363,14.3127851397535,11.1869207283306,13.6562809397859,1
0.239870859634983,0.36860254050108,-0.0394719491020675,-0.239938282336909,-1.72883048220639,-0.103475153727034,-0.523392202498224,-8.64170992821864e-06,10.5286323659352,14.3118315818676,11.1853864043408,13.655077543462,1
0.23988631845583,0.368535871589742,-0.0394740125700579,-0.239952491116454,-1.72725383340599,-0.104147121953209,-0.52431100913607,-8.73639434797098e-06,10.5268421134752,14.3108744567569,11.183846747503,13.6538698227291,1
0.239901820081669,0.368468987372993,-0.0394760901746037,-0.239966776314001,-1.72566197330431,-0.1048253040872,-0.525238464968987,-8.83037548874543e-06,10.5250462357691,14.3099140186016,11.1823021593105,13.6526580950602,1
0.239917360585562,0.368401905359523,-0.0394781812647633,-0.239981133056656,-1.72405506117275,-0.105509594842338,-0.526174524392027,-8.92359677821501e-06,10.523245200065,14.3089505228334,11.1807530433537,13.6514426795447,1
0.23993293602033,0.368334643138655,-0.0394802851873758,-0.239995556474457,-1.7224332600831,-0.106199884693761,-0.527119142025022,-9.01600268576185e-06,10.5214394758104,14.3079842259959,11.1791998050943,13.650223896712,1
0.239948542420846,0.36826721837055,-0.0394824012873373,-0.240010041702123,-1.72079673688322,-0.106896059871442,-0.528072272749307,-9.10753873141408e-06,10.5196295343886,14.3070153856039,11.1776428516387,13.6490020683537,1
0.239964175806323,0.368199648776401,-0.0394845289078773,-0.240024583880833,-1.71914566217096,-0.107598002357132,-0.529033871742221,-9.19815149470068e-06,10.5178158488553,14.3060442600039,11.1760825915121,13.647777517347,1
0.239979832182608,0.368131952128626,-0.0394866673908401,-0.24003917816001,-1.71748021026624,-0.108305589885338,-0.530003894509293,-9.2877886234078e-06,10.5159988936746,14.3050711082331,11.1745194344312,13.6465505674765,1
0.239995507544468,0.368064146241058,-0.0394888160769649,-0.240053819699115,-1.71580055918113,-0.109018695948474,-0.53098229691405,-9.37639884221055e-06,10.5141791444557,14.3040961898798,11.1729537910782,13.6453215432572,1
0.240011197877885,0.367996248959152,-0.0394909743061685,-0.240068503669465,-1.71410689058806,-0.109737189806313,-0.531969035205363,-9.46393196116846e-06,10.5123570776888,14.3031197649425,11.1713860728741,13.6440907697572,1
0.240026899162331,0.367928278150207,-0.0394931414178289,-0.240083225256038,-1.71239938978594,-0.110460936499844,-0.53296406604226,-9.55033888406254e-06,10.510533170483,14.3021420936908,11.169816691753,13.6428585724208,1
0.240042607373056,0.367860251693614,-0.0394953167510703,-0.240097979659303,-1.71067824566432,-0.111189796869659,-0.53396734651616,-9.63557161655877e-06,10.5087079003035,14.3011634365255,11.1682460599369,13.6416252768921,1
0.24005831848335,0.367792187471139,-0.0394974996450471,-0.240112762097045,-1.70894365066537,-0.111923627578967,-0.534978834170428,-9.71958327417692e-06,10.5068817447107,14.3001840538395,11.166674589711,13.6403912088393,1
0.240074028466806,0.367724103357243,-0.0394996894392301,-0.240127567806187,-1.70719580074383,-0.112662281141329,-0.535998487017237,-9.80232809004169e-06,10.5050551810996,14.2992042058796,11.1651026932,13.6391566937792,1
0.240089733299574,0.367656017209454,-0.0395018854736907,-0.240142392044625,-1.7054348953247,-0.113405605953206,-0.537026263551648,-9.88376142240618e-06,10.5032286864409,14.2982241526089,11.1635307821463,13.6379220569035,1
0.240105428962592,0.367587946858791,-0.0395040870893871,-0.240157230093048,-1.70366113725888,-0.114153446331399,-0.53806212276288,-9.96383976191855e-06,10.5014027370239,14.2972441535693,11.1619592676877,13.6366876229055,1
0.240121111443812,0.367519910100256,-0.0395062936284481,-0.240172077256761,-1.70187473277647,-0.114905642555445,-0.539106024142721,-1.00425207386233e-05,10.4995778082004,14.296264467746,11.1603885601386,13.6354537158078,1
0.240136776740404,0.367451924683394,-0.0395085044344575,-0.2401869288675,-1.70007589143792,-0.115662030915049,-0.540157927691041,-1.01197631286667e-05,10.4977543741308,14.2952853534324,11.1588190687717,13.6342206587916,1
0.240152420860945,0.367384008302929,-0.0395107188527363,-0.240201780285236,-1.69826482608294,-0.116422443762572,-0.541217793918373,-1.01955268606939e-05,10.4959329075326,14.2943070680962,11.1572512016013,13.6329887740276,1
0.240168039827589,0.367316178589491,-0.0395129362306251,-0.240216626899972,-1.69644175277708,-0.11718670957065,-0.542285583845547,-1.02697730219233e-05,10.4941138794309,14.2933298682465,11.1556853651693,13.6317583825081,1
0.24018362967821,0.367248453100433,-0.0395151559177627,-0.240231464133527,-1.69460689075612,-0.117954652994953,-0.543361259000334,-1.03424638638691e-05,10.492297758911,14.292354009303,11.1541219643332,13.6305298038808,1
0.240199186468531,0.367180849310748,-0.0395173772663663,-0.240246287441304,-1.69276046236816,-0.118726094942118,-0.544444781411111,-1.04135628077061e-05,10.4904850128748,14.2913797454656,11.1525614020558,13.6293033562846,1
0.240214706274216,0.367113384604097,-0.0395195996315064,-0.240261092314046,-1.69090269301344,-0.119500852642856,-0.545536113597519,-1.04830344492451e-05,10.4886761057989,14.2904073295868,11.1510040791984,13.6280793561873,1
0.240230185192951,0.367046076263945,-0.039521822371381,-0.240275874279564,-1.68903381108188,-0.120278739730242,-0.546635218558114,-1.05508445635166e-05,10.4868714994965,14.2894370130443,11.1494503943155,13.6268581182253,1
0.24024561934648,0.366978941464828,-0.039524044847587,-0.24029062890446,-1.6871540478884,-0.121059566323165,-0.547742059755035,-1.06169601089339e-05,10.4850716528823,14.2884690456167,11.1479007434532,13.6256399550458,1
0.240261004882626,0.36691199726374,-0.0395262664253899,-0.240305351795814,-1.68526363760595,-0.12184313911493,-0.548856601095665,-1.06813492310317e-05,10.4832770217408,14.2875036753601,11.1463555199504,13.6244251771506,1
0.240276337977272,0.366845260591661,-0.0395284864739882,-0.240320038602856,-1.68336281719641,-0.122629261466966,-0.549978806911335,-1.07439812657474e-05,10.4814880584987,14.2865411484871,11.1448151142425,13.6232140927433,1
0.240291614836313,0.366778748245224,-0.0395307043667767,-0.24033468501861,-1.68145182633915,-0.123417733507589,-0.551108641933072,-1.08048267422454e-05,10.4797052120001,14.285581709248,11.1432799136694,13.6220070075787,1
0.240306831697571,0.366712476878532,-0.0395329194816045,-0.24034928678151,-1.67953090735756,-0.124208352235785,-0.552246071264439,-1.08638573852723e-05,10.477928927287,14.2846255998133,11.1417503022862,13.6208042248142,1
0.240321984832678,0.366646462995128,-0.0395351312010316,-0.240363839676989,-1.67760030514339,-0.125000911629916,-0.553391060351484,-1.09210461170072e-05,10.4761596453826,14.2836730601598,11.1402266606772,13.6196060448653,1
0.240337070548916,0.366580722940126,-0.0395373389125794,-0.240378339539033,-1.67566026707898,-0.125795202761288,-0.554543574949861,-1.09763670584234e-05,10.4743978030801,14.2827243279575,11.1387093657748,13.6184127652629,1
0.240352085191028,0.366515272892509,-0.039539542008978,-0.240392782251714,-1.67371104295744,-0.126591013912489,-0.55570358108916,-1.1029795530126e-05,10.4726438327352,14.2817796384599,11.137198790681,13.6172246805142,1
0.240367025142978,0.366450128857598,-0.0395417398884093,-0.240407163750674,-1.67175288490088,-0.127388130700375,-0.556871045034512,-1.10813080526723e-05,10.4708981620633,14.2808392243964,11.1356953044933,13.6160420819665,1
0.240381886829681,0.366385306659698,-0.0395439319547457,-0.24042148002459,-1.6697860472766,-0.128186336203614,-0.558045933245518,-1.11308823463514e-05,10.4691612139419,14.2799033158676,11.1341992721353,13.6148652576742,1
0.24039666671868,0.366320821934926,-0.0395461176177826,-0.240435727116589,-1.66781078661148,-0.128985411094646,-0.559228212332594,-1.11784973304164e-05,10.4674334062172,14.2789721402423,11.1327110541901,13.6136944922694,1
0.240411361321789,0.366256690124227,-0.0395482962934688,-0.240449901125634,-1.66582736150449,-0.129785133775936,-0.560417849010779,-1.12241331217758e-05,10.4657151515163,14.2780459220585,11.1312310067397,13.6125300668352,1
0.240425967196683,0.366192926466582,-0.0395504674041292,-0.24046399820787,-1.66383603253741,-0.130585280520357,-0.561614810051111,-1.1267771033111e-05,10.4640068570646,14.2771248829259,11.1297594812073,13.6113722587832,1
0.240440480948455,0.366129545992409,-0.0395526303786831,-0.240478014577925,-1.6618370621839,-0.131385625615566,-0.562819062229651,-1.13093935704384e-05,10.4623089245075,14.2762092414322,11.1282968242053,13.6102213417345,1
0.240454899231109,0.366066563517168,-0.0395547846528571,-0.240491946510178,-1.65983071471694,-0.132185941512198,-0.564030572274237,-1.13489844300896e-05,10.4606217497391,14.2752992130515,11.1268433773872,13.6090775854034,1
0.240469218749023,0.366003993635163,-0.0395569296693939,-0.240505790339974,-1.65781725611473,-0.132985998975694,-0.565249306809087,-1.13865284951318e-05,10.4589457227345,14.2743950100563,11.1253994773046,13.6079412554862,1
0.240483436258354,0.36594185071356,-0.0395590648782521,-0.24051954246481,-1.65579695396511,-0.1337855672416,-0.566475232297336,-1.14220118311921e-05,10.4572812273891,14.2734968414315,11.1239654552684,13.6068126135523,1
0.240497548568395,0.365880148886605,-0.0395611897368032,-0.240533199345464,-1.65377007736859,-0.134584414174123,-0.567708314981621,-1.14554216817145e-05,10.4556286413631,14.272604912793,11.1225416372156,13.6056919169404,1
0.240511552542886,0.365818902050061,-0.0395633037100217,-0.240546757507082,-1.65173689684018,-0.135382306427763,-0.568948520822836,-1.14867464626348e-05,10.4539883359312,14.2717194263072,11.1211283435808,13.6045794186577,1
0.240525445101273,0.36575812385586,-0.0395654062706681,-0.240560213540231,-1.6496976842099,-0.136179009611787,-0.570195815437164,-1.15159757564654e-05,10.4523606758389,14.2708405806159,11.1197258891718,13.603475367283,1
0.240539223219915,0.365697827706966,-0.0395674968994681,-0.240573564101886,-1.64765271252233,-0.136974288457367,-0.571450164031505,-1.15431003058157e-05,10.4507460191641,14.2699685707621,11.1183345830518,13.6023800068744,1
0.240552883933246,0.365638026752462,-0.0395695750852824,-0.240586805916388,-1.64560225593501,-0.137767906987122,-0.572711531337437,-1.15681120063254e-05,10.4491447171845,14.2691035881209,11.1169547284251,13.6012935768803,1
0.240566424334876,0.365578733882859,-0.0395716403252725,-0.240599935776345,-1.64354658961607,-0.138559628686865,-0.573979881543833,-1.15910038990256e-05,10.4475571142515,14.268245820332,11.1155866225291,13.6002163120544,1
0.240579841578649,0.365519961725618,-0.0395736921250603,-0.24061295054349,-1.64148598964096,-0.139349216679305,-0.575255178228261,-1.16117701621424e-05,10.4459835476695,14.2673954512362,11.1142305565304,13.5991484423754,1
0.240593132879645,0.365461722640901,-0.0395757299988789,-0.240625847149487,-1.63942073288855,-0.140136433899481,-0.576537384287311,-1.16304061023231e-05,10.4444243475812,14.2665526608151,11.1128868154267,13.5980901929697,1
0.240606295515132,0.365404028717545,-0.0395777534697193,-0.240638622596692,-1.63735109693661,-0.140921043271675,-0.577826461865974,-1.16469081453215e-05,10.4428798368592,14.2657176251334,11.1115556779536,13.597041784039,1
0.240619326825464,0.36534689176925,-0.0395797620694694,-0.240651273958867,-1.63527735995681,-0.141702807887566,-0.579122372286226,-1.16612738261278e-05,10.4413503310034,14.2648905162849,11.1102374164969,13.5960034307914,1
0.24063222421493,0.365290323330996,-0.0395817553390465,-0.240663798381842,-1.63319980060933,-0.142481491185378,-0.580425075974943,-1.16735017785621e-05,10.4398361380441,14.2640715023416,11.108932297009,13.5949753433768,1
0.240644985152548,0.365234334655683,-0.0395837328285231,-0.240676193084129,-1.6311186979372,-0.143256857129766,-0.581734532391307,-1.1683591724342e-05,10.4383375584518,14.2632607473057,11.1076405789317,13.5939577268259,1
0.24065760717281,0.365178936710985,-0.0395856940972472,-0.240688455357493,-1.62903433126053,-0.144028670392199,-0.583050699953821,-1.16915444616316e-05,10.4368548850518,14.2624584110651,11.1063625151233,13.5929507809937,1
0.240670087876374,0.365124140176427,-0.0395876387139543,-0.240700582567467,-1.62694698007064,-0.144796696531586,-0.584373535967103,-1.16973618530859e-05,10.435388402946,14.2616646493518,11.1050983517911,13.5919547005068,1
0.240682424930708,0.36506995544068,-0.0395895662568737,-0.240712572153828,-1.62485692392422,-0.145560702174877,-0.585702996548586,-1.17010468133978e-05,10.4339383894395,14.2608796137033,11.1038483284285,13.5909696747144,1
0.240694616070676,0.365016392599073,-0.039591476313829,-0.240724421631017,-1.62276444233775,-0.146320455197418,-0.587039036555264,-1.17026032963786e-05,10.4325051139734,14.2601034514276,11.1026126777577,13.5899958876434,1
0.240706659099088,0.364963461451311,-0.0395933684823297,-0.24073612858852,-1.62066981468214,-0.147075724902779,-0.588381609510654,-1.17020362815609e-05,10.4310888380636,14.2593363055707,11.1013916256769,13.5890335179574,1
0.240718551887181,0.364911171499417,-0.0395952423696604,-0.240747690691195,-1.61857332007771,-0.147826282201831,-0.589730667532071,-1.16993517603573e-05,10.429689815245,14.2585783148871,11.1001853912126,13.5880827389195,1
0.24073029237507,0.364859531945873,-0.0395970975929584,-0.240759105679559,-1.61647523728978,-0.148571899790801,-0.591086161258408,-1.16945567217882e-05,10.428308291021,14.2578296138142,11.0989941864765,13.5871437183587,1
0.240741878572139,0.364808551691969,-0.0395989337792891,-0.240770371370028,-1.61437584462473,-0.149312352328082,-0.592448039778518,-1.16876591377882e-05,10.4269445028195,14.2570903324481,11.0978182166275,13.5862166186401,1
0.240753308557389,0.364758239336355,-0.0396007505657134,-0.240781485655108,-1.61227541982685,-0.150047416609554,-0.593816250560359,-1.1678667948116e-05,10.4255986799534,14.2563605965237,11.096657679838,13.5853015966391,1
0.240764580479736,0.364708603173795,-0.0396025475993482,-0.240792446503549,-1.61017423997595,-0.150776871742159,-0.595190739381032,-1.16675930448791e-05,10.4242710435866,14.2556405273971,11.0955127672651,13.5843988037187,1
0.240775692558267,0.364659651194113,-0.0396043245374235,-0.240803251960449,-1.60807258138585,-0.151500499315531,-0.596571450257842,-1.16544452567014e-05,10.4229618067061,14.2549302420303,11.094383663026,13.5835083857104,1
0.240786643082451,0.364611391081327,-0.0396060810473294,-0.240813900147324,-1.60597071950398,-0.152218083571424,-0.597958325380515,-1.16392363325314e-05,10.4216711740981,14.2542298529794,11.0932705441785,13.582630482899,1
0.2407974304123,0.364563830212982,-0.0396078168066602,-0.240824389262124,-1.60386892881191,-0.152929411570733,-0.599351305044694,-1.16219789251405e-05,10.4203993423298,14.2535394683853,11.0921735807046,13.5817652300105,1
0.240808052978494,0.364516975659656,-0.0396095315032522,-0.240834717579223,-1.60176748272722,-0.153634273357886,-0.60075032758685,-1.16026865743051e-05,10.4191464997362,14.2528591919666,11.0910929354999,13.580912756203,1
0.240818509282459,0.364470834184647,-0.0396112248352153,-0.240844883449357,-1.59966665350658,-0.154332462122396,-0.602155329320708,-1.15813736897001e-05,10.4179128264117,14.2521891230155,11.0900287643659,13.5800731850613,1
0.240828797896407,0.364425412243841,-0.0396128965109578,-0.24085488529953,-1.59756671215017,-0.155023774357372,-0.603566244475322,-1.15580555335299e-05,10.4166984942055,14.2515293563959,11.0889812160069,13.5792466345945,1
0.240838917463334,0.364380715985741,-0.0396145462492083,-0.240864721632882,-1.59546792830766,-0.155708010014791,-0.604983005134908,-1.15327482029095e-05,10.4155036667233,14.2508799825443,11.0879504320306,13.578433217237,1
0.240838917463334,0.364336751243569,-0.039616173560322,-0.240874391028517,-1.59337057018558,-0.156384972657345,-0.606405541180534,-1.1505468612013e-05,10.4143284993318,14.2502410874724,11.0869365469529,13.5776330398513,1
0.240838917463334,0.364293517126817,-0.039617750274372,-0.240883671519932,-1.5912748651487,-0.157054555383048,-0.607833733929495,-1.1472975331693e-05,10.4131722831852,14.2496136245894,11.0859393627017,13.5768465450729,1
0.240838917463334,0.364251019113177,-0.0396192771332803,-0.24089257064276,-1.58918107926486,-0.157716567110012,-0.609267509968118,-1.14354798532284e-05,10.4120351878783,14.2489976408324,11.0849590115629,13.5760738171478,1
0.240838917463334,0.364209262369974,-0.0396207548744657,-0.240901095832145,-1.58708947690004,-0.158370820785084,-0.610706793523416,-1.13931881203331e-05,10.4109173743171,14.2483931791817,11.0839956185646,13.5753149349342,1
0.240838917463334,0.364168251755012,-0.0396221842309021,-0.240909254424955,-1.58500032063198,-0.159017133521793,-0.612151506412418,-1.13463006681434e-05,10.4098189947432,14.2478002786703,11.0830493014972,13.5745699719163,1
0.240838917463334,0.364127991817549,-0.0396235659311719,-0.240917053661922,-1.58291387116562,-0.159655326734072,-0.613601567993829,-1.12950127583374e-05,10.4087401927623,14.2472189743948,11.0821201709365,13.5738389962207,1
0.240838917463334,0.364088486799422,-0.0396249006995152,-0.240924500689677,-1.58083038725051,-0.160285226265613,-0.615056895122085,-1.12395145104716e-05,10.4076811033769,14.2466492975281,11.0812083302697,13.5731220706354,1
0.240838917463334,0.364049740636292,-0.0396261892558752,-0.240931602562717,-1.57875012560021,-0.160906662514693,-0.616517402103905,-1.11799910296678e-05,10.4066418530213,14.246091275335,11.0803138757252,13.5724192526311,1
0.240838917463334,0.364011756959021,-0.0396274323159403,-0.24093836624529,-1.57667334081377,-0.161519470554392,-0.617983000657384,-1.11166225307482e-05,10.405622559601,14.2455449311883,11.0794368964047,13.5717305943846,1
0.240838917463334,0.363974539095171,-0.0396286305911819,-0.240944798613199,-1.57460028529933,-0.162123490248034,-0.619453599873717,-1.10495844589271e-05,10.4046233325352,14.245010284588,11.0785774743183,13.5710561428049,1
0.240838917463334,0.363938090070613,-0.0396297847888893,-0.240950906455538,-1.57253120919979,-0.162718566359772,-0.620929106181608,-1.0979047607169e-05,10.4036442728019,14.2444873511806,11.0777356844219,13.5703959395606,1
0.240838917463334,0.363902412611253,-0.0396308956122012,-0.240956696476358,-1.57046636032081,-0.163304548660211,-0.622409423314418,-1.09051782303055e-05,10.4026854729868,14.2439761427815,11.0769115946582,13.56975002111,1
0.240838917463334,0.363867509144863,-0.039631963760134,-0.240962175296263,-1.56840598406094,-0.163881292026964,-0.623894452280115,-1.08281381560117e-05,10.4017470173341,14.2434766673979,11.0761052659989,13.5691184187331,1
0.240838917463334,0.363833381803009,-0.0396329899276078,-0.240967349453945,-1.5663503233441,-0.164448656540078,-0.62538409133406,-1.07480848927421e-05,10.4008289818009,14.2429889292535,11.07531675249,13.5685011585644,1
0.240838917463334,0.363800032423078,-0.0396339748054691,-0.240972225407655,-1.56429961855432,-0.165006507572246,-0.626878235954683,-1.06651717347186e-05,10.3999314341137,14.2425129288147,11.0745461012991,13.5678982616293,1
0.240838917463334,0.363767462550398,-0.0396349190805112,-0.24097680953662,-1.56225410747283,-0.165554715873729,-0.628376778822076,-1.05795478640472e-05,10.3990544338274,14.2420486628178,11.073793352765,13.5673097438801,1
0.240838917463334,0.363735673440443,-0.0396358234354921,-0.240981108142398,-1.56021402521757,-0.166093157651954,-0.629879609799543,-1.04913584500762e-05,10.3981980323867,14.2415961242974,11.0730585404489,13.5667356162352,1
0.240838917463334,0.363704666061119,-0.0396366885491503,-0.240985127450181,-1.55817960418498,-0.166621714645725,-0.631386615918126,-1.04007447460567e-05,10.39736227319,14.2411553026165,11.072341691188,13.5661758846185,1
0.240838917463334,0.36367444109513,-0.0396375150962184,-0.240988873610051,-1.55615107399429,-0.167140274194007,-0.632897681364142,-1.0307844183202e-05,10.3965471916549,14.2407261834971,11.0716428251503,13.5656305500017,1
0.240838917463334,0.363644998942416,-0.0396383037474348,-0.240992352698182,-1.55412866143418,-0.167648729299256,-0.634412687469731,-1.02127904622232e-05,10.3957528152857,14.2403087490522,11.0709619558919,13.565099608446,1
0.240838917463334,0.363616339722662,-0.0396390551695531,-0.240995570717996,-1.55211259041185,-0.168146978685276,-0.635931512706444,-1.01157136424105e-05,10.3949791637434,14.2399029778187,11.0702990904152,13.5645830511469,1
0.240838917463334,0.363588463277872,-0.0396397700253504,-0.240998533601277,-1.55010308190462,-0.168634926849574,-0.637454032681868,-1.00167402283538e-05,10.3942262489169,14.239508844791,11.0696542292289,13.564080864479,1
0.240838917463334,0.363561369175002,-0.0396404489736335,-0.24100124720924,-1.54810035391381,-0.169112484110218,-0.638980120139301,-9.91599325435181e-06,10.393494074996,14.239126321456,11.0690273664096,13.5635930300424,1
0.240838917463334,0.363535056708657,-0.0396410926692441,-0.241003717333561,-1.54610462142124,-0.169579566647197,-0.640509644960461,-9.81359236659682e-06,10.3927826385459,14.2387553758283,11.0684184896642,13.56311952471,1
0.240838917463334,0.363509524903835,-0.0396417017630617,-0.241005949697365,-1.54411609634805,-0.170036096538273,-0.642042474171254,-9.70965390319636e-06,10.3920919285832,14.2383959724868,11.0678275803941,13.5626603206758,1
0.240838917463334,0.363484772518728,-0.039642276902006,-0.241007949956181,-1.54213498751597,-0.170482001789372,-0.643578471950552,-9.60429097209849e-06,10.3914219266535,14.2380480726113,11.0672546137606,13.5622153855042,1
0.240838917463334,0.363460798047565,-0.039642818729038,-0.241009723698859,-1.54016150061108,-0.170917216359521,-0.645117499641964,-9.49761352699128e-06,10.3907726069101,14.2377116340205,11.0666995587509,13.5617846821797,1
0.240838917463334,0.3634375997235,-0.0396433278831596,-0.241011276448459,-1.53819583814992,-0.171341680180395,-0.646659415768547,-9.38972844123882e-06,10.3901439361935,14.2373866112099,11.0661623782451,13.5613681691584,1
0.240838917463334,0.363415175521552,-0.0396438049994122,-0.241012613663094,-1.53623819944802,-0.171755339170325,-0.648204076050743,-9.28073957985897e-06,10.389535874113,14.2370729553914,11.0656430290852,13.5609658004191,1
0.240838917463334,0.36339352316158,-0.0396442507088741,-0.241013740736759,-1.53428878059085,-0.172158145243042,-0.649751333427125,-9.17074786967358e-06,10.3889483731284,14.2367706145319,11.0651414621442,13.5605775255162,1
0.240838917463334,0.36337264011129,-0.0396446656386576,-0.241014663000118,-1.53234777440706,-0.172550056311094,-0.651301038078072,-9.0598513676593e-06,10.3883813786337,14.2364795333942,11.0646576223958,13.5602032896321,1
0.240838917463334,0.363352523589283,-0.0396450504119046,-0.241015385721266,-1.53041537044416,-0.172931036284026,-0.652853037452349,-8.9481453275429e-06,10.3878348290407,14.2361996535767,11.0641914489858,13.5598430336316,1
0.240838917463334,0.363333170568129,-0.0396454056477815,-0.241015914106473,-1.52849175494647,-0.173301055061333,-0.654407176296552,-8.83572226470072e-06,10.387308655864,14.235930913555,11.0637428753033,13.5594966941157,1
0.240838917463334,0.363314577777478,-0.0396457319614739,-0.241016253300886,-1.52657711083535,-0.173660088520298,-0.655963296687382,-8.72267201940703e-06,10.3868027838071,14.2356732487227,11.0633118290535,13.5591642034763,1
0.240838917463334,0.363296741707198,-0.0396460299641793,-0.241016408389222,-1.52467161769174,-0.174008118498752,-0.657521238066709,-8.60908181848584e-06,10.3863171308485,14.2354265914336,11.0628982323303,13.5588454899519,1
0.240838917463334,0.363279658610534,-0.0396463002631008,-0.241016384396428,-1.5227754517409,-0.174345132772834,-0.65908083727939,-8.49503633539446e-06,10.3858516083293,14.2351908710438,11.0625020016901,13.558540477683,1
0.240838917463334,0.363263324507304,-0.0396465434614384,-0.241016186288319,-1.52088878583941,-0.174671125029832,-0.660641928613793,-8.38061774880385e-06,10.3854061210412,14.2349660139539,11.0621230482264,13.5582490867687,1
0.240838917463334,0.363247735187113,-0.0396467601583811,-0.241015818972198,-1.51901178946425,-0.174986094836187,-0.662204343844966,-8.26590579969457e-06,10.3849805673149,14.2347519436525,11.0617612776441,13.5579712333233,1
0.240838917463334,0.36323288621259,-0.0396469509490973,-0.241015287297455,-1.5171446287041,-0.175290047600749,-0.663767912280434,-8.15097784703355e-06,10.3845748391096,14.2345485807589,11.0614165903352,13.5577068295333,1
0.240838917463334,0.363218772922653,-0.0396471164247253,-0.241014596056138,-1.51528746625269,-0.175582994533357,-0.665332460808537,-8.03590892204934e-06,10.3841888221031,14.2343558430669,11.0610888814546,13.5574557837153,1
0.240838917463334,0.363205390435788,-0.0396472571723629,-0.241013749983514,-1.51344046140421,-0.175864952598862,-0.666897813949285,-7.92077178115145e-06,10.3838223957819,14.2341736455886,11.0607780409969,13.5572180003736,1
0.240838917463334,0.363192733653363,-0.0396473737750563,-0.241012753758607,-1.51160377005078,-0.176135944466667,-0.668463793907655,-7.80563695753126e-06,10.3834754335325,14.2340019005988,11.0604839538725,13.5569933802588,1
0.240838917463334,0.363180797262945,-0.039647466811789,-0.241011612004713,-1.5097775446818,-0.176395998455902,-0.670030220629282,-7.69057281147624e-06,10.3831478027333,14.2338405176789,11.0602064999858,13.5567818204264,1
0.240838917463334,0.363169575741653,-0.0396475368574691,-0.241010329289907,-1.50796193438532,-0.176645148476318,-0.671596911858486,-7.57564557943281e-06,10.3828393648465,14.2336894037624,11.059945554313,13.556583214296,1
0.240838917463334,0.363159063359527,-0.0396475844829173,-0.241008910127525,-1.50615708485122,-0.176883433965028,-0.673163683198576,-7.46091942184176e-06,10.3825499755108,14.2335484631795,11.0597009869798,13.5563974517105,1
0.240838917463334,0.363149254182914,-0.0396476102548531,-0.24100735897663,-1.50436313837631,-0.177110899819181,-0.67473034817436,-7.34645646978836e-06,10.3822794846351,14.2334175977026,11.0594726633413,13.5562244189964,1
0.240838917463334,0.363140142077877,-0.0396476147358813,-0.241005680242463,-1.5025802338711,-0.177327596324704,-0.676296718296808,-7.23231687049293e-06,10.3820277364923,14.2332967065919,11.0592604440604,13.5560639990238,1
0.240838917463334,0.363131720713628,-0.0396475984844772,-0.241003878276881,-1.50080850686842,-0.177533579081191,-0.677862603129812,-7.11855883166317e-06,10.3817945698136,14.2331856866413,11.0590641851881,13.5559160712669,1
0.240838917463334,0.36312398356598,-0.0396475620549719,-0.24100195737877,-1.49904808953366,-0.177728908923103,-0.679427810358947,-7.00523866474335e-06,10.3815798178836,14.2330844322251,11.0588837382438,13.5557805118649,1
0.240838917463334,0.363116923920817,-0.0396475059975363,-0.240999921794453,-1.49729911067664,-0.177913651837345,-0.68099214586221,-6.89241082708504e-06,10.3813833086358,14.2329928353438,11.0587189502958,13.5556571936838,1
0.240838917463334,0.363110534877595,-0.0396474308581649,-0.240997775718076,-1.49556169576513,-0.178087878877382,-0.682555413782634,-6.78012796306107e-06,10.3812048647494,14.2329107856718,11.0585696640432,13.555545986378,1
0.240838917463334,0.363104809352856,-0.0396473371786587,-0.24099552329198,-1.49383596693982,-0.17825166607398,-0.684117416602734,-6.66844094415692e-06,10.3810443037452,14.2328381706039,11.058435717897,13.5554467564521,1
0.240838917463334,0.363099740083772,-0.0396472254966074,-0.24099316860706,-1.49212204303079,-0.178405094342727,-0.685677955220694,-6.5573989080496e-06,10.3809014380839,14.2327748753035,11.0583169460632,13.5553593673241,1
0.240838917463334,0.363095319631713,-0.039647096345371,-0.240990715703108,-1.49042003957546,-0.178548249388427,-0.68723682902826,-6.4470492967079e-06,10.3807760752637,14.2327207827499,11.0582131786255,13.5552836793882,1
0.240838917463334,0.363091540385837,-0.0396469502540607,-0.240988168569143,-1.48873006883778,-0.178681221606516,-0.688793835990223,-6.3374378935312e-06,10.3806680179194,14.2326757737872,11.0581242416285,13.5552195500781,1
0.240838917463334,0.363088394566708,-0.0396467877475187,-0.240985531143724,-1.48705223982887,-0.178804105981621,-0.690348772725474,-6.22860885955013e-06,10.3805770639218,14.2326397271722,11.0580499571625,13.5551668339315,1
0.240838917463334,0.363085874229941,-0.0396466093462978,-0.240982807315251,-1.48538665832877,-0.178917001983365,-0.691901434589522,-6.12060476871011e-06,10.3805030064778,14.232612519624,11.0579901434478,13.555125382654,1
0.240838917463334,0.363083971269876,-0.0396464155666394,-0.24098000092225,-1.48373342690954,-0.179020013459587,-0.693451615758417,-6.01346664225778e-06,10.3804456342315,14.2325940258733,11.0579446149204,13.5550950451845,1
0.240838917463334,0.363082677423278,-0.0396462069204515,-0.240977115753648,-1.48209264495931,-0.179113248527077,-0.694999109314017,-5.90723398224875e-06,10.3804047313662,14.232584118712,11.0579131823177,13.5550756677605,1
0.240838917463334,0.363081984273069,-0.0396459839152853,-0.240974155549031,-1.48046440870761,-0.179196819459955,-0.696543707330514,-5.80194480419536e-06,10.3803800777063,14.2325826690437,11.0578956527657,13.5550670939843,1
0.240838917463334,0.363081883252091,-0.039645747054311,-0.240971123998886,-1.47884881125152,-0.179270842575838,-0.698085200962162,-5.69763566888128e-06,10.3803714488216,14.2325895459341,11.0578918298663,13.5550691648894,1
0.240838917463334,0.3630823656469,-0.0396454968362927,-0.240968024744833,-1.47724594258297,-0.179335438119918,-0.699623380532122,-5.59434171334987e-06,10.3803786161306,14.2326046166626,11.0579015137856,13.5550817190076,1
0.240838917463334,0.363083422601597,-0.0396452337555627,-0.240964861379844,-1.47565588961674,-0.179390730147071,-0.701158035622364,-5.49209668109122e-06,10.3804013470065,14.2326277467736,11.0579245013429,13.5551045924372,1
0.240838917463334,0.363085045121684,-0.0396449583019941,-0.240961637448448,-1.47407873621952,-0.179436846402146,-0.702688955164554,-5.39093295144293e-06,10.3804394048827,14.2326588001286,11.0579605861005,13.5551376189109,1
0.240838917463334,0.363087224077968,-0.0396446709609733,-0.240958356446914,-1.47251456323954,-0.179473918198549,-0.704215927531851,-5.29088156822594e-06,10.3804925493603,14.2326976389591,11.058009558454,13.5551806298654,1
0.240838917463334,0.36308995021049,-0.0396443722133711,-0.240955021823439,-1.47096344853709,-0.179502080295251,-0.705738740631557,-5.19197226762455e-06,10.3805605363155,14.2327441239193,11.0580712057244,13.5552334545104,1
0.240838917463334,0.363093214132494,-0.0396440625355123,-0.240951636978301,-1.46942546701558,-0.179521470772365,-0.707257181998524,-5.0942335053401e-06,10.3806431180092,14.2327981141401,11.0581453122498,13.5552959198994,1
0.240838917463334,0.363097006334442,-0.0396437423991454,-0.240948205264019,-1.46790069065331,-0.179532230905401,-0.708771038889283,-4.99769248301608e-06,10.3807400431965,14.2328594672832,11.058231659479,13.5553678510007,1
0.240838917463334,0.363101317188055,-0.0396434122714103,-0.240944729985483,-1.46638918853567,-0.179534505038346,-0.710280098376799,-4.90237517397237e-06,10.3808510572384,14.2329280395958,11.0583300260653,13.5554490707689,1
0.240838917463334,0.363106136950403,-0.0396430726148054,-0.240941214400083,-1.46489102688792,-0.179528440455674,-0.711784147445798,-4.80830634824921e-06,10.3809759022133,14.2330036859659,11.0584401879615,13.5555394002177,1
0.240838917463334,0.363111455768032,-0.0396427238871533,-0.24093766171782,-1.46340626910834,-0.179514187253438,-0.713282973088595,-4.71550959698285e-06,10.3811143170306,14.2330862599782,11.0585619185162,13.5556386584927,1
0.240838917463334,0.363117263681133,-0.0396423665415661,-0.240934075101404,-1.46193497580179,-0.179491898209556,-0.714776362401351,-4.6240073561261e-06,10.3812660375451,14.2331756139706,11.0586949885701,13.5557466629456,1
0.240838917463334,0.363123550627755,-0.039642001026409,-0.240930457666342,-1.46047720481349,-0.179461728653412,-0.716264102680699,-4.53382092953674e-06,10.3814307966722,14.2332715990912,11.0588391665546,13.5558632292088,1
0.240838917463334,0.363130306448052,-0.0396416277852631,-0.240926812481011,-1.45903301126318,-0.179423836334909,-0.717745981520678,-4.44497051143635e-06,10.3816083245048,14.233374065356,11.05899421859,13.5559881712708,1
0.240838917463334,0.363137520888588,-0.039641247256887,-0.24092314256672,-1.45760244757933,-0.179378381293088,-0.719221786909888,-4.35747520826838e-06,10.381798348431,14.2334828617071,11.0591599085857,13.5561213015524,1
0.240838917463334,0.363145183606668,-0.0396408598751778,-0.240919450897761,-1.45618556353361,-0.179325525724438,-0.720691307328833,-4.27135305996347e-06,10.382000593253,14.2335978360717,11.0593359983408,13.5562624309839,1
0.240838917463334,0.363153284174724,-0.0396404660691304,-0.240915740401448,-1.45478240627535,-0.17926543385101,-0.722154331847366,-4.18662106062751e-06,10.3822147813074,14.2337188354213,11.0595222476462,13.5564113690825,1
0.240838917463334,0.363161812084743,-0.0396400662627962,-0.240912013958141,-1.45339302036605,-0.179198271788466,-0.723610650222176,-4.10329517867168e-06,10.3824406325863,14.2338457058322,11.0597184143873,13.5565679240312,1
0.240838917463334,0.363170756752736,-0.0396396608752409,-0.240908274401263,-1.45201744781387,-0.17912420741417,-0.72506005299427,-4.02139037639599e-06,10.3826778648599,14.2339782925458,11.0599242546478,13.5567319027579,1
0.240838917463334,0.363180107523249,-0.0396392503205008,-0.240904524517305,-1.45065572810802,-0.179043410235438,-0.726502331586371,-3.94092062904162e-06,10.3829261938002,14.2341164400303,11.0601395228149,13.5569031110156,1
0.240838917463334,0.363189853673927,-0.0396388350075386,-0.240900767045818,-1.44930789825299,-0.178956051258065,-0.727937278400192,-3.86189894333143e-06,10.383185333106,14.2342599920422,11.0603639716848,13.5570813534635,1
0.240838917463334,0.363199984420108,-0.0396384153401981,-0.2408970046794,-1.4479739928026,-0.178862302855232,-0.729364686913502,-3.78433737550981e-06,10.3834549946287,14.2344087916894,11.0605973525697,13.5572664337484,1
0.240838917463334,0.363210488919471,-0.0396379917171582,-0.240893240063663,-1.44665404389384,-0.178762338636912,-0.730784351776958,-3.70824704889967e-06,10.3837348884996,14.2345626814938,11.0608394154061,13.5574581545873,1
0.240838917463334,0.363221356276723,-0.0396375645318852,-0.240889475797202,-1.44534808128029,-0.178656333319877,-0.732196068910623,-3.63363817098262e-06,10.3840247232584,14.2347215034553,11.061089908863,13.5576563178507,1
0.240838917463334,0.363232575548323,-0.0396371341725856,-0.240885714431547,-1.44405613236537,-0.178544462598404,-0.733599635600124,-3.56052005003819e-06,10.3843242059823,14.2348850991163,11.0613485804523,13.5578607246463,1
0.240838917463334,0.363244135747256,-0.0396367010221569,-0.240881958471109,-1.44277822223503,-0.178426903015803,-0.734994850592401,-3.48890111133311e-06,10.3846330424172,14.2350533096261,11.0616151766392,13.5580711754041,1
0.240838917463334,0.363256025847837,-0.0396362654581385,-0.240878210373113,-1.44151437369005,-0.17830383183684,-0.736381514190987,-3.41878891289211e-06,10.3849509371089,14.2352259758069,11.0618894429543,13.5582874699615,1
0.240838917463334,0.363268234790568,-0.039635827852661,-0.240874472547531,-1.44026460727791,-0.17817542692118,-0.737759428350768,-3.35019016085958e-06,10.3852775935361,14.2354029382193,11.0621711241059,13.5585094076495,1
0.240838917463334,0.363280751487015,-0.039635388572396,-0.240870747357002,-1.43902894132402,-0.178041866597922,-0.739128396772188,-3.28311072446622e-06,10.3856127142442,14.2355840372292,11.0624599640938,13.5587367873796,1
0.240838917463334,0.36329356482474,-0.0396349479785043,-0.240867037116742,-1.43780739196242,-0.177903329541332,-0.740488224994832,-3.21755565061851e-06,10.38595600098,14.2357691130748,11.0627557063236,13.5589694077313,1
0.240838917463334,0.363306663672252,-0.0396345064265837,-0.240863344094457,-1.43659997316584,-0.177759994647866,-0.741838720490348,-3.15352917812255e-06,10.3863071548277,14.2359580059337,11.0630580937216,13.5592070670399,1
0.240838917463334,0.363320036884008,-0.0396340642666174,-0.240859670510237,-1.4354066967751,-0.177612040914546,-0.743179692754676,-3.09103475156667e-06,10.3866658763452,14.2361505559916,11.0633668688513,13.5594495634855,1
0.240838917463334,0.363333673305432,-0.0396336218429201,-0.240856018536456,-1.43422757252782,-0.177459647318814,-0.744510953399513,-3.03007503485797e-06,10.3870318657022,14.2363466035099,11.0636817740297,13.5596966951824,1
0.240838917463334,0.363347561777974,-0.0396331794940857,-0.240852390297661,-1.4330626080863,-0.177302992699903,-0.745832316243003,-2.97065192445305e-06,10.387404822818,14.2365459888954,11.0640025514451,13.5599482602684,1
0.240838917463334,0.36336169114419,-0.039632737552933,-0.240848787870455,-1.43191180906475,-0.177142255641833,-0.747143597399581,-2.9127665622789e-06,10.3877844475014,14.2367485527687,11.0643289432747,13.5602040569954,1
0.240838917463334,0.363376050252857,-0.0396322963464529,-0.240845213283384,-1.43077517905556,-0.176977614358085,-0.748444615368965,-2.85641934836404e-06,10.3881704395899,14.2369541360344,11.0646606918039,13.5604638838205,1
0.240838917463334,0.363390627964104,-0.039631856195754,-0.240841668516809,-1.4296527196548,-0.176809246578037,-0.749735191124232,-2.8016099531986e-06,10.3885624990908,14.2371625799509,11.0649975395451,13.5607275394966,1
0.240838917463334,0.363405413154571,-0.0396314174160087,-0.240838155502785,-1.42854443048682,-0.176637329435238,-0.751015148198953,-2.74833732983111e-06,10.3889603263221,14.2373737262002,11.0653392293578,13.5609948231645,1
0.240838917463334,0.363420394722583,-0.0396309803164001,-0.240834676124936,-1.42745030922792,-0.176462039357565,-0.752284312773356,-2.69659972572664e-06,10.3893636220544,14.237587416959,11.0656855045688,13.5612655344447,1
0.240838917463334,0.363435561593345,-0.0396305452000675,-0.240831232218322,-1.42637035162905,-0.176283551959327,-0.753542513759483,-2.64639469438623e-06,10.3897720876531,14.2378034949687,11.0660361090926,13.5615394735293,1
0.240838917463334,0.363450902724147,-0.0396301123640535,-0.240827825569317,-1.42530455153757,-0.176102041935401,-0.754789582885307,-2.59771910675394e-06,10.3901854252208,14.238021803607,11.0663907875525,13.5618164412753,1
0.240838917463334,0.363466407109586,-0.0396296820992508,-0.240824457915474,-1.42425290091801,-0.175917682957424,-0.75602535477778,-2.55056916242304e-06,10.3906033377404,14.2382421869581,11.0667492854023,13.5620962392962,1
0.240838917463334,0.36348206378679,-0.0396292546903491,-0.240821130945403,-1.42321538987173,-0.175730647572101,-0.757249667044802,-2.50494040065191e-06,10.3910255292182,14.2384644898845,11.0671113490468,13.5623786700559,1
0.240838917463334,0.363497861840654,-0.0396288304157832,-0.240817846298637,-1.42219200665565,-0.175541107101692,-0.758462360356049,-2.46082771120394e-06,10.3914517048274,14.2386885580978,11.0674767259643,13.5626635369609,1
0.240838917463334,0.363513790409076,-0.0396284095476815,-0.240814605565516,-1.42118273769981,-0.175349231546702,-0.759663278522686,-2.41822534503039e-06,10.3918815710512,14.2389142382301,11.0678451648279,13.5629506444535,1
0.240838917463334,0.36352983868819,-0.0396279923518143,-0.240811410287056,-1.42018756762385,-0.175155189490832,-0.760852268575894,-2.37712692480081e-06,10.3923148358267,14.239141377905,11.0682164156268,13.5632397981049,1
0.240838917463334,0.363545995937599,-0.0396275790875443,-0.240808261954836,-1.41920647925245,-0.174959148008215,-0.762029180844227,-2.33752545530358e-06,10.3927512086879,14.2393698258084,11.0685902297886,13.5635308047077,1
0.240838917463334,0.363562251485598,-0.0396271700077771,-0.240805162010882,-1.41823945362957,-0.174761272572983,-0.763193869029765,-2.29941333372244e-06,10.3931904009088,14.2395994317602,11.0689663603001,13.5638234723689,1
0.240838917463334,0.363578594734389,-0.0396267653589125,-0.240802111847559,-1.41728647003157,-0.174561726971196,-0.764346190283042,-2.26278235980575e-06,10.3936321256466,14.2398300467842,11.0693445618285,13.5641176106024,1
0.240838917463334,0.363595015165281,-0.0396263653807978,-0.24079911280746,-1.4163475059792,-0.174360673215143,-0.765486005276749,-2.22762374593754e-06,10.3940760980841,14.2400615231794,11.0697245908425,13.5644130304211,1
0.240838917463334,0.363611502343867,-0.0396259703066814,-0.240796166183319,-1.41542253724841,-0.174158271460071,-0.766613178278185,-2.19392812712531e-06,10.3945220355717,14.2402937145898,11.0701062057326,13.5647095444289,1
0.240838917463334,0.36362804592519,-0.0396255803631679,-0.240793273217911,-1.41451153787999,-0.173954679923331,-0.767727577220454,-2.16168557091902e-06,10.3949696577688,14.2405264760744,11.070489166931,13.5650069669122,1
0.240838917463334,0.363644635658873,-0.0396251957701751,-0.240790435103972,-1.41361448018805,-0.173750054805981,-0.768829073772386,-2.13088558726338e-06,10.395418686785,14.2407596641768,11.0708732370309,13.5653051139309,1
0.240838917463334,0.363661261394227,-0.0396248167408916,-0.240787652984128,-1.41273133476724,-0.173544550216851,-0.769917543407187,-2.10151713830709e-06,10.3958688473199,14.2409931369946,11.0712581809054,13.5656038034092,1
0.240838917463334,0.363677913085327,-0.0396244434817371,-0.240784927950822,-1.4118620704989,-0.173338318099081,-0.770992865469806,-2.0735686481698e-06,10.3963198668025,14.2412267542475,11.0716437658251,13.5659028552249,1
0.240838917463334,0.363694580796041,-0.0396240761923231,-0.240782261046265,-1.41100665455589,-0.173131508159154,-0.772054923243006,-2.04702801268277e-06,10.396771475529,14.2414603773458,11.0720297615755,13.5662020912993,1
0.240838917463334,0.363711254705037,-0.0396237150654167,-0.240779653262388,-1.41016505240632,-0.172924267798404,-0.773103604012146,-2.02188260911348e-06,10.3972234068006,14.2416938694578,11.0724159405731,13.5665013356854,1
0.240838917463334,0.363727925110724,-0.039623360286905,-0.240777105540809,-1.40933722781606,-0.172716742047027,-0.774138799128668,-1.99811930587963e-06,10.3976753970591,14.2419270955766,11.0728020779803,13.5668004146555,1
0.240838917463334,0.363744582436164,-0.039623012035763,-0.240774618772808,-1.40852314285,-0.172509073500581,-0.775160404072282,-1.9757244722684e-06,10.3981271860218,14.2421599225862,11.0731879518199,13.5670991567882,1
0.240838917463334,0.363761217233917,-0.0396226704840219,-0.240772193799324,-1.40772275787219,-0.172301402258977,-0.776168318511864,-1.95468398816827e-06,10.3985785168146,14.242392219327,11.0735733430874,13.5673973930542,1
0.240838917463334,0.363777820190841,-0.0396223357967411,-0.240769831410952,-1.40693603154478,-0.172093865867941,-0.777162446365047,-1.93498325381453e-06,10.3990291361039,14.2426238566601,11.0739580358629,13.5676949569011,1
0.240838917463334,0.363794382132823,-0.0396220081319814,-0.240767532347965,-1.40616292082574,-0.171886599262978,-0.778142695856529,-1.91660719957164e-06,10.399478794227,14.2428547075312,11.0743418174211,13.567991684337,1
0.240838917463334,0.363810894029453,-0.0396216876407811,-0.240765297300345,-1.40540338096544,-0.171679734715765,-0.779108979575094,-1.89954029574599e-06,10.3999272453201,14.2430846470333,11.0747244783401,13.5682874140134,1
0.240838917463334,0.363827346998626,-0.0396213744671347,-0.240763126907828,-1.40465736550207,-0.171473401783021,-0.780061214529342,-1.88376656244393e-06,10.4003742474457,14.2433135524685,11.075105812608,13.5685819873062,1
0.240838917463334,0.363843732311071,-0.0396210687479734,-0.240761021759973,-1.40392482625587,-0.171267727257799,-0.780999322202158,-1.86926957948213e-06,10.4008195627168,14.2435413034083,11.0754856177292,13.5688752483959,1
0.240838917463334,0.363860041394807,-0.0396207706131493,-0.240758982396233,-1.40320571332226,-0.171062835123198,-0.781923228603893,-1.85603249635617e-06,10.4012629574195,14.243767781754,11.0758636948274,13.5691670443461,1
0.240838917463334,0.36387626583952,-0.0396204801854212,-0.240757009306056,-1.40249997506376,-0.170858846508464,-0.782832864324317,-1.84403804226897e-06,10.4017042021344,14.2439928717942,11.0762398487475,13.5694572251811,1
0.240838917463334,0.363892397400855,-0.0396201975804442,-0.240755102928997,-1.4018075581009,-0.170655879647481,-0.783728164583289,-1.83326853623199e-06,10.4021430718538,14.2442164602631,11.076613888156,13.5697456439609,1
0.240838917463334,0.363908428004618,-0.0396199229067614,-0.24075326365485,-1.40112840730188,-0.17045404983959,-0.78460906928021,-1.823705897243e-06,10.4025793460988,14.2444384363956,11.0769856256384,13.5700321568559,1
0.240838917463334,0.363924349750894,-0.0396196562657989,-0.240751491823792,-1.40046246577127,-0.170253469412751,-0.785475523042254,-1.81533165453751e-06,10.403012809032,14.2446586919825,11.0773548777952,13.5703166232193,1
0.240838917463334,0.363940154918063,-0.0396193977518641,-0.240749787726558,-1.39980967483756,-0.170054247688988,-0.786327475271362,-1.80812695792953e-06,10.4034432495693,14.2448771214237,11.0777214653357,13.5705989056573,1
0.240838917463334,0.363955835966725,-0.0396191474521461,-0.240748151604624,-1.39916997403963,-0.169856490952107,-0.787164880190064,-1.80207258823766e-06,10.4038704614875,14.2450936217804,11.078085213169,13.570878870099,1
0.240838917463334,0.363971385543516,-0.0396189054467205,-0.240746583650411,-1.39854330111224,-0.169660302417651,-0.787987696886092,-1.79714896780326e-06,10.4042942435308,14.245308092825,11.0784459504933,13.5711563858625,1
0.240838917463334,0.363986796484827,-0.0396186718085563,-0.240745084007516,-1.39792959197041,-0.169465782205049,-0.788795889355837,-1.7933361710975e-06,10.4047143995129,14.2455204370908,11.0788035108827,13.5714313257211,1
0.240838917463334,0.364002061820411,-0.0396184466035269,-0.240743652770957,-1.39732878069286,-0.169273027311951,-0.789589426546648,-1.79061393543649e-06,10.4051307384175,14.2457305599189,11.0791577323706,13.5717035659658,1
0.240838917463334,0.364017174776874,-0.0396182298904238,-0.240742289987437,-1.3967407995044,-0.169082131590686,-0.790368282397981,-1.78896167178114e-06,10.4055430744949,14.2459383695042,11.0795084575321,13.5719729864671,1
0.240838917463334,0.364032128781062,-0.0396180217209739,-0.240740995655635,-1.3961655787574,-0.168893185726823,-0.791132435881442,-1.7883584756424e-06,10.4059512273561,14.2461437769399,11.0798555335621,13.572239470734,1
0.240838917463334,0.36404691746332,-0.0396178221398599,-0.240739769726511,-1.39560304691225,-0.168706277219803,-0.791881871039711,-1.78878313808941e-06,10.4063550220632,14.2463466962597,11.080198812352,13.5725029059709,1
0.240838917463334,0.364061534660639,-0.039617631184745,-0.240738612103642,-1.39505313051691,-0.168521490365586,-0.792616577024382,-1.79021415685717e-06,10.4067542892173,14.2465470444786,11.0805381505629,13.572763183133,1
0.240838917463334,0.364075974419675,-0.0396174488862998,-0.240737522643565,-1.39451575418557,-0.168338906241297,-0.793336548132741,-1.79262974754692e-06,10.4071488650422,14.2467447416324,11.0808734096961,13.5730201969785,1
0.240838917463334,0.364090230999641,-0.0396172752682334,-0.240736501156157,-1.39399084057637,-0.168158602691809,-0.79404178384348,-1.79600785494174e-06,10.4075385914655,14.2469397108145,11.0812044561608,13.5732738461191,1
0.240838917463334,0.364104298875077,-0.039617110347328,-0.240735547405024,-1.39347831036826,-0.167980654318251,-0.794732288851391,-1.80032616440511e-06,10.4079233161954,14.2471318782117,11.0815311613387,13.5735240330685,1
0.240838917463334,0.364118172738487,-0.0396169541334769,-0.24073466110792,-1.39297808223704,-0.167805132468374,-0.795408073101032,-1.80556211339245e-06,10.4083028927953,14.2473211731378,11.0818534016457,13.5737706642874,1
0.240838917463334,0.364131847502836,-0.0396168066297259,-0.240733841937186,-1.39249007283051,-0.167632105228749,-0.796069151819417,-1.81169290304211e-06,10.4086771807531,14.2475075280653,11.0821710585906,13.5740136502278,1
0.240838917463334,0.364145318303924,-0.0396166678323184,-0.240733089520203,-1.39201419674286,-0.16746163741876,-0.796715545547712,-1.81869550987362e-06,10.4090460455484,14.2476908786549,11.0824840188302,13.5742529053731,1
0.240838917463334,0.364158580502617,-0.0396165377307437,-0.240732403439881,-1.39155036648825,-0.167293790586341,-0.797347280171994,-1.82654669756819e-06,10.409409358715,14.2478711637841,11.0827921742222,13.574488348277,1
0.240838917463334,0.364171629686939,-0.0396164163077895,-0.240731783235157,-1.39109849247361,-0.167128623005418,-0.79796438695306,-1.8352230288352e-06,10.4097669979002,14.2480483255727,11.0830954218735,13.5747199015994,1
0.240838917463334,0.364184461674026,-0.0396163035395972,-0.240731228401521,-1.3906584829707,-0.166966189675024,-0.79856690255533,-1.84470087736523e-06,10.4101188469202,14.2482223094066,11.0833936641869,13.5749474921398,1
0.240838917463334,0.364197072511938,-0.0396161993957208,-0.240730738391559,-1.39023024408746,-0.166806542320033,-0.799154869074854,-1.85495643985881e-06,10.4104647958112,14.2483930639603,11.0836868089032,13.5751710508683,1
0.240838917463334,0.36420945848133,-0.0396161038391897,-0.240730312615524,-1.38981367973864,-0.166649729393482,-0.799728334066436,-1.86596574812875e-06,10.4108047408779,14.2485605412164,11.0839747691406,13.5753905129538,1
0.240838917463334,0.364221616096978,-0.0396160168265749,-0.24072995044192,-1.38940869161573,-0.166495796080435,-0.800287350569913,-1.87770468127096e-06,10.4111385847365,14.248724696484,11.0842574634306,13.57560581779,1
0.240838917463334,0.364233542109158,-0.0396159383080575,-0.240729651198112,-1.38901517915626,-0.166344784303347,-0.800831977135595,-1.89014897789599e-06,10.4114662363548,14.2488854884142,11.0845348157508,13.5758169090182,1
0.240838917463334,0.364245233504889,-0.0396158682275025,-0.240729414170955,-1.38863303951242,-0.166196732728892,-0.801362277848892,-1.90327424842002e-06,10.4117876110886,14.249042879014,11.0848067555541,13.5760237345485,1
0.240838917463334,0.364256687509017,-0.0396158065225339,-0.240729238607439,-1.38826216751912,-0.166051676776209,-0.80187832235414,-1.91705598740209e-06,10.4121026307131,14.2491968336587,11.0850732177947,13.5762262465771,1
0.240838917463334,0.364267901585166,-0.0396157531246148,-0.240729123715364,-1.38790245566132,-0.16590964862653,-0.802380185877664,-1.93146958592392e-06,10.4124112234514,14.2493473211009,11.0853341429504,13.5764244016019,1
0.240838917463334,0.364278873436535,-0.0396157079591293,-0.240729068664021,-1.38755379404095,-0.165770677234141,-0.80286794925008,-1.94649034400718e-06,10.4127133239983,14.2494943134788,11.0855894770419,13.5766181604352,1
0.240838917463334,0.364289601006556,-0.0396156709454686,-0.240729072584901,-1.38721607034312,-0.165634788338651,-0.803341698927866,-1.96209348305375e-06,10.413008873541,14.2496377863218,11.0858391716488,13.576807488214,1
0.240838917463334,0.364300082479398,-0.0396156419971196,-0.24072913457242,-1.38688916980187,-0.165502004478514,-0.803801527014216,-1.97825415831298e-06,10.4132978197746,14.2497777185542,11.0860831839216,13.5769923544072,1
0.240838917463334,0.364310316280336,-0.0396156210217566,-0.24072925368466,-1.38657297516538,-0.165372345005767,-0.804247531279211,-1.99494747134662e-06,10.4135801169151,14.2499140924965,11.086321476591,13.5771727328206,1
0.240838917463334,0.364320301075968,-0.0396156079213361,-0.240729428944127,-1.38626736666064,-0.165245826101955,-0.804679815179302,-2.01214848250909e-06,10.4138557257075,14.2500468938656,11.0865540179738,13.5773486015993,1
0.240838917463334,0.364330035774295,-0.0396156025921941,-0.24072965933853,-1.38597222195769,-0.165122460795186,-0.805098487876158,-2.02983222340661e-06,10.4141246134304,14.2501761117723,11.0867807819751,13.5775199432275,1
0.240838917463334,0.364339519524657,-0.0396156049251468,-0.240729943821572,-1.38568741613336,-0.165002258978293,-0.805503664254874,-2.04797370935058e-06,10.4143867538965,14.2503017387166,11.0870017480875,13.5776867445256,1
0.240838917463334,0.364348751717529,-0.0396156148055928,-0.240730281313751,-1.38541282163457,-0.164885227428053,-0.805895464941558,-2.06654795177251e-06,10.4146421274499,14.250423770582,11.0872169013869,13.577848996645,1
0.240838917463334,0.364357731984177,-0.0396156321136195,-0.24073067070319,-1.38514830824124,-0.164771369825419,-0.806274016320354,-2.08552997060455e-06,10.4148907209588,14.2505422066269,11.0874262325255,13.5780066950602,1
0.240838917463334,0.364366460196182,-0.03961565672411,-0.240731110846466,-1.38489374302867,-0.164660686776747,-0.806639450549869,-2.1048948066137e-06,10.4151325278051,14.250657049475,11.087629737721,13.578159839559,1
0.240838917463334,0.364374936464826,-0.0396156885068541,-0.240731600569458,-1.38464899032973,-0.164553175835954,-0.806991905579063,-2.12461753367528e-06,10.4153675478704,14.2507683051026,11.0878274187434,13.5783084342296,1
0.240838917463334,0.364383161140344,-0.0396157273266603,-0.240732138668207,-1.38441391169647,-0.164448831527571,-0.807331525162615,-2.14467327096686e-06,10.4155957875175,14.2508759828258,11.0880192828978,13.5784524874455,1
0.240838917463334,0.364391134811056,-0.0396157730434705,-0.240732723909789,-1.38418836586152,-0.164347645370674,-0.80765845887578,-2.16503719508743e-06,10.4158172595699,14.250980095284,11.0882053430053,13.5785920118487,1
0.240838917463334,0.364398858302361,-0.0396158255124762,-0.240733355033193,-1.38397220869911,-0.164249605903615,-0.807972862128758,-2.18568455207736e-06,10.4160319832863,14.2510806584236,11.0883856173801,13.5787270243298,1
0.240838917463334,0.364406332675616,-0.039615884584237,-0.24073403075021,-1.38376529318574,-0.164154698709546,-0.808274896180603,-2.20659066933027e-06,10.4162399843327,14.251177691478,11.0885601298043,13.5788575460064,1
0.240838917463334,0.364413559226892,-0.0396159501048004,-0.240734749746335,-1.38356746936062,-0.164062906442672,-0.808564728152705,-2.22773096738673e-06,10.4164412947512,14.2512712169479,11.0887289094997,13.5789836021995,1
0.240838917463334,0.364420539485616,-0.0396160219158232,-0.240735510681669,-1.38337858428577,-0.163974208855203,-0.808842531041838,-2.24908097159148e-06,10.416635952925,14.2513612605785,11.0888919910964,13.5791052224071,1
0.240838917463334,0.364427275213097,-0.0396160998546945,-0.240736312191832,-1.38319848200591,-0.163888582824953,-0.809108483732822,-2.27061632360345e-06,10.4168240035411,14.2514478513358,11.0890494146,13.579222440277,1
0.240838917463334,0.364433768400946,-0.0396161837546594,-0.240737152888877,-1.38302700350809,-0.163806002383555,-0.809362771010824,-2.29231279275052e-06,10.4170054975494,14.2515310213818,11.0892012253552,13.579335293576,1
0.240838917463334,0.364440021269396,-0.0396162734449445,-0.240738031362215,-1.38286398668108,-0.163726438745231,-0.809605583573306,-2.31414628720646e-06,10.4171804921193,14.2516108060474,11.0893474740074,13.5794438241593,1
0.240838917463334,0.364446036265516,-0.0396163687508833,-0.240738946179531,-1.38270926627461,-0.163649860336087,-0.809837118041654,-2.33609286498219e-06,10.4173490505938,14.2516872438045,11.089488216462,13.5795480779362,1
0.240838917463334,0.364451816061336,-0.0396164694940433,-0.240739895887715,-1.38256267385838,-0.163576232823868,-0.810057576972524,-2.35812874471314e-06,10.4175112424403,14.251760376237,11.0896235138416,13.5796481048357,1
0.240838917463334,0.364457363551881,-0.0396165754923531,-0.24074087901378,-1.38242403778097,-0.163505519148149,-0.810267168868915,-2.38023031623232e-06,10.4176671431997,14.2518302480103,11.0897534324408,13.5797439587692,1
0.240838917463334,0.364462681853124,-0.0396166865602297,-0.240741894065792,-1.38229318312854,-0.16343767955089,-0.810466108191001,-2.40237415091312e-06,10.4178168344329,14.2518969068394,11.0898780436794,13.579835697593,1
0.240838917463334,0.364467774299856,-0.0396168025087065,-0.240742939533785,-1.3821699316835,-0.163372671607313,-0.810654615366766,-2.4245370117657e-06,10.4179604036651,14.2519604034567,11.0899974240536,13.5799233830682,1
0.240838917463334,0.364472644443491,-0.0396169231455608,-0.240744013890679,-1.38205410188304,-0.163310450257046,-0.810832916802448,-2.44669586327253e-06,10.418097944328,14.2520207915783,11.090111655086,13.5800070808203,1
0.240838917463334,0.3644772960498,-0.0396170482754411,-0.240745115593194,-1.38194550877758,-0.163250967835487,-0.811001244892847,-2.46882788094968e-06,10.4182295557006,14.2520781278696,11.0902208232729,13.5800868602972,1
0.240838917463334,0.364481733096592,-0.0396171776999944,-0.240746243082756,-1.38184396398924,-0.163194174105317,-0.811159838031496,-2.49091046061694e-06,10.4183553428481,14.25213247191,11.0903250200317,13.5801627947264,1
0.240838917463334,0.364485959771334,-0.0396173112179923,-0.240747394786389,-1.38174927567025,-0.163140016288112,-0.811308940620776,-2.51292122736175e-06,10.4184754165594,14.2521838861573,11.090424341646,13.5802349610708,1
0.240838917463334,0.364489980468735,-0.0396174486254566,-0.240748569117607,-1.38166124846133,-0.163088439095995,-0.81144880308196,-2.53483804417795e-06,10.4185898932831,14.2522324359113,11.0905188892102,13.5803034399843,1
0.240838917463334,0.364493799788287,-0.0396175897157839,-0.240749764477289,-1.38157968345025,-0.163039384763254,-0.811579681865258,-2.55663902027187e-06,10.4186988950627,14.2522781892766,11.0906087685728,13.5803683157666,1
0.240838917463334,0.364497422531778,-0.0396177342798684,-0.240750979254544,-1.38150437813029,-0.162992793077871,-0.81170183945988,-2.57830251901066e-06,10.4188025494711,14.2523212171257,11.0906940902796,13.5804296763172,1
0.240838917463334,0.364500853700783,-0.0396178821062239,-0.240752211827558,-1.38143512635889,-0.162948601412882,-0.811815544404164,-2.59980716550132e-06,10.4189009895439,14.2523615930613,11.0907749695157,13.5804876130896,1
0.240838917463334,0.364504098494138,-0.0396180329811036,-0.24075346056443,-1.38137171831644,-0.162906744757511,-0.81192107129581,-2.62113185378476e-06,10.4189943537128,14.252399393379,11.0908515260475,13.5805422210444,1
0.240838917463334,0.364507162305413,-0.0396181866886181,-0.240754723823988,-1.38131394046516,-0.162867155747983,-0.81201870080226,-2.64225575362489e-06,10.4190827857387,14.2524346970294,11.0909238841647,13.5805935986034,1
0.240838917463334,0.364510050720386,-0.0396183430108508,-0.240755999956585,-1.38126157550825,-0.162829764697957,-0.812108719671265,-2.66315831688107e-06,10.4191664346442,14.2524675855808,11.0909921726221,13.5806418476029,1
0.240838917463334,0.364512769514528,-0.0396185017279718,-0.240757287304876,-1.38121440234924,-0.162794499628481,-0.812191420741698,-2.68381928343888e-06,10.4192454546476,14.2524981431819,11.0910565245816,13.5806870732478,1
0.240838917463334,0.364515324650512,-0.0396186626183479,-0.240758584204573,-1.38117219605157,-0.162761286297404,-0.812267102954633,-2.70421868669868e-06,10.4193200050963,14.2525264565249,11.0911170775552,13.5807293840661,1
0.240838917463334,0.364517722275752,-0.0396188254586507,-0.240759888985172,-1.38113472779853,-0.162730048228135,-0.812336071364777,-2.72433685857971e-06,10.4193902504016,14.2525526148095,11.0911739733478,13.5807688918634,1
0.240838917463334,0.364519968719984,-0.0396189900239609,-0.240761199970657,-1.38110176485357,-0.162700706737668,-0.81239863715228,-2.74415443404951e-06,10.4194563599744,14.2525767097067,11.0912273580022,13.5808057116789,1
0.240838917463334,0.364522070492897,-0.0396191560878691,-0.240762515480175,-1.38107307052086,-0.162673180963789,-0.81245511763497,-2.7636523551456e-06,10.4195185081619,14.2525988353243,11.0912773817441,13.5808399617422,1
0.240838917463334,0.364524034281829,-0.0396193234225733,-0.240763833828683,-1.38104840410647,-0.162647387891326,-0.812505836281108,-2.78281187447222e-06,10.4195768741869,14.2526190881729,11.0913241989289,13.5808717634309,1
0.240838917463334,0.364525866949532,-0.0396194917989724,-0.240765153327559,-1.38102752087987,-0.162623242377393,-0.812551122722677,-2.80161455815937e-06,10.4196316420879,14.2526375671329,11.0913679679908,13.58090124123,1
0.240838917463334,0.364527575532021,-0.0396196609867546,-0.240766472285181,-1.38101017203606,-0.162600657175479,-0.812591312769287,-2.82004228827341e-06,10.4196830006617,14.2526543734232,11.0914088513927,13.5809285226922,1
0.240838917463334,0.364529167236523,-0.0396198307544825,-0.240767789007475,-1.3809961046582,-0.162579542958273,-0.812626748422769,-2.83807726464073e-06,10.4197311434094,14.252669610571,11.0914470155794,13.5809537384011,1
0.240838917463334,0.36453064943953,-0.0396200008696724,-0.240769101798419,-1.38098506168091,-0.162559808339137,-0.812657777892486,-2.85570200608967e-06,10.4197762684839,14.252683384383,11.0914826309321,13.5809770219348,1
0.240838917463334,0.364532029684967,-0.0396201710988694,-0.240770408960508,-1.38097678185423,-0.162541359892076,-0.812684755611476,-2.87289935107931e-06,10.4198185786414,14.252695802919,11.0915158717271,13.5809985098333,1
0.240838917463334,0.3645333156825,-0.0396203412077158,-0.240771708795184,-1.38097099970831,-0.162524102170087,-0.812708042253457,-2.88965245769989e-06,10.4198582811963,14.2527069764665,11.0915469160961,13.5810183415667,1
0.240838917463334,0.364534515305982,-0.0396205109610154,-0.240772999603213,-1.38096744551891,-0.162507937721768,-0.812728004750793,-2.90594480302761e-06,10.4198955879799,14.2527170175185,11.0915759459906,13.5810366595078,1
0.240838917463334,0.364535636592058,-0.0396206801227905,-0.240774279685023,-1.38096584527373,-0.162492767106044,-0.812745016313475,-2.92176018181689e-06,10.4199307153031,14.2527260407526,11.0916031471498,13.5810536089058,1
0.240838917463334,0.36453668773894,-0.0396208484563337,-0.240775547340991,-1.38096592063968,-0.162478488904868,-0.812759456449215,-2.93708270451279e-06,10.4199638839237,14.2527341630133,11.0916287090726,13.5810693378644,1
0.240838917463334,0.364537677105368,-0.039621015724252,-0.240776800871679,-1.38096738893104,-0.162464999733757,-0.812771710984719,-2.95189679455736e-06,10.4199953190191,14.2527415032963,11.0916528249932,13.5810839973223,1
0.240838917463334,0.364538613209768,-0.039621181688505,-0.240778038578022,-1.38096996307883,-0.162452194250018,-0.812782172088218,-2.9661871849794e-06,10.4200252501639,14.2527481827367,11.0916756918622,13.5810977410384,1
0.240838917463334,0.364539504729623,-0.0396213461104353,-0.240779258761454,-1.38097335160106,-0.162439965158505,-0.812791238293364,-2.97993891424811e-06,10.4200539113129,14.2527543245987,11.0916975103319,13.5811107255797,1
0.240838917463334,0.364540360501071,-0.0396215087507917,-0.240780459723986,-1.38097725857441,-0.162428203214744,-0.812799314524548,-2.99313732136402e-06,10.420081540791,14.2527600542702,11.091718484747,13.5811231103143,1
0.240838917463334,0.364541189518746,-0.0396216693697442,-0.240781639768219,-1.38098138360693,-0.162416797225284,-0.812806812123754,-3.0057680401859e-06,10.4201083812889,14.25276549926,11.0917388231413,13.5811350574076,1
0.240838917463334,0.364541999452019,-0.0396218277715449,-0.240782797551587,-1.38098547348314,-0.16240565229344,-0.812814079018394,-3.01782223890316e-06,10.4201346399547,14.2527707679866,11.0917587029514,13.5811467049899,1
0.240838917463334,0.36454278669528,-0.0396221561131936,-0.240783776691648,-1.38098944248732,-0.162394821164992,-0.812821148398707,-3.04979358555289e-06,10.420164387043,14.2527699138169,11.0917791808386,13.5811551200213,1
0.240838917463334,0.364543545031648,-0.039622860195538,-0.240786350156467,-1.38099324865892,-0.162384390549366,-0.812827975824326,-3.12538863790243e-06,10.4202024960031,14.2527557422686,11.0918014150885,13.5811568231833,1
0.240838917463334,0.364544250305422,-0.0396247205967432,-0.240790526131441,-1.38099673095519,-0.162374697246323,-0.812834386398979,-3.33627085842261e-06,10.4202672281725,14.2527011650563,11.0918299926885,13.5811384005404,1
0.240838917463334,0.364544889188353,-0.0396281887431229,-0.240797588816458,-1.38099980041209,-0.162365926861946,-0.812840283981452,-3.73251988806216e-06,10.4203692016957,14.2525904854415,11.0918675418824,13.5810921452548,1
0.240838917463334,0.36454544620687,-0.0396337928875947,-0.240808494979229,-1.38100235401775,-0.162358294588104,-0.812845556946371,-4.37213929569012e-06,10.4205208283381,14.2524053537851,11.0919171579104,13.5810090242128,1
0.240838917463334,0.364545906313396,-0.039642056936713,-0.240824194678224,-1.38100429189575,-0.162352009131438,-0.81285009698972,-5.31116760155681e-06,10.4207344260331,14.252127575349,11.0919819174689,13.5808800839132,1
0.240826281847329,0.364546254782228,-0.0396535003694224,-0.240845631081834,-1.38100551722316,-0.16234727288085,-0.812853799044394,-6.60371756086308e-06,10.4210222159736,14.251739112741,11.0920648774237,13.5806964512909,1
0.240809673251461,0.36454646922384,-0.0396686029177367,-0.240873460086297,-1.38100588363183,-0.162344392341771,-0.812856503693215,-8.2978648656937e-06,10.4213952376636,14.2512232000974,11.0921686650333,13.5804497727277,1
0.240788548434674,0.36454653320311,-0.0396878644895799,-0.240908528806011,-1.38100528521527,-0.162343589186263,-0.812858095682356,-1.04428568653341e-05,10.4218651913737,14.2505624530234,11.092296174345,13.5801314700521,1
0.240762370742848,0.364546430223606,-0.0397117789944,-0.240951666751802,-1.38100361723604,-0.162345082722237,-0.812858460934986,-1.30860004783971e-05,10.4224436323395,14.2497396937002,11.0924502611485,13.5797330648912,1
0.240730610148508,0.364546143680221,-0.0397408343111151,-0.241003686046666,-1.38100077618144,-0.162349089773204,-0.812857486615892,-1.62727070604844e-05,10.4231419693366,14.2487379516265,11.0926337421953,13.5792461787678,1
0.240692743289318,0.364545656806872,-0.0397755122577907,-0.241065381639013,-1.38099665982105,-0.162355824554494,-0.812855061197932,-2.00465363783599e-05,10.4239714632238,14.2475404642603,11.0928493943651,13.578662533119,1
0.240648253505342,0.36454495261953,-0.0398162885630018,-0.241137531513417,-1.38099116726531,-0.162365498546986,-0.812851074529796,-2.44492397075514e-05,10.4249432254552,14.2461306775657,11.0930999537826,13.5779739492383,1
0.24059663087511,0.364544013854816,-0.0398636328388319,-0.241220896898937,-1.38098419902496,-0.162378320369188,-0.812845417904624,-2.95208020694344e-05,10.4260682165666,14.2444922464668,11.093388114888,13.5771723481453,1
0.240537372250464,0.364542822904445,-0.0399180085554602,-0.241316222475016,-1.38097565707086,-0.162394495648549,-0.812837984129033,-3.52994836242305e-05,10.4273572446361,14.2426090352126,11.0937165294633,13.5762497503854,1
0.240469981290236,0.364541361745739,-0.0399798730172888,-0.241424236575002,-1.38096544489368,-0.162414226892761,-0.81282866759215,-4.18218602353365e-05,10.4288209637249,14.240465117656,11.0940878056179,13.575198275763,1
0.240393968492728,0.364539611868484,-0.0400496773405587,-0.241545651387328,-1.38095346756344,-0.162437713361739,-0.812817364334311,-4.91228632208997e-05,10.4304698722981,14.2380447774504,11.0945045067368,13.5740101430117,1
0.240308851227028,0.364537554198363,-0.0401278664324053,-0.24168116315437,-1.38093963178825,-0.162465150940938,-0.812803972115053,-5.72358183076312e-05,10.4323143116298,14.2353325081666,11.0949691503929,13.5726776694035,1
0.24021415376316,0.364535169017215,-0.0402148789712995,-0.241831452369019,-1.38092384597221,-0.162496732016556,-0.812788390480147,-6.61924838021388e-05,10.4343644641956,14.2323130133342,11.0954842072286,13.5711932703012,1
0.240109407301086,0.364532435880362,-0.0403111473888241,-0.241997183969006,-1.38090602027216,-0.162532645353191,-0.812770520827342,-7.60230879940664e-05,10.4366303520532,14.2289712064096,11.0960520998063,13.5695494586565,1
0.239994149998557,0.364529333531239,-0.0404170978527295,-0.242179007528998,-1.380886066653,-0.162573075974368,-0.812750266470634,-8.67563658062522e-05,10.4391218352165,14.2252922106743,11.0966752014339,13.567738844457,1
0.239867926997837,0.364525839813572,-0.0405331502512156,-0.242377557450499,-1.38086389894147,-0.162618205046391,-0.812727532702797,-9.84195947054704e-05,10.4418486100232,14.2212613590668,11.0973558349657,13.5657541341242,1
0.239730290451304,0.364521931581326,-0.0406597181783839,-0.242593453149592,-1.38083943287813,-0.16266820976586,-0.812702226856015,-0.000111038629888272,10.4448202074996,14.2168641939502,11.0980962715825,13.5635881298672,1
0.239580799545926,0.364517584606658,-0.0407972089208028,-0.242827299242547,-1.38081258616745,-0.162723263251201,-0.812674258360421,-0.000124637938755437,10.4480459917258,14.2120864668203,11.0988987295531,13.561233728993,1
0.239419020526647,0.364512773486105,-0.0409460234451302,-0.24307968572932,-1.38078327852591,-0.162783534438462,-0.812643538800413,-0.000139240634688781,10.4515351582023,14.2069141379554,11.0997653729803,13.5586839231774,1
0.239244526718671,0.364507471545218,-0.0411065563867338,-0.243351188174984,-1.38075143172785,-0.162849187981631,-0.812609981968623,-0.000154868510143541,10.4552967322214,14.2013333760114,11.1006983105332,13.5559317976996,1
0.239056898548666,0.364501650741877,-0.0412791960392516,-0.24364236788911,-1.38071696964917,-0.162920384157668,-0.812573503917414,-0.000171542069069392,10.459339567245,14.1953305575661,11.1016995941694,13.5529705306417,1
0.238855723564895,0.364495281568485,-0.0414643243450326,-0.24395377210314,-1.38067981830862,-0.162997278776425,-0.81253402300784,-0.000189280558673226,10.4636723432926,14.1888922666134,11.1027712178485,13.5497933920576,1
0.238640596456286,0.36448833295327,-0.041662316886398,-0.244285934145762,-1.38063990590681,-0.163080023095572,-0.812491459955981,-0.00020810200053609,10.4683035653394,14.1820052940134,11.1039151162399,13.5463937431128,1
0.238411119070456,0.364480772160889,-0.0418735428776618,-0.24463937361634,-1.38059716286265,-0.163168763740649,-0.812445737876611,-0.00022802322109686,10.473241561729,14.1746566368972,11.1051331634276,13.5427650351985,1
0.238166900430688,0.36447256469254,-0.0420983651578513,-0.245014596556409,-1.38055152184748,-0.163263642630312,-0.81239678232414,-0.000249059881514993,10.4784944826013,14.1668334980336,11.1064271716132,13.5389008090217,1
0.237907556751892,0.364463674185795,-0.0423371401840651,-0.24541209561927,-1.38050291781656,-0.163364796906826,-0.812344521330821,-0.000271226506924206,10.4840702983387,14.1585232851562,11.1077988898206,13.5347946936743,1
0.237632711455541,0.364454062314331,-0.0425902180254075,-0.245832350237725,-1.38045128803816,-0.163472358871823,-0.812288885442194,-0.000294536515089175,10.4899767980317,14.1497136102572,11.1092500026044,13.5304404056845,1
0.237341995183613,0.364443688687765,-0.042857942357439,-0.246275826789955,-1.38039657212013,-0.16358645592735,-0.812229807749764,-0.000319002244476397,10.4962215879668,14.1403922888475,11.110782128763,13.5258317480514,1
0.237035045811536,0.36443251075177,-0.04314065045708,-0.2467429787636,-1.38033871203392,-0.163707210522178,-0.812167223920919,-0.000344634981751414,10.5028120901379,14.1305473391884,11.1123968200604,13.5209626092659,1
0.236711508460159,0.364420483688673,-0.0434386731979071,-0.247234246918046,-1.38027765213618,-0.163834740103346,-0.812101072226103,-0.000371444988712975,10.5097555407835,14.1201669814947,11.1140955599573,13.5158269623208,1
0.236371035506753,0.364407560318691,-0.0437523350457814,-0.247750059444957,-1.38021333918793,-0.163969157072906,-0.812031293563256,-0.000399441528675315,10.5170589889514,14.1092396371147,11.1158797623542,13.5104188637118,1
0.236013286595064,0.364393691001998,-0.044081954054748,-0.248290832127086,-1.38014572237115,-0.164110568749798,-0.811957831479565,-0.000428632892309861,10.5247292950927,14.0977539276866,11.1177507703482,13.5047324524311,1
0.235637928644423,0.364378823541795,-0.0444278418631461,-0.248856968495378,-1.38007475330321,-0.164259077336795,-0.811880632190544,-0.00045902642295606,10.5327731296866,14.0856986742759,11.1197098550053,13.4987619489571,1
0.235244635857927,0.364362903088534,-0.0447903036898711,-0.249448859984406,-1.38000038604872,-0.164414779892441,-0.811799644596487,-0.000490628541413336,10.541196971898,14.0730628964949,11.1217582141514,13.4925016542414,1
0.234833089729705,0.364345872045477,-0.0451696383307296,-0.25006688608616,-1.37992257712921,-0.164577768307878,-0.811714820296348,-0.000523444770222589,10.5500071082692,14.0598358116072,11.123896971181,13.4859459486954,1
0.234402979051289,0.364327669975743,-0.0455661381548296,-0.250711414502227,-1.37984128553053,-0.164748129288489,-0.81162611359908,-0.000557479757448704,10.5592096314476,14.0460068336194,11.1261271738882,13.4790892911788,1
0.233953999917083,0.364308233510989,-0.0459800891009489,-0.251382801294365,-1.37975647270797,-0.164925944340247,-0.81153348153249,-0.000592737299973595,10.5688104389503,14.0315655723614,11.1284497933206,13.4719262179911,1
0.23348585572897,0.364287496261894,-0.0464117706738274,-0.252081391033534,-1.37966810258926,-0.165111289760655,-0.811436883849672,-0.000629220366309444,10.5788152319677,14.0165018325589,11.130865722657,13.4644513418696,1
0.232998257200044,0.364265388730572,-0.0468614559403269,-0.252807516947374,-1.37957614157552,-0.165304236634187,-0.811336283033055,-0.000666931118941379,10.5892295142072,14.0008056128991,11.1333757761119,13.4566593509945,1
0.232490922357495,0.364241838225073,-0.0473294115254069,-0.253561501066181,-1.37948055853999,-0.16550485083211,-0.811231644296133,-0.000705870936210305,10.6000585907785,13.9844671050914,11.1359806878671,13.4485450080029,1
0.23196357654466,0.364216768776101,-0.0478158976078662,-0.254343654367401,-1.37938132482498,-0.165713193016556,-0.811122935582944,-0.000746040433743316,10.6113075671209,13.9674766929262,11.138681111033,13.4401031490141,1
0.231415952422239,0.364190101056087,-0.0483211679157976,-0.255154276918652,-1.37927841423668,-0.165929318648774,-0.811010127565324,-0.000787439485441021,10.6229813479759,13.9498249513328,11.1414776166403,13.4313286826684,1
0.230847789968705,0.364161752300747,-0.0488454697217112,-0.255993658019325,-1.37917180303818,-0.166153278001405,-0.810893193638035,-0.000830067244032334,10.6350846364037,13.9315026454387,11.1443706926635,13.4222165891789,1
0.230258836479909,0.364131636233246,-0.0493890438372776,-0.256862076340769,-1.37906146994069,-0.166385116174658,-0.8107721099118,-0.00087392216120395,10.647621932847,13.9125007296317,11.1473607430778,13.4127619194008,1
0.229648846567897,0.364099662991102,-0.0499521246076493,-0.257759800065093,-1.37894739609287,-0.166624873116363,-0.810646855204287,-0.000919002007312747,10.6605975342415,13.892810346627,11.1504480869514,13.4029597939172,1
0.22901758215894,0.364065739055934,-0.0505349399053176,-0.258687087022599,-1.37882956506854,-0.166872583645644,-0.81051741102915,-0.00096530389068982,10.6740155331759,13.8724228265408,11.1536329575721,13.3928054021446,1
0.228364812490815,0.364029767186177,-0.0511377111234657,-0.259644184827885,-1.37870796285266,-0.167128277480253,-0.810383761583125,-0.00101282427654594,10.6878798171002,13.8513296859717,11.1569155016131,13.3822940014588,1
0.227690314109307,0.363991646352873,-0.0517606531687811,-0.260631331014625,-1.37858257782572,-0.167391979267341,-0.810245893731269,-0.00106155900548322,10.7021940675855,13.8295226270921,11.160295778335,13.3714209163426,1
0.226993870863988,0.363951271678643,-0.0524039744536925,-0.261648753169056,-1.37845340074659,-0.167663708617627,-0.810103796990392,-0.00111150331162454,10.7169617596348,13.8069935367507,11.1637737588286,13.3601815375569,1
0.226275273903241,0.363908534379938,-0.0530678768879998,-0.262696669062193,-1.37832042473377,-0.167943480142849,-0.809957463510723,-0.00116265184036498,10.732186161046,13.7837344855872,11.1673493252971,13.348571321336,1
0.225534321668577,0.363863321712679,-0.0537525558698687,-0.263775286780787,-1.37818364524522,-0.16823130349638,-0.809806888055862,-0.00121499866575506,10.7478703318284,13.7597377271618,11.1710222703809,13.3365857886094,1
0.224770819888218,0.363815516921367,-0.0544582002761611,-0.264884804857054,-1.37804306005683,-0.168527183416928,-0.809652067981088,-0.00126853730752295,10.7640171236732,13.7349956970993,11.174792296523,13.3242205242495,1
0.223984581569988,0.363764999191762,-0.0551849924520806,-0.26602541239719,-1.37789866923938,-0.168831119775246,-0.809493003210025,-0.0013232607477415,10.7806291794781,13.7095010122499,11.1786590153797,13.3114711763482,1
0.223175426993501,0.36371164360722,-0.0559331082001114,-0.267197289208692,-1.37775047513428,-0.169143107623697,-0.809329696209776,-0.0013791614471487,10.7977089329277,13.6832464698679,11.1826219472737,13.298333455522,1
0.222343183701656,0.363655321108758,-0.0567027167682326,-0.2684006059265,-1.37759848232795,-0.169463137248682,-0.809162151964498,-0.00143623136112823,10.8152586081309,13.6562250468095,11.1866805206932,13.2848031342471,1
0.221487686491452,0.363595898458945,-0.0574939808373955,-0.269635524137981,-1.37744269762501,-0.169791194225754,-0.808990377947522,-0.00149446195535554,10.8332802193133,13.6284298987498,11.1908340718365,13.2708760462266,1
0.220608777404131,0.363533238209675,-0.0583070565082512,-0.270902196506776,-1.37728313002017,-0.170127259477393,-0.808814384092025,-0.00155384422111742,10.8517755705687,13.5998543594218,11.1950818442027,13.2565480857877,1
0.219706305714649,0.363467198673914,-0.0591420932871209,-0.272200766895509,-1.37711979066907,-0.170471309333355,-0.808634182760299,-0.00161436869031236,10.8707462556677,13.5704919398761,11.1994229882301,13.2418152073137,1
0.218780127920484,0.363397633901471,-0.0599992340712061,-0.273531370487396,-1.37695269285786,-0.170823315593486,-0.808449788711677,-0.00167602545013524,10.890193657925,13.5403363277648,11.203856560982,13.2266734247078,1
0.217830107729792,0.363324393658863,-0.0608786151330358,-0.274894133906755,-1.37678185197177,-0.171183245592982,-0.808261219069116,-0.00173880415745537,10.9101189501258,13.5093813866472,11.2083815258811,13.211118810892,1
0.216856116048905,0.363247323413346,-0.0617803661041547,-0.276289175338424,-1.37660728546257,-0.171551062269961,-0.808068493284518,-0.0018026940528915,10.9305230945119,13.4776211553219,11.2129967524927,13.195147497341,1
0.215858030969185,0.363166264321153,-0.0627046099580576,-0.277716604646118,-1.37642901281499,-0.17192672423532,-0.807871633102793,-0.00186768397459293,10.9514068428272,13.4450498471819,11.2177010163579,13.1787556736512,1
0.214835737753235,0.363081053219996,-0.0636514629923802,-0.279176523489727,-1.37624705551222,-0.172310185844786,-0.807670662524713,-0.00193376237172852,10.9727707364247,13.4116618495968,11.2224929988758,13.1619395871457,1
0.213789128820468,0.362991522625893,-0.0646210348103583,-0.28066902544156,-1.37606143700035,-0.172701397273112,-0.807465607768592,-0.0020009173176923,10.9946151064329,13.3774517233206,11.227371287237,13.1446955425165,1
0.212718103732034,0.36289750073435,-0.0656134283015736,-0.282194196101561,-1.3758721826519,-0.173100304590308,-0.807256497230834,-0.00206913652303084,11.0169400739842,13.3424142019261,11.2323343744074,13.1270199015029,1
0.211622569175123,0.362798811425949,-0.0666287396220061,-0.283752113211488,-1.37567931972852,-0.173506849839908,-0.807043361445353,-0.00213840734809457,11.0397455505049,13.3065441912667,11.2373806591634,13.1089090826082,1
0.210502438946615,0.362695274276387,-0.067667058173416,-0.285342846768086,-1.37548287734273,-0.173920971119115,-0.806826233041961,-0.00220871681542445,11.0630312380664,13.2698367689656,11.2425084461786,13.0903595608534,1
0.209357633936114,0.362586704570978,-0.0687284665820835,-0.286966459135235,-1.37528288641889,-0.174342602660862,-0.80660514670368,-0.00228005162187253,11.0867966297988,13.2322871839325,11.2477159461618,13.0713678675695,1
0.208188082108334,0.362472913323686,-0.0698130406769392,-0.288623005155111,-1.37507937965331,-0.174771674917615,-0.806380139123091,-0.00235239815046605,11.1110410103666,13.1938908559089,11.2530012760477,13.0519305902277,1
0.206993718484856,0.362353707300672,-0.0709208494671168,-0.290312532258335,-1.37487239147365,-0.175208114646946,-0.806151248957693,-0.00242574248201727,11.135763456507,13.1546433750409,11.2583624592391,13.0320443723088,1
0.205774485125251,0.362228889048426,-0.0720519551189703,-0.292035080573139,-1.37466195799753,-0.17565184499872,-0.805918516784356,-0.00250007040648569,11.1609628376311,13.1145405014814,11.2637974259022,13.0117059132103,1
0.204530331107557,0.362098256926463,-0.0732064129325939,-0.293790683033547,-1.37444811699045,-0.1761027856039,-0.805681985052873,-0.00257536743409665,11.1866378164873,13.0735781650194,11.2693040133137,12.990911968193,1
0.203261212508122,0.36196160514463,-0.0743842713178953,-0.295579365486567,-1.37423090782304,-0.176560852664855,-0.805441698038658,-0.00265161880621888,11.2127868498886,13.0317524647384,11.274879966261,12.9696593483661,1
0.2019670923808,0.361818723805019,-0.0755855717702653,-0.297401146798407,-1.3740103714277,-0.177025959047083,-0.80519770179465,-0.00272880950600992,11.2394081895021,12.9890596687036,11.2805229374948,12.947944920711,1
0.200647940735501,0.361669398948507,-0.076810348845903,-0.299256038959713,-1.37378655025454,-0.177498014372338,-0.804950044102426,-0.00280692426882924,11.2664998827025,12.9454962136761,11.2862304882345,12.9257656081441,1
0.199303734516085,0.361513412605917,-0.0780586301368468,-0.301144047189833,-1.3735594882269,-0.177976925113028,-0.804698774422587,-0.0028859475924259,11.294059773488,12.9010587048563,11.2920000887264,12.9031183896179,1
0.197934457577601,0.361350542853818,-0.0793304362457759,-0.303065170040104,-1.37332923069619,-0.178462594687798,-0.804443943844469,-0.00296586374690381,11.3220855034606,12.8557439156543,11.297829118854,12.8800003002608,1
0.196540100662862,0.361180563874946,-0.0806257807606419,-0.305019399496164,-1.37309582439635,-0.178954923558269,-0.804185605035193,-0.00304665678446824,11.3505745128686,12.8095487874884,11.303714868802,12.856408431555,1
0.195120661378349,0.361003246023251,-0.0819446702291969,-0.307006721079289,-1.37285931739779,-0.179453809326802,-0.803923812188124,-0.0031283105489588,11.379524041713,12.7624704296106,11.3096545397712,12.8323399315524,1
0.193676144169444,0.360818355893559,-0.0832871041334887,-0.309027113946756,-1.37261975906096,-0.179959146835213,-0.803658620970778,-0.0032108086851737,11.4089311309175,12.7145061189584,11.3156452447471,12.8077920051288,1
0.192206560294971,0.360625656395837,-0.0846530748643952,-0.311080550991221,-1.3723771999895,-0.18047082826436,-0.803390088472225,-0.00329413464798441,11.4387926235606,12.6656533000334,11.3216840093198,12.7827619142742,1
0.190711927801047,0.360424906834037,-0.0860425676962729,-0.313166998939119,-1.37213169198314,-0.180988743234493,-0.803118273150034,-0.00337827171124893,11.4691051661722,12.6159095848061,11.3277677725562,12.757246978422,1
0.189192271494239,0.360215862989513,-0.0874555607617979,-0.315286418448079,-1.37188328799019,-0.181512778906285,-0.802843234776815,-0.0034632029765253,11.4998652100924,12.5652727526446,11.333893387924,12.731244574813,1
0.187647622914003,0.359998277208972,-0.088892025027081,-0.317438764203348,-1.37163204205995,-0.182042820082439,-0.802565034386414,-0.00354891138158993,11.5310690128935,12.5137407502695,11.3400576242665,12.7047521388965,1
0.186078020304405,0.359771898496945,-0.0903519242671409,-0.319623985013217,-1.37137800929479,-0.182578749309771,-0.802283734219806,-0.00363537970876175,11.5627126398648,12.4613116917319,11.3462571668296,12.6777671647671,1
0.184483508585117,0.35953647261273,-0.0918352150418213,-0.321842023903457,-1.37112124580214,-0.183120446981667,-0.801999397670754,-0.00372259059303869,11.5947919655599,12.4079838584146,11.3524886183383,12.6502872056361,1
0.18286413932167,0.359291742171794,-0.0933418466722409,-0.324092818210741,-1.37086180864643,-0.183667791440813,-0.801712089231276,-0.0038105265300476,11.6273026754067,12.3537556990561,11.3587485001251,12.6223098743378,1
0.181219970694955,0.359037446751569,-0.0948717612178695,-0.326376299675055,-1.37059975580086,-0.184220659082086,-0.801421874436986,-0.00389916988381156,11.6602402673796,12.2986258297968,11.365033253307,12.5938328438694,1
0.179551067469961,0.35877332300162,-0.0964248934543207,-0.328692394531095,-1.3703351460993,-0.184778924455485,-0.801128819812374,-0.00398850289433698,11.6936000537333,12.2425930342447,11.3713392400134,12.5648538479645,1
0.177857500963743,0.358499104758124,-0.0980011708519604,-0.331041023598629,-1.3700680391882,-0.185342460369017,-0.800832992816075,-0.0040785076850225,11.7273771627989,12.1856562635626,11.3776627446625,12.5353706816991,1
0.176139349012599,0.358214523162622,-0.099600513555425,-0.333422102371834,-1.36979849547857,-0.185911137991394,-0.800534461786197,-0.00416916626989828,11.7615665408414,12.1278146365735,11.3839999752864,12.5053812021285,1
0.174396695938448,0.357919306784974,-0.101222834364151,-0.335835541107584,-1.36952657609815,-0.186484826954438,-0.800233295885761,-0.00426046056069016,11.7961629539779,12.0690674398842,11.3903470649051,12.4748833289571,1
0.172629632514401,0.35761318175047,-0.102868038714019,-0.338281244912688,-1.36925234284386,-0.187063395455092,-0.799929565048329,-0.00435237237371867,11.8311609901575,12.0094141280262,11.3967000729475,12.4438750452362,1
0.1708382559295,0.357295871871031,-0.104536024660208,-0.340759113830065,-1.36897585813441,-0.187646710356888,-0.799623339923869,-0.00444488343662895,11.8665550612009,11.9488543236124,11.4030549867199,12.4123543980934,1
0.169022669752622,0.356967098780436,-0.106226682861374,-0.343269042923849,-1.36869718496328,-0.188234637290776,-0.799314691824936,-0.0045379753949635,11.9023394049012,11.8873878175088,11.4094077229213,12.3803194994887,1
0.167182983895532,0.356626582073491,-0.107939896565246,-0.34581092236342,-1.36841638685212,-0.188827040755188,-0.799003692673225,-0.00463162981857007,11.938508087183,11.8250145690203,11.415754129204,12.3477685269993,1
0.165319314575066,0.356274039449091,-0.109675541595759,-0.348384637506333,-1.36813352780457,-0.189423784215203,-0.798690414946565,-0.00472582820785509,11.975055004323,11.7617347060888,11.4220899857806,12.3146997246312,1
0.163431784274438,0.355909186857072,-0.111433486341816,-0.350990068980152,-1.3678486722605,-0.190024730200718,-0.798374931626412,-0.00482055199988115,12.0119738852272,11.6975485255031,11.4284110070746,12.2811114036557,1
0.161520521703647,0.355531738648786,-0.113213591747804,-0.353627092763179,-1.3675618850509,-0.19062974040349,-0.798057316145918,-0.00491578257431101,12.049258293769,11.6324564931189,11.4347128434162,12.2470019434716,1
0.159585661758981,0.355141407731306,-0.115015711305954,-0.356295580264049,-1.36727323135332,-0.19123867577293,-0.797737642338627,-0.00501150125920655,12.0869016311834,11.5664592440879,11.4409910827802,12.212369792491,1
0.157627345481592,0.354737905725177,-0.116839691050666,-0.358995398400195,-1.36698277664796,-0.191851396610524,-0.797415984387875,-0.00510768933667426,12.1248971385203,11.499557583095,11.4472412525679,12.1772134690474,1
0.155645720015142,0.354320943125611,-0.118685369554904,-0.361726409675173,-1.36669058667451,-0.192467762662788,-0.797092416776944,-0.00520432804837072,12.1632378991537,11.4317524846014,11.4534588214294,12.1415315623258,1
0.153640938562478,0.353890229467038,-0.120552577928772,-0.364488472254819,-1.36639672738969,-0.193087633212626,-0.79676701424004,-0.00530139860085823,12.2019168413488,11.3630450930936,11.4596392011287,12.1053227333137,1
0.151613160341365,0.353445473490904,-0.122441139820366,-0.367281440042264,-1.36610126492568,-0.193710867168962,-0.796439851714163,-0.00539888217083264,12.2409267408834,11.2934367233353,11.4657777484474,12.0685857157714,1
0.149562550539217,0.352986383316618,-0.124350871419034,-0.370105162751735,-1.36580426554939,-0.194337323154573,-0.796111004291906,-0.00549675991019929,12.2802602237265,11.2229288606233,11.4718697671293,12.0313193172205,1
0.147489280266841,0.352512666615529,-0.126281581461127,-0.372959485981202,-1.36550579562258,-0.194966859591987,-0.79578054717527,-0.00559501295102413,12.3199097687706,11.1515231610427,11.4779105098633,11.99352241995,1
0.145393526511168,0.352024030787837,-0.128233071238362,-0.375844251283795,-1.36520592156307,-0.195599334787347,-0.795448555630526,-0.00569362241034244,12.3598677106185,11.0792214517232,11.4838951803035,11.9551939820383,1
0.143275472086959,0.3515201831423,-0.130205134608899,-0.37875929623803,-1.36490470980684,-0.196234607012154,-0.7951151049442,-0.00579256939484429,12.4001262424242,11.0060257310935,11.4898189351273,11.9163330383905,1
0.141135305587471,0.35100083107864,-0.13219755801123,-0.381704454516794,-1.36460222677126,-0.196872534582778,-0.794780270380212,-0.00589183500542351,12.4406774187861,10.9319381691318,11.4956768861291,11.8769387017889,1
0.138973221334072,0.350465682272505,-0.134210120480995,-0.384679555955112,-1.36429853881939,-0.197512975937652,-0.794444127138239,-0.00599140034160423,12.4815131586929,10.856961107613,11.5014641023491,11.8370101639567,1
0.136789419324789,0.349914444862879,-0.136242593670809,-0.387684426616661,-1.36399371222541,-0.198155789712054,-0.794106750313333,-0.00609124650584399,12.5226252485206,10.7810970603487,11.5071756122369,11.7965466966324,1
0.13458410518177,0.349346827641789,-0.138294741873221,-0.390718888859021,-1.36368781314125,-0.198800834810408,-0.793768214856859,-0.00619135460770731,12.5640053450813,10.704348713421,11.5128064058476,11.7555476526547,1
0.13235749009766,0.348762540246198,-0.140366322046876,-0.39378276139768,-1.36338090756439,-0.199447970476012,-0.793428595538769,-0.00629170576792438,12.6056449787211,10.6267189254063,11.5183514370713,11.7140124670561,1
0.130109790780863,0.348161293351927,-0.142457083846003,-0.396875859368745,-1.36307306130695,-0.20009705635814,-0.793087966911269,-0.00639228112233095,12.6475355564678,10.5482107275898,11.523805625893,11.6719406581645,1
0.127841229399686,0.34754279886948,-0.144566769653297,-0.399997994390369,-1.36276433996602,-0.200747952576431,-0.792746403273914,-0.00649306182568701,12.6896683652274,10.4688273241671,11.5291638606841,11.6293318287104,1
0.125552033525354,0.346906770141623,-0.146695114616299,-0.403148974622895,-1.36245480889529,-0.201400519782519,-0.792403978640162,-0.00659402905538587,12.7320345750283,10.3885720924337,11.5344210005222,11.5861856669399,1
0.123242436073879,0.34625292214257,-0.148841846687363,-0.406328604827687,-1.36214453317803,-0.202054619218854,-0.792060766705405,-0.00669516401504982,12.7746252423119,10.3074485829588,11.5395718775398,11.542501947731,1
0.12091267524677,0.345580971678632,-0.15100668666728,-0.409536686424644,-1.36183357760138,-0.202710112774658,-0.791716840816518,-0.00679644793801421,12.81743131327,10.2254605197433,11.5446112993005,11.4982805337128,1
0.118562994470576,0.344890637590171,-0.153189348252654,-0.412773017548399,-1.36152200663202,-0.203366863038988,-0.791372273942943,-0.00689786209070127,12.8604436272274,10.1426118003602,11.5495340512017,11.4535213763859,1
0.11619364233526,0.344181640954709,-0.15538953808711,-0.416037393103188,-1.36120988439321,-0.204024733350858,-0.791027138649322,-0.0069993877758923,12.9036529200683,10.0589064960757,11.5543348989017,11.4082245172424,1
0.113804872531369,0.343453705291037,-0.157606955816385,-0.419329604816379,-1.36089727464324,-0.20468358784641,-0.790681507069703,-0.00710100633589305,12.9470498277071,9.97434885194964,11.5590085907721,11.3623900888846,1
0.111396943786022,0.342706556764151,-0.159841294147407,-0.42264944129066,-1.36058424075523,-0.205343291503117,-0.790335450883308,-0.00720269915559588,12.9906248896006,9.88894328691395,11.5635498603727,11.3160183161419,1
0.108970119797678,0.341939924390872,-0.162092238911397,-0.425996688054878,-1.36027084569837,-0.206003710180999,-0.789989041291898,-0.0073044476654426,13.034368552303,9.80269439382772,11.5679534289482,11.2691095171825,1
0.106524669169696,0.341153540245973,-0.164359469131082,-0.42937112761352,-1.35995715202053,-0.20666471066085,-0.789642348998719,-0.00740623334429062,13.0782711730604,9.71560693950713,11.5722140079468,11.2216641046208,1
0.104060865342662,0.340347139668651,-0.166642657092056,-0.432772539494823,-1.35964322183226,-0.207326160679492,-0.789295444189029,-0.00750803772217833,13.1223230234462,9.62768586472906,11.5763263015575,11.1736825866178,1
0.101578986525498,0.339520461469173,-0.168941468418364,-0.436200700297543,-1.35932911679224,-0.20798792896206,-0.788948396512204,-0.00760984238300343,13.1665142930338,9.53893628420699,11.5802850092668,11.125165567974,1
0.099079315625312,0.338673248135529,-0.171255562152342,-0.439655383736322,-1.35901489809402,-0.208649885251344,-0.78860127506541,-0.00771162896710005,13.2108350931079,9.44936348653756,11.5840848284327,11.0761137512128,1
0.0965621401760195,0.337805246039919,-0.173584590838765,-0.443136360685709,-1.35870062645415,-0.209311900334216,-0.78825414837883,-0.00781337917373389,13.2552754604121,9.35897293411674,11.5877204568747,11.0265279376542,1
0.0940277522657066,0.336916205644903,-0.175928200613346,-0.446643399222785,-1.35838636210172,-0.209973846065172,-0.787907084402423,-0.00791507476350356,13.2998253609321,9.26777026302392,11.5911865954801,10.9764090284759,1
0.0914764484627342,0.336005881709028,-0.178286031295621,-0.450176264668413,-1.35807216476913,-0.210635595387045,-0.787560150494199,-0.00801669756065877,13.3444746937128,9.17576128287265,11.5944779508232,10.9257580257623,1
0.0889085297405865,0.335074033491779,-0.180657716486244,-0.453734719627115,-1.35775809368422,-0.211297022348946,-0.787213413409969,-0.00811822945533269,13.3892132947099,9.08295197662688,11.5975892377981,10.8745760335387,1
0.0863243014014512,0.334120424957653,-0.183042883668723,-0.457318524025565,-1.35744420756362,-0.211958002121456,-0.786866939294566,-0.00821965240569508,13.4340309406723,8.98934850038113,11.6005151822629,10.8228642587906,1
0.0837240729985322,0.333144824979189,-0.185441154315619,-0.460927435149685,-1.3571305646074,-0.212618411009183,-0.786520793674471,-0.00832094844001972,13.4789173530568,8.89495718310338,11.6032505236948,10.7706240124654,1
0.0811081582570941,0.332147007538779,-0.187852143999219,-0.464561207680387,-1.35681722249485,-0.213278126460748,-0.786175041451826,-0.00842209965867955,13.523862201972,8.79978452633942,11.605790017854,10.7178567104574,1
0.0784768749942321,0.331126751929075,-0.190275462506694,-0.468219593727908,-1.3565042383815,-0.213937027076242,-0.785829746899789,-0.00852308823606217,13.5688551101512,8.70383720387741,11.6081284394563,10.6645638745723,1
0.0758305450373735,0.330083842951816,-0.192710713959743,-0.47190234286479,-1.35619166889716,-0.214594992612296,-0.785484973659179,-0.00862389642241445,13.6138856569529,8.60712206137143,11.6102605848521,10.6107471334722,1
0.0731694941415029,0.32901807111489,-0.195157496938728,-0.475609202157469,-1.35587957014517,-0.215251903984828,-0.785140784736363,-0.00872450654561186,13.6589433823876,8.50964611592266,11.6121812747116,10.5564082235986,1
0.070494051905118,0.327929232827464,-0.197615404611286,-0.479339916196503,-1.35556799770252,-0.215907643269588,-0.784797242502335,-0.00882490101286165,13.7040177911694,8.41141655561716,11.6138853567142,10.5015489900724,1
0.0678045516849152,0.326817130592984,-0.200084024865409,-0.48309422712543,-1.35525700662108,-0.216562093700569,-0.784454408692936,-0.00892506231233466,13.7490983567923,8.31244073901914,11.6153677082411,10.4461713875703,1
0.0651013305092054,0.325681573199888,-0.202562940446967,-0.486871874668261,-1.35494665142963,-0.217215139666472,-0.784112344410134,-0.00902497301473187,13.7941745256279,8.21272619461824,11.6166232390705,10.3902774811756,1
0.0623847289900707,0.324522375909835,-0.20505172910166,-0.490672596155626,-1.35463698613691,-0.217866666705254,-0.783771110124331,-0.00912461577479238,13.8392357210454,8.11228062023028,11.6176468940725,10.3338694472031,1
0.0596550912342553,0.323339360643284,-0.207549963721356,-0.494496126549573,-1.35432806423527,-0.21851656149698,-0.783430765677599,-0.00922397333273258,13.8842713475512,8.01111188234975,11.6184336559052,10.2769495739958,1
0.0569127647528051,0.322132356162242,-0.210057212494788,-0.498342198467014,-1.35401993870525,-0.219164711855013,-0.783091370287813,-0.00932302851563293,13.9292707949474,7.90922801545353,11.6189785477073,10.2195202626936,1
0.0541581003694557,0.320901198250011,-0.21257303906256,-0.502210542201859,-1.35371266202071,-0.219811006715753,-0.78275298255358,-0.00942176423876066,13.9742234425069,7.80663722125449,11.6192766357894,10.1615840279721,1
0.0513914521277799,0.31964572988775,-0.215097002676416,-0.506100885745811,-1.35340628615465,-0.220455336127042,-0.782415660459898,-0.00952016350684332,14.0191186631656,7.70334786790411,11.6193230323198,10.1031434987499,1
0.0486131771970988,0.318365801427694,-0.217628658362728,-0.510012954807865,-1.3531008625855,-0.221097591235348,-0.782079461384485,-0.00961820941528439,14.0639458277283,7.59936848914311,11.6191128980062,10.0442014188652,1
0.0458236357771686,0.317061270762848,-0.220167557090112,-0.513946472832506,-1.35279644230396,-0.221737664271933,-0.781744442104675,-0.00971588515133215,14.1086943090882,7.49470778339921,11.6186414447693,9.98476064771806,1
0.0430231910016502,0.315732003492991,-0.222713245941148,-0.517901161016608,-1.35249307582018,-0.222375448538093,-0.781410658804833,-0.00981317399519795,14.1533534864581,7.38937461283113,11.6179039384098,9.92482416087944,1
0.0402122088403707,0.314377873086834,-0.225265268288094,-0.521876738325079,-1.3521908131713,-0.223010838389689,-0.781078167084168,-0.00991005932112547,14.1979127496122,7.28337800231776,11.6168957012653,9.8643950506647,1
0.0373910580003938,0.312998761040149,-0.227823163972535,-0.525872921505237,-1.35188970392921,-0.223643729221063,-0.78074702196491,-0.01000652459842,14.2423615031361,7.17672713839203,11.6156121148569,9.80347652667123,1
0.0345601098259043,0.311594557029724,-0.230386469488882,-0.529889425099942,-1.35158979720854,-0.224274017448548,-0.780417277900719,-0.0101025533924305,14.2866891706852,7.06943136811831,11.6140486225248,9.74207191627871,1
0.0317197381969278,0.310165159062986,-0.232954718171619,-0.533925961459508,-1.35129114167471,-0.224901600493706,-0.780088988785279,-0.0101981293654963,14.3308851992481,6.96150019791293,11.6122007320495,9.68018466511147,1
0.0288703194268931,0.308710473623125,-0.235527440386219,-0.537982240752408,-1.35099378555201,-0.225526376766439,-0.779762207960979,-0.0102932362778521,14.3749390634153,6.85294329230681,11.6100640182604,9.61781833746171,1
0.0260122321590557,0.307230415809574,-0.238104163723609,-0.542057970974775,-1.35069777663166,-0.2261482456482,-0.779436988227585,-0.0103878579884973,14.4188402696505,6.74377047264956,11.6076341256275,9.55497661667256,1
0.0231458572618003,0.305724909473708,-0.240684413198094,-0.546152857958748,-1.3504031622797,-0.226767107475401,-0.77911338185083,-0.0104819784560328,14.4625783605626,6.63399171575456,11.6049067708368,9.49166330548043,1
0.0202715777228374,0.304193887349591,-0.243267711448616,-0.55026660537966,-1.3501099894447,-0.227382863523191,-0.778791440570841,-0.0105755817394656,14.5061429191792,6.52361715248426,11.601877745348,9.42788232631543,1
0.0173897785423122,0.302637291179657,-0.245853578943228,-0.554398914762097,-1.34981830466518,-0.227995415989821,-0.778471215610294,-0.0106686519989832,14.5495235732162,6.41265706627513,11.5985429179323,9.36363772155902,1
0.0145008466248476,0.301055071835173,-0.248441534186674,-0.558549485484848,-1.34952815407665,-0.228604667981672,-0.778152757682247,-0.0107611734967008,14.592709999346,6.30112189160172,11.5948982371896,9.29893365375819,1
0.011605170670541,0.299447189431354,-0.251031093930929,-0.562718014784784,-1.34923958341827,-0.229210523499189,-0.777836116997525,-0.0108531305973845,14.6356919274598,6.18902221237945,11.590939734044,9.23377440579521,1
0.00870314106493289,0.297813613437003,-0.253621773388573,-0.56690419775966,-1.34895263803895,-0.229812887423831,-0.77752134327161,-0.0109445077691461,14.678459144923,6.07636876030539,11.5866635242164,9.16816438101206,1
0.00579514976797892,0.296154322778555,-0.256213086448858,-0.571107727369903,-1.34866736290287,-0.230411665506203,-0.777208485730934,-0.0110352895841255,14.7210015008235,5.96317241313703,11.5820658106715,9.10210810328906,1
0.00288159020203865,0.294469305938395,-0.258804545896331,-0.57532829443938,-1.34838380259434,-0.231006764355519,-0.776897593118501,-0.0111254607191469,14.7633089102089,5.84944419290821,11.5771428860406,9.03561021707653,1
-3.71428610875949e-05,0.292758561047354,-0.261395663631855,-0.579565587655203,-1.34810200132197,-0.231598091430585,-0.776588713698746,-0.0112150059563604,14.805371358313,5.73519526408213,11.5718911350161,8.96867548737903,1
-0.00296065341404802,0.291022095971254,-0.263985950895873,-0.583819293566568,-1.347822002922,-0.232185555032397,-0.776281895261572,-0.0113039101838697,14.8471789047685,5.62043693164118,11.5663070367184,8.90130879969133,1
-0.00588854432873219,0.289259928391412,-0.266574918493776,-0.588089096582687,-1.34754385086077,-0.232769064298521,-0.775977185125477,-0.0113921583963443,14.8887216878052,5.50518063911308,11.5603871670328,8.83351515988547,1
-0.00882041747193054,0.287472085878999,-0.269162077023187,-0.59237467896983,-1.34726758823625,-0.233348529199406,-0.775674630139703,-0.0114797356956254,14.9299899284308,5.38943796653345,11.554128200916,8.76529969404822,1
-0.0117558738218417,0.285658605963159,-0.271746937103015,-0.596675720847514,-1.34699325777862,-0.233923860536745,-0.775374276685326,-0.0115666272913181,14.9709739345936,5.27322062834439,11.5475269146698,8.69666764826825,1
-0.0146945135853889,0.283819536192806,-0.274329009604106,-0.600991900183865,-1.34672090184971,-0.234494969944038,-0.77507617067523,-0.0116528185013827,15.0116641053255,5.156540471229,11.540580188182,8.62762438837246,1
-0.0176359363163177,0.281954934192014,-0.276907805881306,-0.605322892790194,-1.34645056244141,-0.235061769889442,-0.774780357552897,-0.0117382947527144,15.0520509348614,5.03940947188184,11.5332850071324,8.55817539961088,1
-0.0205797410340404,0.280064867708917,-0.279482838006774,-0.609668372314824,-1.34618228117284,-0.235624173681078,-0.774486882289943,-0.0118230415817258,15.0921250167367,4.92183973471524,11.5256384651625,8.48832628628947,1
-0.0235255263431922,0.27814941465807,-0.282053619004359,-0.614028010236211,-1.34591609928631,-0.23618209547485,-0.77419578938235,-0.0119070446349313,15.1318770478573,4.80384348950155,11.5176377660085,8.41808277135046,1
-0.0264728905538688,0.276208663156178,-0.284619663084851,-0.618401475855366,-1.34565205764204,-0.236735450284949,-0.77390712284533,-0.0119902896695218,15.1712978325436,4.68543308895117,11.5092802255953,8.34745069589946,1
-0.0294214318025022,0.274242711551163,-0.287180485881934,-0.622788436287667,-1.34539019671152,-0.237284153997061,-0.77362092620678,-0.0120727625539552,15.2103782865438,4.56662100622674,11.5005632740913,8.2764360186792,1
-0.0323707481733406,0.272251668444495,-0.28973560468864,-0.627188556454052,-1.3451305565695,-0.237828123384456,-0.773337242499257,-0.012154449268545,15.2491094410168,4.44741983239354,11.4914844579213,8.20504481548906,1
-0.035320437820494,0.270235652706766,-0.29228453869412,-0.631601499071677,-1.34487317688461,-0.238367276126961,-0.773056114250467,-0.0122353359060599,15.2874824464821,4.32784227380623,11.482041441738,8.13328327855034,1
-0.0382700990905065,0.268194793486436,-0.294826809220534,-0.636026924644035,-1.3446180969085,-0.238901530832966,-0.772777583472177,-0.0123154086723258,15.3254885767334,4.20790114943215,11.4722320103491,8.06115771581647,1
-0.0412193306454047,0.266129230211764,-0.297361939959871,-0.640464491450646,-1.34436535546356,-0.239430807064449,-0.772501691647572,-0.0123946538868497,15.3631192327167,4.08760938811194,11.4620540706003,7.98867455022829,1
-0.0441677315861953,0.264039112585845,-0.299889457210492,-0.644913855536282,-1.34411499092904,-0.239955025365183,-0.772228479716963,-0.0124730579834449,15.4003659463685,3.96698002575704,11.451505653212,7.91584031891358,1
-0.0471149015767543,0.261924600574787,-0.302408890113213,-0.649374670699841,-1.34386704122578,-0.24047410729207,-0.771957988061875,-0.0125506075108791,15.4372203844136,3.84602620248519,11.440584914568,7.84266167233079,1
-0.0500604409680703,0.259785864388974,-0.30491977088671,-0.65384658848289,-1.34362154379931,-0.240987975449714,-0.771690256487461,-0.0126272891335332,15.4736743521197,3.72476115969401,11.429290138457,7.76914537335673,1
-0.0530039509227924,0.257623084457443,-0.307421635062058,-0.658329258157914,-1.34337853560138,-0.24149655352823,-0.771425324203231,-0.0127030896320833,15.5097197970075,3.60319823707328,11.4176197377629,7.69529829631781,1
-0.0559450335400365,0.255436451395346,-0.309914021716203,-0.662822326716356,-1.34313805307002,-0.241999766344339,-0.771163229802084,-0.0127779959041967,15.5453488125135,3.48135086955652,11.4055722561053,7.6211274259648,1
-0.058883291980401,0.253226165964535,-0.312396473704158,-0.667325438856447,-1.34290013210787,-0.242497539885718,-0.770904011237649,-0.0128519949652539,15.5805536416048,3.35923258421239,11.3931463694264,7.54663985639079,1
-0.0618183305911425,0.250992439027263,-0.31486853788972,-0.671838236970943,-1.34266480805913,-0.242989801358677,-0.770647705799898,-0.0129250739490907,15.6153266803418,3.23685699707664,11.3803408875261,7.47184278989232,1
-0.0647497550314581,0.248735491493036,-0.31732976537452,-0.676360361134762,-1.34243211568475,-0.243476479239058,-0.770394350089089,-0.0129972201087655,15.6496604813892,3.11423780992537,11.367154755541,7.39674353577354,1
-0.0676771723978233,0.24645555425864,-0.319779711725186,-0.680891449092621,-1.34220208913621,-0.243957503326449,-0.770143979987981,-0.0130684208173576,15.6835477574712,2.99138880699037,11.3535870553683,7.3213495090933,1
-0.0706001913493361,0.244152868141376,-0.322217937198431,-0.685431136246691,-1.34197476192764,-0.244432804801587,-0.769896630632408,-0.0131386635687824,15.7169813847703,2.8683238516172,11.3396370070323,7.24566822935518,1
-0.0735184222330019,0.241827683805557,-0.32464400696386,-0.689979055644358,-1.34175016690652,-0.244902316286971,-0.769652336380161,-0.0132079359786459,15.7499544062665,2.74505688286727,11.3253039699933,7.16970731914046,1
-0.0764314772089155,0.239480261682301,-0.327057491324296,-0.694534837966135,-1.34152833622274,-0.245365971910627,-0.769411130778258,-0.0132762257851233,15.782460035016,2.62160191206447,11.3105874443964,7.09347450268405,1
-0.0793389703752727,0.237110871882687,-0.329457965933432,-0.699098111513782,-1.34130930129634,-0.245823707372939,-0.769173046528598,-0.0133435208498748,15.8144916573658,2.49797301928768,11.29548707226,7.01697760439347,1
-0.0822405178931594,0.234719794104336,-0.331845012010604,-0.703668502198691,-1.34109309278369,-0.246275460016498,-0.76893811545206,-0.0134098091589878,15.846042836104,2.37418434981005,11.280002638603,6.94022454731106,1
-0.0851357381110566,0.232307317531481,-0.334218216552501,-0.708245633530617,-1.34087974054229,-0.246721168898891,-0.768706368451068,-0.0134750788239588,15.8771073135421,2.25025011048619,11.2641340725089,6.86322335151942,1
-0.0880242516889984,0.229873740728604,-0.336577172541612,-0.712829126606799,-1.34066927359429,-0.247160774868313,-0.768477835470683,-0.0135393180827101,15.9076790145277,2.12618456608858,11.2478814481257,6.78598213249055,1
-0.0909056817223269,0.227419371527724,-0.338921479151217,-0.71741860010153,-1.34046172008859,-0.24759422064193,-0.768252545458271,-0.0136025153006421,15.9377520493863,2.00200203559423,11.231244985602,6.70850909937858,1
-0.0937796538649737,0.224944526909426,-0.341250741946748,-0.722013670256261,-1.34025710726175,-0.248021450886857,-0.76803052632181,-0.013664658971721,15.967320716789,1.87771688842311,11.2142250519554,6.63081255325669,1
-0.096645796452209,0.222449532877719,-0.343564573083319,-0.72661395087029,-1.34005546139772,-0.248442412303631,-0.767811804886887,-0.0137257377196142,15.996379506544,1.75334354062961,11.1968221618753,6.55290088529837,1
-0.0995037406227935,0.219934724328833,-0.345862591499255,-0.731219053292103,-1.33985680778639,-0.248857053712072,-0.767596406852467,-0.0137857402988511,16.0249231023116,1.6288964510483,11.1790369784565,6.47478257490338,1
-0.102353120440462,0.217400444914053,-0.348144423105434,-0.735828586411442,-1.3396611706811,-0.249265326139321,-0.767384356745518,-0.0138446555960397,16.0529463842376,1.5043901173959,11.1608703138645,6.39646618776896,1
-0.105193573014677,0.214847046896711,-0.350409700970273,-0.740442156652167,-1.33946857325519,-0.249667182909971,-0.767175677874547,-0.0139024726311158,16.0804444315061,1.37983907233045,11.14232312993,6.31796037390657,1
-0.108024738620583,0.21227489100345,-0.352658065500184,-0.745059367965962,-1.33927903755761,-0.250062579738116,-0.766970392282145,-0.0139591805586356,16.1074125248076,1.2552578794697,11.1233965386726,6.23927386560474,1
-0.110846260818088,0.209684346269886,-0.354889164615328,-0.749679821826998,-1.33909258446768,-0.250451474821072,-0.766768520696647,-0.0140147686691172,16.1338461487208,1.13066112937038,11.1040918027526,6.16041547533865,1
-0.11365778657001,0.207075789880794,-0.357102653920521,-0.754303117227562,-1.33890923364924,-0.250833828934687,-0.766570082482975,-0.0140692263904157,16.1597409940067,1.00606343546949,11.0844103358494,6.08139409362681,1
-0.116458966359213,0.20444960700496,-0.35929819687111,-0.758928850674785,-1.33872900350396,-0.251209605529973,-0.766375095592789,-0.0141225432891542,16.1850929598122,0.881479429990256,11.0643537029668,6.00221868683571,1
-0.119249454304656,0.201806190624838,-0.361475464933684,-0.763556616188515,-1.33855191112428,-0.251578770830892,-0.766183576514031,-0.0141747090721931,16.2098981557816,0.75692375981401,11.0439236206627,5.92289829493296,1
-0.122028908276303,0.199145941361143,-0.363634137741464,-0.768186005300386,-1.33837797224584,-0.251941293933076,-0.765995540219989,-0.0142257135881411,16.2341529040738,0.6324110823198,11.0231219572039,5.84344202918967,1
-0.124796990008788,0.196469267292562,-0.365773903244225,-0.772816607054203,-1.3382072011995,-0.252297146903257,-0.765811000117987,-0.0142755468289273,16.2578537412833,0.50795606119445,11.0019507326447,5.76385906983301,1
-0.127553365213796,0.193776583770695,-0.367894457852625,-0.77744800800766,-1.33803961086327,-0.252646304879174,-0.765629967997822,-0.0143241989313974,16.2809974202633,0.383573362213839,10.9804121188277,5.68415866364938,1
-0.130297703691064,0.191068313230423,-0.369995506576784,-0.782079792235539,-1.33787521261399,-0.252988746169767,-0.765452453980056,-0.014371660178977,16.3035809118482,0.259277648998778,10.9585084393075,5.60435012153951,1
-0.133029679437933,0.188344884995848,-0.372076763159013,-0.786711541334384,-1.33771401627909,-0.253324452355339,-0.765278466464323,-0.0144179210033688,16.3256014064751,0.135083578746629,10.9362421691956,5.52444281602608,1
-0.13574897075738,0.18560673508197,-0.374137950200551,-0.791342834428788,-1.33755603008842,-0.253653408387505,-0.765108012077741,-0.0144629719863014,16.3470563156999,0.0110057979413178,10.9136159349263,5.44444617871496,1
-0.138455260364451,0.182854305992283,-0.376178799282208,-0.795973248179325,-1.33740126062632,-0.253975602688639,-0.764941095623593,-0.0145068038613251,16.3679432736096,-0.112941061956169,10.8906325139424,5.36436969771103,1
-0.141148235491015,0.180088046512457,-0.37819905107879,-0.800602356792253,-1.33724971278411,-0.254291027250578,-0.764777720030383,-0.0145494075156505,16.3882601381256,-0.236742388834514,10.8672948343015,5.28422291498963,1
-0.143827587988782,0.177308411500283,-0.380198455467217,-0.805229732030989,-1.33710138971295,-0.254599677732282,-0.764617886301449,-0.014590773992039,16.4080049921989,-0.360383594273678,10.8436059742005,5.2040154237248,1
-0.14649301443048,0.174515861672074,-0.382176771628232,-0.809854943229508,-1.33695629277744,-0.254901553556237,-0.764461593465214,-0.0146308944907361,16.4271761448935,-0.483850117899073,10.8195691614191,5.12375686557534,1
-0.14914421620914,0.17171086338568,-0.38413376814161,-0.8144775573077,-1.33681442150988,-0.255196658003276,-0.764308838526277,-0.0146697603714515,16.4457721323576,-0.607127431745901,10.7951877726817,5.04345692792995,1
-0.151780899635404,0.168893888420346,-0.386069223074777,-0.819097138788762,-1.33667577356549,-0.25548499830554,-0.764159616417459,-0.0147073631553877,16.463791718681,-0.730201044630844,10.7704653329373,4.96312534111287,1
-0.154402776032777,0.166065413753551,-0.387982924064779,-0.823713249818704,-1.33654034467854,-0.255766585737367,-0.764013919952936,-0.0147436945273051,16.481233896636,-0.853056506529268,10.7454055145559,4.8827718755508,1
-0.15700956183075,0.163225921335067,-0.389874668393514,-0.828325450188071,-1.33640812861972,-0.256041435703734,-0.763871739782645,-0.0147787463376476,16.4980978883014,-0.975679412954584,10.7200121364437,4.80240633890315,1
-0.159600978655728,0.16037589785839,-0.391744263056172,-0.832933297355886,-1.33627911715477,-0.25630956782603,-0.763733064348083,-0.0148125106046936,16.5143831455677,-1.09805540933805,10.6942891630735,4.72203857315617,1
-0.162176753419671,0.157515834529774,-0.393591524822832,-0.837536346475983,-1.33615330000449,-0.256571006024839,-0.76359787983965,-0.0148449795167679,16.5300893505223,-1.22017019540547,10.6682407034336,4.6416784516832,1
-0.164736618406388,0.154646226835039,-0.395416280293151,-0.842134150425712,-1.33603066480635,-0.2568257785995,-0.763466170155699,-0.0148761454344839,16.5452164157129,-1.34200952954879,10.6418710098922,4.56133587627193,1
-0.167280311355406,0.151767574304358,-0.397218365944121,-0.846726259837144,-1.33591119707782,-0.257073918304087,-0.763337916863424,-0.014906000893033,16.5597644842886,-1.46355923318974,10.6151844769785,4.48102077412032,1
-0.169807575543338,0.148880380275227,-0.398997628170858,-0.851312223130835,-1.3357948801814,-0.257315462419579,-0.763213099161751,-0.0149345386045145,16.5737339300166,-1.58480519513263,10.5881856400812,4.40074309480285,1
-0.172318159862687,0.14598515165381,-0.400753923320373,-0.855891586552218,-1.33568169529178,-0.257550452821936,-0.763091693846355,-0.0149617514603069,16.5871253571746,-1.70573337590368,10.5608791740623,4.32051280720862,1
-0.174811818898005,0.143082398674857,-0.402487117718344,-0.860463894210669,-1.33557162136498,-0.257778936045759,-0.76297367527699,-0.0149876325334737,16.5999396003161,-1.82632981207413,10.5332698917892,4.2403398964528,1
-0.177288312999341,0.140172634660407,-0.404197087688841,-0.865028688121366,-1.33546463510972,-0.258000963343334,-0.76285901534721,-0.0150121750812119,16.6121777239098,-1.94658062056423,10.5053627425823,4.1602343607633,1
-0.179747408352917,0.137256375777454,-0.405883719567018,-0.869585508249957,-1.3353607109612,-0.258216590738697,-0.762747683456702,-0.0150353725473353,16.6238410218498,-2.06647200292546,10.4771628105801,4.08020620834425,1
-0.18218887704895,0.134334140794796,-0.407546909704774,-0.874133892560134,-1.33525982105733,-0.258425879076554,-0.762639646486295,-0.015057218564792,16.6349310168386,-2.18599024959799,10.4486753130227,4.00026545421794,1
-0.184612497146568,0.131406450839256,-0.409186564469379,-0.87867337706416,-1.33516193521753,-0.25862889406569,-0.762534868775839,-0.0150777069582177,16.6454494596391,-2.30512174414059,10.4199055984513,3.92042211704724,1
-0.187018052735749,0.128473829151465,-0.410802600235107,-0.883203495876424,-1.33506702092435,-0.258825706316717,-0.762433312105051,-0.0150968317465177,16.6553983281978,-2.42385296743038,10.3908591448275,3.84068621593999,1
-0.189405333996223,0.125536800841416,-0.412394943367867,-0.887723781270078,-1.33497504330779,-0.259016391373841,-0.762334935677465,-0.0151145871454894,16.6647798266367,-2.54217050182901,10.3615415575702,3.76106776723745,1
-0.191774137253272,0.122595892643978,-0.413963530202898,-0.892233763736799,-1.33488596513271,-0.259201029740446,-0.762239696107621,-0.015130967570458,16.6735963841143,-2.66006103531332,10.3319585675126,3.68157678128845,1
-0.194124265030372,0.119651632674562,-0.415508307015538,-0.896732972049771,-1.33479974678925,-0.259379706898241,-0.762147547411606,-0.0151459676389565,16.6818506535559,-2.77751136556648,10.302116028778,3.60222325921145,1
-0.19645552609863,0.116704550185127,-0.417029229985135,-0.901220933329904,-1.33471634628637,-0.259552513319778,-0.762058441001053,-0.0151595821734224,16.6895455102511,-2.89450840402804,10.2720199165772,3.52301718964586,1
-0.198767735522939,0.113755175320727,-0.418526265152133,-0.905697173115359,-1.33463571924877,-0.259719544474105,-0.761972325680728,-0.0151718062039228,16.696684050321,-3.011039179899,10.2416763249267,3.44396854549527,1
-0.20106071470482,0.110804038876766,-0.419999388368415,-0.910161215434428,-1.33455781891707,-0.259880900825376,-0.761889147649792,-0.0151826349708979,16.7032695890525,-3.12709084409984,10.2110914642888,3.36508728066388,1
-0.203334291421894,0.107851672057162,-0.421448585240945,-0.914612582881798,-1.33448259615153,-0.260036687824215,-0.761808850506838,-0.0151920639279245,16.7093056591019,-3.2426506731784,10.1802716591351,3.28638332678841,1
-0.205588299863929,0.104898606233594,-0.422873851068807,-0.919050796698299,-1.33440999943919,-0.26018701589165,-0.761731375258817,-0.0152000887445097,16.7147960085665,-3.35770607316476,10.1492233454341,3.20786658996767,1
-0.207822580665431,0.101945372706008,-0.424275190773698,-0.923475376854085,-1.33433997490479,-0.260332000395493,-0.761656660333902,-0.0152067053088809,16.7197445989251,-3.47224458337087,10.1179530680631,3.12954694749117,1
-0.210036980934728,0.0989925024645516,-0.425652618823986,-0.927885842135389,-1.33427246632521,-0.260471761618952,-0.761584641598407,-0.0152119097308106,16.7241556028484,-3.58625388013175,10.0864674781472,3.05143424456943,1
-0.212231354279508,0.096040525953127,-0.427006159152394,-0.932281710234804,-1.33420741514778,-0.260606424721426,-0.76151525237779,-0.0152156983444405,16.7280334018782,-3.69972178048572,10.0547733303248,2.97353829106768,1
-0.214405560828777,0.0930899728347035,-0.42833584506745,-0.936662497845181,-1.33414476051233,-0.260736119691259,-0.761448423481854,-0.015218067711118,16.7313825839781,-3.81263624579145,10.0228774799419,2.89586885824484,1
-0.21655946725121,0.0901413717585696,-0.429641719158772,-0.941027720757143,-1.33408443927715,-0.260860981290431,-0.761384083234162,-0.01521901462225,16.7342079409551,-3.92498538527877,9.99078688017619,2.81843567550011,1
-0.21869294676985,0.087195250129677,-0.430923833196313,-0.945376893960245,-1.33402638604878,-0.260981148991047,-0.76132215750573,-0.0152185361021445,16.7365144657526,-4.0367574595311,9.95850857909267,2.7412484271289,1
-0.220805879173142,0.0842521338802371,-0.432182248023691,-0.949709531747821,-1.33397053321583,-0.261096766903567,-0.761262569753038,-0.0152166294108766,16.7383073496182,-4.14794088389667,9.92604971663119,2.66431674909038,1
-0.222898150822277,0.081312547243703,-0.433417033445716,-0.954025147825517,-1.33391681098669,-0.261207983696712,-0.761205241060392,-0.0152132920471375,16.7395919791438,-4.25852423182686,9.8934175215287,2.58765022578826,1
-0.224969654654817,0.0783770125313036,-0.43462826811024,-0.958323255423533,-1.33386514743128,-0.261314952509005,-0.761150090186649,-0.0152085217510942,16.7403739331827,-4.36849623813852,9.86061930817699,2.51125838686725,1
-0.227020290184593,0.0754460499112564,-0.435816039384472,-0.962603367412605,-1.33381546852674,-0.261417830851901,-0.761097033616346,-0.0152023165072438,16.740658979643,-4.47784580219851,9.82766247341772,2.43515070402679,1
-0.229049963497867,0.0725201771907926,-0.436980443225892,-0.9668649964237,-1.3337676982072,-0.261516780504538,-0.761045985615197,-0.015194674547256,16.740453072159,-4.58656199102837,9.79455449327644,2.35933658785421,1
-0.231058587245735,0.0695999096011352,-0.438121584047904,-0.97110765497146,-1.33372175841748,-0.261611967400059,-0.760996858290005,-0.0151855943528138,16.7397623466433,-4.69463404232667,9.76130291963743,2.28382538467925,1
-0.23304608063278,0.0666857595855393,-0.439239574580377,-0.975330855581385,-1.33367756917081,-0.261703561503606,-0.760949561652921,-0.0151750746584403,16.73859311772,-4.80205136740745,9.72791537686096,2.20862637345162,1
-0.235012369401964,0.0637782365905297,-0.44033453572523,-0.979534110920768,-1.33363504861053,-0.261791736681929,-0.760904003690088,-0.015163114454315,16.7369518750414,-4.90880355405243,9.69439955834506,2.13374876264394,1
-0.236957385815773,0.0608778468604332,-0.441406596407207,-0.983716933933333,-1.33359411307569,-0.261876670564769,-0.760860090434582,-0.0151497129890722,16.7348452794905,-5.01488036927565,9.66076322303348,2.05920168718141,1
-0.238881068633602,0.0579850932353266,-0.442455893420012,-0.987878837977626,-1.33355467717057,-0.261958544398013,-0.760817726043662,-0.0151348697725834,16.7322801592707,-5.12027176199835,9.62701419187206,1.98499420540036,1
-0.240783363085414,0.0551004749524925,-0.443482571267963,-0.992019336969099,-1.33351665383807,-0.262037542888785,-0.760776812880227,-0.0151185845787178,16.7292635058854,-5.22496786563279,9.5931603442152,1.9111352960374,1
-0.242664220841672,0.0522244874514826,-0.444486782003326,-0.996137945525892,-1.33347995443691,-0.262113854042509,-0.760737251598479,-0.0151008574480825,16.7258024700091,-5.32895900057344,9.55920961418485,1.83763385525082,1
-0.244523599979561,0.0493576221828821,-0.445468685059509,-1.00023417911827,-1.33344448882249,-0.262187668992138,-0.760698941233683,-0.0150816886907363,16.7219043572539,-5.43223567659393,9.52516998698389,1.76449869367611,1
-0.246361464945541,0.0465003664208455,-0.446428447080283,-1.00430755422172,-1.33341016543152,-0.262259181819672,-0.760661779295949,-0.015061078888874,16.7175766238319,-5.53478859514894,9.49104949516599,1.69173853351698,1
-0.248177786514231,0.0436532030795042,-0.4473662417452,-1.00835758847367,-1.3333768913702,-0.262328589370111,-0.760625661867988,-0.0150390288994887,16.7128268721176,-5.63660865157912,9.45685621486448,1.61936200567399,1
-0.249972541743685,0.0408166105332884,-0.448282249591407,-1.01238380083374,-1.33334457250589,-0.262396091058045,-0.760590483706708,-0.015015539856989,16.7076628461126,-5.73768693721891,9.42259826198203,1.54737764691166,1
-0.251745713927064,0.0379910624412591,-0.449176657832002,-1.01638571174761,-1.33331311356222,-0.262461888667083,-0.760556138348561,-0.0149906131758,16.7020924268154,-5.83801474140542,9.38828378834376,1.47579389706625,1
-0.253497292540771,0.0351770275754843,-0.450049660171146,-1.02036284331427,-1.33328241821747,-0.2625261861423,-0.760522518218543,-0.0149642505529082,16.6961236274992,-5.93758355338811,9.35392097781585,1.40461909629523,1
-0.255227273189073,0.0323749696535272,-0.4509014566161,-1.02431471945687,-1.33325238920624,-0.262589189375968,-0.760489514742711,-0.0149364539703838,16.6897645889005,-6.03638506413852,9.31951804239205,1.33386148236993,1
-0.256935657545274,0.029585347175086,-0.451732253286367,-1.02824086609682,-1.33322292842406,-0.262651105986779,-0.7604570184641,-0.0149072256978523,16.6830235743226,-6.13441116805934,9.28508321825049,1.26352918801278,1
-0.258622453289469,0.0268086132628311,-0.452542262220143,-1.03214081133138,-1.33319393703514,-0.262712145092852,-0.760424919161907,-0.0148765682949292,16.6759089646559,-6.2316539645924,9.25062476178315,1.19363023828035,1
-0.260287674042961,0.0240452155074709,-0.453331701178243,-1.03601408561438,-1.33316531558279,-0.262772517078769,-0.760393105973781,-0.0148444846136073,16.6684292533191,-6.32810575972545,9.2161509456003,1.12417254799339,1
-0.261931339299384,0.0212955958170693,-0.454100793445708,-1.03986022194032,-1.33313696410262,-0.262832433356946,-0.760361467521099,-0.0148109778005927,16.6605930411248,-6.42375906739754,9.1816700545124,1.0551639192149,1
-0.263553474352596,0.0185601902706496,-0.454849767631274,-1.04367875603151,-1.33310878223834,-0.262892106123608,-0.760329892037059,-0.0147760512996044,16.6524090310723,-6.5186066108028,9.14719038149198,0.986612038777498,1
-0.26515411022142,0.0158394289760895,-0.455578857464886,-1.04746922652835,-1.33308066935983,-0.26295174810972,-0.76029826749741,-0.014739708853607,16.6438860230716,-6.61264132359293,9.11272022361776,0.918524475860937,1
-0.266733283571297,0.0131337359323242,-0.456288301593463,-1.05123117518262,-1.33305252468359,-0.263011572327166,-0.760266481753685,-0.0147019545070038,16.6350329086029,-6.70585635097853,9.0782678780037,0.850908679620706,1
-0.268291036632931,0.0104435288958533,-0.456978343375079,-1.05496414705366,-1.33302424739524,-0.263071791810519,-0.760234422668729,-0.0146627926077698,16.6258586653135,-6.79824505072994,9.04384163771513,0.783771976868417,1
-0.269827417118003,0.00776921925155864,-0.457649230671774,-1.05866769070748,-1.33299573677388,-0.263132619354784,-0.760201978254346,-0.0146222278095315,16.6163723515574,-6.88980099407769,9.00944978767475,0.717121569804986,1
-0.271342478132039,0.00511121188782642,-0.458301215641161,-1.06234135841858,-1.33296689231835,-0.263194267249369,-0.760169036810919,-0.014580265073588,16.6065831008816,-6.98051796651354,8.97510060056088,0.650964533807195,1
-0.272836278084524,0.00246990507594339,-0.45893455452703,-1.06598470637442,-1.33293761387493,-0.263256947008802,-0.760135487068743,-0.0145369096708713,16.5965001164612,-7.07038996849309,8.94080233270019,0.58530781526792,1
-0.274308880596342,-0.000154309646228884,-0.459549507449131,-1.06959729488254,-1.33290780176657,-0.263320869100418,-0.760101218330934,-0.0144921671838485,16.5861326654893,-7.15941121604051,8.90656321995774,0.520158229491028,1
-0.275760354404649,-0.00276104758634151,-0.460146338192317,-1.0731786885801,-1.3328773569232,-0.26338624266952,-0.760066120617673,-0.0144460435083619,16.5754900735243,-7.24757614125678,8.87239147362648,0.455522458641009,1
-0.277190773265269,-0.00534993100542831,-0.460725313995232,-1.07672845664587,-1.33284618101323,-0.263453275262317,-0.760030084811612,-0.0143985448554099,16.5645817187994,-7.33487939273255,8.83829527631897,0.391407049747907,1
-0.278600215852711,-0.00792058922160268,-0.461286705338736,-1.08024617301448,-1.33281417657582,-0.263522172547091,-0.759993002804211,-0.0143496777528569,16.5534170264981,-7.42131583586724,8.80428277786337,0.327818412767551,1
-0.279988765657936,-0.0104726587096166,-0.461830785734228,-1.08373141659278,-1.33278124715376,-0.263593138033974,-0.7599547676428,-0.0142994490470808,16.5420054629995,-7.50688055309579,8.77036209120637,0.264762818697383,1
-0.281356510883938,-0.0130057831963202,-0.462357831512061,-1.08718377147837,-1.33274729742692,-0.26366637279378,-0.759915273678147,-0.0142478659045581,16.530356530098,-7.59156884402445,8.73654128832547,0.202246397748125,1
-0.282703544339295,-0.0155196137520809,-0.462868121610221,-1.09060282718004,-1.33271223334588,-0.263742075176246,-0.759874416712326,-0.0141949358133802,16.5184797592017,-7.67537622547784,8.70282839615287,0.140275137571053,1
-0.284029963329779,-0.0180138088782186,-0.463361937363439,-1.09398817884005,-1.33267596226565,-0.263820440528175,-0.759832094146646,-0.014140666584699,16.5063847055132,-7.75829843145917,8.66923139251335,0.0788548815407189,1
-0.285335869548141,-0.0204880345905013,-0.463839562292913,-1.09733942745808,-1.33263839307922,-0.263901660911856,-0.759788205129428,-0.0140850663541085,16.4940809421971,-7.84033141302531,8.63575820207852,0.0179913270932871,1
-0.286621368962207,-0.0229419644987843,-0.464301281896811,-1.10065618011691,-1.33259943635083,-0.263985924824224,-0.759742650703408,-0.0140281435829519,16.4815780545389,-7.92147133807946,8.60241669233967,-0.042309975880213,1
-0.28788657170139,-0.0253752798828428,-0.46474738344171,-1.10393805020946,-1.33255900444862,-0.26407341691718,-0.759695333952517,-0.0139699070595698,16.4688856340991,-8.00171459108331,8.56921466960154,-0.102043626585723,1
-0.289131591941752,-0.027787669764477,-0.46517815575515,-1.10718465766722,-1.33251701167656,-0.26416431771949,-0.759646160147844,-0.0139103659004671,16.4560132728669,-8.08105777269131,8.5361598749993,-0.161204374823648,1
-0.29035654778974,-0.0301788309759729,-0.465593889019458,-1.11039562918996,-1.3324733744054,-0.264258803360742,-0.759595036892518,-0.0138495295514157,16.4429705574178,-8.15949769930991,8.50325998054067,-0.219787122432762,1
-0.291561561164725,-0.0325484682249787,-0.465994874566984,-1.11357059847644,-1.33242801120242,-0.264357045297813,-0.759541874265275,-0.0137874077884884,16.429767063079,-8.23703140258386,8.47052258517578,-0.277786924680639,1
-0.292746757680478,-0.034896294155896,-0.466381404676944,-1.11670920645615,-1.33238084295986,-0.264459210044189,-0.759486584962527,-0.0137240107190195,16.4164123481077,-8.31365612881296,8.43795521089648,-0.335198991601751,1
-0.293912266525712,-0.0372220294078691,-0.46675377237397,-1.11981110152189,-1.3323317930217,-0.264565458902723,-0.759429084438631,-0.0136593487824965,16.4029159478856,-8.3893693383021,8.40556529886742,-0.392018689283939,1
-0.295058220343829,-0.0395254026694494,-0.467112271228562,-1.122875939763,-1.33228078730862,-0.264675947702183,-0.759369291044166,-0.0135934327513795,16.3892873691343,-8.46416870464724,8.37336020559088,-0.448241541103808,1
-0.296184755112003,-0.0418061507300395,-0.467457195159559,-1.12590338519921,-1.33222775444095,-0.264790826538071,-0.759307126161974,-0.0135262737318567,16.3755360841559,-8.53805211396091,8.34134719910736,-0.503863228912333,1
-0.297292010019749,-0.0440640185282099,-0.467788838238777,-1.12889311001486,-1.33217262585946,-0.264910239518141,-0.759242514340732,-0.0134578831645242,16.3616715251027,-8.6110176640405,8.30953345523382,-0.558879594171618,1
-0.298380127347096,-0.0462987591969732,-0.468107494497967,-1.13184479479343,-1.33211533594354,-0.265034324513124,-0.759175383425794,-0.0133882728249974,16.3477030782801,-8.68306366348215,8.2779260538416,-0.613286639043643,1
-0.299449252342533,-0.0485101341061341,-0.468413457738203,-1.13475812875221,-1.3320558221269,-0.265163212913015,-0.75910566468711,-0.0133174548244574,16.3336400784876,-8.75418863074449,8.24653197517575,-0.667080527432591,1
-0.300499533100841,-0.0506979129017975,-0.468707021341856,-1.13763280997699,-1.3319940250103,-0.265297029389451,-0.759033292943954,-0.0132454416101264,16.319491803401,-8.82439129316497,8.21535809621764,-0.720257585981551,1
-0.301531120440978,-0.0528618735431524,-0.468988478087266,-1.14046854565659,-1.33192988847116,-0.265435891664607,-0.758958206686225,-0.0131722459656768,16.3052674680004,-8.89367058593299,8.18441118709267,-0.772814305025244,1
-0.302544167784142,-0.0550018023366267,-0.469258119966246,-1.14326505231714,-1.33186335977002,-0.265579910287018,-0.758880348192111,-0.0130978810115699,16.2909762190479,-8.96202565102313,8.15369790752466,-0.824747339499889,1
-0.303538831032167,-0.0571174939675297,-0.469516238004539,-1.14602205605586,-1.3317943896533,-0.265729188414827,-0.758799663641864,-0.0130223602053358,16.2766271296193,-9.02945583609261,8.12322480333863,-0.876053509811903,1
-0.304515268446392,-0.0592087515292741,-0.469763122085329,-1.14873929277441,-1.33172293245255,-0.265883821606902,-0.758716103227422,-0.0129456973417805,16.2622291936934,-9.09596069334628,8.09299830301371,-0.926729802666549,1
-0.305473640527147,-0.0612753865503054,-0.469999060775956,-1.15141650841138,-1.33164894617955,-0.266043897622211,-0.758629621257723,-0.0128679065531333,16.2477913208026,-9.16153997837363,8.0630247142875,-0.976773371858506,1
-0.306414109894003,-0.0633172190188366,-0.470224341157901,-1.15405345917405,-1.33157239261751,-0.266209496227953,-0.758540176259391,-0.0127890023091313,16.2333223307492,-9.22619364896144,8.03331022081352,-1.02618153902571,1
-0.307336841166927,-0.0653340774055007,-0.470439248660187,-1.15664991176909,-1.33149323740769,-0.266380689016883,-0.758447731072615,-0.0127089994170394,16.2188309483911,-9.28992186388604,8.00386087887325,-1.07495179436816,1
-0.30824200084849,-0.0673257986840306,-0.47064406689627,-1.15920564363212,-1.33141145013165,-0.266557539234265,-0.758352252941956,-0.0126279130216097,16.2043257984998,-9.35272498168915,7.97468261414397,-1.12308179733331,1
-0.309129757207271,-0.0692922283500902,-0.470839077504543,-1.16172044315605,-1.33132700438861,-0.266740101614827,-0.758253713601907,-0.0125457586049838,16.1898154006958,-9.41460355944203,7.94578121852393,-1.17056937727015,1
-0.310000280162595,-0.0712332204383484,-0.471024559992529,-1.16419410991791,-1.33123987786794,-0.266928422230291,-0.758152089356898,-0.0124625519865328,16.1753081644637,-9.47555835150095,7.91716234701603,-1.2174125340533,1
-0.310853741170755,-0.0731486375379239,-0.471200791584871,-1.16662645490421,-1.3311500524164,-0.267122538347767,-0.758047361155587,-0.0123783093226442,16.1608123842511,-9.53559030825912,7.88883151467123,-1.26360943867919,1
-0.311690313112854,-0.0750383508063049,-0.471368047075198,-1.16901730073452,-1.33105751410005,-0.267322478299519,-0.757939514659178,-0.0122930471064497,16.1463362346553,-9.59470057489855,7.86079409359298,-1.30915843383619,1
-0.31251017018441,-0.0769022399818619,-0.471526598681959,-1.17136648188328,-1.33096225326057,-0.267528261364529,-0.757828540303543,-0.0122067821674998,16.1318877656996,-9.65289049014664,7.83305531000358,-1.35405803445062,1
-0.313313487786864,-0.0787401933950492,-0.4716767159083,-1.17367384489957,-1.33086426456582,-0.267739897662216,-0.757714433354958,-0.0121195316713854,16.1174748982044,-9.71016158504081,7.80562024137386,-1.39830692821027,1
-0.31410044242112,-0.0805521079784285,-0.471818665406069,-1.17593924862483,-1.33076354705439,-0.267957388058829,-0.757597193959168,-0.0120313131193072,16.1031054192552,-9.76651558170635,7.77849381361673,-1.44190397606789,1
-0.314871211583265,-0.0823378892755995,-0.471952710844018,-1.17816256440827,-1.33066010417402,-0.268180724086804,-0.757476827183651,-0.0119421443475979,16.0887869777709,-9.8219543921508,7.75168079834611,-1.48484821272598,1
-0.315625973662595,-0.0840974514491569,-0.472079112780281,-1.18034367631998,-1.33055394381366,-0.268409887877598,-0.757353343052798,-0.0118520435271894,16.0745270801757,-9.87648011707926,7.72518581020174,-1.5271388471053,1
-0.316364907842082,-0.0858307172877915,-0.472198128539182,-1.18248248136146,-1.33044507832896,-0.268644852108304,-0.75722675657584,-0.0117610291630418,16.0603330861769,-9.93009504473529,7.69901330424076,-1.56877526279912,1
-0.317088194001408,-0.0875376182126128,-0.472310012092453,-1.18457888967356,-1.33033352456105,-0.268885579962533,-0.757097087767293,-0.0116691200935188,16.0462122046529,-9.98280164977042,7.67316757339716,-1.60975701851465,1
-0.317796012622696,-0.0892180942828253,-0.472415013944912,-1.18663282474164,-1.33021930384842,-0.269132025105851,-0.756964361659738,-0.0115763354897247,16.0321714896524,-10.0346025921473,7.64765274600944,-1.65008384850435,1
-0.318488544699066,-0.0908720942008478,-0.47251338102466,-1.18864422359788,-1.33010244203166,-0.269384131676195,-0.75682860830874,-0.0114826948547975,16.0182178365089,-10.0855007160802,7.62247278341743,-1.68975566298868,1
-0.319165971646132,-0.0924995753169705,-0.472605356577856,-1.19061303702054,-1.32998296945101,-0.269641834289642,-0.756689862789697,-0.0113882180231583,16.0043579780728,-10.1354990490161,7.59763147762888,-1.72877254857221,1
-0.319828475216558,-0.0941005036336587,-0.47269118006811,-1.19253922973016,-1.32986092093642,-0.269905058061836,-0.75654816518645,-0.011292925159728,15.990598481063,-10.184600800662,7.57313244905637,-1.76713476865534,1
-0.320476237417796,-0.0956748538095946,-0.472771087080553,-1.19442278058247,-1.32973633579007,-0.270173718645439,-0.756403560571486,-0.0111968367591002,15.9769457425412,-10.2328093620596,7.54897914432505,-1.80484276384338,1
-0.321109440433112,-0.0972226091635507,-0.472845309230615,-1.19626368275801,-1.3296092577611,-0.270447722283947,-0.756256098977529,-0.011099973644682,15.9634059865109,-10.2801283047141,7.52517483415177,-1.84189715235494,1
-0.321728266546011,-0.0987437616781885,-0.472914074077559,-1.19806194394826,-1.3294797350125,-0.27072696588215,-0.756105835360391,-0.0110023569677989,15.9499852606432,-10.3265613797789,7.50172261129593,-1.87829873043169,1
-0.322332898068168,-0.100238312003867,-0.472977605042805,-1.19981758653827,-1.32934782007994,-0.271011337093521,-0.755952829552924,-0.0109040082067669,15.9366894331311,-10.3721125172996,7.47862538858259,-1.91404847275109,1
-0.32292351727096,-0.101706269462554,-0.473036121333075,-1.20153064778559,-1.32921356982244,-0.271300714424882,-0.755797146209896,-0.0108049491659361,15.9235241896759,-10.4167858255222,7.45588589699792,-1.94914753284421,1
-0.323500306320705,-0.10314765205191,-0.473089837868383,-1.20320117999548,-1.32907704536475,-0.271594967358521,-0.755638854743692,-0.0107052019746993,15.9104950306052,-10.4605855902677,7.43350668385771,-1.98359724352012,1
-0.324063447217692,-0.104562486449645,-0.473138965214909,-1.20482925069229,-1.32893831203135,-0.271893956492049,-0.755478029250694,-0.010604789086478,15.8976072681262,-10.5035162743767,7.41149011104857,-2.01739911729904,1
-0.324613121739096,-0.105950808018211,-0.473183709522768,-1.20641494278691,-1.32879743927189,-0.272197533696206,-0.755314748428241,-0.0105037332776793,15.8848660237144,-10.5455825172276,7.38983835334248,-2.05055484685563,1
-0.325149511385859,-0.107312660809905,-0.473224272468686,-1.2079583547402,-1.32865450057814,-0.272505542290789,-0.75514909548205,-0.0104020576466263,15.872276225641,-10.5867891343305,7.36855339678469,-2.08306630547412,1
-0.325672797333618,-0.108648097572464,-0.473260851203617,-1.2094596007224,-1.32850957339212,-0.272817817238902,-0.754981158024028,-0.010299785612469,15.8598426066381,-10.6271411170003,7.34763703715491,-2.11493554751711,1
-0.326183160387752,-0.109957179755204,-0.473293638305291,-1.21091881076833,-1.32836273900562,-0.273134185359663,-0.754811027960372,-0.0101969409140686,15.8475697017047,-10.6666436321122,7.32709087850192,-2.14616480890937,1
-0.32668078094261,-0.111239977515789,-0.473322821735707,-1.21233613092838,-1.32821408245079,-0.27345446555946,-0.754638801369944,-0.0100935476088638,15.8354618460542,-10.7053020219409,7.30691633175162,-2.17675650763824,1
-0.327165838945001,-0.112496569727662,-0.47334858480358,-1.21371172341526,-1.32806369238196,-0.273778469081897,-0.754464578372806,-0.00998963007171642,15.8235231732034,-10.7431218040871,7.28711461338837,-2.206713244272,1
-0.327638513861982,-0.11372704398823,-0.473371106131728,-1.21504576674637,-1.3279116609486,-0.274105999776405,-0.754288462988971,-0.00988521299373991,15.8117576132049,-10.7801086714935,7.26768674420935,-2.23603780249786,1
-0.328098984653006,-0.114931496627823,-0.473390559629402,-1.21633845588182,-1.32775808365929,-0.274436854385645,-0.754110562987276,-0.00978032138111061,15.8001688910233,-10.8162684925514,7.24863354815216,-2.26473314968021,1
-0.328547429746483,-0.116110032719507,-0.473407114469546,-1.21759000235805,-1.32760305923692,-0.274770822851589,-0.753930989724441,-0.00967498055386349,15.7887605250549,-10.8516073113015,7.22995565119478,-2.29280243744135,1
-0.328984027020777,-0.117262766089774,-0.47342093507097,-1.21880063441689,-1.32744668946495,-0.275107688640313,-0.753749857974315,-0.00956921614467449,15.7775358257928,-10.8861313477292,7.21165348032833,-2.32024900226467,1
-0.329408953789675,-0.118389819330163,-0.473432181085429,-1.21997059713019,-1.32728907902488,-0.275447229085395,-0.753567285747334,-0.00946305409762827,15.7664978946355,-10.9198469981564,7.19372726260157,-2.34707636612241,1
-0.329822386792381,-0.119491323809863,-0.473441007389565,-1.22110015251998,-1.32713033532491,-0.275789215749758,-0.753383394100316,-0.00935652066697774,15.7556496228413,-10.9527608357327,7.17617702423714,-2.37328823712851,1
-0.330224502188005,-0.120567419689302,-0.473447564081703,-1.22218957967398,-1.32697056831998,-0.276133414805867,-0.753198306936601,-0.00924964241588788,15.744993690626,-10.9848796110241,7.15900258981907,-2.39888851021718,1
-0.330615475554613,-0.121618255934789,-0.473451996483456,-1.22323917485665,-1.32680989032309,-0.276479587434048,-0.753012150796687,-0.00914244621517534,15.7345325664058,-11.0162102527038,7.14220358155072,-2.42388126784866,1
-0.330995481892806,-0.122643990334219,-0.473454445146116,-1.22424925161562,-1.32664841580821,-0.276827490238655,-0.752825054639495,-0.00903495924203579,15.7242685061832,-11.0467598683431,7.1257794185827,-2.44827078074254,1
-0.331364695633845,-0.123644789513856,-0.473455045861766,-1.22522014088362,-1.32648626120485,-0.277176875681843,-0.752637149614389,-0.00892720897876765,15.7142035530761,-11.0765357453049,7.10972931641037,-2.47206150863909,1
-0.331723290652308,-0.124620828956243,-0.473453929679088,-1.22615219107585,-1.32632354468436,-0.277527492534611,-0.752448568824143,-0.00881922321148586,15.7043395369889,-11.1055453517389,7.09405228633966,-2.49525810108961,1
-0.33207144028327,-0.125572293019239,-0.473451222923806,-1.22704576818282,-1.32616038593828,-0.277879086344715,-0.752259447079035,-0.00871103002883495,15.6946780744245,-11.1337963376801,7.07874713502067,-2.51786539827624,1
-0.332409317343967,-0.126499374956177,-0.473447047223706,-1.22790125585865,-1.32599690594881,-0.278231399921024,-0.75206992064233,-0.00860265782069343,15.6852205684363,-11.1612965362486,7.06381246404854,-2.5398884318608,1
-0.33273709415994,-0.127402276937212,-0.473441519538161,-1.22871905550503,-1.32583322675172,-0.278584173833917,-0.751880126967335,-0.00849413527687922,15.6759682087184,-11.1880539649533,7.0492466696296,-2.56133242586449,1
-0.333054942595587,-0.128281210071793,-0.473434752192111,-1.22949958635058,-1.3256694711919,-0.278937146931085,-0.75169020442637,-0.00838549138585006,15.6669219718324,-11.2140768270963,7.03504794231309,-2.58220279757696,1
-0.333363034089105,-0.129136394432314,-0.47342685291441,-1.23024328552596,-1.32550576267179,-0.279290056868299,-0.751500292031896,-0.0082767554334045,15.658082621569,-11.2393735132787,7.02121426678633,-2.60250515849603,1
-0.333661539691754,-0.129968059078932,-0.473417924880464,-1.23095060813461,-1.32534222489306,-0.279642640654417,-0.751310529150158,-0.00816795700138211,15.6494507094423,-11.2639526030076,7.00774342173247,-2.62224531529784,1
-0.333950630111389,-0.130776442085538,-0.473408066759066,-1.23162202731919,-1.32517898159182,-0.279994635210047,-0.751121055207675,-0.00805912596636487,15.6410265753146,-11.2878228664019,6.99463297974973,-2.64142927083695,1
-0.334230475760169,-0.131561790566877,-0.473397372763347,-1.23225803432392,-1.32501615626759,-0.280345777939117,-0.750932009390952,-0.00795029249837984,15.6328103481495,-11.3109932659954,6.98188030733064,-2.66006322517656,1
-0.334501246806395,-0.132324360706825,-0.473385932705741,-1.23285913855272,-1.32485387190661,-0.280695807312595,-0.750743530339814,-0.00784148705960435,15.6248019468889,-11.333472958638,6.96948256489967,-2.67815357664873,1
-0.33476311323037,-0.133064417787792,-0.473373832056848,-1.23342586762336,-1.32469225069973,-0.281044463463514,-0.750555755834821,-0.00773274040307551,15.6170010814542,-11.3552712974904,6.95743670690791,-2.69570692294412,1
-0.335016244884192,-0.133782236221244,-0.473361152008099,-1.23395876741775,-1.32453141375522,-0.28139148879251,-0.750368822479153,-0.00762408357140359,15.609407253865,-11.3763978341126,6.9457394819831,-2.71273006223067,1
-0.335260811555368,-0.134478099579326,-0.473347969538091,-1.23445840212828,-1.32437148080715,-0.281736628582937,-0.75018286537548,-0.00751554789549131,15.6020197594743,-11.3968623206421,6.93438743313334,-2.72922999430106,1
-0.335496983034157,-0.135152300627568,-0.473334357482477,-1.23492535430054,-1.32421256991962,-0.282079631624514,-0.749998017798347,-0.00740716499325819,15.5948376883155,-11.4166747120611,6.92337689800258,-2.74521392174813,1
-0.335724929184504,-0.135805141358656,-0.473320384607266,-1.23536022487247,-1.32405479718735,-0.282420250844671,-0.749814410862522,-0.00729896676837602,15.5878599265576,-11.4358451685497,6.91270400917584,-2.76068925116793,1
-0.335944820018445,-0.136436933027225,-0.473306115685413,-1.23576363320997,-1.32389827643319,-0.282758243946363,-0.749632173187947,-0.00719098540900664,15.5810851580644,-11.4543840579212,6.90236469453245,-2.77566359438923,1
-0.336156825773845,-0.137047996185678,-0.473291611576527,-1.23613621713926,-1.323743118903,-0.283093374051384,-0.749451430561799,-0.00708325338655424,15.5745118660538,-11.472301958138,6.8923546776449,-2.79014476972904,1
-0.336361116995326,-0.137638660720991,-0.473276929309566,-1.23647863297603,-1.3235894329585,-0.283425410347979,-0.749272305598298,-0.00697580345442613,15.5681383348517,-11.4896096599044,6.88266947822089,-2.80414080327356,1
-0.336557864618229,-0.138209265892448,-0.473262122168343,-1.23679155555158,-1.3234373237686,-0.283754128741579,-0.749094917396857,-0.00686866864680392,15.5619626517363,-11.5063181693322,6.87330441258682,-2.81765993018266,1
-0.336747240055459,-0.138760160370337,-0.47324723977968,-1.23707567823613,-1.32328689299988,-0.284079312507418,-0.748919381199252,-0.0067618822774295,15.5559827088677,-11.5224387106766,6.86425459420941,-2.83071059601833,1
-0.336929415287021,-0.139291702275509,-0.473232328204029,-1.23733171295937,-1.3231382385067,-0.284400752943821,-0.748745808046422,-0.0066554779384007,15.5501962052972,-11.5379827291383,6.8555149342536,-2.84330145809468,1
-0.337104562952108,-0.139804259219826,-0.473217430028389,-1.23756039022857,-1.32299145402165,-0.284718250024746,-0.748574304435656,-0.00654948949898748,15.5446006490509,-11.5529618937274,6.84708014217326,-2.85544138684975,1
-0.337272856443509,-0.140298208347409,-0.473202584461298,-1.23776245914435,-1.32284662884702,-0.28503161305038,-0.748404971978787,-0.00644395110445687,15.5391933592815,-11.5673881001855,6.83894472633275,-2.86713946723668,1
-0.337434470004193,-0.140773936376714,-0.473187827429734,-1.2379386874143,-1.32270384754781,-0.285340661294256,-0.748237907062197,-0.0063388971749212,15.5339714684826,-11.5812734739615,6.83110299465534,-2.87840500013429,1
-0.337589578825831,-0.141231839643352,-0.473173191677693,-1.23808986136469,-1.32256318964705,-0.285645224645601,-0.748073200509309,-0.0062343624042012,15.5289319247583,-11.5946303732374,6.82354905529613,-2.88924750377515,1
-0.337738359149066,-0.141672324143653,-0.473158706866239,-1.23821678595048,-1.32242472932414,-0.285945144245382,-0.747910937246372,-0.00613038175870972,15.5240714941431,-11.6074713919975,6.81627681733584,-2.89967671519025,1
-0.337880988365314,-0.142095805578915,-0.47314439967479,-1.23832028476376,-1.32228853511687,-0.286240273114611,-0.747751195972281,-0.00602699047635697,15.5193867629629,-11.6198093631394,6.80927999149229,-2.90970259166878,1
-0.338017645119869,-0.14250270940033,-0.473130293903428,-1.23840120004105,-1.32215466962778,-0.28653047677342,-0.747594048833221,-0.00592422406547672,15.5148741402325,-11.6316573616186,6.80255209084591,-2.91933531223196,1
-0.338148509416085,-0.142893470854544,-0.473116410575963,-1.23846039266938,-1.32202318923574,-0.286815633849296,-0.747439561102983,-0.00582211830377792,15.5105298600799,-11.6430287076238,6.79608643157567,-2.92858527911959,1
-0.338273762720403,-0.14326853502982,-0.473102768043532,-1.23849874219173,-1.32189414381338,-0.287095636673026,-0.747287790869687,-0.00572070923732203,15.5063499841915,-11.6539369697782,6.78987613370151,-2.93746311928817,1
-0.338393588067959,-0.143628356902774,-0.473089382088455,-1.23851714681181,-1.32176757645112,-0.287370391860652,-0.747138788729828,-0.00562003317952537,15.5023304042696,-11.6643959683586,6.78391412182971,-2.9459796859187,1
-0.338508170168555,-0.143973401385665,-0.473076266028081,-1.23851652339857,-1.3216435231886,-0.287639820879971,-0.746992597490401,-0.00552012671019281,15.4984668444933,-11.6744197785308,6.77819312589648,-2.95414605993389,1
-0.3386176955127,-0.144304143374197,-0.473063430818368,-1.2384978074907,-1.32152201275434,-0.287903860599824,-0.746849251880015,-0.00542102667458031,15.4947548639766,-11.6840227335927,6.77270568190621,-2.96197355152233,1
-0.338722352477483,-0.144621067795824,-0.473050885156893,-1.23846195330126,-1.32140306631425,-0.288162463820609,-0.746708778269835,-0.00532277018248975,15.4911898592117,-11.6932194282213,6.76744413265956,-2.96947370166915,1
-0.338822331431999,-0.144924669658532,-0.473038635585009,-1.23840993372293,-1.32128669722993,-0.288415599784393,-0.746571194405185,-0.00522539460739962,15.4877670664921,-11.7020247217171,6.76240062846677,-2.97665828369179,1
-0.338917824842033,-0.145215454100056,-0.473026686588857,-1.2383427403339,-1.32117291082748,-0.288663254662876,-0.746436509148738,-0.00512893758562905,15.4844815643039,-11.7104537412404,6.75756712784228,-2.98353930477873,1
-0.339009027373758,-0.145493936437556,-0.473015040698898,-1.23826138340497,-1.32106170417761,-0.288905432021602,-0.746304722236121,-0.00503343701554271,15.4813282756768,-11.7185218850338,6.75293539817456,-2.99012900753157,1
-0.339096135996118,-0.145760642217696,-0.473003698587684,-1.23816689190789,-1.32095306588793,-0.289142153258697,-0.746175824044856,-0.00493893105679452,15.4783019704847,-11.7262448256248,6.74849701636737,-2.99643987150746,1
-0.339179350081619,-0.146016107267125,-0.472992659165507,-1.23806031352538,-1.32084697590807,-0.289373458016454,-0.746049795377493,-0.00484545812961337,15.4753972676869,-11.7336385130021,6.74424336944672,-3.00248461476184,1
-0.339258871505229,-0.146260877743372,-0.472981919673609,-1.23794271466316,-1.32074340534862,-0.289599404564052,-0.745926607259854,-0.00475305691413543,15.4726086374984,-11.7407191777603,6.74016565512808,-3.00827619539001,1
-0.339334904741065,-0.146495510186103,-0.47297147577461,-1.23781518046422,-1.32064231631461,-0.289820070149712,-0.745806220755268,-0.00466176634978046,15.4699304034797,-11.7475033342067,6.73625488233899,-3.01382781306592,1
-0.339407656956572,-0.146720571568779,-0.472961321639785,-1.23767881482562,-1.32054366175429,-0.290035551320607,-0.745688586795669,-0.00457162563468046,15.4673567445355,-11.7540077834226,6.7325018716908,-3.01915291057785,1
-0.339477338103852,-0.146936639350681,-0.472951450032848,-1.23753474041832,-1.32044738532415,-0.290245964208721,-0.74557364603053,-0.00448267422515734,15.4648816968108,-11.7602496162755,6.72889725589433,-3.02426517535905,1
-0.339544161007842,-0.147144301529316,-0.47294185238986,-1.23738409871013,-1.32035342127089,-0.290451444781061,-0.745461328694442,-0.00439495183525688,15.4624991554732,-11.7662462163729,6.72543148011314,-3.02917854101287,1
-0.339608341450985,-0.147344156693217,-0.472932518894875,-1.23722804999231,-1.32026169433122,-0.290652149052408,-0.745351554494307,-0.00430849843633858,15.4602028763711,-11.7720152629537,6.72209480224849,-3.03390718883114,1
-0.339670098254081,-0.147536814075118,-0.472923438550951,-1.23706777341007,-1.32017211965025,-0.290848253258934,-0.745244232517026,-0.0042233542567249,15.4579864775541,-11.7775747337089,6.71887729314976,-3.03846554930458,1
-0.339729653352949,-0.147722893605541,-0.472914599246115,-1.23690446699732,-1.32008460271939,-0.291039953990929,-0.745139261158583,-0.00413955978141373,15.4558434406456,-11.7829429075265,6.71576883674384,-3.04286830362472,1
-0.339787231870571,-0.147903025966782,-0.472905987813871,-1.23673934771607,-1.31999903933442,-0.291227468282937,-0.745036528075444,-0.00405715575185395,15.453767112054,-11.7881383671527,6.71275913007709,-3.04713038517576,1
-0.339843062184348,-0.148077852647345,-0.472897590087844,-1.23657365150075,-1.31991531557473,-0.291411033659541,-0.74493591015918,-0.00397618316579107,15.4517507040104,-11.7931800017638,6.7098376832628,-3.05126698101619,1
-0.339897375988115,-0.148248025996789,-0.472889390950124,-1.23640863330792,-1.31983330780439,-0.291590908135039,-0.744837273535242,-0.00389668327718176,15.4497872954207,-11.7980870094414,6.70699381932778,-3.05529353334847,1
-0.339950408348529,-0.148414209281067,-0.472881374372876,-1.23624556717171,-1.31975288269603,-0.29176737016538,-0.74474047358675,-0.00381869759618213,15.4478698325174,-11.8028788995434,6.70421667395047,-3.05922574097645,1
-0.340002360911388,-0.148576973958053,-0.472873525778671,-1.23608551773831,-1.31967391828005,-0.291940674509779,-0.744645377987012,-0.00374225576019725,15.4459922114785,-11.8075724646328,6.70149687452411,-3.06307712767843,1
-0.3400532891457,-0.148736487826419,-0.472865838223938,-1.23592864939586,-1.31959641893669,-0.292110937682665,-0.744551866124812,-0.00366733903028123,15.4441525293442,-11.8121725663021,6.69883161890725,-3.06685165586516,1
-0.340103207223603,-0.14889281604754,-0.472858302768003,-1.23577490500537,-1.3195206019819,-0.292278332361811,-0.744459548403474,-0.00359391702480389,15.4423498121461,-11.816680948607,6.69621970339375,-3.0705508398546,1
-0.340152127910256,-0.149046022528706,-0.472850909552415,-1.23562422969853,-1.31944672933121,-0.29244305406135,-0.744367967811509,-0.00352195997280076,15.4405830664893,-11.8210992990637,6.69365992765858,-3.07417616023289,1
-0.34020006370353,-0.149196169905787,-0.472843648890382,-1.23547656971286,-1.31937505866967,-0.292605296049542,-0.744276673787551,-0.00345143869619365,15.4388513182589,-11.8254292713799,6.69115111498983,-3.07772906811082,1
-0.340247026840262,-0.149343319568442,-0.472836511264703,-1.23533187236872,-1.31930584348622,-0.292765249321541,-0.744185222214311,-0.00338232459796975,15.4371536122717,-11.8296724861436,6.68869211183876,-3.08121098571062,1
-0.340293029302633,-0.149487531684809,-0.472829487325962,-1.23519008604657,-1.3192393331096,-0.292923102569373,-0.74409317541376,-0.00331458965059636,15.4354890119429,-11.8338305315017,6.6862817873831,-3.0846233069419,1
-0.340338082824639,-0.149628865225703,-0.472822567890953,-1.23505116016442,-1.31917577274564,-0.293079042149295,-0.744000102143442,-0.00324820638466591,15.433856598967,-11.837904963831,6.68391903310306,-3.08796739796703,1
-0.340382198898655,-0.14976737798833,-0.472815743941343,-1.23491504515552,-1.31911540351595,-0.293233252046678,-0.743905577593869,-0.00318314787776665,15.4322554730125,-11.8418973083987,6.68160276236984,-3.09124459775597,1
-0.340425388782091,-0.149903126619509,-0.472809006622547,-1.23478169244628,-1.31905846249783,-0.293385913838582,-0.743809183386891,-0.00311938774357477,15.4306847514308,-11.8458090600156,6.67933191004606,-3.09445621863087,1
-0.34046766350411,-0.150036166638443,-0.472802347242819,-1.23465105443442,-1.31900518276548,-0.293537206654174,-0.743710507575004,-0.00305690012116348,15.4291435689764,-11.8496416836791,6.67710543209794,-3.09760354680056,1
-0.340509033872417,-0.150166552459016,-0.47279575727252,-1.23452308446737,-1.3189557934322,-0.293687307133149,-0.743609144641484,-0.00299565966452478,15.4276310775412,-11.8533966152077,6.67492230521859,-3.10068784288503,1
-0.340549510480092,-0.150294337411649,-0.472789228343591,-1.23439773682093,-1.31891051969373,-0.293836389382291,-0.743504695501313,-0.0029356415322994,15.4261464458989,-11.8570752618668,6.67278152646236,-3.10371034243021,1
-0.340589103712484,-0.150419573764709,-0.47278275224918,-1.23427496667807,-1.31886958287246,-0.293984624930336,-0.743396767502796,-0.00287682137771154,15.4246888594618,-11.8606790029852,6.67068211288963,-3.10667225641308,1
-0.340627823754122,-0.150542312745492,-0.472776320943449,-1.23415473010815,-1.31883320046267,-0.294132182681275,-0.743284974429823,-0.00281917533870329,15.4232575200479,-11.8642091905634,6.66862310122181,-3.1095747717373,1
-0.340665680595669,-0.150662604560777,-0.472769926541516,-1.23403698404621,-1.31880158617638,-0.294279228866232,-0.743168936504687,-0.00276268002826585,15.4218516456584,-11.8676671498719,6.66660354750621,-3.11241905171963,1
-0.340702684040891,-0.150780498416971,-0.472763561319554,-1.23392168627269,-1.3187749499902,-0.294425926994079,-0.743048280391408,-0.00270731252496284,15.4204704702652,-11.8710541800419,6.66462252679043,-3.11520623656714,1
-0.340738843713628,-0.150896042539838,-0.472757217715012,-1.2338087953932,-1.31875349819263,-0.294572437800898,-0.74292263919949,-0.00265305036364251,15.4191132436071,-11.8743715546466,6.66267913280593,-3.11793744384539,1
-0.340774169064783,-0.151009284193844,-0.472750888326964,-1.23369827081879,-1.31873743343208,-0.294718919198442,-0.74279165248804,-0.0025998715263345,15.4177792309962,-11.8776205222736,6.66077247766045,-3.12061376893788,1
-0.340808669379296,-0.151120269701101,-0.472744565916569,-1.23359007274623,-1.31872695476547,-0.294865526221709,-0.742654966270207,-0.00254775443332813,15.4164677131311,-11.8808023070888,6.65890169153904,-3.12323628549674,1
-0.340842353783106,-0.151229044459931,-0.472738243407636,-1.23348416213878,-1.31872225770721,-0.295012410975784,-0.74251223301785,-0.00249667793442809,15.4151779859197,-11.8839181093913,6.65706592241325,-3.12580604588485,1
-0.340875231250104,-0.151335652963062,-0.472731913887281,-1.23338050070706,-1.31872353427867,-0.295159722582033,-0.742363111666397,-0.0024466213003845,15.4139093603088,-11.8869691061601,6.65526433575837,-3.12832408160965,1
-0.340907310609043,-0.151440138815448,-0.472725570606677,-1.23327905089028,-1.31873097305797,-0.29530760712381,-0.742207267619836,-0.00239756421449345,15.4126611621209,-11.8899564515913,6.65349611427827,-3.13079140374859,1
-0.340938600550429,-0.151542544751737,-0.472719206981873,-1.2331797758377,-1.31874475923009,-0.295456207591773,-0.742044372755759,-0.00234948676436497,15.4114327318985,-11.8928812776274,6.65176045763757,-3.1332090033665,1
-0.340969109633363,-0.15164291265339,-0.472712816594688,-1.23308263939038,-1.31876507463721,-0.29560566382891,-0.741874105430435,-0.00230236943385498,15.4102234247537,-11.8957446944777,6.65005658220098,-3.13557785192502,1
-0.340998846292342,-0.151741283565442,-0.472706393193664,-1.23298760606318,-1.31879209782922,-0.295756112475432,-0.741696150483828,-0.00225619309515805,15.409032610225,-11.8985477911297,6.6483837207794,-3.13789890168409,1
-0.341027818844,-0.151837697712944,-0.472699930695073,-1.23289464102709,-1.3188260041144,-0.295907686913602,-0.741510199244525,-0.00221093900105772,15.4078596721393,-11.9012916358525,6.64674112238256,-3.14017308609582,1
-0.341056035493797,-0.15193219451706,-0.472693423183967,-1.23280371009178,-1.31886696561013,-0.296060517212596,-0.741315949534521,-0.00216658877733124,15.4067040084787,-11.9039772766915,6.64512805197796,-3.14240132019065,1
-0.341083504342635,-0.152024812610852,-0.472686864915269,-1.23271477968845,-1.31891515129362,-0.296214730073558,-0.741113105673801,-0.002123124415306,15.4055650312536,-11.906605741954,6.64354379025584,-3.14458450095618,1
-0.341110233393413,-0.152115589854735,-0.472680250314894,-1.23262781685295,-1.31897072705269,-0.296370448774877,-0.740901378484678,-0.002080528264564,15.4044421663787,-11.9091780406874,6.64198763339989,-3.14672350770859,1
-0.34113623055749,-0.152204563351637,-0.472673573980886,-1.23254278920926,-1.31903385573637,-0.29652779311783,-0.740680485295847,-0.00203878302579217,15.4033348535547,-11.911695163148,6.64045889286351,-3.14881920245684,1
-0.341161503661083,-0.152291769461844,-0.472666830684585,-1.23245966495309,-1.31910469720548,-0.296686879372661,-0.740450149946086,-0.00199787174377523,15.4022425461535,-11.9141580812619,6.6389568951514,-3.15087243025982,1
-0.341186060451562,-0.152377243817554,-0.47266001537179,-1.23237841283596,-1.31918340838299,-0.296847820225197,-0.740210102787593,-0.00195777780052821,15.4011647111065,-11.9165677490769,6.63748098160613,-3.15288401957651,1
-0.341209908603666,-0.152461021337135,-0.472653123163932,-1.23229900214941,-1.31927014330415,-0.297010724724086,-0.739960080688877,-0.00191848490856626,15.4001008287972,-11.9189251032069,6.63603050819962,-3.15485478260928,1
-0.341233055725606,-0.152543136239103,-0.472646149359243,-1.2322214027096,-1.31936505316646,-0.297175698228739,-0.739699827037203,-0.00187997710430868,15.3990503929562,-11.9212310632674,6.63460484532919,-3.15678551564047,1
-0.341255509365084,-0.152623622055815,-0.472639089433911,-1.23214558484213,-1.31946828637923,-0.297342842358058,-0.739429091740514,-0.00184223874161463,15.3980129105586,-11.9234865323029,6.63320337761802,-3.15867699936232,1
-0.341277277015185,-0.152702511646897,-0.472631939043226,-1.23207151936718,-1.31957998861293,-0.297512254940028,-0.739147631228814,-0.00180525448544799,15.3969879017252,-11.9256923972059,6.63182550371979,-3.16052999920043,1
-0.341298366120177,-0.152779837212393,-0.4726246940227,-1.23199917758497,-1.31970030284805,-0.297684029962264,-0.738855208454968,-0.0017690093056688,15.3959748996242,-11.9278495291276,6.63047063612735,-3.16234526563076,1
-0.341318784081181,-0.152855630305666,-0.472617350389158,-1.23192853126144,-1.31982936942368,-0.297858257523558,-0.738551592894874,-0.00173348847094858,15.3949734503761,-11.9299587838814,6.62913820098511,-3.16412353449037,1
-0.341338538261727,-0.152929921846028,-0.472609904341806,-1.23185955261428,-1.31996732608553,-0.29803502378653,-0.738236560546991,-0.00169867754280736,15.3939831129597,-11.9320210023366,6.62782763790507,-3.16586552728198,1
-0.34135763599319,-0.15300274213113,-0.472602352263248,-1.23179221429923,-1.32011430803356,-0.298214410931421,-0.737909893931169,-0.00166456236976996,15.3930034591194,-11.9340370108055,6.62653839978629,-3.16757195147242,1
-0.341376084580094,-0.153074120849102,-0.472594690720469,-1.23172648939668,-1.32027044796907,-0.298396497111131,-0.737571382086754,-0.00163112908163891,15.3920340732741,-11.9360076214217,6.6252699526375,-3.16924350078512,1
-0.341393891305288,-0.15314408709045,-0.472586916465773,-1.23166235139853,-1.32043587614123,-0.298581356407514,-0.737220820569953,-0.00159836408388205,15.3910745524268,-11.9379336325106,6.62402177540286,-3.1708808554867,1
-0.341411063434983,-0.153212669359723,-0.472579026437659,-1.23159977419543,-1.32061072039306,-0.298769058789061,-0.736858011450395,-0.00156625405213228,15.3901245060748,-11.9398158289521,6.62279335979054,-3.17248468266782,1
-0.341427608223667,-0.153279895586943,-0.472571017761651,-1.23153873206418,-1.32079510620683,-0.298959670069963,-0.736482763306895,-0.00153478592679751,15.3891835561207,-11.9416549825349,6.62158421010407,-3.17405563651828,1
-0.341443532918861,-0.153345793138815,-0.47256288775106,-1.23147919965553,-1.32098915674875,-0.299153251870658,-0.736094891222359,-0.00150394690777816,15.3882513367833,-11.9434518523037,6.62039384307623,-3.1755943585966,1
-0.341458844765746,-0.153410388829713,-0.472554633907684,-1.23142115198225,-1.32119299291313,-0.2993498615799,-0.735694216777836,-0.00147372444929067,15.3873274945093,-11.9452071848981,6.61922178770532,-3.17710147809408,1
-0.341473551011641,-0.153473708932448,-0.472546253922443,-1.23136456440744,-1.32140673336569,-0.299549552318407,-0.735280568045652,-0.00144410625479457,15.3864116878838,-11.9469217148835,6.61806758509378,-3.17857761209345,1
-0.341487658910333,-0.15353577918883,-0.472537745675935,-1.23130941263322,-1.32163049458633,-0.29975237290413,-0.734853779581643,-0.00141508027202098,15.3855035875419,-11.9485961650753,6.61693078828881,-3.18002336582227,1
-0.34150117572626,-0.153596624820014,-0.472529107238922,-1.23125567268958,-1.321864390911,-0.299958367819223,-0.734413692416422,-0.00138663468810085,15.3846028760785,-11.9502312468544,6.61581096212511,-3.18143933290105,1
-0.341514108738539,-0.153656270536653,-0.472520336872739,-1.23120332092369,-1.32210853457294,-0.300167577178718,-0.73396015404569,-0.00135875792479069,15.3837092479586,-11.9518276604755,6.61470768306934,-3.18282609558626,1
-0.341526465244845,-0.153714740548841,-0.472511433029613,-1.23115233398933,-1.32236303574305,-0.300380036701003,-0.733493018419537,-0.00133143863379399,15.3828224094263,-11.9533860953683,6.61362053906641,-3.18418422500836,1
-0.341538252565131,-0.153772058575875,-0.472502394352907,-1.23110268883673,-1.32262800256952,-0.300595777680089,-0.733012145930748,-0.00130466569217642,15.3819420784129,-11.9549072304304,6.61254912938732,-3.18551428140481,1
-0.341549478045195,-0.153828247855812,-0.472493219677273,-1.23105436270264,-1.32290354121652,-0.300814826959777,-0.732517403402047,-0.00127842819787286,15.3810679844441,-11.9563917343138,6.61149306447852,-3.18681681434824,1
-0.341560149060091,-0.153883331154852,-0.472483908028714,-1.23100733310069,-1.32318975590219,-0.301037206909707,-0.732008664072301,-0.00125271546528455,15.380199868546,-11.9578402657032,6.61045196581261,-3.18809236296985,1
-0.341570273017373,-0.153937330776529,-0.472474458624557,-1.23096157781201,-1.3234867489356,-0.301262935403361,-0.731485807581643,-0.00122751702096453,15.3793374831497,-11.9592534735874,6.60942546574037,-3.1893414561781,1
-0.341570273017373,-0.153990268616678,-0.472464871127023,-1.23091707487621,-1.32379462075297,-0.301492025798057,-0.730948719955493,-0.00120282259938957,15.3784805919947,-11.9606319975236,6.6084132073439,-3.19056461287282,1
-0.341570273017373,-0.154042175658545,-0.472455164475736,-1.23087401914384,-1.32411370437569,-0.301723994292064,-0.730397551082805,-0.00117862323910478,15.3776295615205,-11.96197716798,6.60741503700866,-3.19176264346815,1
-0.341570273017373,-0.154093072168672,-0.472445336939118,-1.23083237220271,-1.32444407905342,-0.301958881848802,-0.729832180638705,-0.00115490897054933,15.3767841317541,-11.9632895534367,6.60643060339453,-3.1929360250771,1
-0.341570273017373,-0.15414297800556,-0.472435387024973,-1.23079209642953,-1.32478582278759,-0.302196723782747,-0.72925249518793,-0.00113167002480047,15.375944055208,-11.9645697152949,6.60545956598257,-3.1940852260695,1
-0.341570273017373,-0.154191912627723,-0.472425313478992,-1.23075315497009,-1.32513901235475,-0.302437549767004,-0.728658388154333,-0.00110889682952317,15.3751090967477,-11.9658182080853,6.60450159492066,-3.19521070625827,1
-0.341570273017373,-0.154239895101587,-0.472415115283173,-1.23071551172022,-1.32550372332895,-0.302681383842569,-0.728049759789462,-0.00108658000500244,15.3742790334583,-11.9670355796698,6.60355637087025,-3.19631291708181,1
-0.341570273017373,-0.154286944109241,-0.47240479165419,-1.23067913130719,-1.32588003010354,-0.302928244429312,-0.727426517140188,-0.0010647103602566,15.3734536545106,-11.9682223714388,6.60262358485419,-3.1973923017824,1
-0.341570273017373,-0.154333077956044,-0.47239434204167,-1.23064397907179,-1.32626800591199,-0.303178144338717,-0.726788574015359,-0.00104327888922971,15.3726327610254,-11.9693791185008,6.60170293810548,-3.19844929558083,1
-0.341570273017373,-0.154378314578078,-0.472383766126405,-1.23061002105085,-1.32666772284804,-0.303431090788415,-0.726135850951471,-0.00102227676706158,15.3718161659372,-11.9705063498676,6.60079414191692,-3.19948432584727,1
-0.341570273017373,-0.154422671549472,-0.472373063818488,-1.23057722396046,-1.32707925188491,-0.303687085418554,-0.725468275177348,-0.00100169534643408,15.3710036938556,-11.9716045886323,6.59989691749161,-3.20049781226834,1
-0.341570273017373,-0.154466166089578,-0.472362235255361,-1.23054555517953,-1.32750266289372,-0.303946124310033,-0.72478578057778,-0.000981526153991625,15.3701951809264,-11.9726743521429,6.59901099579411,-3.20149016701066,1
-0.341570273017373,-0.154508815070018,-0.472351280799794,-1.23051498273403,-1.32793802466099,-0.304208198004634,-0.72408830765615,-0.000961760886834843,15.3693904746904,-11.9737161521689,6.5981361174023,-3.20246179488073,1
-0.341570273017373,-0.154550635021592,-0.472340201037776,-1.23048547528166,-1.32838540490532,-0.304473291527082,-0.723375803496002,-0.000942391409085679,15.3685894339412,-11.9747304950626,6.59727203235987,-3.20341309348125,1
-0.341570273017373,-0.154591642141061,-0.472328996776325,-1.23045700209702,-1.32884487029306,-0.304741384409086,-0.722648221721542,-0.00092340974852248,15.3677919285808,-11.9757178819155,6.59641850002934,-3.20434445336405,1
-0.341570273017373,-0.154631852297795,-0.472317669041218,-1.23042953305729,-1.32931648645316,-0.305012450715353,-0.721905522457068,-0.000904808093283658,15.3669978394738,-11.9766788087078,6.59557528894558,-3.20525625817953,1
-0.341570273017373,-0.154671281040305,-0.472306219074637,-1.23040303862832,-1.32980031799101,-0.305286459071645,-0.721147672285301,-0.000886578788638555,15.3662070583003,-11.9776137664533,6.59474217666981,-3.20614888482278,1
-0.341570273017373,-0.154709943602642,-0.472294648332732,-1.23037748985126,-1.33029642850136,-0.305563372694881,-0.720374644204618,-0.000868714333824103,15.3654194874066,-11.978523241339,6.59391894964398,-3.20702270357638,1
-0.341570273017373,-0.154747854910677,-0.4722829584831,-1.23035285832957,-1.33080488058029,-0.305843149425317,-0.719586417585161,-0.00085120737894591,15.3646350396539,-11.9794077148583,6.59310540304556,-3.20787807824994,1
-0.341570273017373,-0.154785029588273,-0.472271151402184,-1.23032911621649,-1.33132573583614,-0.306125741760835,-0.718782978123827,-0.000834050721942426,15.3638536382662,-11.98026766394,6.59230134064269,-3.20871536631647,1
-0.341570273017373,-0.154821481963322,-0.472259229172585,-1.23030623620295,-1.33185905489948,-0.306411096893371,-0.717964317798102,-0.000817237305611036,15.3630752166754,-11.9811035610714,6.59150657464961,-3.20953491904562,1
-0.341570273017373,-0.154857226073684,-0.472247194080298,-1.23028419150582,-1.33240489743209,-0.306699156747484,-0.71713043481876,-0.000800760214694596,15.3622997183652,-11.9819158744166,6.5907209255824,-3.2103370816338,1
-0.341570273017373,-0.154892275673007,-0.472235048611864,-1.23026295585668,-1.33296332213489,-0.306989858021115,-0.716281333581392,-0.000784612673027307,15.3615270967131,-11.9827050679294,6.58994422211506,-3.21112219333131,1
-0.341570273017373,-0.154926644236435,-0.472222795451441,-1.23024250349086,-1.33353438675484,-0.307283132228534,-0.715417024616762,-0.000768788040738712,15.3607573148308,-11.9834716014616,6.58917630093575,-3.21189058756646,1
-0.341570273017373,-0.154960344966212,-0.472210437477798,-1.23022280913689,-1.33411814809081,-0.307578905745505,-0.71453752454,-0.000753279811514492,15.3599903454025,-11.984215930866,6.58841700660337,-3.21264259206684,1
-0.341570273017373,-0.154993390797181,-0.472197977761234,-1.23020384800639,-1.33471466199841,-0.307877099856698,-0.713642855998585,-0.000738081609913063,15.3592261705219,-11.9849385080951,6.58766619140436,-3.21337852897763,1
-0.341570273017373,-0.155025794402173,-0.472185419560412,-1.23018559578422,-1.33532398339369,-0.308177630805329,-0.712733047619161,-0.000723187188736635,15.358464781527,-11.9856397812944,6.58692371520973,-3.21409871497716,1
-0.341570273017373,-0.155057568197297,-0.472172766319133,-1.23016802861899,-1.33594616625588,-0.308480409845092,-0.711808133953127,-0.000708590426455803,15.3577061788341,-11.9863201948915,6.58618944533237,-3.21480346138972,1
-0.341570273017373,-0.155088724347135,-0.472160021663021,-1.23015112311396,-1.33658126362897,-0.308785343294345,-0.710868155421047,-0.000694285324686417,15.3569503717697,-11.9869801896807,6.58546325638455,-3.21549307429559,1
-0.341570273017373,-0.155119274769828,-0.472147189396152,-1.23013485631818,-1.33722932762222,-0.309092332592602,-0.70991315825583,-0.000680266005717668,15.3561973784003,-11.9876202029031,6.58474503013571,-3.21616785463849,1
-0.341570273017373,-0.155149231142073,-0.472134273497607,-1.23011920571804,-1.33789040940959,-0.309401274359317,-0.708943194444712,-0.000666526710090444,15.3554472253622,-11.988240668322,6.58403465537057,-3.21682809833039,1
-0.341570273017373,-0.155178604904027,-0.472121278117955,-1.23010414922901,-1.33856455922813,-0.309712060454971,-0.707958321670012,-0.000653061794224787,15.3546999476883,-11.9888420162947,6.58333202774738,-3.21747409635377,1
-0.341570273017373,-0.155207407264105,-0.472108207575682,-1.23008966518776,-1.33925182637514,-0.31002457804448,-0.706958603248679,-0.000639865728095495,15.3539555886345,-11.9894246738393,6.58263704965658,-3.21810613486138,1
-0.341570273017373,-0.155235649203703,-0.472095066353552,-1.23007573234453,-1.33995225920437,-0.310338709662903,-0.705944108070612,-0.000626933092954828,15.3532141995046,-11.9899890646984,6.58194963007975,-3.21872449527353,1
-0.341570273017373,-0.15526334148182,-0.472081859094907,-1.23006232985574,-1.34066590512103,-0.310654333283483,-0.704914910535771,-0.000614258579101467,15.3524758394741,-11.9905356093983,6.58126968444881,-3.21932945437303,1
-0.341570273017373,-0.155290494639594,-0.472068590599913,-1.23004943727691,-1.34139281057575,-0.310971322387996,-0.703871090490061,-0.000601836983694584,15.3517405754122,-11.9910647253042,6.58059713450571,-3.2199212843977,1
-0.341570273017373,-0.155317119004755,-0.472055265821757,-1.23003703455582,-1.34213302105738,-0.311289546039408,-0.702812733160009,-0.000589663208612226,15.3510084817038,-11.9915768266721,6.57993190816235,-3.22050025313065,1
-0.341570273017373,-0.155343224695987,-0.472041889862782,-1.23002510202588,-1.34288658108476,-0.311608868956855,-0.701739929086225,-0.000577732258353072,15.3502796400696,-11.9920723246968,6.57927393936105,-3.22106662398823,1
-0.341570273017373,-0.15536882162721,-0.472028467970585,-1.23001362039977,-1.34365353419734,-0.311929151592906,-0.700652774055658,-0.000566039237980584,15.349554139386,-11.9925516275565,6.5786231679353,-3.22162065610585,1
-0.341570273017373,-0.155393919511781,-0.472015005534059,-1.23000257076328,-1.34443392294472,-0.312250250213139,-0.699551369032642,-0.000554579351108803,15.3488320755035,-11.9930151404539,6.57797953947113,-3.22216260442161,1
-0.341570273017373,-0.155418527866608,-0.472001508079404,-1.22999193456938,-1.34522778887511,-0.312572016977977,-0.69843582008876,-0.000543347897928828,15.3481135510651,-11.993463265654,6.57734300516889,-3.22269271975775,1
-0.341570273017373,-0.155442656016191,-0.47198798126609,-1.22998169363248,-1.34603517252273,-0.312894300026811,-0.697306238331502,-0.000532340273275152,15.3473986753239,-11.9938964025186,6.57671352170552,-3.22321124890017,1
-0.341570273017373,-0.155466313096585,-0.471974430882786,-1.22997183012291,-1.34685611339405,-0.313216943564356,-0.696162739831758,-0.000521551964731062,15.3466875639596,-11.9943149475379,6.57609105109753,-3.22371843467582,1
-0.341570273017373,-0.15548950805928,-0.471960862843259,-1.22996232656157,-1.34769064995309,-0.313539787949259,-0.695005445550127,-0.000510978550772278,15.3459803388953,-11.994719294359,6.5754755605644,-3.22421451602816,1
-0.341570273017373,-0.15551224967501,-0.471947283182239,-1.22995316581474,-1.34853881960556,-0.313862669784892,-0.69383448126208,-0.000500615698947996,15.3452771281137,-11.9951098338115,6.5748670223928,-3.22469972809068,1
-0.341570273017373,-0.155534546537491,-0.471933698051261,-1.22994433108912,-1.349400658682,-0.314185422012365,-0.692649977481959,-0.000490459164098685,15.3445780654731,-11.9954869539304,6.57426541380132,-3.22517430225855,1
-0.341570273017373,-0.15555640706708,-0.471920113714479,-1.22993580592696,-1.3502762024199,-0.314507874005681,-0.691452069385854,-0.000480504786609683,15.3438832905234,-11.9958510399758,6.57367071680606,-3.22563846625846,1
-0.341570273017373,-0.155577839514368,-0.471906536544465,-1.22992757420145,-1.35116548494478,-0.31482985166903,-0.690240896733355,-0.000470748490700031,15.3431929483217,-11.9962024744514,6.57308291808684,-3.22609244421657,1
-0.341570273017373,-0.155598851963697,-0.471892973017985,-1.22991962011213,-1.35206853925025,-0.315151177536192,-0.689016603788193,-0.000461186282745738,15.3425071892482,-11.9965416371187,6.57250200885433,-3.22653645672482,1
-0.341570273017373,-0.155619452336614,-0.471879429711769,-1.22991192818054,-1.35298539717716,-0.315471670872015,-0.687779339237795,-0.00045181424963672,15.3418261688228,-11.9968689050104,6.5719279847179,-3.22697072090546,1
-0.341570273017373,-0.155639648395255,-0.47186591329826,-1.22990448324596,-1.35391608939167,-0.315791147775915,-0.68652925611177,-0.000442628557166828,15.341150047521,-11.9971846524405,6.57136084555443,-3.22739545047397,1
-0.341570273017373,-0.155659447745659,-0.471852430541366,-1.2298972704613,-1.35486064536247,-0.316109421287398,-0.685266511699338,-0.00043362544845619,15.3404789905907,-11.997489251013,6.57080059537799,-3.22781085580027,1
-0.341570273017373,-0.155678857841025,-0.471838988292198,-1.22989027528909,-1.35581909333701,-0.316426301493522,-0.683991267465723,-0.000424801242405205,15.33981316787,-11.9977830696281,6.57024724221045,-3.22821714396845,1
-0.341570273017373,-0.155697885984891,-0.471825593484815,-1.22988348349759,-1.35679146031686,-0.316741595638293,-0.682703688967533,-0.000416152332179605,15.3391527536045,-11.9980664744863,6.56970079795315,-3.22861451883491,1
-0.341570273017373,-0.155716539334267,-0.471812253131965,-1.22987688115704,-1.35777777203214,-0.31705510823392,-0.681403945767159,-0.000407675183725852,15.3384979262659,-11.9983398290914,6.56916127825951,-3.22900318108497,1
-0.341570273017373,-0.155734824902691,-0.471798974320833,-1.22987045463595,-1.35877805291512,-0.317366641173918,-0.680092211346182,-0.000399366334316333,15.3378488683717,-11.998603494251,6.56862870240881,-3.22938332828803,1
-0.341570273017373,-0.155752749563232,-0.471785764208798,-1.22986419059752,-1.35979232607301,-0.317675993847961,-0.678768663017863,-0.000391222391123651,15.3372057663051,-11.9988578280755,6.56810309318094,-3.22975515495139,1
-0.341570273017373,-0.155770320051431,-0.471772630019197,-1.22985807599619,-1.36082061325984,-0.317982963258491,-0.677433481838689,-0.000383240029823474,15.3365688101359,-11.999103185976,6.56758447673247,-3.23011885257255,1
-0.341570273017373,-0.155787542968184,-0.471759579037107,-1.2298520980742,-1.36186293484768,-0.318287344138991,-0.67608685251904,-0.00037541599322534,15.3359381934434,-11.99933992066,6.56707288247371,-3.23047460969022,1
-0.341570273017373,-0.155804424782563,-0.471746618605141,-1.22984624435825,-1.36291930979701,-0.318588929073872,-0.674728963332981,-0.000367747089930835,15.3353141131392,-11.9995683821262,6.56656834294712,-3.23082261193408,1
-0.341570273017373,-0.15582097183459,-0.471733756119262,-1.2298405026563,-1.3639897556264,-0.318887508619933,-0.673360006027212,-0.000360230193018573,15.3346967692919,-11.9997889176582,6.56607089370691,-3.23116304207315,1
-0.341570273017373,-0.155837190337942,-0.47172099902462,-1.22983486105435,-1.36507428838149,-0.319182871429322,-0.671980175729219,-0.000352862238755452,15.3340863649532,-12.0000018718163,6.56558057319993,-3.23149608006301,1
-0.341570273017373,-0.155853086382611,-0.471708354811414,-1.22982930791334,-1.36617292260333,-0.319474804373943,-0.670589670854623,-0.000345640225333639,15.3334831059848,-12.0002075864287,6.56509742264785,-3.23182190309174,1
-0.341570273017373,-0.155868665937508,-0.471695831010783,-1.22982383186607,-1.36728567129599,-0.319763092671243,-0.669188693013798,-0.000338561211632737,15.3328872008878,-12.0004064005819,6.56462148593072,-3.23214068562476,1
-0.341570273017373,-0.155883934853011,-0.471683435190718,-1.22981842181425,-1.36841254589372,-0.320047520011319,-0.667777446917752,-0.000331622316006637,15.3322988606324,-12.000598650609,6.56415280947187,-3.23245259944849,1
-0.341570273017373,-0.155898898863465,-0.471671174952014,-1.22981306692548,-1.36955355622741,-0.320327868685273,-0.666356140283327,-0.000324820715094559,15.3317182984902,-12.0007846700789,6.56369144212422,-3.23275781371288,1
-0.341570273017373,-0.155913563589628,-0.471659057924251,-1.22980775663044,-1.37070871049058,-0.320603919714762,-0.664924983737745,-0.000318153642655758,15.3311457298678,-12.0009647897828,6.56323743505801,-3.23305649497295,1
-0.341570273017373,-0.15592793454107,-0.471647091761815,-1.22980248061996,-1.37187801520487,-0.320875452982652,-0.663484190722523,-0.000311618388427425,15.3305813721422,-12.0011393377214,6.56279084164997,-3.23334880722916,1
-0.341570273017373,-0.155942017118519,-0.471635284139951,-1.22979722884224,-1.37306147518503,-0.321142247364729,-0.662033977396802,-0.00030521229700537,15.3300254444979,-12.0013086390909,6.56235171737397,-3.23363491196689,1
-0.341570273017373,-0.155955816616164,-0.471623642750859,-1.22979199150008,-1.37425909350356,-0.321404080862387,-0.660574562540126,-0.000298932766746879,15.3294781677663,-12.001473016268,6.56192011969317,-3.23391496819488,1
-0.341570273017373,-0.155969338223901,-0.471612175299834,-1.22978675904814,-1.37547087145488,-0.321660730736204,-0.659106167454695,-0.000292777248695456,15.3289397642661,-12.0016327887952,6.56149610795363,-3.23418913248268,1
-0.341570273017373,-0.155982587029549,-0.471600889501442,-1.22978152219021,-1.37669680851921,-0.321911973640371,-0.657629015867137,-0.000286743245526915,15.3284104576473,-12.0017882733651,6.56107974327951,-3.23445755899723,1
-0.341570273017373,-0.155995568021001,-0.47158979307575,-1.22977627187657,-1.3779369023261,-0.322157585757863,-0.656143333829829,-0.000280828310516376,15.3278904727354,-12.0019397838042,6.56067108846977,-3.23472039953855,1
-0.341570273017373,-0.156008286088345,-0.471578893744593,-1.22977099930132,-1.3791911486177,-0.32239734293629,-0.654649349621813,-0.000275030046525835,15.3273800353788,-12.0020876310569,6.56027020789643,-3.23497780357449,1
-0.341570273017373,-0.156020746025933,-0.471568199227898,-1.22976569589974,-1.38045954121181,-0.322631020824359,-0.653147293649331,-0.000269346105011781,15.3268793722982,-12.0022321231684,6.55987716740442,-3.23522991827466,1
-0.341570273017373,-0.156032952534412,-0.471557717240044,-1.22976035334574,-1.38174207196474,-0.322858395008869,-0.651637398346023,-0.000263774185052513,15.3263887109377,-12.0023735652683,6.55949203421296,-3.2354768885436,1
-0.341570273017373,-0.15604491022271,-0.471547455486289,-1.22975496354921,-1.38303873073395,-0.323079241152136,-0.650119898072836,-0.000258312032394788,15.3259082793187,-12.0025122595532,6.5591148768186,-3.23571885705305,1
-0.341570273017373,-0.156056623609977,-0.471537421659231,-1.22974951865352,-1.38434950534068,-0.32329333512982,-0.648595029017653,-0.000252957438519337,15.3254383058956,-12.0026485052694,6.55874576489973,-3.23595596427353,1
-0.341570273017373,-0.156068097127495,-0.471527623435332,-1.22974401103294,-1.3856743815324,-0.323500453169028,-0.647063029094719,-0.000247708239724929,15.3249790194133,-12.0027825986956,6.55838476922281,-3.23618834850511,1
-0.341570273017373,-0.15607933512054,-0.47151806847149,-1.22973843329012,-1.38701334294529,-0.323700371986636,-0.645524137843867,-0.000242562316230596,15.3245306487684,-12.0029148331258,6.55803196155012,-3.23641614590751,1
-0.341570273017373,-0.156090341850205,-0.471508764401668,-1.2297327782536,-1.38836637106674,-0.323892868927759,-0.643978596329604,-0.000237517591295628,15.324093422871,-12.0030454988513,6.5576874145491,-3.2366394905294,1
-0.341570273017373,-0.156101121495191,-0.47149971883357,-1.22972703897527,-1.3897334451978,-0.324077722104265,-0.642426647040097,-0.000232572030357042,15.3236675705098,-12.0031748831436,6.55735120170335,-3.23685851433714,1
-0.341570273017373,-0.156111678153553,-0.471490939345376,-1.22972120872792,-1.39111454241582,-0.324254710533289,-0.640868533786072,-0.000227723640184113,15.3232533202193,-12.0033032702369,6.55702339722512,-3.23707334724275,1
-0.341570273017373,-0.156122015844415,-0.471482433482535,-1.22971528100275,-1.39250963753716,-0.32442361427563,-0.639304501599706,-0.000222970468049666,15.3228509001488,-12.0034309413106,6.55670407596948,-3.23728411713126,1
-0.341570273017373,-0.156132138509646,-0.471474208754603,-1.22970924950691,-1.39391870308007,-0.32458421457398,-0.637734796633512,-0.000218310600917788,15.3224605379347,-12.0035581744721,6.55639331334999,-3.23749094988746,1
-0.341570273017373,-0.1561420500155,-0.471466272632149,-1.22970310816105,-1.3953417092278,-0.3247362939909,-0.636159666059281,-0.00021374216464762,15.322082460574,-12.00368524474,6.55609118525597,-3.23769396942203,1
-0.341570273017373,-0.156151754154224,-0.471458632543699,-1.22969685109688,-1.39677862379189,-0.324879636546458,-0.634579357967112,-0.000209263323212933,15.3217168943009,-12.0038124240265,6.55579776797134,-3.237893297697,1
-0.341570273017373,-0.156161254645631,-0.471451295872755,-1.22969047265474,-1.39822941217584,-0.325014027855452,-0.632994121264564,-0.000204872277937162,15.3213640644651,-12.0039399811209,6.55551313809495,-3.23808905475078,1
-0.341570273017373,-0.156170555138638,-0.471444269954849,-1.22968396738115,-1.39969403733897,-0.325139255264154,-0.631404205575984,-0.000200567266743587,15.3210241954127,-12.0040681816728,6.55523737246248,-3.23828135872249,1
-0.341570273017373,-0.156179659212775,-0.471437562074667,-1.22967733002646,-1.4011724597608,-0.32525510798648,-0.629809861142026,-0.000196346563420378,15.3206975103695,-12.0041972881755,6.55497054806985,-3.23847032587582,1
-0.341570273017373,-0.156188570379657,-0.471431179463215,-1.22967055554239,-1.40266463740567,-0.325361377239513,-0.628211338719431,-0.000192208476900199,15.3203842313259,-12.0043275599501,6.55471274199808,-3.23865607062234,1
-0.341570273017373,-0.156197292084432,-0.471425129295048,-1.22966363907966,-1.40417052568789,-0.325457856378321,-0.626608889481072,-0.0001881513505541,15.3200845789243,-12.004459253129,6.55446403133966,-3.23883870554429,1
-0.341570273017373,-0.156205827707193,-0.471419418685545,-1.22965657598563,-1.40569007743732,-0.325544341029971,-0.625002764916337,-0.000184173561499393,15.3197987723494,-12.0045926206399,6.55422449312636,-3.23901834141684,1
-0.341570273017373,-0.15621418056436,-0.471414054688242,-1.22964936180188,-1.40722324286551,-0.325620629226676,-0.623393216731858,-0.000180273519921246,15.3195270292193,-12.0047279121908,6.55399420425847,-3.23919508722993,1
-0.341570273017373,-0.156222353910038,-0.471409044292206,-1.22964199226189,-1.40876996953228,-0.325686521538,-0.621780496752649,-0.000176449668407759,15.3192695654797,-12.0048653742538,6.55377324143543,-3.23936905020956,1
-0.341570273017373,-0.156230350937338,-0.471404394419476,-1.22963446328869,-1.41033020231298,-0.32574182120205,-0.620164856823672,-0.0001727004812982,15.3190265952997,-12.0050052500505,6.55356168108786,-3.23954033583863,1
-0.341570273017373,-0.156238174779682,-0.471400111922535,-1.22962677099249,-1.41190388336631,-0.325786334255574,-0.61854654871188,-0.000169024464044184,15.3187983309701,-12.0051477795366,6.55335959931091,-3.23970904787736,1
-0.341570273017373,-0.156245828512067,-0.471396203581848,-1.2296189116684,-1.41349095210279,-0.325819869662909,-0.616925824008773,-0.000165420152583548,15.318584982803,-12.0052931993872,6.55316707179897,-3.2398752883832,1
-0.341570273017373,-0.156253315152314,-0.471392676103433,-1.2296108817941,-1.41509134515393,-0.325842239443688,-0.615302934033505,-0.000161886112726641,15.3183867590338,-12.0054417429825,6.55298417378164,-3.24003915773036,1
-0.341570273017373,-0.156260637662281,-0.47138953611649,-1.22960267802751,-1.4167049963421,-0.325853258799258,-0.613678129736569,-0.000158420939554827,15.3182038657255,-12.0055936403934,6.552810979961,-3.2402007546289,1
-0.341570273017373,-0.156267798949062,-0.471386790171067,-1.22959429720458,-1.4183318366511,-0.325852746237721,-0.612051661604114,-0.000155023256830917,15.3180365066736,-12.0057491183669,6.55264756445006,-3.24036017614338,1
-0.341570273017373,-0.156274801866148,-0.471384444735771,-1.22958573633696,-1.41997179419761,-0.325840523697546,-0.610423779562919,-0.000151691716421356,15.3178848833142,-12.0059084003129,6.55249400071247,-3.24051751771108,1
-0.341570273017373,-0.156281649214575,-0.471382506195531,-1.22957699260977,-1.42162479420331,-0.325816416669667,-0.608794732886067,-0.000148424997729884,15.3177491946331,-12.0060717062897,6.55235036150335,-3.24067287315994,1
-0.341570273017373,-0.156288343744041,-0.471380980849388,-1.22956806337938,-1.42329075896797,-0.325780254318026,-0.607164770099346,-0.000145221807142483,15.3176296370765,-12.0062392529911,6.55221671881129,-3.24082633472592,1
-0.341570273017373,-0.156294888154,-0.471379874908333,-1.2295589461712,-1.42496960784328,-0.325731869598468,-0.605534138888425,-0.00014208087748337,15.3175264044636,-12.0064112537324,6.5520931438014,-3.24097799307015,1
-0.341570273017373,-0.156301285094742,-0.471379194493187,-1.22954963867744,-1.42666125720768,-0.325671099375947,-0.603903086006837,-0.000139000967481855,15.3174396879012,-12.0065879184373,6.55197970675947,-3.24112793729558,1
-0.341570273017373,-0.156307537168437,-0.471378945632506,-1.22954013875498,-1.42836562044203,-0.325597784539964,-0.602271857184794,-0.000135980861249798,15.3173696756988,-12.006769453625,6.55187647703714,-3.24127625496329,1
-0.341570273017373,-0.156313646930167,-0.471379134260534,-1.22953044442324,-1.43008260790625,-0.325511770118182,-0.600640697038892,-0.000133019367769527,15.3173165532861,-12.0069560623966,6.55178352299805,-3.24142303210848,1
-0.341570273017373,-0.156319616888937,-0.471379766215184,-1.22952055386195,-1.43181212691697,-0.325412905388155,-0.599009848982717,-0.000130115320391961,15.3172805031314,-12.0071479444225,6.55170091196496,-3.24156835325602,1
-0.341570273017373,-0.156325449508659,-0.471380847236047,-1.22951046540916,-1.43355408172613,-0.325301043987114,-0.597379555138406,-0.000127267576344766,15.3172617046615,-12.0073452959295,6.55162871016777,-3.24171230143569,1
-0.341570273017373,-0.15633114720912,-0.471382382962441,-1.22950017755907,-1.4353083735006,-0.325176044019743,-0.595750056249184,-0.000124475016250359,15.317260334183,-12.0075483096877,6.55156698269245,-3.24185495819707,1
-0.341570273017373,-0.156336712366934,-0.471384378931483,-1.22948968896003,-1.4370749003029,-0.325037768163885,-0.594121591592927,-0.000121736543653537,15.3172765648045,-12.0077571749979,6.55151579343076,-3.24199640362406,1
-0.341570273017373,-0.156342147316463,-0.471386840576188,-1.22947899841246,-1.43885355707296,-0.324886083774136,-0.592494398896767,-0.000119051084558586,15.3173105663604,-12.0079720776786,6.55147520503083,-3.24213671634906,1
-0.341570273017373,-0.156347454350736,-0.471389773223597,-1.2294681048669,-1.44064423561092,-0.324720862983256,-0.590868714252791,-0.000116417586975658,15.3173625053352,-12.0081932000535,6.55144527884848,-3.24227597356684,1
-0.341570273017373,-0.156352635722332,-0.471393182092925,-1.22945700742196,-1.44244682456115,-0.324541982801331,-0.589244772034859,-0.000113835020476243,15.3174325447895,-12.0084207209382,6.55142607489925,-3.24241425104802,1
-0.341570273017373,-0.156357693644261,-0.471397072293737,-1.22944570532247,-1.44426120939734,-0.324349325212658,-0.587622804816577,-0.000111302375757576,15.3175208442865,-12.0086548156276,6.55141765181116,-3.24255162315229,1
-0.341570273017373,-0.156362630290814,-0.471401448824139,-1.22943419795746,-1.44608727240875,-0.324142777270272,-0.586003043290456,-0.00010881866421578,15.3176275598197,-12.0088956558828,6.55142006677811,-3.24268816284122,1
-0.341570273017373,-0.156367447798407,-0.47140631656899,-1.22942248485835,-1.44792489268765,-0.323922231188075,-0.584385716188305,-0.000106382917527604,15.317752843741,-12.0091434099179,6.55143337551389,-3.24282394169083,1
-0.341570273017373,-0.156372148266404,-0.471411680298134,-1.22941056569708,-1.44977394611796,-0.323687584430509,-0.582771050202867,-0.000103994187240565,15.31789684469,-12.0093982423871,6.55145763220674,-3.24295902990376,1
-0.341570273017373,-0.15637673375792,-0.471417544664643,-1.22939844028427,-1.45163430536511,-0.323438739799715,-0.581159269910762,-0.00010165154437135,15.3180597075243,-12.0096603143709,6.55149288947458,-3.24309349632119,1
-0.341570273017373,-0.156381206300614,-0.471423914203081,-1.22938610856743,-1.45350583986714,-0.32317560552014,-0.579550597696737,-9.93540790123141e-05,15.3182415732493,-12.0099297833631,6.55153919832054,-3.24322740843436,1
-0.341570273017373,-0.156385567887466,-0.471430793327772,-1.22937357062924,-1.45538841582702,-0.322898095320517,-0.577945253679302,-9.71008999459033e-05,15.31844257895,-12.0102068032567,6.55159660808921,-3.24336083239587,1
-0.341570273017373,-0.156389820477535,-0.471438186331089,-1.22936082668581,-1.45728189620628,-0.32260612851319,-0.576343455637728,-9.48911342668735e-05,15.3186628577223,-12.0104915243299,6.55166516642311,-3.24349383303064,1
-0.341570273017373,-0.156393965996707,-0.471446097381743,-1.22934787708498,-1.45918614071994,-0.322299630070719,-0.574745418940493,-9.27239270121264e-05,15.3189025386056,-12.0107840932324,6.5517449192197,-3.24362647384647,1
-0.34158065001174,-0.156398006382181,-0.471454530502126,-1.22933472230471,-1.46110100583268,-0.321978530699716,-0.573151356475182,-9.05984407980336e-05,15.3191617465149,-12.0110846529706,6.55183591058877,-3.24375881704444,1
-0.341591517092447,-0.156401933196165,-0.4714634694554,-1.2293211278857,-1.46302609117013,-0.321643316887759,-0.571561182757648,-8.85126548589513e-05,15.3194399820233,-12.0113925959493,6.55193798499934,-3.24389059892534,1
-0.34160287820147,-0.156405747975572,-0.471472917450186,-1.2293070888843,-1.46496124037488,-0.321293945307125,-0.569975097537215,-8.64657602697212e-05,15.3197373438918,-12.0117080360422,6.55205117731109,-3.24402186946143,1
-0.34161473713105,-0.156409452228859,-0.471482877563296,-1.22929260052684,-1.46690629392001,-0.320930378403327,-0.568393297962105,-8.44569649536998e-05,15.3200539264965,-12.0120310834339,6.55217552042576,-3.24415267736307,1
-0.341627097522268,-0.156413047436815,-0.471493352738104,-1.22927765821074,-1.46886108911457,-0.320552584448239,-0.5668159785208,-8.24854933549099e-05,15.3203898197627,-12.0123618446084,6.55231104524486,-3.24428307009049,1
-0.341639962863616,-0.15641653505334,-0.47150434578292,-1.22926225750551,-1.47082546011043,-0.320160537590239,-0.565243330985038,-8.05505861167027e-05,15.3207451091001,-12.0127004223376,6.55245778062773,-3.24441309386521,1
-0.341653336489576,-0.156419916506212,-0.471515859369364,-1.22924639415385,-1.4727992379104,-0.319754217901325,-0.563675544354469,-7.86514997668369e-05,15.3211198753376,-12.0130469156692,6.55261575334968,-3.24454279368121,1
-0.341667221579186,-0.156423193197832,-0.471527896030742,-1.22923006407271,-1.47478225037786,-0.319333611421149,-0.562112804802996,-7.6787506408809e-05,15.321514194659,-12.0134014199142,6.55278498806054,-3.24467221331577,1
-0.341681621154608,-0.156426366505967,-0.471540458160428,-1.22921326335441,-1.47677432224768,-0.31889871019794,-0.56055529562685,-7.49578934193624e-05,15.3219281385381,-12.0137640266349,6.5529655072433,-3.24480139534008,1
-0.341696538079698,-0.15642943778447,-0.471553548010243,-1.22919598826766,-1.47877527513864,-0.318449512326253,-0.559003197194399,-7.31619631520131e-05,15.3223617736745,-12.0141348236311,6.55315733117305,-3.24493038112958,1
-0.341711975058562,-0.156432408363993,-0.471567167688838,-1.22917823525876,-1.48078492756722,-0.317986021981493,-0.557456686897775,-7.13990326464926e-05,15.3228151619297,-12.0145138949276,6.5533604778761,-3.24505921087395,1
-0.341727934634117,-0.156435279552688,-0.471581319160076,-1.22916000095262,-1.48280309496286,-0.31750824945121,-0.555915939106283,-6.96684333439937e-05,15.3232883602623,-12.0149013207601,6.5535749630892,-3.24518792358699,1
-0.341744419186647,-0.156438052636894,-0.471596004241412,-1.22914128215395,-1.48482958968465,-0.317016211163063,-0.554381125121681,-6.79695108080937e-05,15.3237814206648,-12.0152971775618,6.55380080021907,-3.24531655711605,1
-0.341761430932355,-0.156440728881811,-0.471611224602279,-1.22912207584834,-1.48686422103954,-0.316509929709458,-0.552852413135327,-6.63016244512603e-05,15.3242943900992,-12.0157015379486,6.55403800030201,-3.2454451481514,1
-0.341778971921907,-0.156443309532169,-0.471626981762468,-1.22910237920347,-1.48890679530194,-0.315989433868785,-0.551329968187235,-6.46641472668078e-05,15.3248273104336,-12.0161144707052,6.55428657196371,-3.24557373223524,1
-0.34179704403898,-0.156445795812874,-0.471643277090516,-1.22908218957019,-1.49095711573494,-0.315454758623239,-0.549813952127074,-6.30564655662067e-05,15.3253802183785,-12.0165360407698,6.55454652137923,-3.24570234377051,1
-0.341815648998802,-0.156448188929657,-0.471660111802083,-1.22906150448371,-1.49301498261289,-0.314905945173149,-0.54830452357712,-6.14779787216429e-05,15.3259531454232,-12.0169663092196,6.55481785223309,-3.24583101602947,1
-0.341834788346693,-0.156450490069701,-0.471677486958346,-1.22904032166479,-1.49508019324566,-0.314343040947818,-0.546801837897214,-5.99280989137087e-05,15.3265461177724,-12.0174053332549,6.55510056567961,-3.24595978116207,1
-0.341854463456599,-0.156452700402261,-0.471695403464375,-1.22901863902088,-1.49715254200425,-0.313766099612788,-0.545306047151736,-5.84062508841319e-05,15.327159156283,-12.0178531661838,6.55539466030336,-3.24608867020408,1
-0.341874675529631,-0.156454821079277,-0.471713862067527,-1.22899645464731,-1.49923182034812,-0.313175181073534,-0.54381730007863,-5.69118716934325e-05,15.3277922764012,-12.0183098574065,6.55570013207978,-3.24621771308502,1
-0.341895425592596,-0.156456853235973,-0.471732863355835,-1.2289737668285,-1.50131781685396,-0.312570351475511,-0.542335742060504,-5.54444104834095e-05,15.3284454880993,-12.0187754523991,6.55601697433605,-3.24634693863592,1
-0.341916714496534,-0.156458797991443,-0.4717524077564,-1.22895057403913,-1.50341031724603,-0.311951683200548,-0.540861515097827,-5.4003328244355e-05,15.3291187958128,-12.0192499926976,6.55634517771203,-3.24647637459685,1
-0.341938542915252,-0.156460656449236,-0.471772495533787,-1.22892687494535,-1.50550910442815,-0.311319254859533,-0.539394757784265,-5.25880975868988e-05,15.3298121983783,-12.0197335158811,6.55668473012156,-3.24660604762429,1
-0.341960911343865,-0.156462429697921,-0.471793126788428,-1.22890266840599,-1.50761395851722,-0.310673151281369,-0.537935605284151,-5.11982025183867e-05,15.3305256889713,-12.0202260555558,6.55703561671383,-3.24673598329831,1
-0.341983820097334,-0.156464118811654,-0.471814301455033,-1.22887795347373,-1.5097246568783,-0.310013463498145,-0.53648418931214,-4.98331382236909e-05,15.3312592550435,-12.020727641338,6.5573978198351,-3.24686620612959,1
-0.342007269309015,-0.156465724850721,-0.471836019300997,-1.22885272939633,-1.51184097416141,-0.309340288726531,-0.535040638115056,-4.84924108503695e-05,15.3320128782621,-12.0212382988378,6.55777131899064,-3.24699673956629,1
-0.342031258929207,-0.156467248862085,-0.471858279924833,-1.22882699561782,-1.51396268233981,-0.308653730345321,-0.533605076455949,-4.71755372980647e-05,15.3327865344478,-12.0217580496417,6.5581560908069,-3.24712760600076,1
-0.342055788723717,-0.156468691879915,-0.471881082754597,-1.22880075177972,-1.51608955075003,-0.307953897869126,-0.532177625600401,-4.58820450120608e-05,15.3335801935144,-12.0222869112964,6.55855210899409,-3.24725882677611,1
-0.342080858272426,-0.156470054926115,-0.471904427046341,-1.22877399772219,-1.5182213461334,-0.30724090691818,-0.530758403305074,-4.46114717809055e-05,15.3343938194084,-12.0228248972921,6.55895934430897,-3.24739042219268,1
-0.342106466967872,-0.156471339010828,-0.471928311882565,-1.22874673348526,-1.52035783267935,-0.306514879184239,-0.529347523808536,-4.33633655379993e-05,15.335227370049,-12.0233720170452,6.55937776451814,-3.24752241151435,1
-0.34213261401384,-0.156472545132952,-0.471952736170693,-1.22871895930997,-1.52249877207027,-0.305775942392544,-0.527945097824373,-4.21372841670802e-05,15.3360807972692,-12.0239282758823,6.55980733436158,-3.24765481297474,1
-0.342159298423979,-0.15647367428063,-0.471977698641566,-1.22869067563955,-1.52464392352804,-0.305024230259833,-0.526551232536598,-4.09327953114903e-05,15.3369540467571,-12.0244936750237,6.56024801551674,-3.24778764378336,1
-0.34218651902042,-0.156474727431738,-0.47200319784795,-1.2286618831206,-1.52679304386221,-0.304259882448381,-0.525166031597382,-3.97494761871662e-05,15.3378470579983,-12.0250682115669,6.56069976656304,-3.24792092013164,1
-0.342214274432431,-0.156475705554366,-0.472029232163066,-1.22863258260416,-1.52894588751989,-0.303483044516061,-0.523789595127098,-3.85869133992395e-05,15.338759764219,-12.025651878471,6.56116254294685,-3.24805465719886,1
-0.342242563095085,-0.156476609607286,-0.472055799779149,-1.22860277514692,-1.53110220663723,-0.302693867862398,-0.522422019716711,-3.74447027621828e-05,15.3396920923296,-12.0262446645406,6.56163629694711,-3.24818886915806,1
-0.342271383247951,-0.156477440540417,-0.472082898706027,-1.22857246201221,-1.53326175109263,-0.301892509670626,-0.521063398432496,-3.63224491234098e-05,15.3406439628704,-12.0268465544108,6.56212097764144,-3.24832356918187,1
-0.342300732933823,-0.156478199295272,-0.472110526769734,-1.22854164467115,-1.53542426856157,-0.301079132845716,-0.519713820823107,-3.52197661902482e-05,15.3416152899571,-12.0274575285324,6.56261653087299,-3.2484587694483,1
-0.342330609997469,-0.156478886805408,-0.47213868161115,-1.22851032480368,-1.53758950457317,-0.300253905948406,-0.518373372928994,-3.41362763601929e-05,15.3426059812285,-12.0280775631571,6.56312289921791,-3.24859448114649,1
-0.342361012084422,-0.156479503996856,-0.472167360684681,-1.22847850429954,-1.53975720256833,-0.299417003125195,-0.517042137294166,-3.30716105543791e-05,15.3436159377948,-12.0287066303237,6.56364002195359,-3.24873071448247,1
-0.342391936639804,-0.156480051788555,-0.472196561256969,-1.2284461852593,-1.54192710395963,-0.298568604034337,-0.515720192980299,-3.20254080541858e-05,15.3446450541878,-12.029344697845,6.56416783502772,-3.2488674786849,1
-0.34242338090719,-0.156480531092763,-0.472226280405652,-1.22841336999525,-1.54409894819287,-0.297708893767812,-0.514407615583196,-3.09973163408731e-05,15.3456932183122,-12.0299917292948,6.56470627102817,-3.2490047820108,1
-0.342455341927517,-0.156480942815473,-0.472256515018162,-1.22838006103236,-1.54627247281021,-0.296838062769319,-0.513104477251565,-2.99869909382078e-05,15.3467603113989,-12.0306476839964,6.56525525915383,-3.2491426317513,1
-0.342487816538041,-0.156481287856809,-0.472287261790566,-1.22834626110909,-1.54844741351502,-0.295956306748273,-0.51181084670814,-2.89940952579784e-05,15.3478462079599,-12.0313125170111,6.56581472518636,-3.24928103423748,1
-0.34252080137134,-0.156481567111423,-0.47231851722647,-1.22831197317825,-1.55062350423841,-0.295063826589847,-0.510526789273109,-2.80183004483275e-05,15.3489507757449,-12.031986179128,6.56638459146309,-3.24941999484617,1
-0.342554292854379,-0.156481781468875,-0.472350277635966,-1.2282772004077,-1.55280047720731,-0.294160828261076,-0.509252366889839,-2.70592852448293e-05,15.3500738756998,-12.0326686168548,6.5669647768509,-3.24955951800586,1
-0.342588287207625,-0.15648193181401,-0.472382539134639,-1.22824194618112,-1.55497806301424,-0.293247522713039,-0.507987638152889,-2.61167358242369e-05,15.3512153619282,-12.0333597724095,6.56755519672138,-3.24969960720268,1
-0.342622780444229,-0.156482019027323,-0.472415297642641,-1.22820621409863,-1.5571559906887,-0.292324125779183,-0.506732658338278,-2.51903456608262e-05,15.3523750816537,-12.034059583713,6.56815576292717,-3.24984026498647,1
-0.342657768369273,-0.156482043985317,-0.472448548883822,-1.22817000797736,-1.55933398777013,-0.291390858069786,-0.505487479435996,-2.4279815385269e-05,15.3535528751858,-12.0347679843831,6.56876638377964,-3.24998149297689,1
-0.342693246579085,-0.15648200756085,-0.472482288384935,-1.22813333185197,-1.56151178038245,-0.290447944862632,-0.50425215018472,-2.33848526459483e-05,15.3547485758879,-12.0354849037297,6.56938696402798,-3.25012329186976,1
-0.342729210460631,-0.156481910623475,-0.472516511474915,-1.22809618997512,-1.56368909331026,-0.289495615989939,-0.503026716108713,-2.25051719726722e-05,15.3559620101479,-12.0362102667516,6.57001740483969,-3.2502656614434,1
-0.342765655190982,-0.156481754039771,-0.472551213284231,-1.22805858681783,-1.56586565007643,-0.288534105721576,-0.501811219556872,-2.16404946426889e-05,15.3571929973513,-12.0369439941338,6.57065760378269,-3.2504086005652,1
-0.342802575736867,-0.156481538673661,-0.472586388744322,-1.22802052706975,-1.56804117302141,-0.287563652644653,-0.500605699743882,-2.07905485489579e-05,15.3584413498582,-12.0376860022476,6.57130745480896,-3.2505521071983,1
-0.342839966854309,-0.156481265386724,-0.472622032587115,-1.22798201563939,-1.57021538338385,-0.286584499539525,-0.499410192793446,-1.99550680706018e-05,15.3597068729825,-12.038436203151,6.57196684823994,-3.25069617840845,1
-0.342877823088353,-0.1564809350385,-0.472658139344638,-1.22794305765421,-1.57238800138289,-0.285596893252297,-0.498224731783536,-1.91337939454633e-05,15.3609893649744,-12.0391945045918,6.57263567075368,-3.25084081037109,1
-0.342916138772892,-0.156480548486777,-0.472694703348721,-1.22790365846067,-1.57455874630172,-0.284601084563891,-0.497049346793627,-1.83264731447182e-05,15.3622886170071,-12.0399608100118,6.57331380537384,-3.25098599837854,1
-0.342954908030589,-0.156480106587878,-0.472731718730796,-1.22786382362415,-1.57672733657273,-0.28359732805576,-0.495884064953863,-1.75328587494804e-05,15.363604413166,-12.0407350185529,6.57400113146057,-3.25113173684747,1
-0.342994124772905,-0.156479610196932,-0.472769179421801,-1.22782355892878,-1.57889348986391,-0.282585881972337,-0.494728910496098,-1.67527098293182e-05,15.3649365304423,-12.0415170250654,6.57469752470352,-3.2512780193266,1
-0.343033782700236,-0.156479060168138,-0.472807079152189,-1.22778287037711,-1.58105692316668,-0.281567008080316,-0.49358390480675,-1.59857913226518e-05,15.3662847387302,-12.042306720118,6.57540285711683,-3.25142483850457,1
-0.34307387530216,-0.156478457355015,-0.472845411452044,-1.22774176418981,-1.58321735288504,-0.280540971524843,-0.492449066481422,-1.52318739189338e-05,15.3676488008283,-12.0431039900101,6.57611699703635,-3.25157218621812,1
-0.343114395857802,-0.156477802610647,-0.472884169651317,-1.22770024680507,-1.58537449492597,-0.279508040682752,-0.491324411381207,-1.44907339425938e-05,15.3690284724446,-12.043908716786,6.57683980911908,-3.2517200534605,1
-0.343155337436325,-0.156477096787917,-0.47292334688018,-1.22765832487802,-1.58752806479107,-0.278468487012922,-0.490209952690629,-1.37621532386624e-05,15.3704235022065,-12.0447207782517,6.57757115434496,-3.25186843039018,1
-0.343196692897536,-0.156476340739725,-0.472962936069496,-1.22761600527998,-1.58967777766938,-0.277422584903895,-0.489105700977127,-1.30459190600256e-05,15.3718336316749,-12.0455400479936,6.57831089002111,-3.2520173063398,1
-0.343238454892637,-0.156475535319202,-0.473002929951426,-1.22757329509756,-1.59182334853143,-0.276370611518865,-0.488011664252026,-1.23418239562671e-05,15.3732585953628,-12.0463663953999,6.57905886978845,-3.25216666982551,1
-0.343280615865095,-0.15647468137991,-0.473043321060157,-1.22753020163167,-1.59396449222424,-0.275312846638168,-0.486927848032908,-1.16496656640273e-05,15.3746981207589,-12.0471996856844,6.57981494363102,-3.2523165085565,1
-0.343323168051656,-0.156473779776032,-0.473084101732776,-1.22748673239635,-1.59610092356752,-0.274249572499399,-0.485854255407303,-1.09692469988393e-05,15.3761519283558,-12.0480397799129,6.58057895788783,-3.25246680944494,1
-0.343366103483508,-0.156472831362551,-0.473125264110268,-1.22744289511751,-1.59823235745076,-0.273181073635309,-0.484790887097613,-1.03003757483918e-05,15.3776197316834,-12.0488865350321,6.58135075526754,-3.25261755861623,1
-0.343409413987576,-0.156471836995419,-0.473166800138672,-1.22739869773147,-1.60035850893128,-0.272107636709608,-0.483737741527191,-9.64286456716289e-06,15.3791012373476,-12.0497398039014,6.58213017486578,-3.2527687414196,1
-0.343453091187977,-0.15647079753171,-0.473208701570373,-1.22735414838338,-1.6024790933332,-0.271029550350829,-0.482694814887467,-8.99653087238759e-06,15.3805961450738,-12.0505994353273,6.58291705218547,-3.252920342439,1
-0.343497126507623,-0.156469713829771,-0.473250959965546,-1.22730925542552,-1.60459382634717,-0.269947104984412,-0.481662101206055,-8.36119674130432e-06,15.3821041477563,-12.0514652741007,6.58371121916002,-3.25307234550446,1
-0.343541511169986,-0.15646858674935,-0.473293566693752,-1.22726402741537,-1.6067024241309,-0.268860592663161,-0.480639592415705,-7.73668880964815e-06,15.383624931513,-12.0523371610373,6.58451250417949,-3.25322473370372,1
-0.343586236201016,-0.156467417151723,-0.473336512935697,-1.22721847311359,-1.60880460341039,-0.267770306896233,-0.479627278424048,-7.12283817133294e-06,15.3851581757458,-12.0532149330203,6.58532073211982,-3.25337748939432,1
-0.343631292431224,-0.156466205899804,-0.473379789685137,-1.22717260148182,-1.61090008158173,-0.266676542476832,-0.478625147183993,-6.51948027929871e-06,15.3867035532067,-12.0540984230475,6.58613572437523,-3.253530594216,1
-0.343676670497936,-0.156464953858241,-0.473423387750959,-1.22712642168027,-1.61298857681352,-0.265579595308785,-0.477633184764697,-5.92645484747568e-06,15.3882607300698,-12.0549874602797,6.58695729889373,-3.25368402910356,1
-0.343722360847711,-0.156463661893506,-0.473467297759418,-1.22707994306521,-1.61506980814975,-0.264479762232158,-0.476651375422988,-5.34360575383082e-06,15.3898293660093,-12.0558818700936,6.58778527021585,-3.25383777430007,1
-0.343768353738929,-0.156462330873972,-0.473511510156544,-1.22703317518626,-1.6171434956131,-0.263377340848106,-0.47567970167515,-4.77078094446288e-06,15.3914091142836,-12.0567814741374,6.58861944951672,-3.2539918093705,1
-0.343814639244556,-0.156460961669972,-0.47355601521072,-1.22698612778348,-1.6192093603086,-0.262272629343134,-0.474718144368941,-4.20783233870977e-06,15.3929996218253,-12.0576860903897,6.5894596446514,-3.25414611321578,1
-0.343861207255086,-0.156459555153851,-0.473600803015428,-1.22693881078435,-1.62126712452754,-0.261165926312954,-0.473766682755748,-3.65461573523711e-06,15.3946005293377,-12.0585955332213,6.59030566020359,-3.25430066408726,1
-0.343908047481653,-0.156458112200008,-0.473645863492175,-1.22689123430049,-1.62331651185159,-0.260057530586125,-0.472825294562765,-3.11099071908765e-06,15.3962114713972,-12.059509613461,6.59115729753776,-3.25445543960153,1
-0.343955149459334,-0.156456633684921,-0.473691186393587,-1.2268434086243,-1.62535724725705,-0.258947741047652,-0.471893956065075,-2.57682056965004e-06,15.3978320765629,-12.060428138464,6.59201435485469,-3.25461041675578,1
-0.34400250255062,-0.156455120487163,-0.473736761306684,-1.22679534422532,-1.6273890572191,-0.257836856462774,-0.470972642157532,-2.05197216952664e-06,15.3994619674911,-12.0613509121841,6.59287662725048,-3.25476557194345,1
-0.34405009594908,-0.1564535734874,-0.473782577656333,-1.22674705174648,-1.62941166981604,-0.256725175301084,-0.470061326426318,-1.53631591427898e-06,15.4011007610579,-12.0622777352492,6.59374390677906,-3.2549208809704,1
-0.344097918683199,-0.156451993568386,-0.473828624708875,-1.22669854200014,-1.63142481483347,-0.255612995561206,-0.469159981220073,-1.02972562302944e-06,15.4027480684869,-12.0632084050402,6.59461598251816,-3.25507631907143,1
-0.344145959620402,-0.15645038161494,-0.47387489157594,-1.22664982596396,-1.63342822386812,-0.254500614596213,-0.468268577720477,-5.32078449893296e-07,15.4044034954844,-12.0641427157728,6.59549264063884,-3.25523186092726,1
-0.344194207471656,-0.156448738515322,-0.4739213672183,-1.22660091477418,-1.63542163043102,-0.253388328942707,-0.467387086009895,-5.65540743090124e-08,15.4060666423619,-12.0650804586231,6.59637366445394,-3.25538748071516,1
-0.344242650794323,-0.156447065155624,-0.473968040450552,-1.22655181973053,-1.63740477005307,-0.252276434137535,-0.466515475149481,4.22481296714635e-07,15.4077371042563,-12.0660214216607,6.59725883459144,-3.25554315199585,1
-0.344291277998642,-0.156445362426636,-0.474014899944827,-1.22650255227979,-1.63937738038503,-0.251165224560104,-0.465653713236183,9.0492343748e-07,15.4094144711942,-12.0669653901347,6.598147928954,-3.25569884789456,1
-0.344340077351721,-0.156443631220997,-0.474061934235573,-1.22645312401572,-1.64133920130097,-0.25005499325721,-0.464801767474579,1.39066796641681e-06,15.4110983282883,-12.0679121464919,6.5990407228509,-3.25585454105443,1
-0.344389036983549,-0.156441872436898,-0.474109131723939,-1.22640354666761,-1.6432899749986,-0.248946031781729,-0.46395960423752,1.84485068443598e-06,15.4127882558573,-12.0688614705822,6.59993698901974,-3.25601020374463,1
-0.344438144889251,-0.156440086967829,-0.474156480683526,-1.22635383211207,-1.64522944610446,-0.247838630008295,-0.463127189146098,2.29077420283964e-06,15.414483829728,-12.0698131394758,6.60083649789273,-3.25616580764053,1
-0.344487388936895,-0.156438275711406,-0.474203969264676,-1.22630399235267,-1.64715736177061,-0.246733075985432,-0.462304487119907,2.72854013541683e-06,15.4161846213015,-12.0707669278195,6.601739017536,-3.25632132405394,1
-0.344536756872251,-0.156436439566691,-0.474251585499917,-1.22625403951861,-1.64907347177522,-0.245629655769104,-0.46149146244309,3.15824744879929e-06,15.4178901977722,-12.0717226078738,6.60264431379144,-3.25647672389299,1
-0.344586236324434,-0.156434579434065,-0.474299317309368,-1.22620398585904,-1.65097752862119,-0.244528653263335,-0.460688078825008,3.57999254394379e-06,15.4196001223199,-12.0726799496251,6.60355215037742,-3.25663197768267,1
-0.344635814811729,-0.156432696215078,-0.474347152506308,-1.22615384373707,-1.6528692876338,-0.243430350063421,-0.459894299459293,3.99386933687537e-06,15.4213139543085,-12.0736387209012,6.60446228899306,-3.25678705558573,1
-0.344685479747576,-0.1564307908123,-0.474395078802912,-1.2261036256237,-1.65474850705737,-0.242335025301913,-0.45911008708118,4.39996933870568e-06,15.4230312494906,-12.0745986874889,6.60537448942558,-3.25694192742391,1
-0.34473521844673,-0.156428864129154,-0.474443083816149,-1.22605334409156,-1.65661494815074,-0.241242955497504,-0.458335404023026,4.79838173492601e-06,15.4247515602175,-12.0755596132561,6.606288509661,-3.25709656269956,1
-0.344785018131575,-0.15642691706974,-0.474491155073846,-1.2260030118085,-1.65846837528159,-0.240154414406997,-0.45757021226794,5.1891934639602e-06,15.4264744356562,-12.0765212602757,6.60720410599801,-3.2572509306175,1
-0.344834865938602,-0.156424950538642,-0.474539280020897,-1.22595264153098,-1.66030855601959,-0.239069672880506,-0.456814473501418,5.57248929497576e-06,15.4281994220107,-12.0774833889531,6.60812103316488,-3.25740500010728,1
-0.34488474892504,-0.156422965440738,-0.474587446025635,-1.22590224609739,-1.66213526122811,-0.237988998720021,-0.456068149160927,5.94835190496544e-06,15.4299260627496,-12.0784457581559,6.60903904443943,-3.25755873984568,1
-0.344934654075639,-0.15642096268098,-0.47463564038635,-1.22585183842111,-1.66394826515471,-0.236912656541459,-0.455331200483346,6.31686195506462e-06,15.4316538988392,-12.0794081253468,6.60995789177193,-3.25771211827949,1
-0.344984568309596,-0.156418943164186,-0.474683850337943,-1.22580143148353,-1.66574734552012,-0.235840907640373,-0.454603588550199,6.67809816611308e-06,15.4333824689813,-12.080370246719,6.61087732591092,-3.25786510364859,1
-0.345034478487624,-0.156416907794798,-0.47473206305873,-1.22575103832685,-1.66753228360574,-0.234774009861394,-0.453885274330607,7.03213739344392e-06,15.4351113098565,-12.081331877334,6.61179709653175,-3.25801766400925,1
-0.345084371419156,-0.15641485747665,-0.474780265677376,-1.22570067204681,-1.6693028643397,-0.233712217471543,-0.453176218721914,7.37905470090037e-06,15.436839956372,-12.082292771262,6.61271695236778,-3.25816976725769,1
-0.345134233869675,-0.156412793112719,-0.474828445279951,-1.22565034578524,-1.67105887638121,-0.23265578103753,-0.452476382587897,7.71892343403757e-06,15.4385679419148,-12.0832526817244,6.61363664134422,-3.25832138115383,1
-0.34518405256818,-0.15641071560486,-0.474876588917121,-1.2256000727225,-1.67280011220344,-0.231604947307087,-0.451785726794555,8.05181529254478e-06,15.4402947986081,-12.084211361239,6.6145559107144,-3.25847247334525,1
-0.345233814214754,-0.156408625853543,-0.474924683611448,-1.22554986606983,-1.67452636817465,-0.230559959094474,-0.451104212243388,8.37780040182343e-06,15.4420200575735,-12.0851685617664,6.61547450719846,-3.25862301139135,1
-0.345283505488259,-0.156406524757574,-0.474972716364805,-1.22549973906155,-1.67623744463759,-0.229521055170221,-0.450431799902146,8.69694738373889e-06,15.443743249196,-12.0861240348595,6.61639217712416,-3.25877296278761,1
-0.345333113054128,-0.156404413213813,-0.475020674165894,-1.2254497049472,-1.67793314598731,-0.228488470155169,-0.449768450833006,9.00932342651027e-06,15.4454639033938,-12.0870775318139,6.61730866657002,-3.25892229499006,1
-0.34538262357226,-0.156402292116876,-0.475068543997867,-1.2253997769835,-1.67961328074706,-0.227462434418843,-0.449114126218163,9.31499435374133e-06,15.4471815498912,-12.0880288038208,6.61822372151027,-3.25907097543987,1
-0.345432023705005,-0.156400162358839,-0.475116312846034,-1.22534996842633,-1.68127766164247,-0.226443173982295,-0.448468787382774,9.61402469255312e-06,15.4488957184946,-12.0889776021208,6.61913708796183,-3.25921897158796,1
-0.345481300125238,-0.156398024828927,-0.475163967705665,-1.22530029252256,-1.68292610567395,-0.225430910425332,-0.447832395815288,9.90647774081774e-06,15.4506059393727,-12.0899236781595,6.62004851213296,-3.2593662509198,1
-0.345530439524508,-0.156395880413196,-0.475211495589858,-1.22525076250178,-1.68455843418722,-0.224425860798288,-0.447204913185093,1.01924156334561e-05,15.4523117433383,-12.0908667837449,6.62095774057358,-3.25951278098017,1
-0.345579428621258,-0.156393729994217,-0.475258883537491,-1.22520139156801,-1.68617447294198,-0.223428237538268,-0.446586301357516,1.04718994078037e-05,15.4540126621338,-12.0918066712049,6.62186452032702,-3.25965852939808,1
-0.345628254169113,-0.156391574450743,-0.475306118621231,-1.22515219289135,-1.68777405217878,-0.222438248389908,-0.445976522406165,1.07449890680094e-05,15.4557082287184,-12.0927430935468,6.6227685990832,-3.25980346391158,1
-0.345676902965217,-0.156389414657375,-0.475353187955605,-1.22510317959951,-1.68935700668401,-0.221456096330692,-0.445375538622582,1.10117436484415e-05,15.4573979775575,-12.0936758046173,6.62366972533291,-3.25994755239266,1
-0.345725361858625,-0.156387251484223,-0.475400078705117,-1.2250543647694,-1.69092317585301,-0.220481979500734,-0.444783312523282,1.12722212761072e-05,15.4590814449147,-12.0946045592636,6.62456764852324,-3.2600907628721,1
-0.345773617758731,-0.15638508579656,-0.475446778092405,-1.22500576141854,-1.69247240375135,-0.219516091137104,-0.444199806854126,1.15264792320268e-05,15.4607581691439,-12.0955291134943,6.62546211921388,-3.26023306356426,1
-0.345821657643733,-0.156382918454475,-0.47549327340644,-1.2249573824966,-1.69400453917421,-0.218558619512612,-0.443624984592085,1.17745740115797e-05,15.4624276909842,-12.0964492246419,6.62635288923418,-3.26037442289184,1
-0.345869468569116,-0.156380750312512,-0.475539552010748,-1.22490924087677,-1.69551943570398,-0.217609747879015,-0.44305880894443,1.2016561383793e-05,15.464089553855,-12.0973646515247,6.62723971184089,-3.26051480951051,1
-0.345917037676161,-0.156378582219319,-0.475585601351647,-1.22486134934721,-1.69701695176596,-0.216669654414658,-0.442501243345332,1.22524964495247e-05,15.465743304152,-12.0982751546092,6.62812234187627,-3.2606541923335,1
-0.345964352200456,-0.156376415017284,-0.475631408966501,-1.22481372060245,-1.69849695068225,-0.215738512176433,-0.441952251449963,1.24824336985608e-05,15.4673884915436,-12.0991804961729,6.62900053592662,-3.26079254055597,1
-0.346011399480411,-0.156374249542168,-0.475676962491975,-1.22476636723481,-1.69995930072389,-0.214816489056035,-0.441411797126099,1.27064270655827e-05,15.4690246692676,-12.1000804404661,6.62987405248091,-3.26092982367936,1
-0.346058166965763,-0.156372086622738,-0.47572224967229,-1.22471930172581,-1.70140387516116,-0.213903747740442,-0.440879844443283,1.29245299849981e-05,15.4706513944282,-12.1009747538742,6.63074265208947,-3.26106601153543,1
-0.346104642226071,-0.156369927080401,-0.475767258367455,-1.22467253643761,-1.70283055231216,-0.213000445676531,-0.440356357659606,1.31367954446098e-05,15.4722682282915,-12.1018632050792,6.63160609752249,-3.2612010743102,1
-0.346150812959185,-0.156367771728826,-0.475811976561495,-1.22462608360446,-1.70423921558969,-0.212106735039757,-0.439841301206147,1.3343276038101e-05,15.4738747365815,-12.1027455652209,6.6324641539283,-3.26133498256771,1
-0.346196666999683,-0.156365621373579,-0.475856392370635,-1.22457995532422,-1.70562975354637,-0.211222762706815,-0.439334639669127,1.35440240163316e-05,15.4754704897745,-12.1036216080568,6.63331658899116,-3.26146770727343,1
-0.346242192327272,-0.156363476811739,-0.475900494051463,-1.22453416354988,-1.70700205991817,-0.21034867023215,-0.438836337769863,1.37390913374278e-05,15.4770550633928,-12.1044911101219,6.6341631730885,-3.2615992198176,1
-0.346287377075141,-0.156361338831534,-0.475944270009043,-1.22448872008112,-1.70835603366632,-0.209484593828264,-0.438346360342551,1.39285297156234e-05,15.4786280382961,-12.1053538508868,6.6350036794474,-3.2617294920381,1
-0.346332209538258,-0.156359208211959,-0.475987708804975,-1.22444363655598,-1.70969157901759,-0.208630664349676,-0.43786467230998,1.4112390668874e-05,15.480189000972,-12.1062096129151,6.63583788430018,-3.26185849624326,1
-0.346376678181609,-0.156357085722401,-0.476030799165404,-1.22439892444254,-1.7110086055031,-0.207787007280424,-0.437391238657232,1.42907255652118e-05,15.4817375438241,-12.1070581820193,6.63666556703899,-3.26198620523416,1
-0.346420771648367,-0.156354972122271,-0.476073529988964,-1.22435459503072,-1.71230702799559,-0.206953742725006,-0.436926024403433,1.44635856678144e-05,15.4832732654576,-12.1078993474151,6.63748651036922,-3.26211259232679,1
-0.346464478767981,-0.156352868160628,-0.476115890354638,-1.22431065942408,-1.71358676674529,-0.206130985402605,-0.436468994571662,1.4631022178801e-05,15.4847957709626,-12.1087329018748,6.63830050046157,-3.26223763137375,1
-0.346507788564182,-0.156350774575805,-0.476157869529554,-1.22426712853181,-1.71484774741439,-0.205318844644507,-0.436020114157079,1.47930862817257e-05,15.4863046721948,-12.1095586418777,6.63910732710269,-3.26236129678566,1
-0.346550690262902,-0.156348692095044,-0.476199456976686,-1.22422401306072,-1.71608990111014,-0.204517424394555,-0.435579348093331,1.49498291827591e-05,15.4877995880523,-12.1103763677604,6.63990678384419,-3.26248356355221,1
-0.346593173300089,-0.156346621434127,-0.476240642362461,-1.2241813235074,-1.71731316441668,-0.203726823212501,-0.435146661217378,1.51013021505543e-05,15.4892801447504,-12.1111858838633,6.64069866814999,-3.26260440726281,1
-0.346635227329422,-0.156344563297013,-0.47628141556427,-1.22413907015043,-1.71851747942564,-0.202947134280127,-0.434722018232768,1.52475565547851e-05,15.4907459760914,-12.1119869986765,6.64148278154174,-3.26272380412684,1
-0.346676842229912,-0.156342518375473,-0.476321766677869,-1.22409726304275,-1.7197027937656,-0.202178445409995,-0.434305383671473,1.53886439033442e-05,15.4921967237315,-12.1127795249827,6.64225892974229,-3.26284173099352,1
-0.346718008113381,-0.156340487348735,-0.476361686024668,-1.22405591200411,-1.72086906063033,-0.201420839056667,-0.433896721854378,1.55246158781959e-05,15.4936320374435,-12.1135632799978,6.64302692281702,-3.26295816537131,1
-0.346758715331829,-0.156338470883132,-0.476401164158905,-1.22401502661368,-1.72201623880603,-0.200674392330266,-0.433495996850499,1.56555243698856e-05,15.4950515753753,-12.1143380855093,6.64378657531293,-3.26307308544697,1
-0.346798954484654,-0.156336469631747,-0.476440191874686,-1.22397461620277,-1.72314429269759,-0.199939177012223,-0.433103172435022,1.5781421510691e-05,15.4964550043036,-12.1151037680122,6.64453770639544,-3.26318647010405,1
-0.346838716425749,-0.156334484234072,-0.476478760212902,-1.2239346898477,-1.72425319235383,-0.19921525957306,-0.43271821204626,1.59023597064138e-05,15.4978419998832,-12.1158601588417,6.64528013998259,-3.26329829894102,1
-0.346877992270452,-0.156332515315664,-0.476516860468006,-1.22389525636282,-1.72534291349187,-0.198502701192068,-0.432341078741613,1.60183916668133e-05,15.4992122468916,-12.1166070943037,6.6460137048768,-3.26340855228891,1
-0.346916773402344,-0.156330563487811,-0.476554484194647,-1.22385632429362,-1.72641343752073,-0.197801557778726,-0.431971735152611,1.61295704346729e-05,15.5005654394677,-12.1173444158023,6.6467382348938,-3.26351721122843,1
-0.346955051479906,-0.156328629347206,-0.476591623214161,-1.22381790191013,-1.72746475156404,-0.197111879995714,-0.431610143439152,1.62359494135108e-05,15.5019012813464,-12.1180719699642,6.64745356898886,-3.2636242576067,1
-0.346992818443004,-0.156326713475616,-0.476628269620904,-1.22377999720031,-1.72849684848215,-0.196433713283379,-0.431256265242997,1.63375823939239e-05,15.5032194860868,-12.11878960876,6.6481595513801,-3.26372967405334,1
-0.347030066519222,-0.15632481643957,-0.476664415788433,-1.22374261786373,-1.7295097268935,-0.195767097885499,-0.430910061640627,1.64345235785686e-05,15.5045197772952,-12.1194971896226,6.64885603166877,-3.26383344399621,1
-0.347066788230022,-0.156322938790044,-0.476700054375521,-1.22370577130538,-1.73050339119544,-0.195112068876206,-0.430571493095545,1.65268276057945e-05,15.5058018888422,-12.1201945755623,6.6495428649565,-3.26393555167656,1
-0.347102976396738,-0.156321081062159,-0.476735178332013,-1.22366946462963,-1.73147785158446,-0.194468656187921,-0.430240519410109,1.66145495719198e-05,15.5070655650739,-12.1208816352782,6.65021991195935,-3.26403598216365,1
-0.347138624146387,-0.156319243774883,-0.476769780904502,-1.22363370463439,-1.73243312407603,-0.193836884640177,-0.429917099676968,1.66977450521565e-05,15.5083105610169,-12.1215582432673,6.65088703911859,-3.26413472136889,1
-0.347173724917306,-0.156317427430739,-0.47680385564184,-1.22359849780547,-1.73336923052384,-0.193216773969169,-0.429601192230204,1.67764701201999e-05,15.5095366425773,-12.1222242799285,6.65154411870823,-3.26423175605947,1
-0.347208272464603,-0.156315632515523,-0.47683739640047,-1.2235638503111,-1.73428619863885,-0.192608338857902,-0.429292754596245,1.68507813664885e-05,15.5107435867327,-12.122879631665,6.65219102893904,-3.26432707387135,1
-0.347242260865426,-0.15631385949803,-0.476870397349572,-1.2235297679966,-1.7351840620079,-0.192011588966832,-0.428991743444628,1.69207359151303e-05,15.5119311817188,-12.1235241909815,6.65282765405916,-3.26442066332188,1
-0.347275684524034,-0.156312108829786,-0.476902852976031,-1.22349625637935,-1.73606286011208,-0.191426528964821,-0.428698114538707,1.69863914395294e-05,15.5130992272082,-12.1241578565788,6.6534538844512,-3.26451251382173,1
-0.347308538176688,-0.156310380944789,-0.476934758089218,-1.22346332064384,-1.73692263834487,-0.190853158560334,-0.428411822686344,1.70478061766929e-05,15.5142475344836,-12.1247805334443,6.65406961672568,-3.26460261568635,1
-0.347340816896332,-0.156308676259258,-0.476966107825575,-1.22343096563698,-1.73776344803012,-0.190291472532722,-0.428132821690695,1.71050389402693e-05,15.515375926603,-12.1253921329391,6.65467475381086,-3.2646909601469,1
-0.347372516097089,-0.156306995171394,-0.476996897653019,-1.2233991958636,-1.73858534643994,-0.189741460763484,-0.427861064301134,1.71581491322888e-05,15.5164842385592,-12.1259925728809,6.65526920503891,-3.2647775393606,1
-0.347403631538553,-0.156305338061143,-0.477027123375142,-1.22336801548213,-1.73938839681239,-0.189203108267411,-0.427596502164386,1.72071967536551e-05,15.5175723174312,-12.1265817776235,6.65585288622824,-3.26486234642054,1
-0.347434159329878,-0.156303705289973,-0.477056781135224,-1.22333742830051,-1.74017266836931,-0.188676395223461,-0.427339085775946,1.72522424133877e-05,15.5186400225298,-12.1271596781325,6.6564257197622,-3.26494537536496,1
-0.347464095933666,-0.156302097200661,-0.47708586742004,-1.2233074377723,-1.74093823633402,-0.188161297005321,-0.427088764431822,1.72933473366354e-05,15.5196872255349,-12.1277262120571,6.65698763466379,-3.26502662118596,1
-0.347493438169655,-0.156300514117084,-0.47711437906348,-1.22327804699297,-1.74168518194911,-0.187657784211513,-0.426845486180687,1.73305733714685e-05,15.5207138106265,-12.1282813237974,6.65753856666673,-3.2651060798377,1
-0.347522183218191,-0.156298956344023,-0.477142313249954,-1.2232492586964,-1.74241359249436,-0.18716582269496,-0.426609197776468,1.73639829944906e-05,15.5217196746079,-12.1288249645695,6.65807845828246,-3.26518374824403,1
-0.347550328623506,-0.156297424166979,-0.477169667517612,-1.22322107525167,-1.7431235613047,-0.186685373591926,-0.42637984463145,1.73936393152695e-05,15.5227047270224,-12.1293570924646,6.65860725886344,-3.2652596243056,1
-0.347577872296786,-0.15629591785199,-0.477196439761357,-1.22319349865992,-1.74381518778843,-0.186216393350266,-0.426157370769916,1.74196060796127e-05,15.523668890262,-12.1298776725059,6.65912492466243,-3.26533370690638,1
-0.347604812519026,-0.156294437645467,-0.477222628235649,-1.22316653055149,-1.74448857744554,-0.185758833756847,-0.425941718782408,1.74419476717192e-05,15.5246120996691,-12.1303866767009,6.65963141888796,-3.26540599591974,1
-0.347631147943689,-0.156292983774033,-0.477248231557123,-1.22314017218334,-1.74514384188633,-0.185312641964156,-0.4257328297806,1.74607291152145e-05,15.5255343036314,-12.1308840840896,6.6601267117558,-3.26547649221392,1
-0.34765687759915,-0.156291556444377,-0.477273248706995,-1.22311442443651,-1.74578109885019,-0.184877760515941,-0.425530643352871,1.7476016073102e-05,15.5264354636692,-12.1313698807896,6.66061078053659,-3.26554519765699,1
-0.34768200089094,-0.156290155843111,-0.477297679033267,-1.22308928781394,-1.74640047222478,-0.184454127371871,-0.425335097520587,1.74878748466641e-05,15.5273155545149,-12.1318440600366,6.6610836095996,-3.26561211512132,1
-0.347706517603786,-0.156288782136646,-0.477321522252743,-1.22306476243843,-1.74700209206539,-0.184041675931147,-0.425146128695132,1.74963723733084e-05,15.5281745641866,-12.1323066222216,6.66154519045253,-3.26567724848749,1
-0.34773042790344,-0.156287435471067,-0.477344778452836,-1.22304084805079,-1.74758609461474,-0.183640335055001,-0.424963671635719,1.75015762234231e-05,15.5290124940533,-12.1327575749236,6.66199552177748,-3.26574060264776,1
-0.347753732338315,-0.156286115972026,-0.477367448093178,-1.22301754400822,-1.74815262232301,-0.183250029088047,-0.424787659408006,1.75035545962437e-05,15.5298293588938,-12.1331969329396,6.66243460946315,-3.26580218350892,1
-0.347776431840914,-0.156284823744645,-0.477389532007044,-1.22299484928293,-1.74870182386835,-0.182870677878436,-0.424618023343545,1.75023763147635e-05,15.530625186948,-12.1336247183097,6.66286246663309,-3.26586199799481,1
-0.347798527729067,-0.156283558873418,-0.477411031402571,-1.22297276246083,-1.7492338541777,-0.182502196796775,-0.42445469300008,1.74981108197269e-05,15.5314000199616,-12.1340409603394,6.66327911367032,-3.26592005404816,1
-0.347820021706963,-0.156282321422139,-0.477431947863792,-1.2229512817406,-1.74974887444802,-0.182144496753791,-0.424297596122704,1.7490828162722e-05,15.5321539132237,-12.1344456956177,6.66368457823808,-3.26597636063215,1
-0.347840915865999,-0.156281111433825,-0.47745228335148,-1.22293040493278,-1.75024705216794,-0.18179748421668,-0.424146658605921,1.74805989984157e-05,15.5328869355975,-12.1348389680318,6.66407889529705,-3.26603092773133,1
-0.347861212685428,-0.156279928930657,-0.4774720402038,-1.22291012945919,-1.75072856113988,-0.181461061224165,-0.424001804456576,1.74674945759483e-05,15.5335991695447,-12.1352208287782,6.66446210711875,-3.26608376635219,1
-0.347880915032827,-0.156278773913926,-0.477491221136789,-1.22289045235244,-1.75119358150248,-0.181135125400203,-0.423862955757705,1.74515867295415e-05,15.5342907111424,-12.1355913363702,6.66483426329549,-3.26613488852323,1
-0.347900026164377,-0.156277646363992,-0.477509829244643,-1.22287137025568,-1.7516422997536,-0.180819569966358,-0.423730032633287,1.74329478683178e-05,15.5349616700946,-12.1359505566425,6.66519542074673,-3.26618430729459,1
-0.34791854972496,-0.156276546240252,-0.477527867999835,-1.22285287942253,-1.75207490877368,-0.180514283752789,-0.423602953213914,1.74116509654234e-05,15.5356121697362,-12.1362985627514,6.66554564372204,-3.26623203673729,1
-0.347936489748087,-0.156275473481109,-0.477545341253056,-1.22283497571713,-1.7524916078496,-0.180219151207908,-0.42348163360336,1.73877695464139e-05,15.5362423470318,-12.1366354351732,6.66588500380063,-3.266278091942,1
-0.347953850655645,-0.156274428003962,-0.477562253232994,-1.22281765461446,-1.75289260269897,-0.179934052406657,-0.423365987846079,1.73613776770051e-05,15.5368523525676,-12.1369612616975,6.6662135798876,-3.26632248901746,1
-0.347970637257482,-0.156273409705196,-0.477578608545937,-1.22280091120076,-1.75327810549488,-0.179658863057426,-0.423255927895594,1.733254995019e-05,15.5374423505378,-12.1372761374193,6.66653145820695,-3.26636524508844,1
-0.347986854750821,-0.156272418460185,-0.477594412175227,-1.2227847401741,-1.75364833489109,-0.179393454507617,-0.42315136358379,1.73013614727664e-05,15.5380125187249,-12.1375801647268,6.66683873229151,-3.26640637829342,1
-0.348002508719528,-0.156271454123299,-0.477609669480555,-1.22276913584519,-1.75400351604771,-0.179137693747863,-0.4230522025911,1.72678878513172e-05,15.5385630484748,-12.1378734532868,6.66713550296979,-3.26644590778177,1
-0.348017605133216,-0.156270516527923,-0.477624386197102,-1.22275409213826,-1.75434388065731,-0.17889144341492,-0.422958350417561,1.72322051776754e-05,15.5390941446663,-12.1381561200272,6.6674218783499,-3.26648385371073,1
-0.348032150346208,-0.156269605486483,-0.477638568434545,-1.22273960259212,-1.75466966697147,-0.178654561793248,-0.42286971035475,1.7194390013922e-05,15.539606025675,-12.1384282891163,6.66769797380065,-3.26652023724195,1
-0.348046151096353,-0.156268720790477,-0.477652222675916,-1.22272566036139,-1.75498111982777,-0.17842690281528,-0.422786183458548,1.71545193769499e-05,15.540098923333,-12.1386900919408,6.66796391192999,-3.26655508053773,1
-0.348059614503719,-0.156267862210516,-0.477665355776334,-1.22271225821781,-1.75527849067728,-0.178208316060444,-0.42270766852276,1.71126707226334e-05,15.5405730828832,-12.1389416670795,6.66821982256074,-3.266588406757,1
-0.34807254806914,-0.156267029496371,-0.477677974961609,-1.22269938855171,-1.75556203761239,-0.177998646752922,-0.422634062053535,1.70689219296561e-05,15.541028762929,-12.1391831602761,6.66846584270396,-3.26662024005099,1
-0.34808495967266,-0.156266222377027,-0.477690087826727,-1.22268704337362,-1.75583202539512,-0.177797735758188,-0.422565258244581,1.70233512830233e-05,15.5414662353805,-12.1394147244092,6.6687021165299,-3.26665060555859,1
-0.348096857571849,-0.156265440560742,-0.477701702334223,-1.22267521431595,-1.75608872548586,-0.177605419578368,-0.422501148953157,1.69760374573189e-05,15.5418857853953,-12.13963651946,6.66892879533681,-3.26667952940155,1
-0.348108250400017,-0.156264683735113,-0.477712826812451,-1.22266389263482,-1.75633241607249,-0.177421530346423,-0.422441623676811,1.69270594997395e-05,15.5422877113169,-12.1398487124787,6.66914603751762,-3.26670703867935,1
-0.348119147164333,-0.156263951567148,-0.477723469953753,-1.22265306921195,-1.75656338209989,-0.17724589581922,-0.422386569530849,1.68764968129493e-05,15.5426723246087,-12.140051477548,6.66935400852473,-3.26673316146397,1
-0.348129557243846,-0.156263243703344,-0.47773364081254,-1.22264273455669,-1.7567819152999,-0.177078339369494,-0.422335871226488,1.68244291378133e-05,15.543039949785,-12.1402449957463,6.66955288083309,-3.26675792679435,1
-0.348129557243846,-0.156262559721551,-0.477743348799897,-1.22263287880805,-1.75698831422161,-0.17691867997677,-0.422289411049709,1.67709365360383e-05,15.5433909243389,-12.1404294551081,6.66974283390155,-3.2667813646708,1
-0.348129557243846,-0.156261909080138,-0.477752628040003,-1.22262371136565,-1.75718305225301,-0.176766352787948,-0.422247279775539,1.67149760164773e-05,15.5437263763389,-12.140605869949,6.66992434079598,-3.26680383440608,1
-0.348129557243846,-0.156261290742912,-0.477761487071139,-1.22261520634981,-1.75736643038562,-0.176621193655144,-0.422209340418385,1.66567282859364e-05,15.5440466180724,-12.140774388902,6.67009757594025,-3.2668253467699,1
-0.348129557243846,-0.15626070367343,-0.477769934838704,-1.2226073380981,-1.75753875695628,-0.176483033005927,-0.422175454068572,1.65963694258978e-05,15.5443519762942,-12.1409351692104,6.67026272125796,-3.2668459141742,1
-0.348129557243846,-0.156260146835189,-0.477777980693054,-1.22260008116215,-1.7577003476724,-0.176351695845398,-0.422145479865083,1.65340709947211e-05,15.5446427921485,-12.1410883766875,6.67041996612996,-3.26686555066894,1
-0.348129557243846,-0.156259619191805,-0.477785634387299,-1.22259341030458,-1.75785152563793,-0.176227001756806,-0.422119274969135,1.64700001274909e-05,15.5449194210883,-12.141234185675,6.67056950735092,-3.26688427193753,1
-0.348129557243846,-0.15625911970719,-0.47779290607506,-1.22258730049606,-1.7579926213798,-0.176108764900753,-0.422096694538593,1.6404319633626e-05,15.5451822327944,-12.1413727790013,6.67071154908526,-3.26690209529209,1
-0.348129557243846,-0.156258647345734,-0.477799806308192,-1.22258172691245,-1.75812397287506,-0.17599679401301,-0.422077591703163,1.63371880923489e-05,15.5454316110924,-12.1415043479384,6.67084630282252,-3.26691903966852,1
-0.348129557243846,-0.156258201072471,-0.477806346034493,-1.22257666493209,-1.75824592557849,-0.175890892401013,-0.422061817540363,1.62687599461091e-05,15.5456679538697,-12.1416290921586,6.67097398733253,-3.26693512562136,1
-0.348129557243846,-0.156257779853253,-0.477812536595402,-1.22257209013308,-1.75835883245084,-0.175790857939048,-0.422049221052214,1.6199185592085e-05,15.5458916729924,-12.1417472196905,6.67109482862042,-3.26695037531854,1
-0.348129557243846,-0.15625738265491,-0.477818389723706,-1.2225679782907,-1.75846305398757,-0.175696483062196,-0.422039649142634,1.61286114718295e-05,15.5461031942216,-12.1418589468758,6.67120905988188,-3.26696481253604,1
-0.348129557243846,-0.156257008445405,-0.47782391754126,-1.22256430537485,-1.75855895824818,-0.175607554759048,-0.422032946595507,1.60571801591815e-05,15.5463029571315,-12.1419644983252,6.67131692145876,-3.26697846265242,1
-0.348129557243846,-0.15625665619399,-0.477829132556739,-1.22256104754752,-1.75864692088606,-0.175523854563261,-0.422028956053374,1.59850304465247e-05,15.5464914150277,-12.1420641068758,6.67141866079531,-3.26699135264341,1
-0.348129557243846,-0.156256324871347,-0.477834047663427,-1.22255818116026,-1.75872732517881,-0.175445158543967,-0.422027517996749,1.59122974294916e-05,15.5466690348671,-12.1421580135482,6.6715145323953,-3.26700351107639,1
-0.348129557243846,-0.156256013449723,-0.477838676137066,-1.22255568275174,-1.75880056205921,-0.175371237295092,-0.422028470723993,1.58391125902061e-05,15.5468362971805,-12.1422464675052,6.6716047977803,-3.26701496810501,1
-0.348129557243846,-0.156255720903064,-0.477843031633769,-1.22255352904519,-1.75886703014654,-0.175301855923599,-0.422031650331749,1.57656038791467e-05,15.5469936959971,-12.1423297260117,6.67168972544932,-3.26702575546384,1
-0.348129557243846,-0.156255446207125,-0.477847128188024,-1.22255169694588,-1.75892713577854,-0.175236774036724,-0.42203689069588,1.56918957957255e-05,15.5471417387722,-12.1424080543953,6.67176959084013,-3.26703590646318,1
-0.348129557243846,-0.156255188339588,-0.477850980210784,-1.2225501635386,-1.75898129304381,-0.175175745728198,-0.4220440234529,1.56181094676744e-05,15.5472809463184,-12.1424817260098,6.6718446762925,-3.26704545598396,1
-0.348129557243846,-0.156254946280159,-0.477854602487677,-1.22254890608498,-1.75902992381473,-0.175118519563526,-0.422052877981868,1.55443627293125e-05,15.5474118527408,-12.1425510222001,6.6719152710137,-3.267054440473,1
-0.348129557243846,-0.156254719010656,-0.477858010177339,-1.22254790202086,-1.75907345778085,-0.175064838564312,-0.422063281386696,1.54707701987903e-05,15.5475350053772,-12.1426162322691,6.67198167104652,-3.26706289793837,1
-0.348129557243846,-0.156254505515085,-0.477861218809895,-1.22254712895351,-1.75911233248282,-0.175014440191703,-0.422075058478888,1.53974433543861e-05,15.5476509647432,-12.1426776534484,6.67204417924002,-3.26707086794516,1
-0.348129557243846,-0.15625430477971,-0.477864244285592,-1.22254656465875,-1.75914699334679,-0.17496705632894,-0.422088031760626,1.53244906099385e-05,15.5477603044827,-12.1427355908708,6.67210310522354,-3.2670783916116,1
-0.348129557243846,-0.156254115793099,-0.477867102873612,-1.22254618707803,-1.7591778937193,-0.17492241326305,-0.42210202140824,1.5252017389509e-05,15.5478636113257,-12.1427903575472,6.67215876538402,-3.26708551160553,1
-0.348129557243846,-0.156253937546171,-0.477869811211079,-1.22254597431531,-1.75920549490271,-0.174880231665727,-0.42211684525598,1.51801262013261e-05,15.5479614850518,-12.1428422743461,6.67221148284721,-3.26709227214145,1
-0.348129557243846,-0.156253769032212,-0.477872386302273,-1.22254590463383,-1.75923026619105,-0.174840226573375,-0.422132318780115,1.5108916711123e-05,15.5480545384628,-12.1428916699779,6.67226158746284,-3.26709871897796,1
-0.348129557243846,-0.156253609246893,-0.477874845518072,-1.22254595645271,-1.75925268490649,-0.174802107366373,-0.4221482550833,1.50384858149243e-05,15.5481433973619,-12.1429388809834,6.67230941579437,-3.26710489941588,1
-0.348129557243846,-0.156253457188259,-0.477877206595645,-1.22254610834344,-1.75927323643622,-0.174765577747554,-0.422164464879214,1.49689277113652e-05,15.5482287005432,-12.1429842517267,6.67235531111342,-3.26711086229695,1
-0.348129557243846,-0.156253311856711,-0.4778794876384,-1.22254633902608,-1.7592924142699,-0.174730335719927,-0.422180756477432,1.49003339736239e-05,15.54831109979,-12.1430281343939,6.67239962339941,-3.26711665800329,1
-0.348129557243846,-0.156253172254966,-0.477881707116233,-1.22254662736536,-1.75931072003765,-0.174696073563642,-0.422196935768525,1.48327936210266e-05,15.5483912598836,-12.1430708889965,6.67244270934468,-3.2671223384575,1
-0.348129557243846,-0.156253037531049,-0.47788388081449,-1.22254695553897,-1.75932857874825,-0.174662528644799,-0.422212840227292,1.47663769964259e-05,15.5484697489852,-12.1431128232373,6.67248487378436,-3.26712794803646,0
-0.348129557243846,-0.156252907409742,-0.477886012569519,-1.22254731858727,-1.75934608176623,-0.174629637634306,-0.422228441868235,1.47010873890272e-05,15.5485467058049,-12.1431540098292,6.67252619189324,-3.26713349591751,0
-0.348129557243846,-0.156252781763081,-0.47788810319102,-1.22254771481954,-1.75936323627137,-0.174597387659062,-0.42224374648323,1.46369113324717e-05,15.5486221602633,-12.1431944619975,6.67256668065523,-3.26713898238941,0
-0.348129557243846,-0.15625266046633,-0.477890153473084,-1.22254814260284,-1.7593800492957,-0.174565766103661,-0.422258759752035,1.45738353276173e-05,15.548696141698,-12.1432341927367,6.67260635671408,-3.26714440775275,0
-0.348129557243846,-0.156252543397906,-0.477892164194487,-1.22254860036025,-1.75939652772666,-0.174534760605089,-0.42227348724452,1.45118458521097e-05,15.548768678874,-12.1432732148134,6.67264523638004,-3.26714977231945,0
-0.348129557243846,-0.156252430439305,-0.477894136118987,-1.22254908656927,-1.75941267831015,-0.174504359047523,-0.422287934422851,1.44509293695231e-05,15.5488397999958,-12.1433115407714,6.6726833356366,-3.26715507641215,0
-0.348129557243846,-0.156252321475025,-0.477896069995612,-1.22254959976006,-1.75942850765353,-0.174474549557252,-0.422302106643628,1.4391072338064e-05,15.5489095327176,-12.1433491829344,6.67272067014696,-3.26716032036374,0
-0.348129557243846,-0.1562522163925,-0.477897966558943,-1.22255013851396,-1.75944402222851,-0.174445320497703,-0.422316009159977,1.43322612188774e-05,15.5489779041542,-12.1433861534106,6.67275725526043,-3.2671655045168,0
-0.348129557243846,-0.156252115082025,-0.47789982652939,-1.22255070146187,-1.75945922837406,-0.174416660464578,-0.422329647123601,1.42744824839586e-05,15.5490449408915,-12.1434224640959,6.67279310601867,-3.2671706292231,0
-0.348129557243846,-0.156252017436689,-0.477901650613467,-1.22255128728274,-1.75947413229915,-0.17438855828109,-0.422343025586785,1.42177226236862e-05,15.5491106689968,-12.1434581266781,6.6728282371619,-3.26717569484318,0
-0.348129557243846,-0.156251923352309,-0.477903439504057,-1.22255189470216,-1.75948874008554,-0.174361002993306,-0.422356149504365,1.41619681539834e-05,15.5491751140288,-12.1434931526398,6.67286266313482,-3.2671807017458,0
-0.348129557243846,-0.156251832727364,-0.477905193880672,-1.22255252249092,-1.75950305769042,-0.174333983865585,-0.422369023735646,1.41072056231351e-05,15.5492383010475,-12.1435275532624,6.67289639809258,-3.26718565030754,0
-0.348129557243846,-0.15625174546293,-0.477906914409717,-1.22255316946357,-1.75951709094902,-0.174307490376119,-0.422381653046293,1.40534216182557e-05,15.5493002546238,-12.1435613396296,6.67292945590653,-3.26719054091235,0
-0.348129557243846,-0.156251661462619,-0.477908601744731,-1.22255383447718,-1.75953084557723,-0.174281512212563,-0.42239404211017,1.40006027714334e-05,15.5493609988491,-12.1435945226304,6.6729618501699,-3.26719537395114,0
-0.348129557243846,-0.156251580632518,-0.477910256526647,-1.22255451642995,-1.75954432717402,-0.174256039267764,-0.422406195511152,1.39487357655628e-05,15.5494205573449,-12.1436271129629,6.67299359420335,-3.26720014982132,0
-0.348129557243846,-0.156251502881128,-0.477911879384024,-1.22255521425998,-1.75955754122395,-0.174231061635577,-0.422418117744894,1.3897807339863e-05,15.5494789532714,-12.1436591211375,6.67302470106041,-3.26720486892646,0
-0.348129557243846,-0.156251428119307,-0.47791347093329,-1.22255592694405,-1.75957049309956,-0.17420656960677,-0.422429813220562,1.3847804295108e-05,15.5495362093367,-12.1436905574797,6.67305518353285,-3.26720953167586,0
-0.348129557243846,-0.156251356260214,-0.477915031778976,-1.22255665349639,-1.75958318806369,-0.174182553665019,-0.422441286262535,1.37987134985762e-05,15.5495923478057,-12.1437214321341,6.67308505415585,-3.26721413848424,0
-0.348129557243846,-0.156251287219251,-0.477916562513942,-1.22255739296756,-1.75959563127177,-0.174159004482984,-0.422452541112065,1.37505218887151e-05,15.5496473905088,-12.1437517550669,6.6731143252132,-3.26721868977129,0
-0.348129557243846,-0.15625122091401,-0.477918063719604,-1.22255814444329,-1.75960782777413,-0.174135912918468,-0.422463581928906,1.37032164795667e-05,15.5497013588499,-12.143781536069,6.67314300874226,-3.26722318596141,0
-0.348129557243846,-0.15625115726422,-0.477919535966153,-1.2225589070434,-1.75961978251809,-0.174113270010663,-0.422474412792914,1.36567843649151e-05,15.5497542738152,-12.1438107847596,6.67317111653894,-3.2672276274833,0
-0.348129557243846,-0.156251096191696,-0.477920979812773,-1.22255967992071,-1.75963150035021,-0.174091066976466,-0.422485037705604,1.36112127222078e-05,15.5498061559812,-12.1438395105884,6.6731986601625,-3.26723201476969,0
-0.348129557243846,-0.156251037620286,-0.47792239580785,-1.22256046226006,-1.75964298601831,-0.174069295206883,-0.422495460591688,1.35664888162331e-05,15.5498570255223,-12.143867722839,6.6732256509403,-3.26723634825701,0
-0.348129557243846,-0.156250981475825,-0.477923784489181,-1.22256125327725,-1.7596542441736,-0.174047946263497,-0.422505685300571,1.35226000025787e-05,15.5499069022193,-12.143895430632,6.67325209997242,-3.26724062838507,0
-0.348129557243846,-0.156250927686082,-0.47792514638418,-1.2225620522181,-1.75966527937263,-0.17402701187502,-0.422515715607821,1.3479533730874e-05,15.5499558054666,-12.1439226429271,6.67327801813623,-3.26724485559677,0
-0.348129557243846,-0.15625087618072,-0.477926482010076,-1.22256285835748,-1.75967609607929,-0.174006483933912,-0.422525555216613,1.34372775478194e-05,15.5500037542796,-12.1439493685266,6.67330341609081,-3.26724903033783,0
-0.348129557243846,-0.156250826891241,-0.47792779187411,-1.22256367099841,-1.75968669866672,-0.173986354493076,-0.422535207759134,1.33958191000175e-05,15.5500507673026,-12.1439756160777,6.67332830428138,-3.26725315305651,0
-0.348129557243846,-0.156250779750947,-0.477929076473726,-1.22256448947116,-1.75969709141922,-0.173966615762612,-0.422544676797972,1.33551461366092e-05,15.5500968628156,-12.1440013940755,6.67335269294352,-3.26725722420335,0
-0.348129557243846,-0.156250734694897,-0.477930336296763,-1.22256531313236,-1.75970727853408,-0.17394726010665,-0.422553965827465,1.33152465117341e-05,15.5501420587417,-12.1440267108652,6.67337659210739,-3.2672612442309,0
-0.348129557243846,-0.156250691659858,-0.477931571821637,-1.22256614136422,-1.75971726412338,-0.173928280040245,-0.422563078275032,1.3276108186802e-05,15.5501863726537,-12.1440515746453,6.67340001160186,-3.2672652135935,0
-0.348129557243846,-0.156250650584269,-0.477932783517524,-1.22256697357364,-1.75972705221576,-0.173909668226333,-0.422572017502472,1.32377192325972e-05,15.5502298217812,-12.1440759934697,6.67342296105852,-3.267269132747,0
-0.348129557243846,-0.156250611408198,-0.477933971844538,-1.22256780919145,-1.75973664675815,-0.173891417472755,-0.422580786807238,1.32000678312272e-05,15.5502724230173,-12.1440999752502,6.67344544991564,-3.26727300214857,0
-0.348129557243846,-0.1562505740733,-0.477935137253906,-1.22256864767165,-1.75974605161746,-0.173873520729343,-0.422589389423688,1.3163142277896e-05,15.5503141929249,-12.1441235277594,6.67346748742201,-3.26727682225649,0
-0.348129557243846,-0.156250538522781,-0.477936280188138,-1.22256948849064,-1.75975527058225,-0.173855971085062,-0.422597828524306,1.3126930982549e-05,15.5503551477436,-12.1441466586327,6.67348908264081,-3.26728059352988,0
-0.348129557243846,-0.156250504701359,-0.477937401081197,-1.22257033114651,-1.75976430736432,-0.173838761765217,-0.422606107220904,1.30914224713532e-05,15.5503953033954,-12.1441693753708,6.67351024445324,-3.26728431642854,0
-0.348129557243846,-0.156250472555224,-0.477938500358665,-1.22257117515833,-1.75977316560034,-0.173821886128714,-0.422614228565797,1.30566053880527e-05,15.5504346754915,-12.1441916853421,6.67353098156224,-3.26728799141276,0
-0.348129557243846,-0.156250442032008,-0.4779395784379,-1.22257202006545,-1.75978184885335,-0.173805337665378,-0.422622195552953,1.30224684951821e-05,15.5504732793379,-12.144213595785,6.67355130249602,-3.26729161894308,0
-0.348129557243846,-0.156250413080741,-0.477940635728198,-1.22257286542687,-1.75979036061433,-0.173789109993328,-0.422630011119125,1.29890006751557e-05,15.5505111299416,-12.1442351138102,6.67357121561156,-3.26729519948017,0
-0.348129557243846,-0.156250385651825,-0.477941672630949,-1.22257371082057,-1.75979870430363,-0.173773196856407,-0.422637678144954,1.29561909312385e-05,15.5505482420163,-12.1442562464028,6.67359072909807,-3.26729873348461,0
-0.348129557243846,-0.156250359696991,-0.477942689539787,-1.22257455584288,-1.75980688327248,-0.173757592121662,-0.422645199456059,1.29240283883915e-05,15.5505846299883,-12.1442770004247,6.67360985098034,-3.26730222141673,0
-0.348129557243846,-0.156250335169276,-0.477943686840744,-1.22257540010788,-1.75981490080441,-0.173742289776876,-0.422652577824092,1.28925022940143e-05,15.5506203080019,-12.1442973826163,6.67362858912202,-3.26730566373646,0
-0.348129557243846,-0.156250312022982,-0.477944664912392,-1.22257624324684,-1.75982276011658,-0.173727283928156,-0.422659815967788,1.286160201857e-05,15.5506552899251,-12.1443173995994,6.67364695122886,-3.26730906090317,0
-0.348129557243846,-0.156250290213649,-0.477945624125987,-1.22257708490759,-1.75983046436124,-0.173712568797564,-0.422666916553982,1.28313170561228e-05,15.5506895893548,-12.1443370578784,6.67366494485191,-3.26731241337551,0
-0.348129557243846,-0.156250269698023,-0.477946564845617,-1.22257792475403,-1.75983801662698,-0.173698138720802,-0.422673882198611,1.28016370247622e-05,15.5507232196222,-12.1443563638429,6.67368257739055,-3.26731572161126,0
-0.348129557243846,-0.156250250434027,-0.477947487428331,-1.22257876246553,-1.7598454199401,-0.173683988144939,-0.422680715467694,1.27725516669419e-05,15.550756193798,-12.1443753237697,6.67369985609561,-3.26731898606722,0
-0.348129557243846,-0.15625023238073,-0.477948392224283,-1.22257959773646,-1.75985267726584,-0.17367011162619,-0.422687418878297,1.27440508497281e-05,15.5507885246976,-12.1443939438244,6.67371678807229,-3.26732220719906,0
-0.348129557243846,-0.156250215498319,-0.477949279576859,-1.22258043027564,-1.7598597915097,-0.173656503827739,-0.422693994899473,1.27161245649623e-05,15.5508202248856,-12.1444122300637,6.67373338028312,-3.26732538546119,0
-0.348129557243846,-0.156250199748071,-0.477950149822811,-1.22258125980588,-1.75986676551858,-0.173643159517603,-0.422700445953186,1.26887629293417e-05,15.5508513066813,-12.1444301884372,6.67374963955078,-3.26732852130665,0
-0.348129557243846,-0.156250185092326,-0.477951003292384,-1.2225820860635,-1.75987360208205,-0.173630073566546,-0.422706774415222,1.26619561844239e-05,15.5508817821633,-12.1444478247893,6.67376557256096,-3.26733161518696,0
-0.348129557243846,-0.156250171494461,-0.477951840309445,-1.22258290879786,-1.7598803039335,-0.173617240946029,-0.422712982616071,1.26356946965553e-05,15.5509116631738,-12.1444651448608,6.67378118586506,-3.26733466755208,0
-0.348129557243846,-0.156250158918862,-0.477952661191598,-1.22258372777089,-1.7598868737513,-0.173604656726208,-0.422719072841801,1.26099689567318e-05,15.5509409613238,-12.1444821542911,6.67379648588291,-3.2673376788502,0
-0.348129557243846,-0.1562501473309,-0.477953466250315,-1.2225845427567,-1.7598933141599,-0.173592316073965,-0.422725047334913,1.25847695803924e-05,15.5509696879974,-12.1444988586198,6.67381147890541,-3.26734064952776,0
-0.348129557243846,-0.156250136696907,-0.477954255791047,-1.22258535354113,-1.75989962773097,-0.173580214250992,-0.422730908295174,1.25600873071451e-05,15.5509978543561,-12.1445152632882,6.67382617109708,-3.26734358002923,0
-0.348129557243846,-0.156250126984148,-0.477955030113344,-1.22258615992133,-1.75990581698445,-0.173568346611896,-0.422736657880443,1.25359130004356e-05,15.5510254713431,-12.1445313736416,6.67384056849867,-3.26734647079711,0
-0.348129557243846,-0.156250118160803,-0.477955789510967,-1.22258696170542,-1.75991188438963,-0.173556708602363,-0.422742298207471,1.25122376471597e-05,15.551052549688,-12.1445471949302,6.67385467702957,-3.2673493222718,0
-0.348129557243846,-0.156250110195939,-0.477956534272001,-1.22258775871202,-1.75991783236618,-0.173545295757339,-0.422747831352691,1.24890523572171e-05,15.5510790999105,-12.1445627323117,6.67386850249028,-3.26735213489152,0
-0.348129557243846,-0.156250103059491,-0.477957264678965,-1.22258855076994,-1.75992366328514,-0.173534103699266,-0.422753259352993,1.24663483630174e-05,15.5511051323247,-12.1445779908521,6.67388205056479,-3.26735490909223,0
-0.348129557243846,-0.156250096722237,-0.477957981008919,-1.22258933771781,-1.75992937946994,-0.17352312813634,-0.42275858420648,1.24441170189362e-05,15.5511306570431,-12.1445929755277,6.67389532682294,-3.26735764530756,0
-0.348129557243846,-0.156250091155779,-0.477958683533569,-1.22259011940372,-1.75993498319739,-0.173512364860813,-0.422763807873215,1.24223498007206e-05,15.5511556839805,-12.1446076912266,6.67390833672267,-3.26736034396872,0
-0.348129557243846,-0.156250086332519,-0.477959372519371,-1.22259089568486,-1.75994047669856,-0.173501809747324,-0.422768932275944,1.24010383048542e-05,15.5511802228582,-12.1446221427503,6.67392108561229,-3.26736300550447,0
-0.348129557243846,-0.156250082225644,-0.477960048227633,-1.22259166642723,-1.75994586215978,-0.17349145875127,-0.422773959300818,1.23801742478873e-05,15.551204283207,-12.1446363348153,6.6739335787327,-3.267365630341,0
-0.348129557243846,-0.1562500788091,-0.477960710914613,-1.22259243150531,-1.75995114172353,-0.173481307907201,-0.422778890798086,1.23597494657166e-05,15.5512278743717,-12.1446502720541,6.67394582121949,-3.26736821890191,0
-0.348129557243846,-0.156250076057577,-0.477961360831616,-1.22259319080171,-1.75995631748933,-0.173471353327257,-0.422783728582792,1.23397559128319e-05,15.5512510055144,-12.1446639590175,6.67395781810513,-3.26737077160814,0
-0.348129557243846,-0.156250073946486,-0.477961998225095,-1.22259394420695,-1.7599613915146,-0.173461591199629,-0.422788474435438,1.23201856615281e-05,15.5512736856182,-12.1446774001752,6.67396957432096,-3.26737328887791,0
-0.348129557243846,-0.156250072451944,-0.477962623336739,-1.22259469161909,-1.75996636581556,-0.173452017787058,-0.422793130102653,1.23010309010938e-05,15.5512959234904,-12.1446905999178,6.67398109469928,-3.26737577112667,0
-0.348129557243846,-0.156250071550755,-0.477963236403564,-1.22259543294349,-1.75997124236801,-0.173442629425355,-0.422797697297839,1.22822839369532e-05,15.5513177277663,-12.144703562558,6.67399238397534,-3.26737821876704,0
-0.348129557243846,-0.156250071220391,-0.477963837658012,-1.22259616809254,-1.7599760231082,-0.17343342252196,-0.422802177701802,1.2263937189791e-05,15.5513391069124,-12.1447162923319,6.67400344678922,-3.26738063220878,0
-0.348129557243846,-0.156250071438976,-0.47796442732803,-1.22259689698538,-1.75998070993363,-0.173424393554529,-0.422806572963381,1.22459831946453e-05,15.5513600692295,-12.1447287934005,6.67401428768784,-3.26738301185876,0
-0.348129557243846,-0.156250072185268,-0.47796500563716,-1.22259761954763,-1.75998530470379,-0.173415539069539,-0.422810884700057,1.22284145999815e-05,15.5513806228566,-12.1447410698507,6.67402491112674,-3.26738535812088,0
-0.348129557243846,-0.156250073438645,-0.477965572804628,-1.2225983357112,-1.75998980924098,-0.173406855680936,-0.422815114498549,1.22112241667346e-05,15.5514007757731,-12.1447531256971,6.67403532147198,-3.26738767139604,0
-0.348129557243846,-0.156250075179086,-0.477966129045422,-1.222599045414,-1.75999422533107,-0.173398340068801,-0.422819263915407,1.21944047673349e-05,15.5514205358028,-12.144764964883,6.67404552300191,-3.26738995208215,0
-0.348129557243846,-0.156250077387157,-0.477966674570376,-1.22259974859969,-1.75999855472417,-0.173389988978042,-0.422823334477583,1.21779493847174e-05,15.5514399106163,-12.1447765912815,6.67405551990892,-3.26739220057405,0
-0.348129557243846,-0.156250080043996,-0.477967209586252,-1.22260044521753,-1.76000279913546,-0.17338179921712,-0.422827327683,1.21618511113027e-05,15.5514589077346,-12.1447880086969,6.67406531630119,-3.26739441726348,0
-0.348129557243846,-0.156250083131298,-0.477967734295815,-1.22260113522209,-1.7600069602458,-0.173373767656791,-0.422831245001105,1.21461031479691e-05,15.5514775345314,-12.1447992208661,6.67407491620437,-3.26739660253907,0
-0.348129557243846,-0.156250086631299,-0.477968248897914,-1.22260181857307,-1.76001103970248,-0.173365891228883,-0.42283508787341,1.21306988030087e-05,15.5514957982364,-12.1448102314595,6.67408432356325,-3.26739875678633,0
-0.348129557243846,-0.156250090526763,-0.477968753587556,-1.22260249523511,-1.7600150391199,-0.173358166925086,-0.422838857714028,1.21156314910631e-05,15.5515137059379,-12.1448210440821,6.67409354224336,-3.26740088038758,0
-0.348129557243846,-0.15625009480097,-0.477969248555979,-1.22260316517756,-1.7600189600802,-0.17335059179578,-0.422842555910196,1.21008947320549e-05,15.5515312645858,-12.1448316622752,6.67410257603259,-3.26740297372196,0
-0.348129557243846,-0.156250099437698,-0.477969733990729,-1.22260382837429,-1.76002280413395,-0.173343162948874,-0.422846183822783,1.20864821500987e-05,15.5515484809941,-12.1448420895168,6.67411142864272,-3.26740503716541,0
-0.348129557243846,-0.156250104421215,-0.477970210075725,-1.22260448480356,-1.76002657280078,-0.173335877548673,-0.422849742786799,1.20723874724099e-05,15.5515653618435,-12.1448523292231,6.67412010371097,-3.26740707109063,0
-0.348129557243846,-0.156250109736262,-0.477970676991337,-1.22260513444776,-1.76003026756998,-0.173328732814772,-0.422853234111884,1.20586045281951e-05,15.5515819136842,-12.1448623847498,6.67412860480151,-3.26740907586711,0
-0.348129557243846,-0.156250115368043,-0.477971134914446,-1.22260577729329,-1.76003388990116,-0.173321726020966,-0.422856659082791,1.20451272475447e-05,15.5515981429385,-12.1448722593927,6.67413693540688,-3.26741105186105,0
-0.348129557243846,-0.156250121302211,-0.47797158401852,-1.2226064133304,-1.76003744122479,-0.173314854494184,-0.422860018959865,1.2031949660307e-05,15.5516140559031,-12.144881956389,6.67414509894949,-3.26741299943542,0
-0.348129557243846,-0.156250127524859,-0.477972024473673,-1.22260704255296,-1.76004092294285,-0.173308115613443,-0.422863314979501,1.20190658949674e-05,15.5516296587515,-12.1448914789184,6.67415309878298,-3.26741491894987,0
-0.348129557243846,-0.156250134022506,-0.477972456446733,-1.2226076649584,-1.76004433642937,-0.173301506808827,-0.422866548354607,1.20064701775101e-05,15.5516449575367,-12.1449008301039,6.67416093819362,-3.26741681076081,0
-0.348129557243846,-0.156250140782083,-0.477972880101307,-1.22260828054749,-1.76004768303099,-0.17329502556048,-0.422869720275047,1.19941568302919e-05,15.5516599581934,-12.144910013013,6.67416862040168,-3.26741867522132,0
-0.348129557243846,-0.15625014779093,-0.477973295597839,-1.22260888932419,-1.76005096406753,-0.173288669397626,-0.422872831908082,1.19821202708897e-05,15.5516746665401,-12.1449190306586,6.67417614856272,-3.26742051268119,0
-0.348129557243846,-0.156250155036777,-0.477973703093676,-1.22260949129556,-1.76005418083253,-0.173282435897602,-0.4228758843988,1.19703550109709e-05,15.551689088282,-12.144927886,6.67418352576891,-3.26742232348693,0
-0.348129557243846,-0.156250162507738,-0.477974102743124,-1.22261008647157,-1.76005733459377,-0.173276322684915,-0.422878878870537,1.19588556551376e-05,15.5517032290124,-12.1449365819438,6.67419075505033,-3.26742410798171,0
-0.348129557243846,-0.1562501701923,-0.477974494697509,-1.22261067486503,-1.7600604265938,-0.173270327430317,-0.422881816425291,1.19476168997911e-05,15.5517170942154,-12.1449451213447,6.67419783937616,-3.2674258665054,0
-0.348129557243846,-0.15625017807931,-0.477974879105234,-1.22261125649136,-1.76006345805042,-0.173264447849894,-0.422884698144132,1.19366335319827e-05,15.5517306892681,-12.1449535070068,6.67420478165596,-3.26742759939459,0
-0.348129557243846,-0.156250186157972,-0.477975256111835,-1.22261183136859,-1.76006643015723,-0.173258681704179,-0.422887525087594,1.19259004282653e-05,15.5517440194424,-12.1449617416841,6.67421158474082,-3.26742930698252,0
-0.348129557243846,-0.156250194417829,-0.477975625860038,-1.22261239951714,-1.76006934408407,-0.173253026797283,-0.422890298296072,1.19154125535513e-05,15.551757089907,-12.1449698280816,6.67421825142458,-3.26743098959915,0
-0.348129557243846,-0.156250202848762,-0.477975988489811,-1.22261296095975,-1.76007220097752,-0.173247480976034,-0.422893018790199,1.19051649599713e-05,15.5517699057299,-12.144977768856,6.67422478444495,-3.26743264757112,0
-0.348129557243846,-0.156250211440974,-0.47797634413842,-1.22261351572139,-1.76007500196136,-0.173242042129145,-0.422895687571227,1.18951527857336e-05,15.5517824718798,-12.144985566617,6.67423118648463,-3.2674342812218,0
-0.348129557243846,-0.156250220184986,-0.477976692940477,-1.22261406382908,-1.76007774813704,-0.173236708186391,-0.422898305621394,1.18853712539811e-05,15.5517947932286,-12.1449932239273,6.67423746017245,-3.26743589087123,0
-0.348129557243846,-0.156250229071626,-0.477977035027998,-1.22261460531185,-1.76008044058412,-0.173231477117804,-0.422900873904284,1.18758156716645e-05,15.5518068745526,-12.1450007433044,6.67424360808444,-3.2674374768362,0
-0.348129557243846,-0.156250238092021,-0.477977370530447,-1.22261514020064,-1.76008308036071,-0.173226346932886,-0.422903393365184,1.18664814284045e-05,15.5518187205353,-12.1450081272206,6.67424963274487,-3.2674390394302,0
-0.348129557243846,-0.156250247237589,-0.477977699574788,-1.22261566852815,-1.76008566850389,-0.173221315679834,-0.422905864931431,1.18573639953688e-05,15.5518303357681,-12.1450153781042,6.67425553662731,-3.26744057896344,0
-0.348129557243846,-0.156250256500031,-0.477978022285533,-1.2226161903288,-1.76008820603017,-0.173216381444785,-0.422908289512753,1.18484589241499e-05,15.5518417247531,-12.1450224983404,6.67426132215564,-3.2674420957429,0
-0.348129557243846,-0.156250265871325,-0.47797833878479,-1.2226167056386,-1.76009069393586,-0.173211542351069,-0.422910668001603,1.18397618456492e-05,15.5518528919043,-12.1450294902715,6.67426699170508,-3.26744359007228,0
-0.348129557243846,-0.156250275343715,-0.477978649192309,-1.2226172144951,-1.7600931331975,-0.173206796558488,-0.422913001273489,1.18312684689655e-05,15.5518638415494,-12.1450363561984,6.67427254760309,-3.26744506225205,0
-0.348129557243846,-0.156250284909705,-0.477978953625526,-1.22261771693728,-1.76009552477225,-0.173202142262595,-0.422915290187297,1.18229745802876e-05,15.5518745779317,-12.1450430983807,6.67427799213043,-3.26744651257946,0
-0.348129557243846,-0.156250294562054,-0.477979252199611,-1.22261821300546,-1.76009786959827,-0.173197577693998,-0.422917535585602,1.1814876041798e-05,15.5518851052114,-12.1450497190379,6.67428332752201,-3.26744794134853,0
-0.348129557243846,-0.156250304293766,-0.47797954502751,-1.22261870274128,-1.76010016859512,-0.173193101117676,-0.422919738294985,1.18069687905818e-05,15.5518954274676,-12.1450562203498,6.67428855596789,-3.26744934885008,0
-0.348129557243846,-0.156250314098084,-0.477979832219987,-1.22261918618753,-1.76010242266413,-0.173188710832305,-0.422921899126329,1.17992488375404e-05,15.5519055486995,-12.1450626044571,6.67429367961411,-3.26745073537175,0
-0.348129557243846,-0.156250323968485,-0.477980113885668,-1.22261966338816,-1.76010463268874,-0.173184405169598,-0.422924018875124,1.17917122663104e-05,15.5519154728284,-12.1450688734627,6.67429870056362,-3.267452101198,0
-0.348129557243846,-0.156250333898671,-0.477980390131081,-1.22262013438819,-1.7601067995349,-0.173180182493662,-0.422926098321757,1.17843552322002e-05,15.5519252036988,-12.1450750294318,6.67430362087712,-3.26745344661013,0
-0.348129557243846,-0.156250343882565,-0.477980661060698,-1.22262059923359,-1.76010892405137,-0.173176041200364,-0.422928138231798,1.17771739611256e-05,15.5519347450802,-12.1450810743925,6.67430844257394,-3.2674547718863,0
-0.348129557243846,-0.156250353914301,-0.477980926776974,-1.22262105797129,-1.76011100707011,-0.17317197971671,-0.422930139356281,1.17701647485526e-05,15.5519441006684,-12.1450870103371,6.67431316763284,-3.26745607730153,0
-0.348129557243846,-0.156250363988225,-0.477981187380385,-1.22262151064907,-1.7601130494066,-0.173167996500235,-0.422932102431984,1.17633239584545e-05,15.5519532740872,-12.1450928392221,6.67431779799285,-3.26745736312776,0
-0.348129557243846,-0.156250374098881,-0.477981442969467,-1.22262195731554,-1.76011505186016,-0.173164090038413,-0.422934028181695,1.17566480222738e-05,15.5519622688892,-12.145098562969,6.67432233555404,-3.26745862963381,0
-0.348129557243846,-0.15625038424101,-0.477981693640855,-1.22262239802001,-1.76011701521428,-0.173160258848066,-0.42293591731448,1.17501334378951e-05,15.5519710885581,-12.1451041834652,6.67432678217832,-3.26745987708543,0
-0.348129557243846,-0.156250394409546,-0.477981939489317,-1.22262283281251,-1.76011894023694,-0.173156501474792,-0.422937770525944,1.17437767686259e-05,15.5519797365091,-12.1451097025642,6.67433113969024,-3.26746110574532,0
-0.348129557243846,-0.156250404599604,-0.477982180607794,-1.2226232617437,-1.76012082768093,-0.173152816492406,-0.422939588498484,1.17375746421847e-05,15.551988216091,-12.1451151220865,6.67433540987766,-3.26746231587315,0
-0.348129557243846,-0.156250414806483,-0.47798241708743,-1.22262368486482,-1.76012267828412,-0.17314920250239,-0.422941371901546,1.17315237496999e-05,15.551996530587,-12.14512044382,6.67433959449256,-3.26746350772555,0
-0.348129557243846,-0.156250425025653,-0.47798264901761,-1.22262410222765,-1.76012449276979,-0.173145658133348,-0.422943121391861,1.17256208447224e-05,15.5520046832163,-12.1451256695208,6.67434369525174,-3.26746468155617,0
-0.348129557243846,-0.156250435252756,-0.477982876485996,-1.22262451388445,-1.76012627184692,-0.173142182040482,-0.422944837613697,1.17198627422409e-05,15.5520126771353,-12.1451308009134,6.67434771383751,-3.26746583761568,0
-0.348129557243846,-0.156250445483598,-0.477983099578555,-1.22262491988792,-1.76012801621046,-0.173138772905072,-0.422946521199088,1.17142463177082e-05,15.5520205154384,-12.1451358396918,6.67435165189841,-3.26746697615178,0
-0.348129557243846,-0.156250455714145,-0.477983318379597,-1.22262532029115,-1.76012972654161,-0.173135429433965,-0.422948172768069,1.17087685060824e-05,15.55202820116,-12.1451407875194,6.67435551104985,-3.26746809740926,0
-0.348129557243846,-0.156250465940519,-0.477983532971802,-1.22262571514761,-1.76013140350811,-0.17313215035908,-0.422949792928905,1.17034263008732e-05,15.5520357372748,-12.14514564603,6.67435929287483,-3.26746920162995,0
-0.348129557243846,-0.156250476158993,-0.477983743436258,-1.22262610451104,-1.76013304776451,-0.173128934436917,-0.422951382278311,1.16982167532011e-05,15.5520431266999,-12.1451504168282,6.67436299892453,-3.26747028905282,0
-0.348129557243846,-0.156250486365984,-0.477983949852484,-1.22262648843549,-1.76013465995241,-0.17312578044808,-0.422952941401677,1.16931369708626e-05,15.552050372295,-12.1451551014899,6.67436663071902,-3.26747135991396,0
-0.348129557243846,-0.156250496558054,-0.477984152298468,-1.22262686697523,-1.76013624070073,-0.173122687196804,-0.422954470873275,1.16881841174133e-05,15.5520574768641,-12.1451597015629,6.67437018974782,-3.2674724144466,0
-0.348129557243846,-0.156250506731902,-0.47798435085069,-1.22262724018472,-1.76013779062597,-0.173119653510498,-0.422955971256477,1.16833554112485e-05,15.5520644431566,-12.1451642185672,6.67437367747053,-3.26747345288115,0
-0.348129557243846,-0.156250516884361,-0.477984545584155,-1.22262760811861,-1.76013931033247,-0.173116678239291,-0.422957443103959,1.16786481247101e-05,15.552071273868,-12.1451686539957,6.67437709531748,-3.2674744754452,0
-0.348129557243846,-0.156250527012394,-0.477984736572421,-1.22262797083165,-1.7601408004126,-0.173113760255591,-0.422958886957903,1.16740595831908e-05,15.5520779716412,-12.1451730093145,6.67438044469023,-3.26747548236356,0
-0.348129557243846,-0.15625053711309,-0.477984923887626,-1.22262832837872,-1.76014226144706,-0.173110898453651,-0.4229603033502,1.16695871642537e-05,15.5520845390676,-12.1451772859636,6.67438372696225,-3.26747647385829,0
-0.348129557243846,-0.15625054718366,-0.477985107600518,-1.22262868081474,-1.76014369400508,-0.173108091749143,-0.42296169280264,1.16652282967661e-05,15.5520909786879,-12.1451814853572,6.67438694347939,-3.26747745014869,0
-0.348129557243846,-0.156250557221434,-0.477985287780475,-1.22262902819469,-1.76014509864466,-0.173105339078742,-0.422963055827108,1.16609804600359e-05,15.5520972929932,-12.145185608884,6.67439009556051,-3.26747841145136,0
-0.348129557243846,-0.156250567223858,-0.477985464495543,-1.22262937057356,-1.76014647591277,-0.173102639399716,-0.42296439292577,1.16568411829621e-05,15.552103484426,-12.1451896579083,6.67439318449795,-3.26747935798019,0
-0.348129557243846,-0.156250577188488,-0.477985637812449,-1.22262970800633,-1.76014782634561,-0.173099991689525,-0.422965704591257,1.16528080432009e-05,15.5521095553812,-12.1451936337695,6.67439621155815,-3.26748028994642,0
-0.348129557243846,-0.15625058711299,-0.477985807796636,-1.22263004054792,-1.76014915046879,-0.17309739494543,-0.422966991306847,1.16488786663309e-05,15.5521155082067,-12.1451975377833,6.67439917798209,-3.26748120755864,0
-0.348129557243846,-0.156250596995134,-0.477985974512283,-1.22263036825319,-1.76015044879755,-0.173094848184106,-0.422968253546645,1.16450507250404e-05,15.5521213452049,-12.1452013712418,6.67440208498584,-3.26748211102279,0
-0.348129557243846,-0.156250606832791,-0.477986138022332,-1.22263069117694,-1.76015172183699,-0.173092350441266,-0.42296949177575,1.16413219383179e-05,15.5521270686328,-12.145205135414,6.67440493376106,-3.26748300054223,0
-0.348129557243846,-0.156250616623933,-0.47798629838851,-1.22263100937383,-1.76015297008222,-0.173089900771287,-0.422970706450433,1.16376900706543e-05,15.5521326807038,-12.145208831546,6.6744077254755,-3.26748387631776,0
-0.348129557243846,-0.156250626366626,-0.477986455671354,-1.22263132289839,-1.76015419401862,-0.173087498246853,-0.422971898018302,1.16341529312585e-05,15.5521381835877,-12.1452124608619,6.67441046127344,-3.26748473854759,0
-0.348129557243846,-0.156250636059029,-0.47798660993023,-1.22263163180502,-1.76015539412198,-0.173085141958593,-0.422973066918464,1.16307083732803e-05,15.5521435794124,-12.1452160245636,6.67441314227621,-3.26748558742743,0
-0.348129557243846,-0.156250645699391,-0.477986761223363,-1.22263193614792,-1.76015657085874,-0.173082831014736,-0.42297421358169,1.16273542930415e-05,15.5521488702637,-12.1452195238316,6.6744157695826,-3.26748642315047,0
-0.348129557243846,-0.156250655286047,-0.477986909607853,-1.22263223598113,-1.76015772468611,-0.173080564540767,-0.422975338430571,1.1624088629288e-05,15.5521540581872,-12.1452229598252,6.67441834426938,-3.26748724590742,0
-0.348129557243846,-0.156250664817418,-0.477987055139698,-1.22263253135846,-1.76015885605234,-0.173078341679092,-0.422976441879674,1.16209093624368e-05,15.5521591451882,-12.1452263336831,6.67442086739167,-3.26748805588654,0
-0.348129557243846,-0.156250674292006,-0.477987197873817,-1.22263282233351,-1.76015996539682,-0.17307616158871,-0.422977524335695,1.1617814513846e-05,15.5521641332331,-12.1452296465233,6.67442333998344,-3.26748885327365,0
-0.348129557243846,-0.156250683708391,-0.47798733786407,-1.22263310895963,-1.76016105315029,-0.173074023444891,-0.422978586197605,1.16148021450852e-05,15.5521690242498,-12.1452328994441,6.67442576305788,-3.26748963825215,0
-0.348129557243846,-0.156250693065232,-0.477987475163276,-1.22263339128993,-1.76016211973503,-0.173071926438855,-0.422979627856802,1.16118703572278e-05,15.5521738201286,-12.1452360935238,6.67442813760785,-3.26749041100306,0
-0.348129557243846,-0.156250702361259,-0.477987609823239,-1.22263366937723,-1.76016316556498,-0.173069869777469,-0.422980649697249,1.16090172901401e-05,15.552178522723,-12.1452392298217,6.67443046460628,-3.26749117170506,0
-0.348129557243846,-0.156250711595277,-0.47798774189476,-1.2226339432741,-1.76016419104594,-0.173067852682939,-0.42298165209562,1.1606241121788e-05,15.5521831338501,-12.1452423093779,6.67443274500658,-3.26749192053445,0
-0.348129557243846,-0.156250720766158,-0.477987871427662,-1.22263421303279,-1.76016519657574,-0.173065874392513,-0.422982635421434,1.1603540067555e-05,15.5521876552917,-12.145245333214,6.67443497974301,-3.26749265766525,0
-0.348129557243846,-0.156250729872842,-0.477987998470808,-1.22263447870524,-1.76016618254436,-0.173063934158189,-0.422983600037193,1.16009123795638e-05,15.5521920887949,-12.145248302333,6.67443716973108,-3.26749338326916,0
-0.348129557243846,-0.156250738914334,-0.477988123072119,-1.22263474034309,-1.76016714933412,-0.173062031246429,-0.422984546298518,1.15983563460167e-05,15.5521964360726,-12.1452512177203,6.67443931586793,-3.26749409751562,0
-0.348129557243846,-0.156250747889702,-0.477988245278589,-1.22263499799764,-1.76016809731983,-0.173060164937876,-0.422985474554272,1.15958702905343e-05,15.5522006988042,-12.1452540803433,6.6744414190327,-3.26749480057185,0
-0.348129557243846,-0.156250756798075,-0.477988365136309,-1.22263525171986,-1.7601690268689,-0.173058334527081,-0.422986385146696,1.15934525715129e-05,15.5522048786364,-12.1452568911524,6.67444348008686,-3.26749549260281,0
-0.348129557243846,-0.15625076563864,-0.477988482690479,-1.22263550156037,-1.76016993834154,-0.173056539322233,-0.42298727841153,1.15911015814895e-05,15.5522089771839,-12.1452596510806,6.67444549987461,-3.26749617377128,0
-0.348129557243846,-0.156250774410642,-0.477988597985431,-1.22263574756941,-1.76017083209087,-0.173054778644894,-0.422988154678138,1.15888157465123e-05,15.5522129960298,-12.1452623610445,6.67444747922321,-3.26749684423787,0
-0.348129557243846,-0.15625078311338,-0.477988711064637,-1.22263598979689,-1.76017170846307,-0.173053051829737,-0.422989014269629,1.15865935255279e-05,15.5522169367262,-12.1452650219439,6.6744494189433,-3.26749750416103,0
-0.348129557243846,-0.156250791746207,-0.477988821970736,-1.22263622829232,-1.7601725677975,-0.173051358224296,-0.422989857502975,1.15844334097719e-05,15.552220800795,-12.1452676346628,6.67445131982928,-3.2674981536971,0
-0.348129557243846,-0.156250800308526,-0.477988930745541,-1.22263646310484,-1.76017341042688,-0.173049697188714,-0.422990684689127,1.15823339221648e-05,15.5522245897285,-12.1452702000692,6.67445318265957,-3.26749879300028,0
-0.348129557243846,-0.15625080879979,-0.477989037430062,-1.22263669428321,-1.76017423667738,-0.173048068095496,-0.422991496133133,1.15802936167368e-05,15.5522283049898,-12.1452727190155,6.67445500819699,-3.26749942222272,0
-0.348129557243846,-0.156250817219501,-0.477989142064516,-1.22263692187577,-1.76017504686874,-0.173046470329276,-0.422992292134243,1.15783110780341e-05,15.5522319480134,-12.1452751923388,6.67445679718906,-3.2675000415145,0
-0.348129557243846,-0.156250825567206,-0.477989244688346,-1.22263714593049,-1.76017584131446,-0.173044903286573,-0.422993072986027,1.15763849205539e-05,15.5522355202059,-12.1452776208612,6.67445855036829,-3.26750065102365,0
-0.348129557243846,-0.156250833842497,-0.477989345340236,-1.22263736649491,-1.76017662032186,-0.173043366375568,-0.422993838976477,1.15745137881829e-05,15.5522390229465,-12.1452800053902,6.67446026845248,-3.26750125089621,0
-0.348129557243846,-0.156250842045008,-0.47798944405812,-1.22263758361618,-1.76017738419222,-0.173041859015875,-0.422994590388114,1.15726963536432e-05,15.5522424575873,-12.1452823467185,6.67446195214504,-3.26750184127622,0
-0.348129557243846,-0.156250850174416,-0.477989540879207,-1.22263779734103,-1.76017813322091,-0.173040380638317,-0.422995327498094,1.15709313179458e-05,15.5522458254544,-12.1452846456248,6.67446360213526,-3.26750242230573,0
-0.348129557243846,-0.156250858230437,-0.477989635839983,-1.22263800771575,-1.76017886769751,-0.173038930684714,-0.422996050578307,1.15692174098569e-05,15.5522491278475,-12.1452869028738,6.67446521909861,-3.26750299412489,0
-0.348129557243846,-0.156250866212827,-0.477989728976234,-1.22263821478625,-1.76017958790591,-0.173037508607662,-0.42299675989548,1.15675533853724e-05,15.5522523660416,-12.1452891192164,6.67446680369698,-3.26750355687187,0
-0.348129557243846,-0.156250874121377,-0.477989820323056,-1.22263841859796,-1.76018029412444,-0.173036113870335,-0.422997455711272,1.15659380271949e-05,15.5522555412861,-12.1452912953901,6.67446835657902,-3.26750411068298,0
-0.348129557243846,-0.156250881955915,-0.477989909914868,-1.22263861919593,-1.76018098662593,-0.173034745946268,-0.422998138282372,1.15643701442299e-05,15.5522586548067,-12.1452934321191,6.67446987838032,-3.26750465569263,0
-0.348129557243846,-0.156250889716305,-0.477989997785425,-1.22263881662475,-1.76018166567791,-0.173033404319165,-0.422998807860593,1.15628485710759e-05,15.5522617078049,-12.1452955301145,6.67447136972375,-3.26750519203338,0
-0.348129557243846,-0.156250897402442,-0.477990083967834,-1.22263901092857,-1.76018233154263,-0.1730320884827,-0.422999464692962,1.15613721675359e-05,15.5522647014586,-12.1452975900749,6.67447283121967,-3.26750571983595,0
-0.348129557243846,-0.156250905014253,-0.477990168494562,-1.22263920215114,-1.76018298447719,-0.173030797940319,-0.423000109021817,1.15599398181333e-05,15.552267636923,-12.145299612686,6.6744742634662,-3.26750623922923,0
-0.348129557243846,-0.156250912551698,-0.477990251397451,-1.22263939033573,-1.76018362473368,-0.173029532205058,-0.423000741084888,1.15585504316271e-05,15.5522705153307,-12.1453015986216,6.67447566704946,-3.26750675034035,0
-0.348129557243846,-0.156250920014765,-0.477990332707729,-1.22263957552519,-1.76018425255923,-0.173028290799352,-0.423001361115392,1.15572029405485e-05,15.5522733377922,-12.145303548543,6.6744770425438,-3.26750725329463,0
-0.348129557243846,-0.156250927403469,-0.477990412456022,-1.22263975776193,-1.7601848681961,-0.173027073254855,-0.423001969342114,1.15558963007364e-05,15.5522761053963,-12.1453054630999,6.67447839051205,-3.26750774821566,0
-0.348129557243846,-0.156250934717856,-0.477990490672368,-1.22263993708792,-1.76018547188185,-0.173025879112261,-0.42300256598949,1.15546294908852e-05,15.5522788192106,-12.1453073429301,6.67447971150578,-3.26750823522529,0
-0.348129557243846,-0.156250941957997,-0.477990567386224,-1.22264011354467,-1.76018606384934,-0.173024707921129,-0.423003151277696,1.15534015120977e-05,15.552281480282,-12.1453091886602,6.67448100606545,-3.26750871444367,0
-0.348129557243846,-0.156250949123986,-0.47799064262648,-1.22264028717326,-1.7601866443269,-0.17302355923971,-0.423003725422722,1.15522113874419e-05,15.5522840896368,-12.1453110009053,6.6744822747207,-3.26750918598925,0
-0.348129557243846,-0.156250956215943,-0.47799071642147,-1.22264045801432,-1.76018721353836,-0.173022432634783,-0.423004288636455,1.15510581615257e-05,15.5522866482813,-12.1453127802696,6.67448351799055,-3.26750964997881,0
-0.348129557243846,-0.156250963234013,-0.477990788798983,-1.22264062610806,-1.76018777170318,-0.173021327681483,-0.423004841126755,1.154994090007e-05,15.5522891572024,-12.1453145273463,6.67448473638359,-3.26751010652749,0
-0.348129557243846,-0.156250970178361,-0.47799085978627,-1.2226407914942,-1.76018831903652,-0.173020243963146,-0.423005383097533,1.15488586894904e-05,15.5522916173676,-12.1453162427182,6.67448593039824,-3.2675105557488,0
-0.348129557243846,-0.156250977049173,-0.47799092941006,-1.22264095421207,-1.76018885574932,-0.173019181071147,-0.423005914748826,1.15478106364891e-05,15.5522940297255,-12.1453179269573,6.67448710052289,-3.26751099775463,0
-0.348129557243846,-0.156250983846658,-0.477990997696565,-1.22264111430052,-1.76018938204839,-0.173018138604743,-0.423006436276871,1.15467958676542e-05,15.5522963952063,-12.1453195806254,6.67448824723615,-3.26751143265529,0
-0.348129557243846,-0.156250990571043,-0.477991064671493,-1.22264127179797,-1.76018989813649,-0.173017116170924,-0.423006947874172,1.15458135290595e-05,15.552298714722,-12.1453212042745,6.67448937100702,-3.26751186055952,0
-0.348129557243846,-0.156250997222574,-0.477991130360057,-1.22264142674241,-1.76019040421242,-0.17301611338426,-0.42300744972958,1.15448627858772e-05,15.5523009891669,-12.1453227984463,6.67449047229511,-3.26751228157451,0
-0.348129557243846,-0.156251003801514,-0.477991194786985,-1.22264157917136,-1.76019090047108,-0.173015129866757,-0.423007942028354,1.15439428219984e-05,15.5523032194177,-12.1453243636729,6.67449155155081,-3.26751269580593,0
-0.348129557243846,-0.156251010308146,-0.477991257976526,-1.22264172912194,-1.76019138710356,-0.173014165247711,-0.423008424952232,1.15430528396567e-05,15.5523054063343,-12.1453259004768,6.67449260921545,-3.2675131033579,0
-0.348129557243846,-0.156251016742767,-0.477991319952466,-1.22264187663081,-1.7601918642972,-0.173013219163569,-0.423008898679502,1.15421920590576e-05,15.5523075507596,-12.1453274093712,6.67449364572153,-3.2675135043331,0
-0.348129557243846,-0.15625102310569,-0.477991380738129,-1.2226420217342,-1.76019233223568,-0.173012291257788,-0.42300936338506,1.15413597180168e-05,15.5523096535202,-12.14532889086,6.67449466149289,-3.2675138988327,0
-0.348129557243846,-0.156251029397245,-0.477991440356394,-1.2226421644679,-1.76019279109909,-0.173011381180701,-0.42300981924048,1.15405550716054e-05,15.5523117154264,-12.145330345438,6.67449565694484,-3.26751428695642,0
-0.348129557243846,-0.156251035617772,-0.477991498829695,-1.22264230486728,-1.76019324106399,-0.173010488589386,-0.423010266414074,1.15397773917989e-05,15.552313737273,-12.1453317735912,6.67449663248437,-3.26751466880256,0
-0.348129557243846,-0.15625104176763,-0.477991556180037,-1.22264244296727,-1.7601936823035,-0.173009613147531,-0.423010705070958,1.15390259671371e-05,15.5523157198391,-12.1453331757968,6.67449758851033,-3.26751504446798,0
-0.348129557243846,-0.156251047847187,-0.477991612429001,-1.22264257880239,-1.76019411498734,-0.17300875452531,-0.423011135373106,1.15383001023853e-05,15.5523176638887,-12.1453345525233,6.67449852541355,-3.26751541404816,0
-0.348129557243846,-0.156251053856824,-0.477991667597752,-1.22264271240671,-1.76019453928191,-0.173007912399256,-0.423011557479417,1.15375991181999e-05,15.5523195701709,-12.145335904231,6.67449944357702,-3.26751577763719,0
-0.348129557243846,-0.156251059796934,-0.477991721707046,-1.22264284381389,-1.76019495535037,-0.173007086452137,-0.423011971545767,1.15369223508083e-05,15.5523214394201,-12.1453372313718,6.67450034337606,-3.26751613532778,0
-0.348129557243846,-0.156251065667923,-0.477991774777243,-1.22264297305716,-1.76019536335268,-0.173006276372838,-0.423012377725072,1.15362691516877e-05,15.5523232723565,-12.1453385343894,6.67450122517846,-3.26751648721131,0
-0.348129557243846,-0.156251071470204,-0.477991826828307,-1.22264310016936,-1.76019576344567,-0.173005481856241,-0.42301277616734,1.15356388872513e-05,15.5523250696864,-12.1453398137196,6.67450208934465,-3.26751683337783,0
-0.348129557243846,-0.156251077204203,-0.47799187787982,-1.22264322518287,-1.76019615578313,-0.173004702603108,-0.423013167019727,1.15350309385419e-05,15.552326832102,-12.1453410697903,6.6745029362278,-3.26751717391607,0
-0.348129557243846,-0.156251082870353,-0.477991927950987,-1.2226433481297,-1.7601965405158,-0.173003938319971,-0.423013550426593,1.1534444700927e-05,15.5523285602824,-12.1453423030218,6.67450376617404,-3.26751750891348,0
-0.348129557243846,-0.156251088469098,-0.477991977060643,-1.22264346904142,-1.76019691779151,-0.173003188719017,-0.423013926529554,1.15338795838067e-05,15.5523302548931,-12.1453435138268,6.67450457952252,-3.26751783845622,0
-0.348129557243846,-0.156251094000888,-0.477992025227259,-1.2226435879492,-1.7601972877552,-0.173002453517979,-0.423014295467534,1.15333350103182e-05,15.5523319165868,-12.1453447026104,6.67450537660562,-3.26751816262917,0
-0.348129557243846,-0.156251099466183,-0.477992072468954,-1.22264370488382,-1.76019765054895,-0.173001732440032,-0.423014657376815,1.15328104170529e-05,15.5523335460037,-12.1453458697707,6.67450615774903,-3.26751848151601,0
-0.348129557243846,-0.156251104865451,-0.477992118803495,-1.22264381987564,-1.7601980063121,-0.173001025213682,-0.423015012391091,1.15323052537752e-05,15.5523351437711,-12.1453470156983,6.67450692327195,-3.26751879519915,0
-0.348129557243846,-0.156251110199163,-0.477992164248307,-1.22264393295463,-1.76019835518125,-0.173000331572671,-0.423015360641512,1.15318189831472e-05,15.5523367105045,-12.1453481407771,6.67450767348713,-3.26751910375981,0
-0.348129557243846,-0.1562511154678,-0.477992208820482,-1.22264404415036,-1.76019869729033,-0.172999651255868,-0.423015702256735,1.15313510804602e-05,15.552338246807,-12.1453492453839,6.6745084087011,-3.26751940727801,0
-0.348129557243846,-0.156251120671849,-0.477992252536781,-1.22264415349202,-1.76019903277067,-0.172998984007174,-0.423016037362973,1.15309010333653e-05,15.5523397532704,-12.1453503298887,6.6745091292142,-3.26751970583258,0
-0.348129557243846,-0.156251125811801,-0.477992295413645,-1.22264426100839,-1.76019936175101,-0.172998329575424,-0.423016366084038,1.15304683416171e-05,15.5523412304745,-12.1453513946549,6.67450983532078,-3.2675199995012,0
-0.348129557243846,-0.156251130888152,-0.477992337467194,-1.22264436672789,-1.76019968435761,-0.172997687714291,-0.423016688541389,1.15300525168186e-05,15.5523426789883,-12.1453524400394,6.67451052730928,-3.26752028836039,0
-0.348129557243846,-0.156251135901406,-0.477992378713243,-1.22264447067853,-1.76020000071424,-0.172997058182197,-0.423017004854174,1.15296530821684e-05,15.5523440993693,-12.1453534663925,6.67451120546235,-3.26752057248554,0
-0.348129557243846,-0.156251140852068,-0.477992419167299,-1.22264457288797,-1.76020031094226,-0.172996440742211,-0.423017315139279,1.15292695722169e-05,15.5523454921643,-12.1453544740582,6.67451187005699,-3.26752085195093,0
-0.348129557243846,-0.156251145740648,-0.477992458844572,-1.22264467338346,-1.76020061516068,-0.172995835161972,-0.423017619511365,1.15289015326251e-05,15.5523468579096,-12.1453554633747,6.67451252136463,-3.26752112682972,0
-0.348129557243846,-0.156251150567661,-0.477992497759979,-1.22264477219192,-1.76020091348616,-0.17299524121359,-0.423017918082915,1.15285485199277e-05,15.5523481971308,-12.1453564346735,6.67451315965127,-3.267521397194,0
-0.348129557243846,-0.156251155333625,-0.477992535928152,-1.22264486933985,-1.76020120603309,-0.172994658673567,-0.423018210964271,1.15282101013017e-05,15.5523495103434,-12.1453573882806,6.67451378517759,-3.26752166311476,0
-0.348129557243846,-0.156251160039059,-0.477992573363437,-1.22264496485344,-1.76020149291365,-0.172994087322708,-0.423018498263679,1.1527885854339e-05,15.5523507980529,-12.1453583245159,6.67451439819901,-3.26752192466197,0
-0.348129557243846,-0.156251164684488,-0.477992610079909,-1.22264505875847,-1.76020177423781,-0.172993526946039,-0.423018780087326,1.152757536682e-05,15.5523520607549,-12.1453592436936,6.67451499896586,-3.26752218190452,0
-0.348129557243846,-0.156251169270438,-0.477992646091369,-1.22264515108038,-1.7602020501134,-0.172992977332727,-0.423019056539381,1.15272782365016e-05,15.5523532989353,-12.1453601461222,6.67451558772345,-3.26752243491029,0
-0.348129557243846,-0.156251173797436,-0.477992681411354,-1.22264524184427,-1.76020232064616,-0.172992438275997,-0.423019327722031,1.15269940708967e-05,15.5523545130707,-12.1453610321047,6.67451616471217,-3.26752268374613,0
-0.348129557243846,-0.156251178266013,-0.477992716053139,-1.22264533107487,-1.76020258593974,-0.172991909573056,-0.42301959373552,1.15267224870649e-05,15.5523557036282,-12.1453619019385,6.67451673016758,-3.26752292847789,0
-0.348129557243846,-0.1562511826767,-0.477992750029745,-1.22264541879656,-1.76020284609581,-0.172991391025016,-0.423019854678186,1.15264631114078e-05,15.552356871066,-12.1453627559159,6.67451728432054,-3.26752316917045,0
-0.348129557243846,-0.15625118703003,-0.477992783353943,-1.22264550503339,-1.76020310121401,-0.172990882436819,-0.423020110646499,1.15262155794662e-05,15.5523580158332,-12.1453635943236,6.67451782739727,-3.2675234058877,0
-0.348129557243846,-0.156251191326538,-0.477992816038257,-1.22264558980905,-1.76020335139208,-0.17299038361716,-0.423020361735091,1.15259795357203e-05,15.5523591383704,-12.1453644174435,6.67451835961946,-3.26752363869256,0
-0.348129557243846,-0.156251195566758,-0.477992848094971,-1.22264567314692,-1.76020359672584,-0.172989894378419,-0.423020608036797,1.15257546333938e-05,15.5523602391093,-12.145365225552,6.67451888120434,-3.26752386764702,0
-0.348129557243846,-0.156251199751227,-0.477992879536132,-1.22264575507002,-1.76020383730923,-0.172989414536585,-0.423020849642686,1.15255405342693e-05,15.5523613184736,-12.1453660189209,6.67451939236483,-3.26752409281212,0
-0.348129557243846,-0.156251203880479,-0.477992910373555,-1.22264583560105,-1.76020407323437,-0.172988943911192,-0.423021086642096,1.15253369084945e-05,15.5523623768784,-12.1453667978168,6.67451989330955,-3.26752431424799,0
-0.348129557243846,-0.156251207955052,-0.47799294061883,-1.22264591476238,-1.76020430459159,-0.172988482325246,-0.423021319122664,1.1525143434402e-05,15.5523634147309,-12.1453675625018,6.67452038424294,-3.26752453201384,0
-0.348129557243846,-0.156251211975481,-0.477992970283322,-1.22264599257607,-1.76020453146946,-0.172988029605159,-0.423021547170363,1.15249597983303e-05,15.5523644324302,-12.1453683132329,6.67452086536535,-3.26752474616799,0
-0.348129557243846,-0.156251215942303,-0.477992999378178,-1.22264606906385,-1.76020475395481,-0.172987585580685,-0.423021770869528,1.15247856944443e-05,15.552365430368,-12.1453690502628,6.67452133687312,-3.26752495676788,0
-0.348129557243846,-0.156251219856053,-0.477993027914331,-1.22264614424713,-1.7602049721328,-0.172987150084854,-0.423021990302893,1.15246208245672e-05,15.5523664089279,-12.1453697738394,6.67452179895866,-3.26752516387008,0
-0.348129557243846,-0.156251223717266,-0.477993055902503,-1.22264621814702,-1.76020518608692,-0.172986722953909,-0.423022205551617,1.15244648980034e-05,15.5523673684865,-12.1453704842063,6.6745222518105,-3.26752536753027,0
-0.348129557243846,-0.156251227526476,-0.477993083353211,-1.2226462907843,-1.76020539589902,-0.172986304027245,-0.423022416695315,1.15243176313848e-05,15.5523683094126,-12.1453711816025,6.67452269561342,-3.26752556780333,0
-0.348129557243846,-0.156251231284216,-0.477993110276769,-1.22264636217947,-1.76020560164939,-0.172985893147347,-0.423022623812089,1.15241787484977e-05,15.5523692320683,-12.1453718662631,6.67452313054849,-3.26752576474328,0
-0.348129557243846,-0.156251234991019,-0.477993136683292,-1.22264643235272,-1.76020580341673,-0.172985490159729,-0.423022826978556,1.15240479801271e-05,15.5523701368082,-12.1453725384184,6.67452355679314,-3.2675259584033,0
-0.348129557243846,-0.156251238647415,-0.477993162582701,-1.22264650132392,-1.76020600127821,-0.172985094912881,-0.423023026269873,1.15239250639013e-05,15.5523710239804,-12.1453731982949,6.67452397452126,-3.26752614883579,0
-0.348129557243846,-0.156251242253934,-0.477993187984729,-1.22264656911269,-1.76020619530952,-0.172984707258204,-0.423023221759772,1.15238097441391e-05,15.552371893926,-12.1453738461151,6.67452438390325,-3.26752633609234,0
-0.348129557243846,-0.156251245811103,-0.477993212898917,-1.22264663573832,-1.76020638558485,-0.17298432704996,-0.423023413520578,1.15237017716962e-05,15.5523727469794,-12.1453744820971,6.6745247851061,-3.26752652022374,0
-0.348129557243846,-0.156251249319449,-0.477993237334626,-1.22264670121983,-1.76020657217696,-0.172983954145216,-0.423023601623244,1.15236009038218e-05,15.5523735834687,-12.1453751064553,6.67452517829345,-3.26752670128001,0
-0.348129557243846,-0.156251252779496,-0.477993261301037,-1.22264676557595,-1.76020675515719,-0.172983588403785,-0.42302378613737,1.15235069040168e-05,15.5523744037156,-12.1453757194004,6.67452556362567,-3.26752687931041,0
-0.348129557243846,-0.156251256191765,-0.477993284807152,-1.22264682882512,-1.7602069345955,-0.172983229688178,-0.423023967131236,1.1523419541887e-05,15.5523752080354,-12.1453763211389,6.6745259412599,-3.26752705436342,0
-0.348129557243846,-0.156251259556779,-0.477993307861803,-1.22264689098554,-1.76020711056047,-0.172982877863553,-0.42302414467182,1.1523338593008e-05,15.5523759967372,-12.1453769118739,6.67452631135016,-3.26752722648681,0
-0.348129557243846,-0.156251262875053,-0.47799333047365,-1.22264695207508,-1.76020728311937,-0.172982532797659,-0.423024318824828,1.15232638387905e-05,15.5523767701244,-12.1453774918046,6.67452667404736,-3.2675273957276,0
-0.348129557243846,-0.156251266147105,-0.477993352651187,-1.2226470121114,-1.76020745233815,-0.172982194360788,-0.423024489654716,1.15231950663473e-05,15.5523775284942,-12.1453780611269,6.67452702949939,-3.26752756213207,0
-0.348129557243846,-0.156251269373447,-0.477993374402747,-1.22264707111184,-1.76020761828147,-0.172981862425728,-0.423024657224711,1.15231320683616e-05,15.5523782721382,-12.1453786200329,6.6745273778512,-3.26752772574581,0
-0.348129557243846,-0.15625127255459,-0.4779933957365,-1.2226471290935,-1.76020778101275,-0.172981536867714,-0.423024821596842,1.15230746429641e-05,15.5523790013423,-12.1453791687112,6.67452771924481,-3.2675278866137,0
-0.348129557243846,-0.156251275691042,-0.477993416660459,-1.22264718607324,-1.76020794059416,-0.172981217564378,-0.423024982831955,1.15230225936027e-05,15.5523797163867,-12.1453797073472,6.6745280538194,-3.26752804477992,0
-0.348129557243846,-0.156251278783309,-0.477993437182486,-1.22264724206762,-1.76020809708668,-0.172980904395708,-0.423025140989739,1.15229757289261e-05,15.5523804175463,-12.1453802361229,6.67452838171138,-3.26752820028797,0
-0.348129557243846,-0.156251281831893,-0.477993457310288,-1.22264729709297,-1.76020825055007,-0.172980597243997,-0.423025296128748,1.15229338626592e-05,15.5523811050906,-12.1453807552169,6.67452870305442,-3.2675283531807,0
-0.348129557243846,-0.156251284837294,-0.477993477051427,-1.22264735116539,-1.76020840104298,-0.172980295993801,-0.423025448306422,1.15228968134918e-05,15.5523817792838,-12.1453812648046,6.67452901797949,-3.26752850350026,0
-0.348129557243846,-0.156251287800009,-0.477993496413319,-1.22264740430068,-1.76020854862287,-0.172980000531899,-0.423025597579108,1.15228644049583e-05,15.5523824403852,-12.1453817650584,6.67452932661498,-3.26752865128816,0
-0.348129557243846,-0.156251290720532,-0.477993515403236,-1.22264745651445,-1.76020869334611,-0.172979710747244,-0.423025744002081,1.15228364653282e-05,15.5523830886487,-12.1453822561473,6.67452962908667,-3.26752879658528,0
-0.348129557243846,-0.156251293599352,-0.477993534028311,-1.22264750782204,-1.76020883526797,-0.172979426530924,-0.423025887629565,1.15228128274973e-05,15.5523837243236,-12.1453827382376,6.67452992551785,-3.26752893943186,0
-0.348129557243846,-0.156251296436958,-0.477993552295542,-1.22264755823856,-1.76020897444265,-0.172979147776122,-0.423026028514753,1.15227933288782e-05,15.5523843476541,-12.1453832114922,6.67453021602932,-3.2675290798675,0
-0.348129557243846,-0.156251299233835,-0.477993570211789,-1.22264760777888,-1.76020911092329,-0.172978874378072,-0.423026166709824,1.15227778112959e-05,15.5523849588797,-12.1453836760715,6.67453050073946,-3.2675292179312,0
-0.348129557243846,-0.156251301990462,-0.477993587783783,-1.22264765645764,-1.76020924476201,-0.172978606234025,-0.423026302265966,1.1522766120885e-05,15.5523855582354,-12.1453841321325,6.6745307797643,-3.26752935366134,0
-0.348129557243846,-0.156251304707318,-0.477993605018125,-1.22264770428927,-1.76020937600989,-0.172978343243204,-0.423026435233393,1.15227581079867e-05,15.5523861459516,-12.1453845798298,6.67453105321754,-3.26752948709571,0
-0.348129557243846,-0.156251307384876,-0.477993621921289,-1.22264775128795,-1.76020950471704,-0.172978085306772,-0.423026565661363,1.15227536270541e-05,15.5523867222539,-12.1453850193149,6.67453132121058,-3.26752961827151,0
-0.348129557243846,-0.156251310023609,-0.477993638499623,-1.22264779746765,-1.7602096309326,-0.172977832327788,-0.423026693598197,1.15227525365521e-05,15.552387287364,-12.1453854507368,6.67453158385263,-3.26752974722536,0
-0.348129557243846,-0.156251312623982,-0.477993654759357,-1.22264784284211,-1.76020975470475,-0.172977584211178,-0.423026819091298,1.15227546988619e-05,15.552387841499,-12.1453858742416,6.67453184125067,-3.26752987399331,0
-0.348129557243846,-0.15625131518646,-0.477993670706597,-1.22264788742488,-1.76020987608072,-0.172977340863691,-0.423026942187164,1.15227599801929e-05,15.5523883848717,-12.145386289973,6.67453209350958,-3.26752999861084,0
-0.348129557243846,-0.156251317711504,-0.477993686347335,-1.22264793122928,-1.76020999510685,-0.172977102193873,-0.423027062931413,1.15227682504862e-05,15.552388917691,-12.1453866980718,6.6745323407321,-3.26753012111287,0
-0.348129557243846,-0.156251320199569,-0.477993701687445,-1.2226479742684,-1.76021011182856,-0.172976868112022,-0.42302718136879,1.1522779383331e-05,15.5523894401616,-12.1453870986765,6.67453258301894,-3.26753024153378,0
-0.348129557243846,-0.156251322651109,-0.477993716732692,-1.22264801655517,-1.76021022629039,-0.172976638530163,-0.423027297543192,1.15227932558758e-05,15.5523899524843,-12.1453874919229,6.67453282046879,-3.26753035990743,0
-0.348129557243846,-0.156251325066573,-0.477993731488726,-1.22264805810227,-1.76021033853603,-0.172976413362012,-0.423027411497681,1.15228097487415e-05,15.5523904548559,-12.1453878779446,6.67453305317836,-3.26753047626711,0
-0.348129557243846,-0.156251327446406,-0.477993745961093,-1.2226480989222,-1.7602104486083,-0.17297619252294,-0.423027523274497,1.1522828745939e-05,15.5523909474694,-12.1453882568726,6.67453328124242,-3.26753059064561,0
-0.348129557243846,-0.156251329791052,-0.477993760155227,-1.22264813902727,-1.76021055654921,-0.172975975929945,-0.423027632915078,1.15228501347919e-05,15.5523914305142,-12.1453886288356,6.67453350475386,-3.2675307030752,0
-0.348129557243846,-0.156251332100947,-0.477993774076464,-1.22264817842957,-1.76021066239995,-0.172975763501622,-0.423027740460075,1.15228738058511e-05,15.5523919041758,-12.1453889939598,6.67453372380368,-3.26753081358765,0
-0.348129557243846,-0.156251334376527,-0.477993787730032,-1.22264821714103,-1.7602107662009,-0.172975555158127,-0.423027845949362,1.15228996528205e-05,15.5523923686362,-12.1453893523693,6.67453393848108,-3.26753092221422,0
-0.348129557243846,-0.156251336618221,-0.477993801121061,-1.22264825517334,-1.76021086799167,-0.17297535082115,-0.423027949422058,1.15229275724769e-05,15.5523928240738,-12.145389704186,6.67453414887347,-3.26753102898568,0
-0.348129557243846,-0.156251338826458,-0.477993814254583,-1.22264829253806,-1.76021096781108,-0.172975150413887,-0.423028050916534,1.15229574646023e-05,15.5523932706637,-12.1453900495295,6.67453435506653,-3.26753113393232,0
-0.348129557243846,-0.156251341001659,-0.477993827135534,-1.22264832924652,-1.76021106569723,-0.172974953861008,-0.423028150470434,1.15229892319049e-05,15.5523937085774,-12.1453903885172,6.67453455714418,-3.26753123708394,0
-0.348129557243846,-0.156251343144244,-0.477993839768751,-1.2226483653099,-1.76021116168746,-0.172974761088631,-0.423028248120685,1.15230227799468e-05,15.5523941379832,-12.1453907212644,6.6745347551887,-3.26753133846988,0
-0.348129557243846,-0.156251345254628,-0.477993852158984,-1.22264840073917,-1.76021125581838,-0.172974572024291,-0.42302834390351,1.15230580170811e-05,15.5523945590461,-12.1453910478844,6.67453494928071,-3.26753143811901,0
-0.348129557243846,-0.156251347333224,-0.477993864310888,-1.22264843554515,-1.7602113481259,-0.172974386596918,-0.423028437854443,1.15230948543762e-05,15.5523949719278,-12.1453913684883,6.67453513949921,-3.26753153605975,0
-0.348129557243846,-0.156251349380438,-0.477993876229029,-1.22264846973848,-1.76021143864524,-0.172974204736803,-0.423028530008344,1.15231332055547e-05,15.552395376787,-12.1453916831854,6.67453532592163,-3.26753163232006,0
-0.348129557243846,-0.156251351396674,-0.477993887917886,-1.2226485033296,-1.76021152741093,-0.17297402637558,-0.423028620399408,1.15231729869232e-05,15.5523957737791,-12.1453919920828,6.67453550862384,-3.26753172692747,0
-0.348129557243846,-0.156251353382333,-0.477993899381853,-1.22264853632883,-1.76021161445683,-0.172973851446192,-0.423028709061178,1.15232141173114e-05,15.5523961630569,-12.1453922952858,6.6745356876802,-3.26753181990906,0
-0.348129557243846,-0.15625135533781,-0.477993910625238,-1.22264856874628,-1.76021169981614,-0.172973679882872,-0.423028796026562,1.15232565180093e-05,15.5523965447698,-12.1453925928977,6.67453586316358,-3.26753191129149,0
-0.348129557243846,-0.156251357263497,-0.477993921652266,-1.22264860059191,-1.76021178352143,-0.172973511621115,-0.423028881327838,1.15233001127053e-05,15.5523969190644,-12.14539288502,6.67453603514539,-3.26753200110099,0
-0.348129557243846,-0.156251359159783,-0.477993932467084,-1.22264863187554,-1.76021186560461,-0.172973346597655,-0.423028964996673,1.15233448274268e-05,15.5523972860846,-12.1453931717524,6.6745362036956,-3.26753208936338,0
-0.348129557243846,-0.156251361027053,-0.477993943073755,-1.22264866260678,-1.76021194609702,-0.172973184750441,-0.42302904706413,1.15233905904808e-05,15.5523976459715,-12.1453934531928,6.67453636888281,-3.26753217610406,0
-0.348129557243846,-0.156251362865687,-0.477993953476268,-1.22264869279514,-1.76021202502934,-0.172973026018612,-0.42302912756068,1.1523437332399e-05,15.5523979988632,-12.1453937294371,6.67453653077421,-3.26753226134804,0
-0.348129557243846,-0.156251364676061,-0.477993963678533,-1.22264872244993,-1.76021210243169,-0.172972870342477,-0.423029206516217,1.15234849858801e-05,15.5523983448955,-12.1453940005797,6.67453668943568,-3.26753234511991,0
-0.348129557243846,-0.156251366458549,-0.477993973684385,-1.22264875158034,-1.76021217833359,-0.17297271766349,-0.423029283960063,1.15235334857357e-05,15.5523986842011,-12.1453942667133,6.67453684493175,-3.26753242744388,0
-0.348129557243846,-0.15625136821352,-0.477993983497588,-1.22264878019539,-1.760212252764,-0.17297256792423,-0.423029359920984,1.1523582768838e-05,15.5523990169106,-12.1453945279287,6.67453699732569,-3.26753250834379,0
-0.348129557243846,-0.156251369941338,-0.47799399312183,-1.22264880830395,-1.76021232575132,-0.172972421068376,-0.423029434427197,1.15236327740616e-05,15.5523993431518,-12.1453947843154,6.67453714667948,-3.26753258784307,0
-0.348129557243846,-0.156251371642366,-0.477994002560731,-1.22264883591475,-1.76021239732337,-0.172972277040691,-0.423029507506383,1.15236834422428e-05,15.55239966305,-12.1453950359609,6.67453729305386,-3.2675326659648,0
-0.348129557243846,-0.156251373316961,-0.47799401181784,-1.22264886303639,-1.76021246750748,-0.172972135786996,-0.423029579185697,1.15237347161222e-05,15.5523999767282,-12.1453952829515,6.67453743650838,-3.26753274273167,0
-0.348129557243846,-0.156251374965477,-0.477994020896639,-1.22264888967732,-1.76021253633041,-0.172971997254154,-0.423029649491776,1.15237865402971e-05,15.5524002843068,-12.1453955253715,6.67453757710137,-3.26753281816602,0
-0.348129557243846,-0.156251376588264,-0.477994029800543,-1.22264891584582,-1.76021260381842,-0.172971861390045,-0.423029718450751,1.15238388611757e-05,15.5524005859042,-12.145395763304,6.67453771489001,-3.26753289228984,0
-0.348129557243846,-0.156251378185668,-0.477994038532901,-1.22264894155009,-1.76021266999726,-0.172971728143553,-0.423029786088254,1.15238916269291e-05,15.5524008816362,-12.1453959968306,6.67453784993033,-3.26753296512474,0
-0.348129557243846,-0.156251379758031,-0.477994047096998,-1.22264896679815,-1.76021273489218,-0.172971597464539,-0.423029852429431,1.15239447874454e-05,15.5524011716165,-12.1453962260312,6.67453798227724,-3.26753303669201,0
-0.348129557243846,-0.156251381305693,-0.477994055496056,-1.2226489915979,-1.76021279852794,-0.17297146930383,-0.423029917498949,1.1523998294286e-05,15.5524014559564,-12.1453964509845,6.67453811198454,-3.2675331070126,0
-0.348129557243846,-0.156251382828988,-0.477994063733235,-1.22264901595711,-1.76021286092883,-0.172971343613193,-0.423029981321005,1.15240521006441e-05,15.5524017347654,-12.1453966717675,6.67453823910499,-3.26753317610709,0
-0.348129557243846,-0.156251384328248,-0.477994071811634,-1.22264903988343,-1.76021292211864,-0.172971220345324,-0.423030043919336,1.15241061612961e-05,15.5524020081506,-12.1453968884561,6.67453836369024,-3.26753324399577,0
-0.348129557243846,-0.1562513858038,-0.477994079734294,-1.22264906338437,-1.76021298212074,-0.172971099453825,-0.423030105317228,1.15241604325687e-05,15.552402276217,-12.1453971011246,6.67453848579096,-3.26753331069858,0
-0.348129557243846,-0.156251387255968,-0.477994087504197,-1.22264908646732,-1.76021304095803,-0.172970980893187,-0.423030165537522,1.15242148722905e-05,15.5524025390677,-12.1453973098461,6.67453860545677,-3.26753337623515,0
-0.348129557243846,-0.156251388685073,-0.477994095124266,-1.22264910913954,-1.76021309865295,-0.172970864618777,-0.423030224602626,1.15242694397562e-05,15.5524027968038,-12.1453975146922,6.67453872273632,-3.26753344062479,0
-0.348129557243846,-0.156251390091431,-0.477994102597371,-1.22264913140818,-1.76021315522754,-0.172970750586816,-0.42303028253452,1.1524324095688e-05,15.5524030495242,-12.1453977157335,6.67453883767727,-3.26753350388649,0
-0.348129557243846,-0.156251391475356,-0.477994109926325,-1.22264915328027,-1.76021321070338,-0.172970638754367,-0.423030339354768,1.15243788021969e-05,15.5524032973263,-12.1453979130389,6.67453895032633,-3.26753356603895,0
-0.348129557243846,-0.156251392837156,-0.477994117113887,-1.22264917476271,-1.76021326510166,-0.172970529079314,-0.423030395084521,1.15244335227446e-05,15.5524035403052,-12.1453981066765,6.67453906072929,-3.26753362710057,0
-0.348129557243846,-0.156251394177138,-0.477994124162764,-1.2226491958623,-1.76021331844314,-0.172970421520351,-0.423030449744529,1.15244882221119e-05,15.5524037785544,-12.1453982967128,6.67453916893101,-3.26753368708942,0
-0.348129557243846,-0.156251395495603,-0.477994131075611,-1.22264921658572,-1.76021337074819,-0.172970316036965,-0.423030503355147,1.1524542866357e-05,15.5524040121655,-12.1453984832134,6.67453927497546,-3.26753374602332,0
-0.348129557243846,-0.156251396792852,-0.477994137855031,-1.22264923693953,-1.76021342203678,-0.172970212589417,-0.423030555936343,1.15245974227857e-05,15.5524042412283,-12.1453986662424,6.67453937890572,-3.26753380391978,0
-0.348129557243846,-0.156251398069179,-0.477994144503579,-1.22264925693018,-1.76021347232849,-0.172970111138734,-0.423030607507703,1.15246518599162e-05,15.552404465831,-12.145398845863,6.67453948076402,-3.26753386079604,0
-0.348129557243846,-0.156251399324876,-0.477994151023758,-1.22264927656404,-1.76021352164254,-0.172970011646689,-0.423030658088442,1.15247061474465e-05,15.5524046860598,-12.1453990221371,6.67453958059174,-3.26753391666904,0
-0.348129557243846,-0.156251400560231,-0.477994157418027,-1.22264929584733,-1.76021356999776,-0.172969914075786,-0.423030707697409,1.15247602562227e-05,15.5524049019995,-12.1453991951256,6.67453967842943,-3.26753397155546,0
-0.348129557243846,-0.156251401775529,-0.477994163688794,-1.22264931478619,-1.76021361741263,-0.172969818389251,-0.423030756353095,1.15248141582067e-05,15.5524051137332,-12.1453993648881,6.67453977431685,-3.26753402547171,0
-0.348129557243846,-0.156251402971052,-0.477994169838424,-1.22264933338666,-1.76021366390525,-0.172969724551015,-0.423030804073637,1.15248678264467e-05,15.5524053213423,-12.1453995314834,6.67453986829292,-3.26753407843394,0
-0.348129557243846,-0.156251404147078,-0.477994175869234,-1.22264935165466,-1.76021370949339,-0.1729696325257,-0.423030850876829,1.15249212350465e-05,15.5524055249067,-12.1453996949689,6.67453996039584,-3.26753413045802,0
-0.348129557243846,-0.156251405303882,-0.477994181783498,-1.22264936959604,-1.76021375419447,-0.172969542278607,-0.423030896780125,1.15249743591362e-05,15.5524057245047,-12.1453998554013,6.67454005066299,-3.26753418155958,0
-0.348129557243846,-0.156251406441736,-0.477994187583447,-1.2226493872165,-1.76021379802558,-0.1729694537757,-0.423030941800647,1.15250271748449e-05,15.5524059202131,-12.1454000128361,6.67454013913104,-3.26753423175398,0
-0.348129557243846,-0.156251407560906,-0.477994193271267,-1.22264940452171,-1.76021384100347,-0.1729693669836,-0.423030985955192,1.15250796592733e-05,15.5524061121072,-12.1454001673276,6.67454022583592,-3.26753428105634,0
-0.348129557243846,-0.156251408661659,-0.477994198849105,-1.22264942151718,-1.76021388314457,-0.172969281869564,-0.423031029260237,1.15251317904634e-05,15.5524063002609,-12.1454003189296,6.67454031081283,-3.26753432948155,0
-0.348129557243846,-0.156251409744256,-0.477994204319065,-1.22264943820837,-1.760213924465,-0.172969198401479,-0.423031071731944,1.15251835473753e-05,15.5524064847465,-12.1454004676945,6.67454039409627,-3.26753437704423,0
-0.348129557243846,-0.156251410808956,-0.47799420968321,-1.22264945460062,-1.76021396498055,-0.172969116547847,-0.423031113386169,1.15252349098605e-05,15.5524066656351,-12.1454006136739,6.67454047572006,-3.26753442375877,0
-0.348129557243846,-0.156251411856013,-0.477994214943566,-1.22264947069921,-1.76021400470673,-0.172969036277775,-0.423031154238466,1.1525285858634e-05,15.5524068429964,-12.1454007569184,6.67454055571733,-3.26753446963933,0
-0.348129557243846,-0.15625141288568,-0.477994220102117,-1.22264948650929,-1.76021404365872,-0.17296895756096,-0.423031194304092,1.15253363752577e-05,15.5524070168985,-12.1454008974778,6.67454063412056,-3.26753451469984,0
-0.348129557243846,-0.156251413898205,-0.477994225160813,-1.22264950203597,-1.76021408185143,-0.172968880367683,-0.423031233598016,1.15253864421051e-05,15.5524071874086,-12.145401035401,6.67454071096158,-3.26753455895401,0
-0.348129557243846,-0.156251414893835,-0.477994230121562,-1.22264951728422,-1.76021411929949,-0.172968804668791,-0.423031272134918,1.15254360423456e-05,15.5524073545921,-12.1454011707359,6.67454078627157,-3.26753460241531,0
-0.348129557243846,-0.156251415872812,-0.477994234986238,-1.22264953225897,-1.76021415601721,-0.172968730435693,-0.423031309929204,1.15254851599196e-05,15.5524075185136,-12.1454013035295,6.6745408600811,-3.267534645097,0
-0.348129557243846,-0.156251416835375,-0.47799423975668,-1.22264954696503,-1.76021419201866,-0.172968657640344,-0.423031346995,1.15255337795172e-05,15.5524076792361,-12.1454014338281,6.67454093242012,-3.26753468701212,0
-0.348129557243846,-0.156251417781762,-0.477994244434689,-1.22264956140717,-1.76021422731762,-0.172968586255239,-0.423031383346168,1.15255818865546e-05,15.5524078368215,-12.1454015616771,6.67454100331799,-3.26753472817349,0
-0.348129557243846,-0.156251418712206,-0.477994249022035,-1.22264957559003,-1.76021426192761,-0.172968516253397,-0.423031418996304,1.15256294671528e-05,15.5524079913307,-12.145401687121,6.67454107280348,-3.26753476859375,0
-0.348129557243846,-0.156251419626937,-0.47799425352045,-1.22264958951821,-1.76021429586189,-0.172968447608357,-0.423031453958744,1.152567650812e-05,15.5524081428231,-12.1454018102036,6.67454114090478,-3.2675348082853,0
-0.348129557243846,-0.156251420526183,-0.477994257931637,-1.22264960319621,-1.76021432913346,-0.172968380294163,-0.423031488246574,1.15257229969255e-05,15.552408291357,-12.1454019309679,6.67454120764952,-3.26753484726034,0
-0.348129557243846,-0.156251421410169,-0.477994262257262,-1.22264961662846,-1.76021436175508,-0.172968314285358,-0.423031521872626,1.15257689216892e-05,15.5524084369898,-12.145402049456,6.67454127306478,-3.2675348855309,0
-0.348129557243846,-0.156251422279116,-0.477994266498963,-1.22264962981931,-1.76021439373923,-0.172968249556972,-0.423031554849493,1.15258142711513e-05,15.5524085797776,-12.1454021657093,6.67454133717711,-3.26753492310878,0
-0.348129557243846,-0.156251423133245,-0.477994270658345,-1.22264964277304,-1.7602144250982,-0.172968186084515,-0.423031587189524,1.15258590346624e-05,15.5524087197755,-12.1454022797686,6.67454140001249,-3.2675349600056,0
-0.348129557243846,-0.15625142397277,-0.477994274736982,-1.22264965549384,-1.760214455844,-0.172968123843963,-0.423031618904835,1.15259032021597e-05,15.5524088570373,-12.1454023916737,6.67454146159643,-3.26753499623279,0
-0.348129557243846,-0.156251424797905,-0.477994278736417,-1.22264966798586,-1.76021448598843,-0.172968062811755,-0.423031650007312,1.15259467641536e-05,15.5524089916162,-12.1454025014638,6.6745415219539,-3.26753503180159,0
-0.348129557243846,-0.15625142560886,-0.477994282658166,-1.22264968025316,-1.76021451554305,-0.172968002964781,-0.423031680508612,1.15259897117076e-05,15.5524091235638,-12.1454026091775,6.67454158110938,-3.26753506672305,0
-0.348129557243846,-0.156251426405844,-0.477994286503714,-1.22264969229971,-1.76021454451921,-0.172967944280374,-0.423031710420174,1.15260320364205e-05,15.5524092529313,-12.1454027148525,6.67454163908685,-3.26753510100806,0
-0.348129557243846,-0.156251427189062,-0.477994290274518,-1.22264970412945,-1.76021457292804,-0.172967886736301,-0.423031739753216,1.15260737304122e-05,15.5524093797685,-12.1454028185259,6.67454169590982,-3.26753513466731,0
-0.348129557243846,-0.156251427958715,-0.477994293972007,-1.22264971574623,-1.76021460078044,-0.172967830310755,-0.423031768518745,1.15261147863072e-05,15.5524095041243,-12.1454029202342,6.67454175160135,-3.26753516771131,0
-0.348129557243846,-0.156251428715003,-0.477994297597583,-1.22264972715383,-1.76021462808712,-0.172967774982346,-0.423031796727556,1.15261551972191e-05,15.5524096260467,-12.1454030200131,6.67454180618399,-3.26753520015043,0
-0.348129557243846,-0.156251429458124,-0.477994301152621,-1.22264973835598,-1.76021465485856,-0.172967720730095,-0.423031824390241,1.15261949567312e-05,15.5524097455829,-12.1454031178978,6.6745418596799,-3.26753523199482,0
-0.348129557243846,-0.156251430188272,-0.477994304638469,-1.22264974935633,-1.76021468110506,-0.172967667533424,-0.423031851517188,1.15262340588863e-05,15.5524098627789,-12.1454032139227,6.67454191211074,-3.26753526325451,0
-0.348129557243846,-0.156251430905638,-0.477994308056451,-1.22264976015847,-1.76021470683671,-0.17296761537215,-0.42303187811859,1.1526272498174e-05,15.5524099776801,-12.1454033081216,6.67454196349777,-3.26753529393933,0
-0.348129557243846,-0.156251431610412,-0.477994311407863,-1.22264977076595,-1.7602147320634,-0.172967564226476,-0.423031904204445,1.15263102695095e-05,15.5524100903308,-12.1454034005279,6.67454201386183,-3.26753532405898,0
-0.348129557243846,-0.156251432302781,-0.477994314693978,-1.22264978118222,-1.76021475679485,-0.172967514076984,-0.423031929784558,1.15263473682264e-05,15.5524102007745,-12.1454034911742,6.67454206322332,-3.26753535362296,0
-0.348129557243846,-0.156251432982928,-0.477994317916044,-1.2226497914107,-1.76021478104057,-0.17296746490463,-0.423031954868552,1.15263837900585e-05,15.552410309054,-12.1454035800924,6.67454211160224,-3.26753538264065,0
-0.348129557243846,-0.156251433651036,-0.477994321075286,-1.22264980145474,-1.7602148048099,-0.172967416690731,-0.423031979465864,1.15264195311291e-05,15.5524104152111,-12.1454036673142,6.67454215901821,-3.26753541112126,0
-0.348129557243846,-0.156251434307284,-0.477994324172905,-1.22264981131762,-1.760214828112,-0.172967369416965,-0.423032003585752,1.15264545879373e-05,15.5524105192868,-12.1454037528703,6.67454220549043,-3.26753543907385,0
-0.348129557243846,-0.156251434951848,-0.477994327210078,-1.22264982100259,-1.76021485095584,-0.172967323065359,-0.423032027237297,1.15264889573476e-05,15.5524106213214,-12.145403836791,6.67454225103773,-3.26753546650732,0
-0.348129557243846,-0.156251435584903,-0.477994330187961,-1.22264983051283,-1.76021487335023,-0.172967277618286,-0.423032050429408,1.15265226365771e-05,15.5524107213544,-12.1454039191063,6.67454229567858,-3.26753549343045,0
-0.348129557243846,-0.156251436206621,-0.477994333107686,-1.22264983985145,-1.76021489530381,-0.172967233058456,-0.423032073170826,1.15265556231796e-05,15.5524108194245,-12.1454039998453,6.67454233943104,-3.26753551985183,0
-0.348129557243846,-0.156251436817171,-0.477994335970366,-1.22264984902153,-1.76021491682504,-0.172967189368908,-0.423032095470123,1.15265879150397e-05,15.5524109155695,-12.1454040790366,6.67454238231284,-3.26753554577996,0
-0.348129557243846,-0.156251437416722,-0.477994338777091,-1.22264985802608,-1.76021493792224,-0.172967146533009,-0.423032117335709,1.15266195103581e-05,15.5524110098268,-12.1454041567086,6.67454242434136,-3.26753557122316,0
-0.348129557243846,-0.156251438005438,-0.47799434152893,-1.22264986686806,-1.76021495860355,-0.172967104534443,-0.423032138775834,1.15266504076441e-05,15.5524111022329,-12.1454042328889,6.67454246553361,-3.26753559618963,0
-0.348129557243846,-0.156251438583482,-0.477994344226931,-1.22264987555038,-1.76021497887696,-0.172967063357205,-0.42303215979859,1.15266806057004e-05,15.5524111928234,-12.1454043076046,6.67454250590628,-3.26753562068744,0
-0.348129557243846,-0.156251439151015,-0.477994346872124,-1.22264988407591,-1.7602149987503,-0.172967022985598,-0.423032180411918,1.15267101036176e-05,15.5524112816336,-12.1454043808824,6.67454254547572,-3.26753564472449,0
-0.348129557243846,-0.156251439708194,-0.477994349465518,-1.22264989244746,-1.76021501823127,-0.172966983404227,-0.423032200623603,1.15267389007608e-05,15.5524113686979,-12.1454044527486,6.67454258425794,-3.2675356683086,0
-0.348129557243846,-0.156251440255177,-0.477994352008102,-1.22264990066777,-1.76021503732739,-0.172966944597989,-0.423032220441287,1.15267669967592e-05,15.5524114540499,-12.1454045232287,6.67454262226865,-3.26753569144743,0
-0.348129557243846,-0.156251440792117,-0.477994354500847,-1.22264990873958,-1.76021505604607,-0.172966906552071,-0.423032239872464,1.15267943915006e-05,15.5524115377229,-12.1454045923482,6.67454265952324,-3.26753571414852,0
-0.348129557243846,-0.156251441319165,-0.477994356944707,-1.22264991666553,-1.76021507439453,-0.172966869251944,-0.423032258924484,1.1526821085117e-05,15.5524116197492,-12.1454046601317,6.67454269603679,-3.26753573641928,0
-0.348129557243846,-0.156251441836472,-0.477994359340613,-1.22264992444825,-1.76021509237991,-0.172966832683357,-0.42303227760456,1.15268470779828e-05,15.5524117001607,-12.1454047266036,6.67454273182407,-3.267535758267,0
-0.348129557243846,-0.156251442344186,-0.477994361689484,-1.22264993209032,-1.76021511000917,-0.172966796832333,-0.423032295919766,1.15268723706957e-05,15.5524117789886,-12.1454047917879,6.67454276689958,-3.26753577969885,0
-0.348129557243846,-0.156251442842452,-0.477994363992217,-1.22264993959425,-1.76021512728914,-0.172966761685159,-0.423032313877041,1.15268969640793e-05,15.5524118562635,-12.1454048557079,6.67454280127752,-3.26753580072188,0
-0.348129557243846,-0.156251443331413,-0.477994366249694,-1.22264994696253,-1.76021514422654,-0.172966727228389,-0.423032331483195,1.15269208591667e-05,15.5524119320154,-12.1454049183867,6.67454283497178,-3.26753582134302,0
-0.348129557243846,-0.156251443811211,-0.477994368462779,-1.2226499541976,-1.76021516082794,-0.172966693448831,-0.423032348744904,1.15269440571964e-05,15.5524120062738,-12.1454049798469,6.67454286799601,-3.2675358415691,0
-0.348129557243846,-0.156251444281985,-0.47799437063232,-1.22264996130185,-1.76021517709979,-0.172966660333546,-0.42303236566872,1.15269665596017e-05,15.5524120790675,-12.1454050401108,6.67454290036357,-3.26753586140681,0
-0.348129557243846,-0.156251444743874,-0.47799437275915,-1.22264996827765,-1.76021519304842,-0.172966627869845,-0.423032382261069,1.15269883680064e-05,15.5524121504249,-12.1454050992001,6.67454293208755,-3.26753588086274,0
-0.348129557243846,-0.156251445197012,-0.477994374844084,-1.22264997512729,-1.76021520868003,-0.17296659604528,-0.423032398528256,1.15270094842152e-05,15.5524122203736,-12.1454051571362,6.67454296318078,-3.26753589994339,0
-0.348129557243846,-0.156251445641533,-0.477994376887922,-1.22264998185306,-1.76021522400071,-0.17296656484764,-0.423032414476464,1.1527029910207e-05,15.5524122889409,-12.1454052139402,6.67454299365586,-3.26753591865512,0
-0.348129557243846,-0.15625144607757,-0.477994378891449,-1.22264998845718,-1.76021523901642,-0.172966534264949,-0.423032430111761,1.15270496481278e-05,15.5524123561535,-12.1454052696326,6.67454302352509,-3.2675359370042,0
-0.348129557243846,-0.156251446505252,-0.477994380855435,-1.22264999494184,-1.76021525373303,-0.172966504285462,-0.423032445440096,1.15270687002818e-05,15.5524124220376,-12.1454053242338,6.67454305280056,-3.2675359549968,0
-0.348129557243846,-0.156251446924707,-0.477994382780636,-1.22265000130921,-1.76021526815626,-0.172966474897656,-0.423032460467309,1.1527087069132e-05,15.5524124866188,-12.1454053777637,6.67454308149411,-3.26753597263897,0
-0.348129557243846,-0.156251447336062,-0.477994384667792,-1.22265000756138,-1.76021528229176,-0.172966446090229,-0.423032475199126,1.15271047572832e-05,15.5524125499224,-12.1454054302417,6.67454310961735,-3.26753598993668,0
-0.348129557243846,-0.15625144773944,-0.47799438651763,-1.22265001370045,-1.76021529614503,-0.172966417852096,-0.423032489641164,1.15271217674843e-05,15.5524126119729,-12.145405481687,6.67454313718164,-3.26753600689578,0
-0.348129557243846,-0.156251448134965,-0.477994388330861,-1.22265001972846,-1.7602153097215,-0.172966390172385,-0.423032503798934,1.15271381026177e-05,15.5524126727946,-12.1454055321186,6.67454316419812,-3.26753602352204,0
-0.348129557243846,-0.156251448522758,-0.477994390108187,-1.2226500256474,-1.76021532302648,-0.172966363040429,-0.423032517677843,1.15271537656939e-05,15.5524127324113,-12.1454055815547,6.67454319067772,-3.26753603982112,0
-0.348129557243846,-0.156251448902937,-0.477994391850291,-1.22265003145924,-1.76021533606517,-0.172966336445768,-0.423032531283194,1.15271687598499e-05,15.5524127908462,-12.1454056300137,6.67454321663115,-3.2675360557986,0
-0.348129557243846,-0.15625144927562,-0.477994393557847,-1.22265003716593,-1.76021534884269,-0.172966310378141,-0.423032544620188,1.15271830883385e-05,15.5524128481222,-12.1454056775132,6.67454324206889,-3.26753607145995,0
-0.348129557243846,-0.156251449640923,-0.477994395231514,-1.22265004276936,-1.76021536136405,-0.172966284827483,-0.423032557693929,1.15271967545247e-05,15.5524129042616,-12.1454057240709,6.67454326700122,-3.26753608681056,0
-0.348129557243846,-0.156251449998959,-0.47799439687194,-1.2226500482714,-1.76021537363415,-0.172966259783922,-0.423032570509423,1.152720976188e-05,15.5524129592863,-12.1454057697039,6.67454329143821,-3.26753610185572,0
-0.348129557243846,-0.156251450349842,-0.477994398479758,-1.22265005367389,-1.76021538565782,-0.172966235237774,-0.423032583071581,1.15272221139803e-05,15.5524130132181,-12.1454058144289,6.67454331538975,-3.26753611660064,0
-0.348129557243846,-0.156251450693682,-0.477994400055593,-1.22265005897861,-1.76021539743979,-0.172966211179543,-0.423032595385221,1.15272338144942e-05,15.5524130660778,-12.1454058582627,6.67454333886551,-3.26753613105044,0
-0.348129557243846,-0.156251451030589,-0.477994401600053,-1.22265006418735,-1.76021540898469,-0.172966187599911,-0.423032607455067,1.15272448671863e-05,15.5524131178863,-12.1454059012215,6.67454336187496,-3.26753614521015,0
-0.348129557243846,-0.156251451360669,-0.477994403113739,-1.22265006930184,-1.76021542029707,-0.17296616448974,-0.423032619285757,1.1527255275907e-05,15.5524131686638,-12.1454059433211,6.67454338442742,-3.26753615908473,0
-0.348129557243846,-0.156251451684029,-0.477994404597238,-1.22265007432378,-1.76021543138138,-0.172966141840066,-0.423032630881837,1.15272650445882e-05,15.5524132184302,-12.1454059845773,6.67454340653198,-3.26753617267904,0
-0.348129557243846,-0.156251452000773,-0.477994406051125,-1.22265007925486,-1.760215442242,-0.172966119642099,-0.423032642247768,1.15272741772463e-05,15.5524132672052,-12.1454060250055,6.67454342819757,-3.26753618599786,0
-0.348129557243846,-0.156251452311005,-0.477994407475967,-1.22265008409672,-1.76021545288323,-0.172966097887214,-0.423032653387928,1.15272826779649e-05,15.5524133150077,-12.1454060646207,6.67454344943295,-3.26753619904591,0
-0.348129557243846,-0.156251452614826,-0.477994408872318,-1.22265008885097,-1.76021546330926,-0.172966076566952,-0.423032664306608,1.15272905509014e-05,15.5524133618567,-12.1454061034378,6.67454347024668,-3.2675362118278,0
-0.348129557243846,-0.156251452912335,-0.477994410240721,-1.2226500935192,-1.76021547352422,-0.172966055673015,-0.423032675008021,1.15272978002779e-05,15.5524134077704,-12.1454061414713,6.67454349064717,-3.26753622434808,0
-0.348129557243846,-0.156251453203631,-0.47799441158171,-1.22265009810299,-1.76021548353216,-0.172966035197267,-0.423032685496296,1.15273044303815e-05,15.552413452767,-12.1454061787356,6.67454351064265,-3.26753623661123,0
-0.348129557243846,-0.156251453488812,-0.477994412895809,-1.22265010260384,-1.76021549333705,-0.172966015131723,-0.423032695775488,1.15273104455543e-05,15.5524134968642,-12.1454062152447,6.6745435302412,-3.26753624862164,0
-0.348129557243846,-0.156251453767973,-0.47799441418353,-1.22265010702328,-1.76021550294278,-0.172965995468554,-0.42303270584957,1.15273158501963e-05,15.5524135400794,-12.1454062510123,6.67454354945073,-3.26753626038363,0
-0.348129557243846,-0.156251454041207,-0.477994415445377,-1.22265011136278,-1.76021551235316,-0.172965976200079,-0.423032715722444,1.15273206487587e-05,15.5524135824295,-12.145406286052,6.67454356827898,-3.26753627190145,0
-0.348129557243846,-0.156251454308609,-0.477994416681844,-1.22265011562379,-1.76021552157195,-0.172965957318765,-0.423032725397934,1.15273248457382e-05,15.5524136239313,-12.145406320377,6.67454358673356,-3.26753628317929,0
-0.348129557243846,-0.156251454570269,-0.477994417893416,-1.22265011980774,-1.76021553060281,-0.172965938817221,-0.423032734879794,1.15273284456777e-05,15.5524136646011,-12.1454063540004,6.67454360482192,-3.26753629422124,0
-0.348129557243846,-0.156251454826277,-0.477994419080566,-1.22265012391602,-1.76021553944935,-0.172965920688201,-0.423032744171704,1.15273314531626e-05,15.552413704455,-12.145406386935,6.67454362255134,-3.26753630503135,0
-0.348129557243846,-0.156251455076723,-0.477994420243762,-1.22265012795002,-1.7602155481151,-0.172965902924594,-0.423032753277277,1.15273338728154e-05,15.5524137435088,-12.1454064191934,6.67454363992898,-3.26753631561359,0
-0.348129557243846,-0.156251455321693,-0.47799442138346,-1.22265013191108,-1.76021555660352,-0.172965885519426,-0.423032762200054,1.15273357092931e-05,15.5524137817779,-12.1454064507879,6.67454365696186,-3.26753632597186,0
-0.348129557243846,-0.156251455561274,-0.477994422500109,-1.22265013580053,-1.76021556491802,-0.172965868465856,-0.423032770943512,1.15273369672871e-05,15.5524138192774,-12.1454064817306,6.67454367365683,-3.26753633610999,0
-0.348129557243846,-0.15625145579555,-0.477994423594149,-1.22265013961967,-1.76021557306191,-0.172965851757176,-0.423032779511059,1.15273376515172e-05,15.5524138560223,-12.1454065120334,6.67454369002064,-3.26753634603177,0
-0.348129557243846,-0.156251456024606,-0.477994424666011,-1.22265014336978,-1.76021558103848,-0.172965835386804,-0.423032787906039,1.15273377667314e-05,15.552413892027,-12.145406541708,6.67454370605987,-3.2675363557409,0
-0.348129557243846,-0.156251456248523,-0.477994425716117,-1.22265014705212,-1.76021558885093,-0.172965819348284,-0.423032796131734,1.15273373176997e-05,15.5524139273058,-12.1454065707658,6.67454372178101,-3.26753636524102,0
-0.348129557243846,-0.156251456467382,-0.477994426744885,-1.22265015066792,-1.7602155965024,-0.172965803635284,-0.423032804191361,1.15273363092164e-05,15.5524139618728,-12.1454065992182,6.67454373719037,-3.26753637453573,0
-0.348129557243846,-0.156251456681264,-0.477994427752719,-1.22265015421839,-1.76021560399598,-0.172965788241593,-0.423032812088078,1.15273347460931e-05,15.5524139957417,-12.1454066270761,6.67454375229418,-3.26753638362854,0
-0.348129557243846,-0.156251456890247,-0.477994428740021,-1.22265015770473,-1.76021561133469,-0.172965773161117,-0.423032819824981,1.15273326331601e-05,15.552414028926,-12.1454066543504,6.67454376709853,-3.26753639252293,0
-0.348129557243846,-0.156251457094409,-0.477994429707181,-1.2226501611281,-1.7602156185215,-0.172965758387883,-0.423032827405109,1.15273299752601e-05,15.5524140614388,-12.1454066810518,6.67454378160936,-3.26753640122229,0
-0.348129557243846,-0.156251457293825,-0.477994430654583,-1.22265016448965,-1.76021562555932,-0.172965743916026,-0.423032834831441,1.15273267772501e-05,15.5524140932932,-12.1454067071907,6.67454379583255,-3.26753640972998,0
-0.348129557243846,-0.156251457488572,-0.477994431582606,-1.2226501677905,-1.760215632451,-0.172965729739798,-0.423032842106902,1.15273230439962e-05,15.5524141245019,-12.1454067327774,6.6745438097738,-3.26753641804929,0
-0.348129557243846,-0.156251457678723,-0.477994432491617,-1.22265017103177,-1.76021563919934,-0.172965715853559,-0.423032849234359,1.15273187803728e-05,15.5524141550772,-12.1454067578219,6.67454382343875,-3.26753642618345,0
-0.348129557243846,-0.156251457864352,-0.477994433381981,-1.22265017421454,-1.76021564580709,-0.172965702251777,-0.423032856216626,1.15273139912618e-05,15.5524141850314,-12.1454067823342,6.67454383683289,-3.26753643413565,0
-0.348129557243846,-0.156251458045529,-0.477994434254052,-1.22265017733988,-1.76021565227693,-0.172965688929023,-0.423032863056464,1.15273086815481e-05,15.5524142143766,-12.145406806324,6.67454384996161,-3.26753644190902,0
-0.348129557243846,-0.156251458364385,-0.477994432070213,-1.22265018356731,-1.76021557459366,-0.172965726003948,-0.423032903700486,1.15272867374969e-05,15.5524141339789,-12.1454067699147,6.6745438045157,-3.2675364404515,0
-0.348129557243846,-0.15625145952505,-0.477994411715037,-1.22265020853518,-1.76021499506551,-0.172966062847857,-0.42303314671695,1.1527168680474e-05,15.5524134008074,-12.1454063750593,6.67454341039551,-3.26753638464742,0
-0.348129557243846,-0.156251462352245,-0.477994355200054,-1.22265027048242,-1.760213418257,-0.172966996130958,-0.423033791160371,1.15268633298718e-05,15.5524113687298,-12.1454052666503,6.67454232258066,-3.26753622050116,0
-0.348129557243846,-0.15625146764651,-0.477994244709375,-1.22265038701789,-1.76021035549333,-0.172968819560406,-0.423035032277978,1.15262845214168e-05,15.5524073979533,-12.1454030924836,6.67454019963042,-3.26753589416075,0
-0.348129557243846,-0.156251476184532,-0.477994062602494,-1.22265057513298,-1.76020532485021,-0.172971823848721,-0.423037061551621,1.15253509436082e-05,15.5524008551216,-12.1453995033285,6.67453670372993,-3.26753535193682,0
-0.348129557243846,-0.15625148871946,-0.477993791417333,-1.22265085121382,-1.76019785114356,-0.172976296682905,-0.423040066739162,1.15239859801634e-05,15.5523911134203,-12.1453941530015,6.67453150074086,-3.26753454032204,0
-0.348129557243846,-0.156251505981199,-0.477993413873487,-1.22265123105279,-1.76018746591899,-0.172982522694281,-0.423044231915314,1.15221175582085e-05,15.5523775526897,-12.1453866984443,6.67452426025635,-3.26753340601099,0
-0.348129557243846,-0.156251528676684,-0.477992912875679,-1.22265172985969,-1.76017370744103,-0.172990783429104,-0.423049737511943,1.15196780019582e-05,15.5523595595453,-12.1453767998057,6.67451465565996,-3.26753189592043,0
-0.348129557243846,-0.15625155749014,-0.477992271517402,-1.22265236227232,-1.7601561206822,-0.173001357319939,-0.423056760357813,1.15166038916573e-05,15.5523365275049,-12.1453641205265,6.67450236418841,-3.26752995720996,0
-0.348129557243846,-0.156251593083324,-0.477991473084742,-1.2226531423667,-1.76013425731173,-0.173014519657853,-0.423065473717782,1.15128359275345e-05,15.5523078571226,-12.1453483274278,6.67448706699787,-3.26752753730306,0
-0.348129557243846,-0.156251636095759,-0.47799050106036,-1.22265408366678,-1.7601076756841,-0.173030542565421,-0.423076047331444,1.1508318798573e-05,15.5522729561281,-12.1453290908031,6.67446844923348,-3.26752458390844,0
-0.348129557243846,-0.156251687144941,-0.47798933912764,-1.22265519915383,-1.76007594082723,-0.173049694970557,-0.423088647451224,1.15030010558601e-05,15.5522312395723,-12.145306084512,6.67444620010207,-3.26752104504176,0
-0.348129557243846,-0.156251746826552,-0.477987971174969,-1.22265650127542,-1.76003862443038,-0.173072242581181,-0.423103436879924,1.14968349903214e-05,15.5521821299777,-12.1452789860777,6.67442001294761,-3.26751686904762,0
-0.348129557243846,-0.156251815714644,-0.477986381300154,-1.22265800195401,-1.75999530483183,-0.173098447860722,-0.42312057500774,1.14897765146395e-05,15.5521250574936,-12.1452474767861,6.6743895853293,-3.2675120046218,0
-0.348129557243846,-0.156251894361826,-0.47798455381496,-1.22265971259523,-1.7599455670061,-0.173128570004444,-0.423140217848751,1.14817850491771e-05,15.5520594600562,-12.1452112417879,6.6743546191021,-3.26750640083381,0
-0.348129557243846,-0.156251983299432,-0.477982473249754,-1.22266164409585,-1.75988900255102,-0.173162864916597,-0.423162518076892,1.14728234117055e-05,15.5519847835515,-12.1451699702018,6.67431482049936,-3.26750000714961,0
-0.348129557243846,-0.156252083037687,-0.477980124358247,-1.22266380685144,-1.75982520967437,-0.173201585188375,-0.423187625061444,1.14628577107816e-05,15.5519004819829,-12.14512335522,6.67426990021743,-3.26749277345457,0
-0.348129557243846,-0.156252194065862,-0.477977492122327,-1.22266621076376,-1.75975379318026,-0.173244980076658,-0.423215684902027,1.14518572425937e-05,15.5518060176413,-12.1450710942159,6.67421957350202,-3.26748465007659,0
-0.348129557243846,-0.156252316852423,-0.477974561756963,-1.22266886524783,-1.75967436445516,-0.173293295483526,-0.423246840463157,1.14397943911176e-05,15.5517008612783,-12.1450128888516,6.67416356023602,-3.26747558780935,0
-0.348129557243846,-0.156252451845172,-0.477971318715177,-1.22267177923888,-1.75958654145366,-0.173346773936503,-0.423281231408356,1.14266445314379e-05,15.5515844922814,-12.1449484451885,6.67410158502872,-3.26746553793576,0
-0.348129557243846,-0.156252599471388,-0.477967748693071,-1.22267496119893,-1.75948994868393,-0.173405654569514,-0.42331899423386,1.1412385936073e-05,15.5514563988517,-12.1448774737972,6.674033377306,-3.26745445225146,0
-0.348129557243846,-0.156252760137956,-0.477963837634899,-1.22267841912324,-1.75938421719283,-0.173470173104505,-0.423360262301942,1.13969996841754e-05,15.5513160781826,-12.1447996898694,6.67395867140159,-3.26744228308836,0
-0.348129557243846,-0.156252934231501,-0.477959571738169,-1.22268216054658,-1.75926898455083,-0.173540561833701,-0.423405165873891,1.13804695734573e-05,15.5511630366402,-12.1447148133298,6.67387720664881,-3.26742898333835,0
-0.348129557243846,-0.15625312211851,-0.477954937458773,-1.22268619254925,-1.75914389483654,-0.173617049602442,-0.423453832142671,1.13627820347289e-05,15.5509967899447,-12.1446225689486,6.67378872747301,-3.26741450647694,0
-0.348129557243846,-0.156253324145456,-0.477949921516131,-1.222690521763,-1.75900859862113,-0.173699861792564,-0.42350638526529,1.1343926048905e-05,15.5508168633515,-12.1445226864543,6.67369298348421,-3.26739880658694,0
-0.348129557243846,-0.156253540638923,-0.47794451089834,-1.22269515437678,-1.75886275295235,-0.173789220306265,-0.423562946394927,1.1323893066386e-05,15.5506227918337,-12.144414900646,6.67358972956979,-3.26738183838212,0
-0.348129557243846,-0.156253771905726,-0.47793869286731,-1.2227000961423,-1.75870602133846,-0.173885343550403,-0.423623633712849,1.13026769286708e-05,15.5504141202629,-12.1442989515064,6.67347872598727,-3.26736355723083,0
-0.348129557243846,-0.156254018233029,-0.477932454963894,-1.22270535237957,-1.7585380737319,-0.173988446421174,-0.423688562460146,1.12802737921194e-05,15.5501904035911,-12.144174584314,6.67335973845663,-3.26734391917953,0
-0.348129557243846,-0.156254279888468,-0.47792578501299,-1.22271092798223,-1.7583585865127,-0.174098740289105,-0.423757844969346,1.12566820537421e-05,15.5499512070304,-12.1440415497544,6.67323253825232,-3.26732288097626,0
-0.348129557243846,-0.156254557120272,-0.477918671128609,-1.22271682742286,-1.75816724247192,-0.174216432984299,-0.423831590695929,1.12319022789321e-05,15.5496961062322,-12.1438996040316,6.6730969022946,-3.26730040009398,0
-0.348129557243846,-0.156254850157385,-0.477911101718898,-1.22272305475813,-1.75796373079469,-0.174341728781874,-0.423909906249804,1.120593713103e-05,15.5494246874646,-12.1437485089783,6.67295261324001,-3.26727643475371,0
-0.348129557243846,-0.156255159209589,-0.477903065491116,-1.22272961363393,-1.75774774704336,-0.174474828387519,-0.423992895426775,1.11787913026413e-05,15.5491365477879,-12.1435880321646,6.67279945957098,-3.26725094394761,0
-0.348129557243846,-0.156255484467633,-0.477894551456548,-1.22273650729041,-1.75751899314042,-0.17461592892311,-0.424080659240049,1.11504714486313e-05,15.5488312952285,-12.143417947006,6.67263723568423,-3.26722388746176,0
-0.348129557243846,-0.156255826103359,-0.477885548935346,-1.22274373856699,-1.75727717735137,-0.174765223912306,-0.424173295951835,1.11209861206841e-05,15.5485085489492,-12.1432380328702,6.67246574197783,-3.26719522589882,0
-0.348129557243846,-0.156256184269835,-0.477876047561299,-1.22275130990728,-1.75702201426758,-0.174922903266065,-0.42427090110507,1.10903457033796e-05,15.548167939418,-12.1430480751815,6.67228478493684,-3.26716492070036,0
-0.348119179843236,-0.15625655915343,-0.477866037288457,-1.22275922336401,-1.7567532247891,-0.175089153267993,-0.424373567555325,1.10585623517006e-05,15.5478091085728,-12.1428478655245,6.67209417721731,-3.267132934169,0
-0.348108295244712,-0.156256961238803,-0.477855533910666,-1.22276770998782,-1.75647071030758,-0.175263763216971,-0.424481604116669,1.10244760379104e-05,15.5474325252743,-12.1426380584479,6.67189403898962,-3.2670995721632,0
-0.348096894517305,-0.156257390960341,-0.477844528777118,-1.22277677713102,-1.75617421000759,-0.175446899451288,-0.424595105291008,1.09880946159231e-05,15.5470378785158,-12.142418483761,6.67168420402281,-3.26706480926801,0
-0.348084969077603,-0.156257848737932,-0.477833013573617,-1.22278643183552,-1.75586346943624,-0.175638724403838,-0.424714163117207,1.09494273743447e-05,15.5466248693824,-12.1421889779114,6.67146451254349,-3.26702862107253,0
-0.348072510692885,-0.156258334976704,-0.477820980325667,-1.22279668082873,-1.75553824048243,-0.175839396594829,-0.424838867199226,1.09084850291534e-05,15.5461932111628,-12.1419493840414,6.67123481129724,-3.26699098417586,0
-0.348059511484127,-0.156258850066776,-0.477808421401436,-1.22280753051958,-1.75519828135625,-0.17604907062384,-0.424969304734748,1.08652797157971e-05,15.5457426294576,-12.1416995520427,6.67099495360771,-3.26695187619281,0
-0.348045963928891,-0.156259394383017,-0.477795329514613,-1.22281898699476,-1.75484335656861,-0.176267897161158,-0.425105560544334,1.08198249806549e-05,15.5452728622825,-12.1414393386086,6.6707447994333,-3.26691127575933,0
-0.348031860864077,-0.156259968284813,-0.477781697727115,-1.22283105601503,-1.75447323691102,-0.176496022938366,-0.425247717101129,1.07721357718741e-05,15.5447836601672,-12.1411686072837,6.67048421542128,-3.2668691625377,0
-0.348017195488543,-0.156260572115837,-0.477767519451681,-1.22284374301176,-1.75408769943559,-0.176733590738105,-0.425395854561164,1.07222284295432e-05,15.5442747862492,-12.1408872285113,6.67021307495931,-3.26682551722138,0
-0.348001961365574,-0.156261206203835,-0.477752788454309,-1.22285705308359,-1.75368652743534,-0.176980739382999,-0.425550050794278,1.06701206752042e-05,15.5437460163627,-12.1405950796782,6.66993125822408,-3.26678032153959,0
-0.347986152425208,-0.156261870860418,-0.477737498856552,-1.22287099099331,-1.75326951042466,-0.17723760372367,-0.425710381415679,1.06158316006674e-05,15.543197139122,-12.1402920451563,6.66963865222715,-3.26673355826153,0
-0.347969762966403,-0.156262566380861,-0.477721645137657,-1.22288556116483,-1.75283644412009,-0.177504314625815,-0.425876919818192,1.05593816561387e-05,15.5426279559992,-12.1399780163418,6.66933515085769,-3.26668521120025,0
-0.34795278765904,-0.156263293043914,-0.477705222136556,-1.22290076768046,-1.75238713042138,-0.177780998956309,-0.426049737205205,1.05007926376363e-05,15.542038281397,-12.139652891691,6.66902065492219,-3.26663526521622,0
-0.347935221545767,-0.156264051111621,-0.477688225053679,-1.22291661427828,-1.7519213773928,-0.17806777956829,-0.426228902624332,1.04400876736789e-05,15.5414279427143,-12.1393165767539,6.6686950721809,-3.2665837062205,0
-0.347917060043665,-0.156264840829151,-0.477670649452608,-1.22293310434973,-1.75143899924478,-0.178364775285208,-0.426414483001836,1.03772912112605e-05,15.5407967804066,-12.1389689842031,6.66835831738098,-3.26653052117748,0
-0.347898298945735,-0.156265662424638,-0.477652491261557,-1.22295024093738,-1.75093981631584,-0.178672100883788,-0.426606543177809,1.03124290010713e-05,15.5401446480401,-12.1386100338612,6.66801031228624,-3.26647569810733,0
-0.347878934422215,-0.156266516109026,-0.477633746774673,-1.22296802673296,-1.75042365505483,-0.178989867075906,-0.426805145942136,1.02455280819935e-05,15.5394714123392,-12.1382396527237,6.66765098570339,-3.26641922608797,0
-0.347858963021699,-0.15626740207594,-0.477614412653151,-1.22298646407554,-1.74989034800355,-0.179318180489341,-0.42701035207126,1.01766167648343e-05,15.5387769532269,-12.1378577749788,6.66728027350473,-3.26636109525661,0
-0.347838381672072,-0.156268320501545,-0.477594485926171,-1.22300555494991,-1.74933973377956,-0.179657143647391,-0.427222220365756,1.01057246153145e-05,15.5380611638596,-12.1374643420234,6.66689811864716,-3.26630129681095,0
-0.347817187681254,-0.156269271544438,-0.477573963991637,-1.22302530098521,-1.7487716570595,-0.180006854947347,-0.427440807688727,1.00328824363017e-05,15.537323950654,-12.1370593024763,6.6665044711875,-3.26623982300982,0
-0.347795378737737,-0.156270255345537,-0.477552844616731,-1.22304570345377,-1.74818596856255,-0.180367408637798,-0.427666169005022,9.95812224928541e-06,15.5365652333077,-12.1366426121872,6.66609928829397,-3.2661766671735,0
-0.347772952910933,-0.156271272027985,-0.477531125938259,-1.22306676327016,-1.7475825250344,-0.180738894794793,-0.427898357421294,9.88147727509776e-06,15.535784944812,-12.1362142342416,6.66568253425382,-3.26611182368349,0
-0.347749908651312,-0.156272321697071,-0.477508806462808,-1.22308848099042,-1.74696118923137,-0.18112139929683,-0.428137424226879,9.8029819138752e-06,15.5349830314582,-12.135774138963,6.66525418047709,-3.26604528798184,0
-0.347726244790328,-0.156273404440151,-0.477485885066695,-1.22311085681161,-1.74632182990499,-0.181515003798707,-0.42838341893552,9.72267172427111e-06,15.5341594528362,-12.1353223039099,6.66481420549632,-3.26597705656999,0
-0.347701960540143,-0.156274520326591,-0.477462360995708,-1.22313389057147,-1.74566432178685,-0.181919785704217,-0.428636389327904,9.64058340190951e-06,15.5333141818255,-12.1348587138704,6.66436259496225,-3.26590712700722,0
-0.347677055493136,-0.15627566940772,-0.477438233864643,-1.22315758174842,-1.74498854557368,-0.182335818137737,-0.428896381495026,9.55675475710188e-06,15.5324472045788,-12.1343833608518,6.66389934163548,-3.26583549790843,0
-0.347651529621196,-0.156276851716791,-0.47741350365663,-1.22318192946172,-1.74429438791287,-0.182763169914703,-0.429163439882352,9.47122469181413e-06,15.5315585204985,-12.1338962440661,6.66342444537397,-3.26576216894161,0
-0.347625383274799,-0.156278067268954,-0.477388170722245,-1.22320693247186,-1.74358174138814,-0.183201905511014,-0.429437607334787,9.38403317590323e-06,15.5306481422046,-12.1333973699129,6.66293791311641,-3.26568714082469,0
-0.347598617181865,-0.156279316061248,-0.47736223577841,-1.22323258918122,-1.74285050450555,-0.1836520850314,-0.429718925142399,9.29522122262343e-06,15.5297160954957,-12.1328867519562,6.66243975886138,-3.26561041532187,0
-0.347571232446401,-0.156280598072598,-0.477335699907074,-1.22325889763496,-1.74210058167973,-0.184113764176785,-0.430007433086915,9.20483086341571e-06,15.5287624193017,-12.132364410899,6.66193000364233,-3.26553199523957,0
-0.347543230546909,-0.156281913263828,-0.477308564553685,-1.22328585552209,-1.74133188322035,-0.184586994210686,-0.430303169488933,9.1129051219823e-06,15.5277871656291,-12.1318303745525,6.66140867549827,-3.26545188442168,0
-0.34751461333459,-0.156283261577685,-0.477280831525435,-1.22331346017689,-1.74054432531881,-0.185071821924719,-0.430606171255838,9.01948798767063e-06,15.5267903994977,-12.1312846778018,6.66087580944025,-3.26537008774439,0
-0.347485383031308,-0.156284642938872,-0.477252502989292,-1.2233417085804,-1.73973783003506,-0.185568289603237,-0.430916473930388,8.92462438815878e-06,15.5257721988704,-12.1307273625673,6.66033144741357,-3.26528661111048,0
-0.347455542227338,-0.156286057254106,-0.477223581469812,-1.22337059736235,-1.73891232528467,-0.186076434987192,-0.431234111739934,8.82836016147763e-06,15.5247326545745,-12.1301584777619,6.65977563825566,-3.26520146144306,0
-0.347425093878894,-0.156287504412168,-0.477194069846732,-1.22340012280312,-1.73806774482593,-0.186596291237263,-0.43155911764623,8.73074202735945e-06,15.5236718702148,-12.1295780792438,6.65920843764973,-3.26511464667874,0
-0.347394041305419,-0.156288984283987,-0.477163971352344,-1.2234302808361,-1.7372040282471,-0.187127886896343,-0.4318915233958,8.63181755795091e-06,15.5225899620797,-12.128986229766,6.65862990807413,-3.26502617576036,0
-0.347362388186666,-0.156290496722718,-0.477133289568645,-1.22346106705021,-1.73632112095374,-0.187671245851452,-0.432231359570814,8.53163514788648e-06,15.5214870590385,-12.1283829989201,6.65804011874742,-3.26493605862905,0
-0.347330138559544,-0.156292041563847,-0.47710202842428,-1.22349247669266,-1.73541897415602,-0.188226387295165,-0.432578655640415,8.43024398374845e-06,15.5203633024311,-12.1277684630778,6.65743914556916,-3.26484430621584,0
-0.347297296814751,-0.156293618625299,-0.477070192191254,-1.22352450467194,-1.73449754485602,-0.188793325686641,-0.432933440012462,8.32769401293398e-06,15.5192188459502,-12.1271427053264,6.65682707105653,-3.2647509304327,0
-0.347263867693172,-0.156295227707559,-0.477037785481435,-1.22355714556108,-1.73355679583508,-0.189372070712362,-0.433295740085611,8.22403591193946e-06,15.5180538555153,-12.1265058154017,6.6562039842766,-3.26465594416302,0
-0.347229856282071,-0.156296868593813,-0.477004813242842,-1.2235903936011,-1.73259669564089,-0.18996262724666,-0.433665582301694,8.11932105408282e-06,15.5168685091385,-12.1258578896155,6.65556998077455,-3.26455936125152,0
-0.347195268011052,-0.15629854105009,-0.476971280755711,-1.22362424270473,-1.7316172185746,-0.190564995312165,-0.434042992198328,8.013601476692e-06,15.5156629967839,-12.1251990307801,6.65492516249754,-3.26446119649373,0
-0.347160108647809,-0.156300244825426,-0.476937193628361,-1.2236586864603,-1.73061834467768,-0.191179170040261,-0.434427994461683,7.90692984777433e-06,15.5144375202179,-12.1245293481281,6.65426963771465,-3.26436146562478,0
-0.347124384293655,-0.156301979652031,-0.476902557792836,-1.22369371813592,-1.72960005971851,-0.191805141631691,-0.434820612979341,7.7993594321832e-06,15.5131922928527,-12.1238489572279,6.65360352093252,-3.26426018530772,0
-0.347088101378845,-0.156303745245477,-0.47686737950035,-1.22372933068383,-1.72856235517878,-0.192442895317403,-0.435220870893189,7.69094405732475e-06,15.511927539582,-12.1231579798962,6.65292693280715,-3.26415737312134,0
-0.347051266657681,-0.156305541304891,-0.476831665316521,-1.22376551674503,-1.7275052282395,-0.193092411319802,-0.435628790652248,7.58173807839591e-06,15.5106434966096,-12.1224565441054,6.6522400000515,-3.26405304754736,0
-0.34701388720341,-0.15630736751316,-0.476795422116404,-1.22380226865406,-1.72642868176664,-0.193753664814492,-0.436044394065383,7.47179634321384e-06,15.5093404112703,-12.1217447838881,6.65154285533933,-3.26394722795717,0
-0.346975970402925,-0.156309223537152,-0.47675865707932,-1.22383957844402,-1.72533272429632,-0.194426625892684,-0.436467702353801,7.36117415664597e-06,15.5080185418439,-12.1210228392368,6.65083563720501,-3.26383993459799,0
-0.34693752395125,-0.156311109027943,-0.476721377683498,-1.22387743785186,-1.7242173700195,-0.195111259524385,-0.436898736203256,7.2499272446542e-06,15.5066781573619,-12.1202908560008,6.65011848993965,-3.26373118857855,0
-0.346898555845841,-0.15631302362106,-0.47668359170051,-1.22391583832374,-1.72308263876618,-0.195807525522516,-0.437337515815887,7.13811171800489e-06,15.5053195374074,-12.1195489857782,6.6493915634834,-3.26362101185422,0
-0.346859074380684,-0.156314966936728,-0.476645307189534,-1.22395477102075,-1.72192855598887,-0.196515378508104,-0.437784060961593,7.02578403565682e-06,15.5039429719082,-12.1187973858057,6.6486550133141,-3.26350942721161,0
-0.346819088140204,-0.156316938580136,-0.476606532491416,-1.22399422682472,-1.72075515274549,-0.197234767876693,-0.43823839102885,6.91300096785792e-06,15.5025487609229,-12.1180362188433,6.64790900033236,-3.26339645825276,0
-0.34677860599299,-0.156318938141706,-0.476567276222558,-1.22403419634426,-1.7195624656815,-0.197965637766139,-0.438700525074908,6.79981955898656e-06,15.501137214421,-12.1172656530565,6.64715369074315,-3.26328212937869,0
-0.346737637085338,-0.156320965197377,-0.476527547268634,-1.22407466992099,-1.7183505370112,-0.198707927025919,-0.43917048187524,6.68629709016122e-06,15.4997086520561,-12.1164858618948,6.64638925593395,-3.26316646577262,0
-0.346696190834617,-0.156323019308897,-0.476487354778127,-1.22411563763595,-1.71711941449826,-0.199461569188123,-0.439648279972178,6.57249104164862e-06,15.4982634029338,-12.1156970239668,6.64561587234961,-3.26304949338257,0
-0.346654276922465,-0.156325100024127,-0.476446708155702,-1.2241570893162,-1.71586915143521,-0.200226492440291,-0.440133937722631,6.45845905510396e-06,15.4968018053722,-12.1148993229118,6.64483372136398,-3.26293123890358,0
-0.346611905287816,-0.156327206877346,-0.476405617055421,-1.22419901454155,-1.71459980662206,-0.201002619600235,-0.440627473344795,6.34425889568099e-06,15.4953242066582,-12.1140929472691,6.64404298914844,-3.26281172975943,0
-0.346569086119768,-0.156329339389579,-0.476364091373796,-1.22424140265153,-1.71331144434383,-0.201789868093019,-0.441128904963747,6.22994841403629e-06,15.4938309627967,-12.1132780903432,6.64324386653742,-3.26269099408396,0
-0.346525829850298,-0.156331497068923,-0.476322141242699,-1.22428424275246,-1.71200413434691,-0.202588149930245,-0.441638250655855,6.11558550825567e-06,15.4923224382558,-12.1124549500666,6.64243654889108,-3.26256906070187,0
-0.346482147146829,-0.156333679410884,-0.476279777022125,-1.2243275237247,-1.71067795181436,-0.203397371691816,-0.442155528491875,6.00122808575586e-06,15.4907990057057,-12.1116237288598,6.64162123595509,-3.2624459591092,0
-0.346438048904647,-0.156335885898724,-0.476237009292812,-1.22437123423001,-1.7093329773399,-0.20421743451031,-0.442680756578671,5.88693402518244e-06,15.4892610457531,-12.1107846334885,6.64079813171795,-3.26232171945329,0
-0.346393546239193,-0.156338116003815,-0.476193848848741,-1.22441536271917,-1.70796929690064,-0.205048234058153,-0.443213953099433,5.77276113833299e-06,15.4877089466714,-12.1099378749182,6.63996744426563,-3.26219637251246,0
-0.346348650478221,-0.156340369185999,-0.4761503066895,-1.22445989743955,-1.70658700182841,-0.205889660537714,-0.443755136352333,5.65876713215286e-06,15.4861431041249,-12.1090836681662,6.63912938563389,-3.2620699496752,0
-0.34630337315383,-0.156342644893958,-0.476106394012537,-1.22450482644298,-1.70518618877973,-0.206741598674496,-0.444304324787496,5.54500957083729e-06,15.4845639208908,-12.1082222321516,6.63828417165834,-3.26194248291909,0
-0.346257725994388,-0.156344942565589,-0.476062122205297,-1.22455013759364,-1.70376695970426,-0.207603927713561,-0.444861537042213,5.43154583806004e-06,15.4829718065755,-12.1073537895424,6.63743202182236,-3.26181400478928,0
-0.346211720916345,-0.156347261628386,-0.476017502837264,-1.22459581857608,-1.70232942181178,-0.208476521419339,-0.445426791974296,5.31843309939449e-06,15.4813671773279,-12.1064785666015,6.63657315910303,-3.2616845483767,0
-0.346165370015943,-0.156349601499826,-0.475972547651892,-1.22464185690338,-1.7008736875375,-0.209359248078967,-0.446000108693497,5.20572826492514e-06,15.4797504555494,-12.10559679303,6.63570780981529,-3.26155414729595,0
-0.346118685560841,-0.156351961587764,-0.475927268558463,-1.22468823992538,-1.6993998745058,-0.210251970509287,-0.446581506590895,5.09348795212356e-06,15.4781220696004,-12.104708701809,6.6348362034543,-3.26142283566285,0
-0.34607167998165,-0.156354341290832,-0.47588167762385,-1.22473495483697,-1.69790810549226,-0.211154546067649,-0.447171005366177,4.98176844900024e-06,15.4764824535041,-12.1038145290394,6.63395857253639,-3.26129064807173,0
-0.346024365863389,-0.156356739998842,-0.475835787064216,-1.22478198868656,-1.69639850838392,-0.212066826666644,-0.447768625052727,4.87062567756654e-06,15.474832046647,-12.102914513781,6.6330751524385,-3.26115761957252,0
-0.345976755936878,-0.156359157093192,-0.475789609236647,-1.22482932838447,-1.69487121613785,-0.212988658792877,-0.44837438604045,4.76011515767311e-06,15.4731712934784,-12.1020088978894,6.6321861812365,-3.26102378564747,0
-0.34592886307007,-0.156361591947282,-0.475743156630718,-1.22487696071153,-1.69332636673775,-0.21391988352992,-0.448988309096248,4.65029197122207e-06,15.4715006432065,-12.1010979258519,6.63129189954233,-3.26088918218777,0
-0.345880700259329,-0.156364043926925,-0.475696441860021,-1.22492487232768,-1.69176410314883,-0.214860336585539,-0.449610415382094,4.54121072681421e-06,15.4698205494935,-12.1001818446231,6.63039255034032,-3.26075384546992,0
-0.345832280620664,-0.156366512390772,-0.475649477653646,-1.22497304978058,-1.69018457327065,-0.215809848323307,-0.450240726470624,4.43292552486649e-06,15.4681314701491,-12.0992609034583,6.6294883788227,-3.26061781213189,0
-0.345783617380928,-0.156368996690725,-0.475602276847634,-1.22502147951429,-1.68858792988814,-0.216768243798694,-0.450879264358187,4.32548992321297e-06,15.4664338668226,-12.0983353537473,6.62857963222455,-3.2604811191492,0
-0.345734723869,-0.156371496172371,-0.475554852376397,-1.22507014787801,-1.68697433062056,-0.217735342799722,-0.451526051475305,4.21895690325772e-06,15.4647282046945,-12.0974054488471,6.62766655965827,-3.26034380381079,0
-0.345685613506931,-0.156374010175397,-0.475507217264132,-1.22511904113482,-1.68534393786848,-0.218710959892274,-0.452181110694476,4.11337883668181e-06,15.4630149521675,-12.0964714439144,6.62674941194786,-3.26020590369484,0
-0.345636299801102,-0.156376538034027,-0.475459384616222,-1.22516814547037,-1.6836969187588,-0.219694904470124,-0.452844465335285,4.00880745276933e-06,15.4612945805566,-12.0955335957379,6.62582844146307,-3.26006745664441,0
-0.345586796333365,-0.156379079077443,-0.475411367610643,-1.22521744700168,-1.68203344508762,-0.220686980809738,-0.453516139166767,3.90529380635713e-06,15.4595675637806,-12.0945921625702,6.62490390195356,-3.25992850074312,0
-0.345537116752203,-0.156381632630218,-0.475363179489371,-1.22526693178584,-1.68035369326116,-0.221686988129927,-0.454196156407,3.80288824646385e-06,15.4578343780527,-12.09364740396,6.62397604838343,-3.25978907429072,0
-0.345487274763904,-0.156384198012743,-0.475314833549821,-1.22531658582878,-1.67865784423451,-0.222694720656372,-0.454884541719879,3.70164038561548e-06,15.4560955015723,-12.0926995805849,6.62304513676595,-3.25964921577864,0
-0.345437284123761,-0.156386774541657,-0.475266343136301,-1.22536639509394,-1.6769460834484,-0.223709967691062,-0.455581320209058,3.60159906990676e-06,15.4543514142178,-12.0917489540843,6.62211142399906,-3.25950896386556,0
-0.345387158627308,-0.156389361530273,-0.475217721631509,-1.22541634551093,-1.67521860076379,-0.224732513686677,-0.456286517409035,3.50281234983011e-06,15.4526025972408,-12.0907957868924,6.62117516770146,-3.25936835735301,0
-0.345336912101595,-0.156391958289004,-0.475168982448068,-1.22546642298422,-1.67347559039444,-0.225762138325921,-0.457000159273355,3.40532745189239e-06,15.4508495329616,-12.089840342073,6.62023662604958,-3.25922743516101,0
-0.345286558396527,-0.156394564125791,-0.475120139020118,-1.22551661340163,-1.67171725083741,-0.226798616605812,-0.457722272159945,3.30919075106367e-06,15.4490927044666,-12.0888828831547,6.6192960576157,-3.25908623630377,0
-0.345236111376247,-0.156397178346527,-0.475071204794962,-1.22556690264293,-1.66994378480145,-0.227841718926922,-0.458452882813555,3.21444774406172e-06,15.4473325953083,-12.0879236739667,6.61835372120716,-3.25894479986552,0
-0.345185584910603,-0.15639980025547,-0.475022193224787,-1.22561727658824,-1.66815539913336,-0.228891211187552,-0.45919201834532,3.12114302353418e-06,15.4455696892072,-12.0869629784766,6.617409875707,-3.25880316497643,0
-0.345134992866679,-0.156402429155669,-0.474973117758458,-1.22566772112644,-1.66635230474231,-0.229946854882803,-0.459939706209456,3.02932025312035e-06,15.4438044697569,-12.0860010606294,6.61646477991608,-3.25866137078867,0
-0.345084349100425,-0.156405064349375,-0.474923991833393,-1.22571822216345,-1.66453471652217,-0.231008407208524,-0.460695974177098,2.93902214345474e-06,15.4420374201321,-12.0850381841878,6.61551869239687,-3.25851945645268,0
-0.345033667448366,-0.156407705138451,-0.474874828867536,-1.22576876563042,-1.6627028532718,-0.232075621170067,-0.461460850307306,2.85029042911436e-06,15.4402690227998,-12.0840746125743,6.61457187131906,-3.25837746109361,0
-0.344982961719422,-0.15641035082478,-0.474825642251421,-1.22581933749188,-1.66085693761346,-0.2331482456958,-0.462234362915269,2.76316584652992e-06,15.4384997592344,-12.0831106087153,6.6136245743071,-3.25823542378792,0
-0.344932245686834,-0.156413000710665,-0.474776445340354,-1.22586992375367,-1.65899719590921,-0.234226025755301,-0.46301654053774,2.67768811289991e-06,15.4367301096363,-12.0821464348867,6.61267705828985,-3.25809338354031,0
-0.3448815330802,-0.156415654099232,-0.474727251446694,-1.22592051047089,-1.65712385817555,-0.235308702482164,-0.463807411895748,2.59389590609418e-06,15.4349605526545,-12.0811823525629,6.61172957935248,-3.25795137926082,0
-0.344830837577644,-0.156418310294814,-0.474678073832268,-1.2259710837556,-1.65523715799609,-0.236396013301306,-0.464607005854625,2.51182684560133e-06,15.4331915651144,-12.080218622266,6.61078239259064,-3.25780944974226,0
-0.344780172798103,-0.156420968603344,-0.474628925700904,-1.2260216297845,-1.65333733243255,-0.237487692060688,-0.465415351381412,2.43151747449404e-06,15.431423621749,-12.0792555034197,6.60983575196726,-3.25766763363794,0
-0.344729552293761,-0.156423628332735,-0.4745798201911,-1.22607213480641,-1.65142462193396,-0.238583469167339,-0.466232477499698,2.35300324247373e-06,15.4296571949358,-12.0782932542037,6.60888991017182,-3.25752596943968,0
-0.34467898954262,-0.156426288793252,-0.474530770368835,-1.22612258514961,-1.64949927024421,-0.239683071727543,-0.467058413241953,2.27631848995432e-06,15.4278927544384,-12.0773321314122,6.60794511848241,-3.2573844954562,0
-0.344628497941218,-0.156428949297883,-0.47448178922052,-1.22617296722906,-1.64756152430794,-0.240786223691092,-0.467893187599436,2.20149643323539e-06,15.4261307671534,-12.0763723903146,6.60700162663062,-3.25724324979185,0
-0.344578090797506,-0.156431609162698,-0.474432889646108,-1.22622326755347,-1.64561163417496,-0.241892645999425,-0.468736829469749,2.12856915076114e-06,15.4243716968625,-12.0754142845188,6.60605968266938,-3.25710227032569,0
-0.344527781323881,-0.156434267707204,-0.474384084452349,-1.22627347273216,-1.64364985290308,-0.243002056737545,-0.469589367602111,2.05756757045102e-06,15.4226160039908,-12.0744580658381,6.6051195328438,-3.25696159469107,0
-0.34447758263039,-0.156436924254696,-0.474335386346216,-1.22632356948183,-1.6416764364596,-0.244114171289524,-0.470450830540456,1.98852145814672e-06,15.4208641453703,-12.0735039841606,6.60418142146519,-3.25682126025545,0
-0.344427507718093,-0.15643957813259,-0.474286807928494,-1.22637354463308,-1.63969164362139,-0.245228702497456,-0.471321246564427,1.92145940715023e-06,15.4191165740098,-12.0725522873224,6.60324559078827,-3.25668130410082,0
-0.344377569472613,-0.156442228672758,-0.474238361687533,-1.22642338513683,-1.63769573587378,-0.246345360823672,-0.472200643628374,1.85640882885206e-06,15.4173737388708,-12.0716032209835,6.6023122808917,-3.25654176300446,0
-0.344327780657856,-0.156444875211853,-0.474190059993187,-1.22647307807051,-1.63568897730815,-0.247463854516048,-0.473089049298456,1.79339594447186e-06,15.4156360846492,-12.0706570285074,6.60138172956197,-3.25640267342016,0
-0.344278153909916,-0.156447517091621,-0.474141915090918,-1.2265226106441,-1.63367163451851,-0.248583889776215,-0.473986490687938,1.73244577788449e-06,15.4139040515645,-12.0697139508438,6.60045417218076,-3.25626407145999,0
-0.344228701731168,-0.156450153659209,-0.47409393909609,-1.22657197020597,-1.63164397649701,-0.249705170930484,-0.474892994390816,1.67358214954717e-06,15.4121780751546,-12.0687742264152,6.59952984161583,-3.25612599287646,0
-0.344179436484542,-0.156452784267466,-0.474046143988443,-1.22662114424851,-1.62960627452844,-0.25082740060329,-0.475808586413847,1.61682767150929e-06,15.4104585860773,-12.0678380910071,6.59860896811535,-3.25598847304523,0
-0.344130370388004,-0.156455408275229,-0.473998541606752,-1.22667012041364,-1.62755880208401,-0.251950279892951,-0.476733292107134,1.56220374350794e-06,15.4087460099188,-12.0669057776611,6.59769177920606,-3.2558515469483,0
-0.344081515509213,-0.156458025047605,-0.473951143643683,-1.22671888649801,-1.62550183471426,-0.253073508549541,-0.477667136093356,1.50973055012438e-06,15.4070407670093,-12.0659775165722,6.59677849959484,-3.25571524915776,0
-0.344032883760388,-0.156460633956245,-0.473903961640831,-1.22676743045814,-1.62343564994126,-0.254196785154672,-0.478610142195778,1.45942705900406e-06,15.4053432722446,-12.0650535349904,6.5958693510742,-3.25557961382001,0
-0.343984486893366,-0.156463234379602,-0.47385700698395,-1.22681574041526,-1.62136052715034,-0.255319807302961,-0.47956233336515,1.41131102013583e-06,15.4036539349152,-12.0641340571245,6.59496455243128,-3.25544467464055,0
-0.343936336494863,-0.156465825703189,-0.47381029089839,-1.22686380465998,-1.61927674748119,-0.256442271784977,-0.480523731605638,1.36539896614356e-06,15.4019731585426,-12.0632193040511,6.59406431936079,-3.25531046486928,0
-0.343888443981932,-0.156468407319818,-0.47376382444471,-1.22691161165678,-1.61718459371865,-0.257563874771453,-0.48149435789989,1.32170621361777e-06,15.4003013407222,-12.062309493627,6.59316886438152,-3.25517701728639,0
-0.343840820597623,-0.15647097862984,-0.473717618514499,-1.22695915004827,-1.61508435018311,-0.258684311998537,-0.482474232133378,1.28024686542789e-06,15.3986388729728,-12.0614048404048,6.59227839675678,-3.25504436418876,0
-0.343793477406847,-0.156473539041369,-0.47367168382639,-1.22700640865929,-1.61297630262072,-0.259803278953874,-0.483463373018136,1.24103381403717e-06,15.3969861405946,-12.060505555553,6.59139312241849,-3.25491253737693,0
-0.34374642529244,-0.156476087970497,-0.473626030922266,-1.22705337650074,-1.61086073809345,-0.260920471063286,-0.48446179801603,1.20407874576103e-06,15.3953435225324,-12.0596118467799,6.5905132438951,-3.25478156814263,0
-0.34369967495142,-0.156478624841499,-0.473580670163665,-1.22710004277329,-1.60873794486914,-0.262035583877846,-0.485469523261671,1.16939214598438e-06,15.3937113912472,-12.0587239182608,6.58963896024324,-3.25465148725686,0
-0.343653236891461,-0.156481149087035,-0.473535611728376,-1.22714639687083,-1.60660821231153,-0.263148313261122,-0.486486563485123,1.13698330528884e-06,15.392090112594,-12.0578419705695,6.58877046698312,-3.25452232495856,0
-0.343607121427547,-0.156483660148336,-0.473490865607229,-1.22719242838376,-1.60447183077049,-0.264258355576361,-0.487512931934507,1.106860326475e-06,15.3904800457072,-12.0569662006133,6.58790795603764,-3.25439411094378,0
-0.343561338678841,-0.15648615747538,-0.473446441601082,-1.22723812710202,-1.60232909147244,-0.265365407873431,-0.488548640298649,1.07903013246182e-06,15.3888815428921,-12.0560968015723,6.5870516156752,-3.25426687435548,0
-0.343515898565735,-0.156488640527066,-0.473402349317985,-1.22728348301804,-1.6001802864111,-0.266469168075263,-0.489593698629884,1.05349847502848e-06,15.3872949495237,-12.0552339628414,6.58620163045617,-3.25414064377384,0
-0.343470810807108,-0.156491108771372,-0.473358598170551,-1.22732848632936,-1.59802570823862,-0.267569335163629,-0.490648115267146,1.03026994437213e-06,15.3857206039528,-12.0543778699769,6.58535818118297,-3.25401544720714,0
-0.343426084917764,-0.156493561685504,-0.473315197373497,-1.22737312744115,-1.5958656501572,-0.268665609364014,-0.491711896759467,1.00934797946222e-06,15.3841588374173,-12.0535287046468,6.58452144485372,-3.2538913120832,0
-0.343381730206073,-0.156495998756046,-0.473272155941376,-1.22741739696852,-1.59370040581132,-0.269757692329396,-0.492785047789996,9.90734879155628e-07,15.382609973962,-12.0526866445839,6.58369159461945,-3.25376826524135,0
-0.343337755771976,-0.156498419479183,-0.473229482686626,-1.22746128574178,-1.59153026918081,-0.270845287319792,-0.493867571103614,9.99195435296099e-07,15.3810743303669,-12.0518518635491,6.58286879974555,-3.25364633292779,0
-0.343294170504409,-0.156500823360529,-0.473187186217252,-1.22750478479875,-1.58935553447356,-0.271928099392155,-0.494959467423443,1.00955868220899e-06,15.379552216068,-12.0510245312745,6.58205322557348,-3.25352554077999,0
-0.343250983079888,-0.156503209915449,-0.473145274935365,-1.22754788539307,-1.58717649602043,-0.273005835573723,-0.496060735383169,9.96647186042664e-07,15.3780439331025,-12.050204813439,6.58124503348975,-3.25340591382621,0
-0.343208201961453,-0.156505578669464,-0.473103757036036,-1.22759057900545,-1.58499344817152,-0.274078205030321,-0.49717137146342,1.01098467441226e-06,15.3765497760659,-12.0493928716547,6.5804443808993,-3.25328747648812,0
-0.34316583539583,-0.15650792915765,-0.473062640504928,-1.2276328573222,-1.58280668519002,-0.2751449192632,-0.498291369898806,1.00212180461024e-06,15.375070032033,-12.0485888633949,6.57965142119337,-3.2531702525553,0
-0.343123891413519,-0.156510260925424,-0.473021933118047,-1.22767471225946,-1.58061650115179,-0.276205692260629,-0.499420722628993,9.95603084010158e-07,15.3736049805434,-12.0477929420111,6.57886630373281,-3.2530542652005,0
-0.343082377827068,-0.156512573528323,-0.472981642440244,-1.2277161359542,-1.57842318984261,-0.277260240678086,-0.500559419220213,1.0163073834679e-06,15.3721548935507,-12.0470052566913,6.57808917382569,-3.25293953696631,0
-0.343041302229531,-0.156514866531809,-0.472941775823893,-1.22775712075555,-1.57622704465658,-0.278308284015758,-0.501707446788471,1.01383475677065e-06,15.3707200353775,-12.0462259524237,6.57732017270738,-3.25282608975355,0
-0.343000671994841,-0.156517139511896,-0.472902340408975,-1.22779765924519,-1.5740283584989,-0.279349544765279,-0.502864789951857,1.01369954765827e-06,15.3693006627143,-12.0454551700155,6.57655943753276,-3.25271394483401,0
-0.342960494276364,-0.156519392054831,-0.4728633431219,-1.22783774422465,-1.57182742368632,-0.280383748585104,-0.504031430753394,1.01589198714593e-06,15.3678970245799,-12.0446930460554,6.5758071013611,-3.25260312283663,0
-0.342920776006597,-0.156521623757245,-0.472824790675182,-1.22787736871916,-1.56962453185081,-0.281410624456998,-0.50520734860123,1.02040136567603e-06,15.3665093623103,-12.0439397129092,6.57506329314875,-3.25249364374769,0
-0.342881523896813,-0.156523834226199,-0.472786689567117,-1.22791652597788,-1.56741997384412,-0.282429904842606,-0.506392520207409,1.02721605009623e-06,15.3651379095465,-12.0431952987118,6.57432813774359,-3.25238552690882,0
-0.342842744436839,-0.156526023079219,-0.47274904608159,-1.22795520947414,-1.56521403964388,-0.283441325836757,-0.507586919528477,1.03632350102655e-06,15.3637828922284,-12.0424599273618,6.57360175588193,-3.25227879101535,0
-0.342804443894974,-0.156528189944332,-0.472711866288013,-1.22799341290538,-1.56300701826108,-0.284444627317397,-0.508790517707985,1.04771029056915e-06,15.3624445285927,-12.0417337185198,6.572884264188,-3.25217345411506,0
-0.342766628318044,-0.156530334460089,-0.472675156041396,-1.22803113019311,-1.56079919764918,-0.28543955309201,-0.510003283020979,1.06136212034092e-06,15.3611230291755,-12.0410167876072,6.5721757751758,-3.25206953360745,0
-0.342729303531566,-0.156532456275587,-0.47263892098253,-1.22806835548261,-1.55859086461466,-0.286425851040455,-0.511225180820508,1.07726383978207e-06,15.3598185968195,-12.0403092458096,6.57147639725323,-3.25196704624327,0
-0.342692475140054,-0.156534555050481,-0.472603166538292,-1.22810508314265,-1.55638230472925,-0.287403273254084,-0.512456173486259,1.09539946473e-06,15.3585314266851,-12.039611200081,6.57078623472852,-3.25186600812451,0
-0.342656148527422,-0.15653663045499,-0.472567897922061,-1.22814130776496,-1.55417380224381,-0.288371576171073,-0.51369622037533,1.11575219620733e-06,15.3572617062652,-12.0389227531512,6.57010538781871,-3.25176643470473,0
-0.34262032885751,-0.156538682169903,-0.472533120134243,-1.22817702416367,-1.5519656400038,-0.289330520707858,-0.51494527777523,1.13830443941278e-06,15.356009615405,-12.0382440035345,6.56943395266022,-3.25166834078976,0
-0.342585021074715,-0.15654070988657,-0.472498837962894,-1.22821222737464,-1.5497580993665,-0.290279872386618,-0.516203298859136,1.16303782287366e-06,15.354775326324,-12.0375750455413,6.56877202132135,-3.25157174053872,0
-0.342550229904719,-0.156542713306901,-0.472465055984444,-1.22824691265465,-1.54755146011999,-0.291219401458717,-0.517470233643461,1.18993321773901e-06,15.3535590036425,-12.0369159692912,6.56811968181662,-3.25147664746536,0
-0.34251595985532,-0.156544692143346,-0.472431778564516,-1.22828107548053,-1.54534600040381,-0.292148883024038,-0.518746028947769,1.21897075718534e-06,15.3523608044111,-12.036266860728,6.56747701812292,-3.25138307443976,0
-0.342482215217349,-0.156546646118878,-0.47239900985883,-1.22831471154815,-1.54314199663145,-0.293068097146163,-0.52003062835708,1.25012985589931e-06,15.3511808781437,-12.0356278016366,6.56684411019729,-3.25129103369029,0
-0.342449000065679,-0.156548574966975,-0.472366753814193,-1.22834781677143,-1.5409397234146,-0.29397682896333,-0.521323972186592,1.2833892296256e-06,15.3500193668525,-12.034998869662,6.56622103399632,-3.25120053680586,0
-0.342416318260317,-0.156550478431585,-0.472335014169565,-1.22838038728112,-1.53873945348925,-0.294874868795129,-0.522625997448857,1.31872691474661e-06,15.3488764050873,-12.0343801383287,6.56560786149707,-3.25111159473845,0
-0.342384173447567,-0.156552356267105,-0.472303794457208,-1.22841241942362,-1.53654145764355,-0.295762012244899,-0.523936637823427,1.35612028787004e-06,15.3477521199766,-12.0337716770632,6.56500466071936,-3.25102421780592,0
-0.342352569061281,-0.156554208238335,-0.472273098003899,-1.22844390975967,-1.53434600464761,-0.296638060297779,-0.525255823629008,1.39554608539784e-06,15.3466466312711,-12.0331735512167,6.56441149574942,-3.25093841569505,0
-0.342321508324161,-0.156556034120448,-0.472242927932211,-1.22847485506301,-1.53215336118507,-0.297502819414396,-0.526583481798116,1.43698042307237e-06,15.3455600513901,-12.03258582209,6.56382842676485,-3.25085419746482,0
-0.342290994249144,-0.156557833698945,-0.472213287161857,-1.2285052523189,-1.52996379178652,-0.298356101620161,-0.52791953585428,1.48039881544857e-06,15.3444924854698,-12.032008546959,6.56325551006063,-3.2507715715499,0
-0.342261029640837,-0.156559606769609,-0.472184178411093,-1.22853509872268,-1.5277775587649,-0.299197724590158,-0.529263905891772,1.52577619529873e-06,15.343444031414,-12.031441779102,6.56269279807635,-3.25069054576439,0
-0.342231617097006,-0.156561353138455,-0.472155604198172,-1.22856439167821,-1.52559492215261,-0.300027511729612,-0.530616508557901,1.57308693291307e-06,15.3424147799463,-12.0308855678276,6.5621403394244,-3.25061112730572,0
-0.342202759010134,-0.156563072621683,-0.472127566842855,-1.22859312879627,-1.52341613964059,-0.300845292249924,-0.531977257037858,1.6223048552905e-06,15.3414048146643,-12.030339958504,6.56159817891909,-3.25053332275877,0
-0.342174457569009,-0.156564765045619,-0.472100068467962,-1.22862130789293,-1.52124146651931,-0.301650901240278,-0.533346061042114,1.67340326519084e-06,15.3404142120957,-12.0298049925892,6.56106635760667,-3.25045713810012,0
-0.342146714760365,-0.156566430246663,-0.47207311100097,-1.22864892698783,-1.51907115562149,-0.302444179734821,-0.534722826796386,1.7263549600377e-06,15.3394430417557,-12.029280707662,6.5605449127962,-3.25038257870255,0
-0.342119532370574,-0.156568068071225,-0.472046696175647,-1.22867598430246,-1.51690545726686,-0.303224974775411,-0.536107457034146,1.78113225065868e-06,15.3384913662055,-12.028767137454,6.56003387809104,-3.25030964933961,0
-0.342092911987355,-0.156569678375667,-0.47202082553373,-1.22870247825844,-1.51474461920862,-0.303993139469967,-0.537499850991683,1.83770697983568e-06,15.3375592411128,-12.0282643118821,6.55953328342113,-3.25023835419037,0
-0.34206685500154,-0.156571261026239,-0.471995500426625,-1.22872840747564,-1.51258888658192,-0.304748533046396,-0.5388999044057,1.89605054068088e-06,15.3366467153133,-12.0277722570818,6.55904315507583,-3.25016869684432,0
-0.342041362608857,-0.156572815899013,-0.471970722017146,-1.22875377077041,-1.51043850185409,-0.305491020902169,-0.540307509513442,1.95613389478265e-06,15.3357538308724,-12.0272909954414,6.55856351573734,-3.25010068030638,0
-0.342016435811747,-0.156574342879814,-0.471946491281278,-1.22877856715368,-1.50829370477671,-0.306220474649519,-0.541722555055327,2.01792759015152e-06,15.334880623149,-12.0268205456365,6.55809438451453,-3.25003430700202,0
-0.341992075421206,-0.156575841864157,-0.471922809009964,-1.2288027958291,-1.50615473233961,-0.306936772156309,-0.543144926280082,2.08140177893169e-06,15.3340271208599,-12.0263609226651,6.55763577697735,-3.2499695787825,0
-0.34196828205865,-0.15657731275717,-0.471899675810911,-1.22882645619113,-1.50402181872659,-0.307639797582602,-0.544574504952356,2.14652623487104e-06,15.3331933461443,-12.0259121378829,6.55718770519154,-3.24990649693021,0
-0.341945056157799,-0.156578755473527,-0.471877092110421,-1.22884954782311,-1.50189519527302,-0.308329441412953,-0.546011169362787,2.21327037054951e-06,15.3323793146295,-12.0254741990398,6.5567501777537,-3.2498450621641,0
-0.34192239796658,-0.156580169937371,-0.471855058155233,-1.22887207049528,-1.49977509042522,-0.309005600484455,-0.547454794340509,2.28160325435225e-06,15.3315850354974,-12.0250471103159,6.55632319982666,-3.24978527464517,0
-0.341900307549048,-0.156581556082244,-0.471833574014383,-1.22889402416291,-1.49766172970166,-0.309668178010602,-0.54890525126807,2.35149362717754e-06,15.3308105115511,-12.0246308723581,6.55590677317511,-3.24972713398208,0
-0.341878784787313,-0.156582913851009,-0.471812639581074,-1.22891540896422,-1.49555533565588,-0.310317083600964,-0.550362408098738,2.42290991888786e-06,15.330055739282,-12.0242254823173,6.55550089620146,-3.24967063923681,0
-0.341857829383486,-0.156584243195777,-0.471792254574555,-1.22893622521851,-1.49345612784123,-0.310952233276757,-0.551826129376169,2.49582026446798e-06,15.3293207089372,-12.0238309338857,6.55510556398184,-3.24961578893035,0
-0.341837440861629,-0.156585544077824,-0.471772418542017,-1.22895647342407,-1.49136432277729,-0.311573549482332,-0.553296276256402,2.57019251992907e-06,15.3286054045875,-12.0234472173337,6.5547207683023,-3.24956258104851,0
-0.341817618569715,-0.156586816467521,-0.47175313086048,-1.22897615425625,-1.48928013391813,-0.312180961092623,-0.554772706532164,2.64599427792133e-06,15.3279098041955,-12.0230743195482,6.55434649769502,-3.24951101304774,0
-0.341798361681596,-0.15658806034425,-0.471734390738703,-1.22899526856543,-1.48720377162215,-0.312774403416616,-0.556255274659441,2.72319288306384e-06,15.3272338796837,-12.0227122240699,6.55398273747475,-3.24946108186098,0
-0.34177966919897,-0.156589275696327,-0.471716197219085,-1.22901381737502,-1.48513544312372,-0.313353818196877,-0.557743831786293,2.80175544699038e-06,15.3265775970025,-12.022360911131,6.55362946977516,-3.24941278390362,0
-0.341761539953354,-0.156590462520921,-0.471698549179572,-1.22903180187945,-1.48307535250645,-0.313919153605198,-0.559238225783879,2.88164886311352e-06,15.3259409161995,-12.0220203576936,6.55328667358531,-3.24936611507941,0
-0.341743972608062,-0.156591620823978,-0.471681445335571,-1.22904922344218,-1.48102370067816,-0.314470364234396,-0.560738301279651,2.96283982109806e-06,15.3253237914872,-12.0216905374876,6.55295432478611,-3.24932107078649,0
-0.341726965660181,-0.156592750620133,-0.471664884241854,-1.22906608359367,-1.47898068534743,-0.315007411086343,-0.562243899692685,3.04529482105164e-06,15.3247261713117,-12.0213714210483,6.55263239618675,-3.24927764592336,0
-0.341710517442543,-0.156593851932639,-0.471648864294473,-1.22908238402935,-1.47694650100183,-0.315530261556249,-0.56375485927113,3.12898018743053e-06,15.3241479984212,-12.021062975755,6.55232085756112,-3.24923583489496,0
-0.341694626125706,-0.156594924793278,-0.471633383732663,-1.22909812660768,-1.47492133888778,-0.31603888941329,-0.565271015131714,3.21386208266012e-06,15.3235892099345,-12.020765165869,6.55201967568421,-3.24919563161871,0
-0.341679289719924,-0.15659596924228,-0.47161844064075,-1.22911331334806,-1.4729053869919,-0.316533274777601,-0.566792199301283,3.29990652047478e-06,15.3230497374092,-12.0204779525713,6.55172881436842,-3.24915702953062,0
-0.341664506077122,-0.156596985328247,-0.471604032950058,-1.22912794642892,-1.47089883002403,-0.317013404093712,-0.56831824076034,3.38707937898578e-06,15.3225295069099,-12.0202012940014,6.55144823449983,-3.24912002159135,0
-0.341650272892861,-0.156597973108066,-0.471590158440804,-1.22914202818564,-1.46890184940173,-0.317479270100479,-0.569848965488538,3.47534641346667e-06,15.3220284390764,-12.0199351452944,6.5511778940744,-3.24908460029238,0
-0.341636587708312,-0.156598932646826,-0.471576814744001,-1.22915556110859,-1.46691462323636,-0.317930871797563,-0.5713841965121,3.56467326887323e-06,15.3215464491919,-12.0196794586199,6.55091774823411,-3.24905075766212,0
-0.341623447912214,-0.156599864017739,-0.47156399934335,-1.22916854784114,-1.46493732632063,-0.318368214408522,-0.57292375395311,3.65502549209783e-06,15.3210834472503,-12.0194341832194,6.55066774930298,-3.24901848527205,0
-0.341610850742836,-0.156600767302058,-0.471551709577133,-1.22918099117768,-1.46297013011763,-0.318791309340571,-0.574467455080658,3.7463685439581e-06,15.3206393380247,-12.0191992654445,6.55042784682308,-3.24898777424291,0
-0.341598793289939,-0.156601642588989,-0.471539942640099,-1.22919289406159,-1.46101320275141,-0.319200174141064,-0.576015114363787,3.83866781093598e-06,15.3202140211345,-12.018974648795,6.5501979875904,-3.24895861525085,0
-0.341587272496727,-0.156602489975612,-0.471528695585353,-1.2292042595833,-1.45906670899886,-0.319594832450771,-0.577566543526205,3.93188861666232e-06,15.3198073911133,-12.0187602739562,6.5499781156907,-3.24893099853362,0
-0.341576285161802,-0.156603309566798,-0.471517965326235,-1.22921509097833,-1.45713081028319,-0.319975313953996,-0.579121551602725,4.02599623315945e-06,15.3194193374759,-12.0185560788374,6.54976817253524,-3.24890491389676,0
-0.341565827941112,-0.156604101475123,-0.4715077486382,-1.22922539162524,-1.45520566466866,-0.320341654325605,-0.580679944997396,4.12095589184606e-06,15.319049744786,-12.0183619986093,6.54956809689651,-3.24888035071984,0
-0.341565827941112,-0.156604865772592,-0.471498042156901,-1.22923516504374,-1.4532914268568,-0.320693895175009,-0.582241527543287,4.21673279431745e-06,15.3186984927232,-12.018177965742,6.54937782494383,-3.24885729796265,0
-0.341565827941112,-0.156605592660923,-0.471488823052352,-1.2292441900033,-1.45138800523607,-0.32103260985227,-0.583805818187292,4.31443850235679e-06,15.3183648601731,-12.0180031944431,6.54919709946362,-3.24883543373359,0
-0.341565827941112,-0.156606282986749,-0.471480089142581,-1.22925248725798,-1.44949556501041,-0.321357813805311,-0.58537263637097,4.41392891927783e-06,15.3180487621752,-12.0178376641143,6.54902586642964,-3.24881476836867,0
-0.341565827941112,-0.156606937586665,-0.471471838073227,-1.22926007722881,-1.44761426764145,-0.321669529102157,-0.58694179866101,4.51506454142159e-06,15.3177501077451,-12.0176813501664,6.54886406882573,-3.24879531124705,0
-0.341565827941112,-0.156607557287349,-0.471464067320322,-1.22926698000917,-1.44574427085067,-0.321967784360372,-0.588513118817555,4.61771033526545e-06,15.317468799972,-12.0175342240828,6.54871164669476,-3.2487770708056,0
-0.341565827941112,-0.156608142905688,-0.471456774193063,-1.22927321536997,-1.44388572862292,-0.322252614673431,-0.590086407864149,4.72173561782961e-06,15.317204736116,-12.0173962534821,6.54856853718724,-3.24876005455337,0
-0.341565827941112,-0.156608695248897,-0.471449955836562,-1.22927880276477,-1.44203879121141,-0.322524061534119,-0.591661474159285,4.82701394027993e-06,15.3169578077046,-12.0172674021808,6.54843467460968,-3.24874426908596,0
-0.341565827941112,-0.15660921511464,-0.471443609234587,-1.22928376133473,-1.44020360514398,-0.322782172755027,-0.593238123469496,4.93342297465797e-06,15.3167279006287,-12.0171476302557,6.54830999047275,-3.24872972009972,0
-0.341565827941112,-0.156609703291147,-0.471437731212281,-1.22928810991355,-1.43838031323076,-0.3230270023862,-0.594816159043957,5.04084440365711e-06,15.3165148952384,-12.0170368941051,6.54819441353914,-3.24871641240587,0
-0.341565827941112,-0.156610160557323,-0.471432318438873,-1.22929186703217,-1.43656905457308,-0.323258610630024,-0.596395381690541,5.1491638133554e-06,15.3163186664375,-12.0169351465108,6.54808786987131,-3.24870434994454,0
-0.341565827941112,-0.156610587682865,-0.471427367430374,-1.22929505092348,-1.43476996457375,-0.323477063753419,-0.597975589853285,5.25827058883932e-06,15.316139083779,-12.0168423366986,6.54799028287894,-3.24869353579863,0
-0.341565827941112,-0.156610985428368,-0.471422874552266,-1.22929767952687,-1.43298317494854,-0.323682433997396,-0.599556579691244,5.36805781264828e-06,15.3159760115584,-12.0167584103998,6.54790157336632,-3.24868397220765,0
-0.341565827941112,-0.156611354545435,-0.471418836022169,-1.22929977049272,-1.43120881373886,-0.323874799484077,-0.601138145158649,5.47842216595666e-06,15.3158293089086,-12.0166833099105,6.54782165957949,-3.24867566058137,0
-0.341565827941112,-0.156611695776777,-0.471415247912515,-1.22930134118669,-1.42944700532571,-0.324054244121222,-0.602720078086369,5.58926383243538e-06,15.3156988298928,-12.0166169741529,6.54775045725336,-3.24866860151347,0
-0.341565827941112,-0.156612009856317,-0.4714121061532,-1.22930240869407,-1.42769787044477,-0.324220857504342,-0.604302168264596,5.70048640472314e-06,15.3155844235981,-12.0165593387345,6.54768787965863,-3.24866279479504,0
-0.341565827941112,-0.15661229750929,-0.471409406534241,-1.22930298982386,-1.42596152620262,-0.324374734816481,-0.605884203526736,5.81199679343616e-06,15.3154859342289,-12.0165103360082,6.54763383764871,-3.24865823942799,0
-0.341565827941112,-0.156612559452336,-0.471407144708413,-1.22930310111292,-1.42423808609412,-0.324515976725725,-0.607465969834447,5.92370513866485e-06,15.3154032011994,-12.0164698951312,6.54758823970651,-3.2486549336384,0
-0.341565827941112,-0.156612796393599,-0.471405316193902,-1.22930275882984,-1.42252766002081,-0.324644689280511,-0.609047251363792,6.0355247238817e-06,15.3153360592268,-12.0164379421253,6.54755099199131,-3.24865287488978,0
-0.341565827941112,-0.156613009032811,-0.471403916376934,-1.22930197897891,-1.42083035431046,-0.324760983802816,-0.61062783059245,6.14737189221233e-06,15.3152843384242,-12.016414399935,6.54752199838552,-3.2486520598963,0
-0.341565827941112,-0.156613198061389,-0.471402940514421,-1.22930077730382,-1.41914627173759,-0.324864976779292,-0.612207488387958,6.25916596500786e-06,15.3152478643931,-12.0163991884874,6.54750116054152,-3.24865248463587,0
-0.341565827941112,-0.156613364162512,-0.471402383736597,-1.22929916929139,-1.41747551154498,-0.324956789750405,-0.61378600409694,6.37082916266257e-06,15.3152264583164,-12.016392224751,6.54748837792858,-3.24865414436322,0
-0.341565827941112,-0.15661350801121,-0.47140224104966,-1.22929717017517,-1.41581816946623,-0.325036549197682,-0.61536315563526,6.4822865276133e-06,15.3152199370512,-12.0163934227943,6.54748354787984,-3.24865703362293,0
-0.341565827941112,-0.156613630274439,-0.471402507338413,-1.22929479493889,-1.41417433774915,-0.325104386429108,-0.616938719579089,6.59346584948361e-06,15.3152281132222,-12.0164026938452,6.54748656563932,-3.24866114626235,0
-0.341565827941112,-0.156613731611162,-0.471403177368917,-1.2292920583199,-1.41254410518017,-0.325160437462757,-0.618512471256818,6.70429759230141e-06,15.3152507953146,-12.0164199463499,6.54749732440926,-3.24866647544457,0
-0.341565827941112,-0.156613812672422,-0.471404245791147,-1.22928897481251,-1.41092755710957,-0.325204842908725,-0.620084184841792,6.81471482375717e-06,15.3152877877677,-12.0164450860315,6.5475157153974,-3.24867301366123,0
-0.341565827941112,-0.15661387410141,-0.471405707141651,-1.22928555867117,-1.40932477547757,-0.325237747849445,-0.621653633445818,6.92465314644148e-06,15.315338891069,-12.0164780159498,6.54754162786465,-3.24868075274541,0
-0.341565827941112,-0.156613916533539,-0.47140755584623,-1.22928182391363,-1.40773583884124,-0.325259301718446,-0.623220589213401,7.03405063100863e-06,15.3154039018481,-12.0165186365597,6.54757494917286,-3.24868968388442,0
-0.341565827941112,-0.156613940596503,-0.471409786222616,-1.22927778432399,-1.40616082240223,-0.325269658177632,-0.624784823416677,7.14284775124125e-06,15.3154826129716,-12.0165668457712,6.54761556483289,-3.2486997976326,0
-0.341565827941112,-0.156613946910344,-0.471412392483172,-1.22927345345565,-1.40459979803516,-0.325268974993167,-0.626346106550992,7.25098732093789e-06,15.3155748136377,-12.0166225390088,6.54766335855296,-3.24871108392409,0
-0.341565827941112,-0.156613936087508,-0.471415368737603,-1.22926884463421,-1.4030528343169,-0.325257413909998,-0.627904208431108,7.35841443261033e-06,15.3156802894725,-12.0166856092708,6.54771821228728,-3.24872353208562,0
-0.341565827941112,-0.156613908732904,-0.47141870899568,-1.22926397096021,-1.40151999655634,-0.325235140525153,-0.629458898287956,7.4650763979156e-06,15.3157988226256,-12.0167559471897,6.54778000628505,-3.24873713084924,0
-0.341565827941112,-0.156613865443954,-0.471422407169984,-1.22925884531187,-1.40000134682499,-0.325202324159823,-0.631009944865943,7.57092268981102e-06,15.3159301918672,-12.0168334410924,6.5478486191398,-3.24875186836508,0
-0.341565827941112,-0.156613806810647,-0.471426457078668,-1.22925348034768,-1.39849694398807,-0.325159137730342,-0.632557116520735,7.67590488636126e-06,15.3160741726855,-12.0169179770605,6.5479239278391,-3.24876773221417,0
-0.341565827941112,-0.156613733415581,-0.471430852448236,-1.22924788850895,-1.39700684373632,-0.325105757618122,-0.634100181317503,7.77997661617134e-06,15.3162305373849,-12.0170094389913,6.54800580781468,-3.24878470942115,0
-0.341565827941112,-0.156613645834012,-0.471435586916345,-1.22924208202222,-1.39553109861822,-0.325042363538623,-0.63563890712957,7.88309350540082e-06,15.3163990551849,-12.017107708659,6.54809413299304,-3.24880278646713,0
-0.341565827941112,-0.156613544633893,-0.471440654034629,-1.22923607290167,-1.39406975807287,-0.324969138409429,-0.637173061737448,7.98521312632856e-06,15.3165794923201,-12.0172126657762,6.54818877584642,-3.24882194930249,0
-0.341565827941112,-0.156613430375909,-0.471446047271546,-1.22922987295136,-1.39262286846324,-0.3248862682175,-0.638702412928184,8.0862949474012e-06,15.3167716121404,-12.0173241880558,6.54828960744433,-3.24884218335973,0
-0.341565827941112,-0.156613303613518,-0.471451760015247,-1.22922349376744,-1.39119047310997,-0.324793941885684,-0.640226728595032,8.18630028476793e-06,15.316975175213,-12.0174421512738,6.54839649750553,-3.24886347356634,0
-0.341565827941112,-0.156613164892976,-0.471457785576475,-1.22921694674028,-1.38977261232551,-0.324692351138557,-0.641745776837349,8.28519225522383e-06,15.3171899394245,-12.0175664293317,6.54850931445054,-3.24888580435775,0
-0.341565827941112,-0.156613014753373,-0.471464117191487,-1.22921024305649,-1.38836932344865,-0.324581690367666,-0.643259326060736,8.38293573055253e-06,15.3174156600844,-12.0176968943199,6.5486279254547,-3.24890915969029,0
-0.341565827941112,-0.156612853726652,-0.471470748025006,-1.22920339370087,-1.38698064087945,-0.324462156496249,-0.644767145077339,8.47949729321481e-06,15.3176520900295,-12.0178334165819,6.54875219650177,-3.24893352305416,0
-0.341565827941112,-0.156612682337636,-0.471477671173198,-1.22919640945834,-1.38560659611442,-0.324333948843514,-0.646269003206297,8.57484519335986e-06,15.3178989797297,-12.0179758647781,6.54888199243809,-3.24895887748657,0
-0.341565827941112,-0.156612501104047,-0.471484879666682,-1.22918930091568,-1.38424721778198,-0.324197268988538,-0.647764670374296,8.668949307113e-06,15.3181560773937,-12.0181241059511,6.54901717702732,-3.24898520558479,0
-0.341565827941112,-0.156612310536523,-0.471492366473564,-1.22918207846329,-1.38290253167814,-0.324052320633883,-0.649253917216176,8.76178109611467e-06,15.3184231290775,-12.018278005591,6.54915761300584,-3.24901248951936,0
-0.341565827941112,-0.156612111138632,-0.471500124502513,-1.22917475229686,-1.38157256080244,-0.323899309468976,-0.650736515175574,8.85331356825962e-06,15.3186998787924,-12.018437427701,6.54930316213863,-3.24904071104731,0
-0.341565827941112,-0.156611903406883,-0.471508146605852,-1.22916733241892,-1.38025732539396,-0.323738443033354,-0.65221223660555,8.94352123963356e-06,15.3189860686151,-12.0186022348647,6.54945368527591,-3.24906985152549,0
-0.341565827941112,-0.156611687830736,-0.471516425582696,-1.22915982864037,-1.37895684296749,-0.323569930579838,-0.653680854869165,9.03238009757492e-06,15.319281438799,-12.0187722883126,6.5496090424103,-3.24909989192393,0
-0.341565827941112,-0.156611464892606,-0.47152495418211,-1.2291522505819,-1.37767112834982,-0.323393982937708,-0.655142144439965,9.11986756486068e-06,15.3195857278854,-12.01894744799,6.54976909273464,-3.24913081283929,0
-0.341565827941112,-0.156611235067867,-0.471533725106306,-1.22914460767538,-1.376400193716,-0.323210812375961,-0.656595881002348,9.20596246496939e-06,15.3198986728178,-12.0191275726257,6.54993369470048,-3.24916259450836,0
-0.341565827941112,-0.156610998824852,-0.471542731013873,-1.22913690916516,-1.37514404862566,-0.323020632466727,-0.65804184155177,9.29064498838546e-06,15.3202200090559,-12.0193125198004,6.55010270607714,-3.24919521682171,0
-0.341565827941112,-0.156610756624852,-0.471551964523033,-1.2291291641093,-1.37390270005929,-0.322823657948908,-0.659479804494743,9.37389665992856e-06,15.3205494706909,-12.0195021460166,6.55027598401149,-3.2492286593373,0
-0.341565827941112,-0.156610508922109,-0.471561418214935,-1.22912138138073,-1.37267615245442,-0.322620104592138,-0.660909549748597,9.45570030706041e-06,15.3208867905629,-12.0196963067689,6.55045338508829,-3.24926290129425,0
-0.341575915800676,-0.156610256212569,-0.471571084638256,-1.22911356966838,-1.37146440774174,-0.322410189061101,-0.662330858840986,9.53604002914604e-06,15.3212317003788,-12.0198948566143,6.55063476539119,-3.24929792162672,0
-0.341586193386635,-0.156609988921032,-0.471580936762314,-1.22910550894173,-1.37026721357295,-0.322194664097133,-0.663743232089018,9.61606425606955e-06,15.3215833287983,-12.020096923508,6.55081978873306,-3.24933338344278,0
-0.341596652962274,-0.156609707470695,-0.471590967082482,-1.22909720848858,-1.36908456737779,-0.321973746512725,-0.665146455356717,9.69573198293728e-06,15.3219414059768,-12.0203023600263,6.55100831068546,-3.24936926473493,0
-0.34160728678003,-0.156609412285331,-0.471601168083674,-1.22908867756891,-1.36791646438411,-0.321747653201491,-0.666540316627023,9.77500315491003e-06,15.3223056616909,-12.0205110185451,6.55120018661691,-3.24940554347117,0
-0.341618087084901,-0.156609103789139,-0.471611532243631,-1.22907992541241,-1.36676289764918,-0.321516601014022,-0.66792460609467,9.85383866081467e-06,15.3226758254555,-12.020722751306,6.55139527175522,-3.24944219760576,0
-0.341629046117893,-0.156608782406595,-0.471622052036242,-1.22907096121597,-1.36562385809044,-0.321280806634503,-0.669299116258629,9.93220032720173e-06,15.3230516266435,-12.0209374104831,6.55159342125053,-3.24947920509018,0
-0.341640156119497,-0.15660844856231,-0.471632719934887,-1.22906179414108,-1.36449933451609,-0.321040486458214,-0.670663642014049,1.00100509127832e-05,15.3234327946052,-12.0211548482504,6.55179449023888,-3.24951654388402,0
-0.341651409333191,-0.156608102680871,-0.471643528415817,-1.22905243331119,-1.36338931365511,-0.320795856469932,-0.672017980743685,1.00873541032721e-05,15.3238190587895,-12.0213749168491,6.55199833390641,-3.249554191966,0
-0.341662798008975,-0.156607745186689,-0.471654469961552,-1.22904288780908,-1.36229378018694,-0.32054713212334,-0.673361932408774,1.016407450658e-05,15.3242101488657,-12.0215974686565,6.55220480755413,-3.24959212734494,0
-0.341674314406927,-0.156607376503844,-0.471665537064315,-1.22903316667405,-1.36121271677062,-0.320294528221501,-0.674695299639321,1.02401776483622e-05,15.3246057948467,-12.0218223562545,6.55241376666311,-3.24963032807089,0
-0.341685950800784,-0.156606997055924,-0.47167672222948,-1.22902327889921,-1.36014610407349,-0.320038258798455,-0.676017887823767,1.03156299678979e-05,15.3250057272127,-12.0220494324986,6.55262506696023,-3.24966877224618,0
-0.341697699481549,-0.156606607265867,-0.471688017979051,-1.22901323342864,-1.35909392079928,-0.319778537001989,-0.677329505198022,1.039039881428e-05,15.3254096770356,-12.0222785505878,6.55283856448443,-3.24970743803658,0
-0.341709552761116,-0.156606207555795,-0.471699416855159,-1.22900303915453,-1.35805614371567,-0.319515574977692,-0.678629962933801,1.04644524428984e-05,15.3258173761048,-12.022509564134,6.5530541156533,-3.24974630368244,0
-0.341721502975912,-0.156605798346854,-0.471710911423573,-1.22899270491428,-1.35703274768121,-0.319249583754305,-0.679919075226265,1.05377600121992e-05,15.3262285570531,-12.0227423272328,6.55327157733008,-3.24978534750984,0
-0.341733542490561,-0.156605380059046,-0.471722494277238,-1.22898223948756,-1.35602370567164,-0.318980773130454,-0.681196659380918,1.06102915806943e-05,15.3266429534831,-12.0229766945338,6.55349080689108,-3.24982454794179,0
-0.341745663701556,-0.15660495311106,-0.47173415803982,-1.22897165159338,-1.35502898880549,-0.318709351562824,-0.682462535899734,1.06820181042205e-05,15.3270603000952,-12.0232125213113,6.55371166229333,-3.24986388350943,0
-0.341757859040954,-0.156604517920106,-0.471745895369263,-1.22896094988705,-1.35404856636905,-0.318435526055833,-0.683716528566497,1.07529114334029e-05,15.3274803328146,-12.0234496635352,6.55393400214256,-3.24990333286317,0
-0.341770120980068,-0.156604074901742,-0.471757698961368,-1.22895014295719,-1.35308240584051,-0.318159502052851,-0.684958464531304,1.08229443113349e-05,15.3279027889201,-12.0236879779427,6.55415768576137,-3.24994287478391,0
-0.341782442033179,-0.156603624469703,-0.471769561553364,-1.22893923932265,-1.35213047291345,-0.317881483329042,-0.686188174394229,1.08920903714211e-05,15.3283274071721,-12.0239273221086,6.55438257325763,-3.24998248819417,0
-0.341794814761243,-0.15660316703573,-0.471781475927501,-1.22892824742947,-1.35119273151944,-0.317601671885859,-0.687405492288103,1.0960324135404e-05,15.3287539279413,-12.0241675545176,6.554608525593,-3.25002215216924,0
-0.341807231775611,-0.156602703009394,-0.471793434914631,-1.22891717564775,-1.35026914384995,-0.317320267847273,-0.688610255960389,1.10276210115157e-05,15.329182093338,-12.0244085346348,6.55483540465151,-3.25006184594833,0
-0.341819685741741,-0.15660223279792,-0.471805431397807,-1.2289060322686,-1.34935967037726,-0.317037469357759,-0.689802306854134,1.10939572927684e-05,15.3296116473405,-12.0246501229778,6.55506307330827,-3.25010154894557,0
-0.341832169382916,-0.156601756806015,-0.471817458315865,-1.22889482550096,-1.34846426987467,-0.316753472482104,-0.690981490187963,1.11593101553455e-05,15.330042335924,-12.0248921811871,6.55529139549807,-3.25014124076112,0
-0.341844675483943,-0.156601275435693,-0.471829508667009,-1.22888356346851,-1.34758289943566,-0.3164684711071,-0.692147655035099,1.12236576570844e-05,15.3304739071898,-12.0251345720979,6.55552023628402,-3.25018090119209,0
-0.341857196894863,-0.156600789086091,-0.471841575512392,-1.22887225420652,-1.3467155144923,-0.316182656845124,-0.693300654401383,1.12869787360279e-05,15.330906111493,-12.0253771598105,6.55574946192602,-3.25022051024352,0
-0.341869726534633,-0.156600298153302,-0.471853651979679,-1.22886090565873,-1.34586206883258,-0.315896218939707,-0.694440345302269,1.13492532090278e-05,15.3313387015713,-12.0256198097614,6.5559789399491,-3.25026004813918,0
-0.341882257394806,-0.15659980303019,-0.471865731266603,-1.22884952567418,-1.34502251461684,-0.315609344173083,-0.695566588838784,1.14104617703816e-05,15.3317714326723,-12.0258623887932,6.55620853921149,-3.25029949533236,0
-0.341894782543187,-0.156599304106219,-0.471877806644507,-1.22883812200408,-1.34419680239324,-0.315322216775805,-0.696679250272416,1.1470585990485e-05,15.3322040626808,-12.0261047652249,6.5564381299725,-3.25033883251662,0
-0.341907295127471,-0.156598801767272,-0.47188987146186,-1.22882670229871,-1.34338488111222,-0.315035018338423,-0.697778199098926,1.15296083144851e-05,15.3326363522451,-12.0263468089214,6.55666758395998,-3.25037804063632,0
-0.341919788378864,-0.156598296395477,-0.471901919147759,-1.22881527410428,-1.3425866981399,-0.314747927725302,-0.69886330912105,1.15875120609058e-05,15.333068064903,-12.0265883913627,6.55689677443745,-3.25041710089714,0
-0.341932255615667,-0.156597788369031,-0.471913943215404,-1.22880384485981,-1.34180219927048,-0.314461120990588,-0.699934458520094,1.16442814202455e-05,15.3334989672066,-12.0268293857123,6.55712557627078,-3.25045599477651,0
-0.341944690246839,-0.156597278062023,-0.471925937265543,-1.22879242189408,-1.34103132873759,-0.314174771296367,-0.70099152992638,1.16999014535137e-05,15.333928828846,-12.0270696668855,6.55735386599432,-3.25049470403385,0
-0.341957085775527,-0.156596765844262,-0.47193789498989,-1.22878101242254,-1.34027402922457,-0.313889048833047,-0.702034410488554,1.17543580906983e-05,15.3343574227722,-12.0273091116164,6.5575815218765,-3.25053321072073,0
-0.341969435802558,-0.156596252081101,-0.471949810174504,-1.22876962354425,-1.33953024187364,-0.313604120742002,-0.703062991941701,1.18076381291392e-05,15.3347845253187,-12.0275475985247,6.55780842398479,-3.25057149719087,0
-0.341981734029893,-0.156595737133264,-0.47196167670314,-1.22875826223891,-1.338799906294,-0.313320151040481,-0.704077170674314,1.18597292318088e-05,15.3352099163217,-12.0277850081817,6.55803445425001,-3.25060954611002,0
-0.341993974264037,-0.156595221356681,-0.471973488560551,-1.22874693536383,-1.33808296056881,-0.313037300548841,-0.705076847794036,1.19106199254608e-05,15.3356333792392,-12.0280212231751,6.55825949652979,-3.25064734046569,0
-0.342006150419409,-0.156594705102309,-0.471985239835748,-1.22873564965102,-1.33737934126104,-0.312755726820098,-0.706061929192211,1.19602995986405e-05,15.3360547012679,-12.0282561281732,6.55848343667137,-3.25068486357668,0
-0.342018256521662,-0.156594188715972,-0.471996924725223,-1.22872441170423,-1.33668898341823,-0.312475584071848,-0.707032325607208,1.20087584995603e-05,15.3364736734591,-12.0284896099881,6.55870616257339,-3.25072209910246,0
-0.342030286710945,-0.156593672538191,-0.472008537536108,-1.22871322799615,-1.33601182057603,-0.312197023120538,-0.707987952686526,1.20559877337841e-05,15.3368900908325,-12.028721557638,6.55892756424686,-3.25075903105244,0
-0.342042235245118,-0.15659315690402,-0.472020072689292,-1.22870210486551,-1.33534778476067,-0.311920191318155,-0.708928731047643,1.2101979261749e-05,15.3373037524883,-12.0289518624081,6.55914753387505,-3.2507956437949,0
-0.342054096502908,-0.156592642142884,-0.472031524722481,-1.22869104851437,-1.33469680649022,-0.311645232491309,-0.70985458633763,1.21467258960817e-05,15.3377144617172,-12.0291804179107,6.55936596587241,-3.25083192206589,0
-0.342065864986997,-0.156592128578421,-0.472042888293193,-1.22868006500535,-1.33405881477472,-0.311372286882739,-0.710765449291507,1.21902212987121e-05,15.3381220261082,-12.0294071201436,6.55958275694233,-3.2508678509778,0
-0.342077535327058,-0.156591616528321,-0.472054158181702,-1.22866916025899,-1.3334337371151,-0.311101491095259,-0.711661255789325,1.22324599777546e-05,15.3385262576543,-12.0296318675483,6.55979780613375,-3.25090341602782,0
-0.342089102282709,-0.156591106304177,-0.472065329293903,-1.22865834005112,-1.33282149950098,-0.310832978038148,-0.712541946911996,1.22734372841651e-05,15.338926972856,-12.0298545610655,6.56001101489654,-3.2509386031061,0
-0.342100560746409,-0.156590598211327,-0.472076396664126,-1.22864761001033,-1.33222202640723,-0.310566876875993,-0.713407468995833,1.2313149408144e-05,15.3393239928224,-12.0300751041905,6.56022228713559,-3.2509733985037,0
-0.342111905746275,-0.156590092548709,-0.472087355457865,-1.22863697561549,-1.33163524078945,-0.310303312979997,-0.714257773685816,1.2351593375282e-05,15.3397171433693,-12.0302934030261,6.56043152926361,-3.25100778892038,0
-0.342123132448823,-0.156589589608712,-0.472098200974441,-1.22862644219332,-1.3310610640781,-0.310042407881749,-0.715092817987588,1.23887670424362e-05,15.3401062551153,-12.0305093663348,6.56063865025245,-3.25104176147203,0
-0.342134236161632,-0.156589089677038,-0.472108928649589,-1.22861601491605,-1.33049941617164,-0.309784279229463,-0.715912564318147,1.24246690933272e-05,15.3404911635746,-12.0307229055894,6.56084356168306,-3.25107530369794,0
-0.342145212335924,-0.15658859303256,-0.472119534057961,-1.22860569879916,-1.32995021542838,-0.309529040746693,-0.716716980555263,1.24592990338434e-05,15.3408717092476,-12.0309339350214,6.56104617779391,-3.25110840356776,0
-0.34215605656906,-0.156588099947185,-0.472130012915555,-1.22859549869919,-1.32941337865712,-0.309276802193508,-0.717506040085613,1.24926571870473e-05,15.3412477377081,-12.0311423716685,6.56124641552781,-3.25114104948824,0
-0.342166764606951,-0.156587610685724,-0.472140361082055,-1.22858541931162,-1.32888882110674,-0.309027669330149,-0.718279721851613,1.2524744687876e-05,15.3416190996876,-12.03134813542,6.56144419457726,-3.2511732303097,0
-0.342177332346378,-0.156587125505766,-0.472150574563083,-1.22857546516886,-1.32837645645445,-0.308781743883134,-0.719038010396986,1.25555634775205e-05,15.3419856511565,-12.0315511490605,6.56163943742803,-3.25120493533213,0
-0.34218775583722,-0.156586644657551,-0.472160649512368,-1.22856564063829,-1.32787619679305,-0.308539123513826,-0.71978089591103,1.25851162974953e-05,15.3423472534021,-12.0317513383122,6.5618320694011,-3.25123615431119,0
-0.342198031284584,-0.156586168383848,-0.472170582233821,-1.22855594992038,-1.32738795261684,-0.308299901789456,-0.720508374271617,1.26134066833596e-05,15.3427037731038,-12.0319486318746,6.56202201869286,-3.25126687746372,0
-0.34220815505085,-0.156585696919847,-0.472180369183514,-1.228546397047,-1.32691163280651,-0.308064168156588,-0.7212204470869,1.26404389581203e-05,15.3430550824039,-12.0321429614635,6.5622092164135,-3.2512970954731,0
-0.34220815505085,-0.156585230445002,-0.472190006969246,-1.22853698587968,-1.32644714461282,-0.307832007916993,-0.721917121735769,1.26662182252866e-05,15.3434010589762,-12.0323342618467,6.56239359662368,-3.25132679949427,0
-0.34220815505085,-0.156584779087255,-0.472199512158632,-1.22852794542474,-1.3259946410703,-0.307602981993871,-0.722598683565487,1.26896041762995e-05,15.3437421985175,-12.0325231982788,6.56257529509833,-3.25135629485957,0
-0.34220815505085,-0.156584342732032,-0.472208880986334,-1.22851927043621,-1.32555401700943,-0.307377186561016,-0.723265141531975,1.27106702865884e-05,15.3440783684693,-12.0327096868575,6.56275424477289,-3.25138556316113,0
-0.34220815505085,-0.156583921259211,-0.472218109852455,-1.22851095562581,-1.3251251656901,-0.307154713335798,-0.723916510613186,1.27294888269051e-05,15.3444094421915,-12.0328936470422,6.56293038170521,-3.25141458655595,0
-0.34220815505085,-0.156583514543147,-0.472227195324204,-1.22850299566228,-1.32470797878267,-0.306935649561251,-0.724552811846,1.27461308896094e-05,15.3447352990218,-12.0330750016893,6.56310364510586,-3.25144334777345,0
-0.34220815505085,-0.156583122452692,-0.472236134137472,-1.2284953851708,-1.32430234634789,-0.306720077990569,-0.725174072361848,1.27606664138275e-05,15.3450558243309,-12.0332536770871,6.56327397736653,-3.25147183012276,0
-0.34220815505085,-0.156582744851232,-0.472244923198297,-1.22848811873251,-1.32390815681569,-0.306508076874025,-0.725780325421083,1.27731642095108e-05,15.3453709095746,-12.0334296029877,6.56344132408653,-3.25150001749965,0
-0.34220815505085,-0.15658238159672,-0.47225355958424,-1.22848119088414,-1.32352529696282,-0.306299719948259,-0.726371610446094,1.27836919804204e-05,15.3456804523417,-12.0336027126375,6.56360563409728,-3.25152789439312,0
-0.34220815505085,-0.156582032541719,-0.472262040545641,-1.22847459611785,-1.32315365188936,-0.306095076427941,-0.726947973053181,1.27923163460788e-05,15.3459843563984,-12.0337729428053,6.56376685948487,-3.25155544589177,0
-0.34220815505085,-0.156581697533448,-0.472270363506782,-1.22846832888101,-1.32279310499418,-0.305894210999766,-0.727509465083199,1.27991028627057e-05,15.3462825317289,-12.0339402338081,6.56392495561054,-3.25158265768972,0
-0.34220815505085,-0.15658137641383,-0.472278526066939,-1.2284623835763,-1.32244353794921,-0.305697183818763,-0.728056144630994,1.2804116043174e-05,15.3465748945728,-12.0341045295358,6.56407988112926,-3.25160951609228,0
-0.34220815505085,-0.156581069019549,-0.472286526001329,-1.22845675456176,-1.32210483067275,-0.305504050506882,-0.728588076073624,1.28074193760232e-05,15.346861367457,-12.0342657774721,6.56423159800613,-3.25163600802119,0
-0.34220815505085,-0.156580775182111,-0.472294361261943,-1.22845143615101,-1.32177686130158,-0.305314862153843,-0.729105330097413,1.28090753435419e-05,15.3471418792262,-12.034423928715,6.56438007153079,-3.25166212101964,0
-0.34220815505085,-0.156580494727907,-0.472302029978282,-1.22844642261359,-1.32145950616218,-0.305129665320202,-0.72960798372381,1.28091454389677e-05,15.3474163650668,-12.0345789379937,6.56452527032982,-3.25168784325679,0
-0.34220815505085,-0.15658022747828,-0.472309530457975,-1.22844170817541,-1.32115263974074,-0.304948502042606,-0.730096120334114,1.28076901828264e-05,15.3476847665293,-12.0347307636844,6.56466716637698,-3.25171316353208,0
-0.34220815505085,-0.156579973249603,-0.472316861187291,-1.22843728701925,-1.32085613465232,-0.304771409841203,-0.730569829693051,1.2804769138438e-05,15.3479470315453,-12.0348793678229,6.56480573500141,-3.25173807127904,0
-0.34220815505085,-0.156579731853353,-0.47232402083154,-1.22843315328539,-1.32056986160891,-0.304598421729171,-0.731029207971226,1.28004409266303e-05,15.3482031144409,-12.035024716116,6.56494095489381,-3.25176255656889,0
-0.34220815505085,-0.156579503096194,-0.472331008235371,-1.2284293010724,-1.32029368938655,-0.304429566224319,-0.731474357766494,1.27947632396772e-05,15.3484529759469,-12.03516677795,6.56507280811053,-3.25178661011363,0
-0.34220815505085,-0.156579286780059,-0.472337822422958,-1.22842572443787,-1.32002748479147,-0.304264867362732,-0.731905388124244,1.2787792854502e-05,15.3486965832041,-12.0353055263974,6.56520128007554,-3.25181022326891,0
-0.34220815505085,-0.156579082702247,-0.472344462598074,-1.22842241739945,-1.31977111262535,-0.304104344714409,-0.732322414556609,1.2779585645169e-05,15.3489339097653,-12.0354409382212,6.56532635958049,-3.25183338803641,0
-0.34220815505085,-0.156578890655511,-0.472350928144067,-1.22841937393573,-1.31952443564961,-0.303948013400848,-0.732725559060681,1.27701965947036e-05,15.3491649355938,-12.0355729938771,6.56544803878263,-3.25185609706595,0
-0.34220815505085,-0.156578710428153,-0.472357218623721,-1.22841658798745,-1.3192873145488,-0.30379588411454,-0.733114950135673,1.27596798062575e-05,15.3493896470571,-12.0357016775135,6.56556631320078,-3.25187834365716,0
-0.34220815505085,-0.156578541804132,-0.472363333779021,-1.22841405345857,-1.31905960789318,-0.303647963140316,-0.733490722799122,1.27480885136643e-05,15.3496080369181,-12.0358269769696,6.56568118170933,-3.25190012176091,0
-0.34220815505085,-0.15657838456316,-0.472369273530806,-1.22841176421762,-1.31884117210041,-0.303504252378494,-0.733853018602132,1.27354750914031e-05,15.3498201043213,-12.0359488837713,6.56579264653025,-3.25192142598022,0
-0.34220815505085,-0.156578238480816,-0.472375037978328,-1.22840971409895,-1.31863186139645,-0.303364749369786,-0.734201985643677,1.27218910640101e-05,15.3500258547768,-12.0360673931245,6.5659007132232,-3.25194225157097,0
-0.34220815505085,-0.156578103328649,-0.472380627398702,-1.22840789690418,-1.31843152777563,-0.303229447321891,-0.734537778584001,1.27073871149606e-05,15.3502253001392,-12.0361825039074,6.5660053906738,-3.25196259444212,0
-0.34220815505085,-0.156577978874295,-0.472386042246271,-1.22840630640365,-1.31824002095998,-0.30309833513774,-0.734860558657153,1.26920130950651e-05,15.3504184585842,-12.03629421866,6.56610669107995,-3.25198245115571,0
-0.34220815505085,-0.156577864881595,-0.472391283151858,-1.22840493633795,-1.31805718835784,-0.302971397445299,-0.735170493682678,1.26758180303903e-05,15.3506053545814,-12.0364025435714,6.56620462993646,-3.25200181892646,0
-0.34220815505085,-0.156577761110705,-0.472396350921945,-1.22840378041951,-1.31788287502176,-0.302848614628909,-0.735467758076498,1.26588501297551e-05,15.3507860188635,-12.0365074884666,6.5662992260179,-3.25202069562097,0
-0.34220815505085,-0.156577667318224,-0.47240124653774,-1.22840283233427,-1.31771692360566,-0.302729962862059,-0.735752532861016,1.26411567918204e-05,15.3509604883925,-12.0366090667895,6.56639050135971,-3.25203907975672,0
-0.34220815505085,-0.156577583257312,-0.472405971154177,-1.22840208574333,-1.31755917432145,-0.302615414141556,-0.73602500567449,1.26227846118051e-05,15.3511288063227,-12.0367072955857,6.5664784812377,-3.25205697050069,0
-0.34220815505085,-0.156577508677815,-0.472410526098816,-1.22840153428474,-1.31740946489495,-0.302504936322992,-0.736285370779698,1.2603779387862e-05,15.3512910219612,-12.0368021954827,6.56656319414599,-3.25207436766759,0
-0.34220815505085,-0.15657744332639,-0.472414912870667,-1.22840117157526,-1.31726763052133,-0.302398493157465,-0.73653382907194,1.25841861271437e-05,15.3514471907243,-12.0368937906688,6.56664467177342,-3.25209127171792,0
-0.34220815505085,-0.156577386946635,-0.47241913313894,-1.22840099121217,-1.3171335038199,-0.302296044329443,-0.736770588086424,1.25640490515844e-05,15.3515973740927,-12.0369821088699,6.56672294897849,-3.25210768375568,0
-0.34220815505085,-0.156577339279212,-0.472423188741719,-1.22840098677516,-1.31700691478846,-0.302197545495725,-0.736995862005072,1.25434116034291e-05,15.3517416395626,-12.0370671813254,6.56679806376295,-3.25212360552572,0
-0.34220815505085,-0.15657730006198,-0.472427081684561,-1.22840115182819,-1.31688769075723,-0.302102948325394,-0.737209871662779,1.25223164505473e-05,15.3518800605954,-12.0371490427622,6.5668700572441,-3.25213903941094,0
-0.34220815505085,-0.156577269030124,-0.472430814139036,-1.22840147992137,-1.31677565634225,-0.302012200540686,-0.737412844553198,1.25008054915538e-05,15.3520127165645,-12.0372277313678,6.56693897362589,-3.25215398842918,0
-0.34220815505085,-0.156577245916284,-0.472434388441206,-1.22840196459292,-1.31667063339851,-0.301925245958667,-0.737605014834066,1.24789198607622e-05,15.3521396927,-12.037303288761,6.56700486016884,-3.25216845622982,0
-0.34220815505085,-0.156577230450686,-0.472437807090043,-1.22840259937108,-1.31657244097266,-0.301842024533661,-0.737786623332159,1.24566999330209e-05,15.3522610800317,-12.0373757599629,6.56706776715897,-3.2521824470902,0
-0.34220815505085,-0.156577222361273,-0.472441072745798,-1.22840337777603,-1.31648089525547,-0.301762472400297,-0.737957917547874,1.24341853284371e-05,15.3523769753299,-12.037445193366,6.5671277478758,-3.25219596591184,0
-0.34220815505085,-0.156577221373835,-0.472444188228324,-1.22840429332187,-1.31639580953406,-0.301686521917083,-0.738119151659557,1.24114149170325e-05,15.3524874810449,-12.0375116407018,6.56718485855943,-3.25220901821636,0
-0.34220815505085,-0.156577227212134,-0.47244715651536,-1.22840533951851,-1.31631699414388,-0.301614101710417,-0.738270586527575,1.23884268233603e-05,15.3525927052444,-12.0375751570087,6.567239158377,-3.25222161014131,0
-0.34220815505085,-0.156577239598039,-0.472449980740772,-1.22840650987362,-1.31624425642059,-0.301545136718903,-0.738412489698229,1.2365258431107e-05,15.3526927615509,-12.0376358005983,6.56729070938838,-3.25223374843581,0
-0.34220815505085,-0.156577258251649,-0.472452664192778,-1.22840779789451,-1.31617740065188,-0.301479548237884,-0.738545135407545,1.23419463877081e-05,15.3527877690766,-12.0376936330212,6.56733957651145,-3.252245440456,0
-0.34220815505085,-0.156577282891419,-0.472455210312132,-1.22840919709005,-1.31611622802913,-0.301417253964044,-0.738668804585018,1.23185266090159e-05,15.3528778523587,-12.0377487190322,6.56738582748693,-3.25225669416038,0
-0.34220815505085,-0.156577313234284,-0.472457622690308,-1.22841070097247,-1.31606053659926,-0.301358168039994,-0.738783784857366,1.22950342840382e-05,15.3529631412932,-12.0378011265553,6.56742953284289,-3.25226751810505,0
-0.34220815505085,-0.156577348995784,-0.472459905067661,-1.22841230305922,-1.31601012121649,-0.301302201098673,-0.738890370552381,1.22715038797821e-05,15.3530437710687,-12.0378509266484,6.56747076585913,-3.25227792143883,0
-0.34220815505085,-0.156577389890178,-0.472462061331589,-1.22841399687477,-1.3159647734944,-0.301249260307476,-0.738988862702905,1.22479691462297e-05,15.3531198821006,-12.0378981934674,6.56750960253158,-3.25228791389834,0
-0.34220815505085,-0.156577435630566,-0.4724640955147,-1.22841577595225,-1.31592428175803,-0.301199249411932,-0.739079569051063,1.22244631214713e-05,15.3531916199644,-12.0379430042308,6.56754612153666,-3.25229750580302,0
-0.34220815505085,-0.156577485929001,-0.472466011792983,-1.22841763383525,-1.3158884309964,-0.301152068778827,-0.739162804052767,1.22010181370326e-05,15.3532591353302,-12.0379854391842,6.567580404196,-3.25230670805007,0
-0.34220815505085,-0.156577540496597,-0.472467814484001,-1.22841956407934,-1.31585700281529,-0.301107615438596,-0.739238888882618,1.21776658234184e-05,15.3533225838973,-12.0380255815653,6.56761253444146,-3.25231553210951,0
-0.34220815505085,-0.156577599043643,-0.472469508045108,-1.22842156025369,-1.3158297753904,-0.30106578312685,-0.739308151439268,1.21544371158932e-05,15.3533821263303,-12.0380635175686,6.56764259878074,-3.25232399001912,0
-0.34220815505085,-0.156577661279701,-0.472471097071701,-1.22842361594251,-1.31580652342105,-0.301026462324881,-0.739370926351298,1.2131362260544e-05,15.3534379281959,-12.0380993363119,6.56767068626355,-3.25233209437954,0
-0.34220815505085,-0.156577726913704,-0.472472586295506,-1.22842572474647,-1.31578701808446,-0.300989540298961,-0.739427554983768,1.21084708206377e-05,15.3534901599014,-12.0381331298021,6.56769688844869,-3.25233985834942,0
-0.34220815505085,-0.156577795654057,-0.472473980582925,-1.22842788028401,-1.31577102699055,-0.300954901138304,-0.739478385445455,1.20857916833106e-05,15.353538996635,-12.0381649929035,6.5677212993721,-3.25234729564058,0
-0.34220815505085,-0.156577867208721,-0.472475284933428,-1.22843007619257,-1.31575831413756,-0.300922425791484,-0.73952377259691,1.20633530666013e-05,15.3535846183083,-12.0381950233057,6.56774401551599,-3.25235442051346,0
-0.34220815505085,-0.1565779412853,-0.472476504478021,-1.22843230612972,-1.31574863986844,-0.300891992101136,-0.739564078059436,1.20411825268765e-05,15.3536272095006,-12.0382233214938,6.56776513577938,-3.2523612477726,0
-0.34220815505085,-0.156578017591121,-0.472477644477787,-1.22843456377416,-1.31574176082811,-0.300863474836779,-0.73959967022506,1.20193069666631e-05,15.3536669594071,-12.0382499907195,6.56778476144997,-3.25236779276239,0
-0.34220815505085,-0.156578095833304,-0.47247871032251,-1.22843684282662,-1.31573742992171,-0.300836745725534,-0.739630924267618,1.1997752642906e-05,15.3537040617889,-12.038275136974,6.56780299617784,-3.25237407136298,0
-0.34220815505085,-0.156578175718834,-0.472479707529394,-1.22843913701069,-1.3157353962739,-0.300811673480557,-0.739658222155061,1.19765451757013e-05,15.3537387149273,-12.038298868963,6.56781994595081,-3.25238009998648,0
-0.34220815505085,-0.156578256954618,-0.472480641741889,-1.22844144007341,-1.31573540518937,-0.30078812382699,-0.739681952663076,1.19557095575046e-05,15.3537711215815,-12.038321298083,6.56783571907195,-3.25238589557346,0
-0.34220815505085,-0.156578339247541,-0.472481518728628,-1.22844374578585,-1.31573719811449,-0.300765959525205,-0.739702511390154,1.19352701628613e-05,15.3538014889502,-12.0383425384007,6.56785042613921,-3.25239147558975,0
-0.34220815505085,-0.156578422304511,-0.472482344382491,-1.22844604794344,-1.31574051260051,-0.300745040391132,-0.739720300774201,1.19152507586713e-05,15.3538300286382,-12.0383627066343,6.5678641800275,-3.25239685802357,0
-0.34220815505085,-0.156578505832501,-0.472483124719796,-1.22844834036625,-1.31574508226802,-0.300725223313447,-0.739735730110825,1.18956745150233e-05,15.3538569566274,-12.0383819221371,6.56787709587329,-3.2524020613831,0
-0.34220815505085,-0.156578589538574,-0.472483865879651,-1.22845061689902,-1.31575063677314,-0.300706362267389,-0.739749215573414,1.18765640166212e-05,15.3538824932531,-12.0384003068854,6.56788929106215,-3.25240710469445,0
-0.34220815505085,-0.156578673129915,-0.472484574123443,-1.22845287141107,-1.31575690177529,-0.300688308324973,-0.739761180235139,1.1857941274826e-05,15.3539068631863,-12.0384179854673,6.56790088521909,-3.25241200750013,0
-0.34220815505085,-0.156578756313837,-0.472485255834513,-1.22845509779609,-1.31576359890681,-0.300670909661347,-0.739772054092998,1.18398277403417e-05,15.3539302954215,-12.0384350850771,6.56791200020233,-3.25241678985794,0
-0.34220815505085,-0.156578838797792,-0.472485917517996,-1.22845728997162,-1.31577044574446,-0.300654011557069,-0.739782274094042,1.18222443165704e-05,15.3539530232712,-12.0384517355113,6.56792276010036,-3.2524214723405,0
